ROI,Bin,Count
ROI_1,0,31246
,,
ROI_1,1,867
,,
ROI_1,2,772
,,
ROI_1,3,699
,,
ROI_1,4,586
,,
ROI_1,5,599
,,
ROI_1,6,515
,,
ROI_1,7,441
,,
ROI_1,8,462
,,
ROI_1,9,421
,,
ROI_1,10,432
,,
ROI_1,11,361
,,
ROI_1,12,372
,,
ROI_1,13,332
,,
ROI_1,14,342
,,
ROI_1,15,311
,,
ROI_1,16,336
,,
ROI_1,17,318
,,
ROI_1,18,321
,,
ROI_1,19,278
,,
ROI_1,20,289
,,
ROI_1,21,292
,,
ROI_1,22,278
,,
ROI_1,23,242
,,
ROI_1,24,265
,,
ROI_1,25,233
,,
ROI_1,26,251
,,
ROI_1,27,262
,,
ROI_1,28,201
,,
ROI_1,29,231
,,
ROI_1,30,219
,,
ROI_1,31,204
,,
ROI_1,32,174
,,
ROI_1,33,182
,,
ROI_1,34,176
,,
ROI_1,35,194
,,
ROI_1,36,173
,,
ROI_1,37,163
,,
ROI_1,38,184
,,
ROI_1,39,153
,,
ROI_1,40,167
,,
ROI_1,41,153
,,
ROI_1,42,149
,,
ROI_1,43,175
,,
ROI_1,44,150
,,
ROI_1,45,151
,,
ROI_1,46,159
,,
ROI_1,47,142
,,
ROI_1,48,142
,,
ROI_1,49,115
,,
ROI_1,50,158
,,
ROI_1,51,115
,,
ROI_1,52,126
,,
ROI_1,53,127
,,
ROI_1,54,120
,,
ROI_1,55,122
,,
ROI_1,56,114
,,
ROI_1,57,106
,,
ROI_1,58,78
,,
ROI_1,59,110
,,
ROI_1,60,88
,,
ROI_1,61,101
,,
ROI_1,62,93
,,
ROI_1,63,95
,,
ROI_1,64,93
,,
ROI_1,65,87
,,
ROI_1,66,71
,,
ROI_1,67,87
,,
ROI_1,68,87
,,
ROI_1,69,88
,,
ROI_1,70,87
,,
ROI_1,71,82
,,
ROI_1,72,68
,,
ROI_1,73,89
,,
ROI_1,74,75
,,
ROI_1,75,76
,,
ROI_1,76,80
,,
ROI_1,77,98
,,
ROI_1,78,78
,,
ROI_1,79,60
,,
ROI_1,80,83
,,
ROI_1,81,91
,,
ROI_1,82,84
,,
ROI_1,83,66
,,
ROI_1,84,81
,,
ROI_1,85,75
,,
ROI_1,86,55
,,
ROI_1,87,61
,,
ROI_1,88,73
,,
ROI_1,89,65
,,
ROI_1,90,66
,,
ROI_1,91,57
,,
ROI_1,92,63
,,
ROI_1,93,67
,,
ROI_1,94,45
,,
ROI_1,95,61
,,
ROI_1,96,67
,,
ROI_1,97,65
,,
ROI_1,98,59
,,
ROI_1,99,43
,,
ROI_1,100,55
,,
ROI_1,101,58
,,
ROI_1,102,42
,,
ROI_1,103,52
,,
ROI_1,104,39
,,
ROI_1,105,40
,,
ROI_1,106,47
,,
ROI_1,107,50
,,
ROI_1,108,43
,,
ROI_1,109,35
,,
ROI_1,110,37
,,
ROI_1,111,48
,,
ROI_1,112,37
,,
ROI_1,113,40
,,
ROI_1,114,41
,,
ROI_1,115,48
,,
ROI_1,116,35
,,
ROI_1,117,38
,,
ROI_1,118,43
,,
ROI_1,119,28
,,
ROI_1,120,47
,,
ROI_1,121,42
,,
ROI_1,122,39
,,
ROI_1,123,31
,,
ROI_1,124,43
,,
ROI_1,125,42
,,
ROI_1,126,35
,,
ROI_1,127,31
,,
ROI_1,128,29
,,
ROI_1,129,31
,,
ROI_1,130,37
,,
ROI_1,131,33
,,
ROI_1,132,36
,,
ROI_1,133,38
,,
ROI_1,134,30
,,
ROI_1,135,26
,,
ROI_1,136,36
,,
ROI_1,137,28
,,
ROI_1,138,26
,,
ROI_1,139,23
,,
ROI_1,140,47
,,
ROI_1,141,27
,,
ROI_1,142,29
,,
ROI_1,143,21
,,
ROI_1,144,23
,,
ROI_1,145,24
,,
ROI_1,146,30
,,
ROI_1,147,26
,,
ROI_1,148,32
,,
ROI_1,149,28
,,
ROI_1,150,32
,,
ROI_1,151,26
,,
ROI_1,152,22
,,
ROI_1,153,18
,,
ROI_1,154,25
,,
ROI_1,155,31
,,
ROI_1,156,32
,,
ROI_1,157,28
,,
ROI_1,158,28
,,
ROI_1,159,19
,,
ROI_1,160,30
,,
ROI_1,161,21
,,
ROI_1,162,27
,,
ROI_1,163,27
,,
ROI_1,164,14
,,
ROI_1,165,21
,,
ROI_1,166,29
,,
ROI_1,167,22
,,
ROI_1,168,20
,,
ROI_1,169,20
,,
ROI_1,170,18
,,
ROI_1,171,20
,,
ROI_1,172,22
,,
ROI_1,173,17
,,
ROI_1,174,29
,,
ROI_1,175,26
,,
ROI_1,176,21
,,
ROI_1,177,27
,,
ROI_1,178,19
,,
ROI_1,179,18
,,
ROI_1,180,24
,,
ROI_1,181,21
,,
ROI_1,182,24
,,
ROI_1,183,34
,,
ROI_1,184,35
,,
ROI_1,185,38
,,
ROI_1,186,45
,,
ROI_1,187,27
,,
ROI_1,188,38
,,
ROI_1,189,28
,,
ROI_1,190,18
,,
ROI_1,191,28
,,
ROI_1,192,26
,,
ROI_1,193,13
,,
ROI_1,194,19
,,
ROI_1,195,22
,,
ROI_1,196,42
,,
ROI_1,197,12
,,
ROI_1,198,21
,,
ROI_1,199,13
,,
ROI_1,200,17
,,
ROI_1,201,12
,,
ROI_1,202,26
,,
ROI_1,203,11
,,
ROI_1,204,18
,,
ROI_1,205,16
,,
ROI_1,206,8
,,
ROI_1,207,20
,,
ROI_1,208,13
,,
ROI_1,209,11
,,
ROI_1,210,20
,,
ROI_1,211,20
,,
ROI_1,212,21
,,
ROI_1,213,31
,,
ROI_1,214,15
,,
ROI_1,215,16
,,
ROI_1,216,23
,,
ROI_1,217,22
,,
ROI_1,218,7
,,
ROI_1,219,15
,,
ROI_1,220,11
,,
ROI_1,221,14
,,
ROI_1,222,21
,,
ROI_1,223,16
,,
ROI_1,224,17
,,
ROI_1,225,21
,,
ROI_1,226,20
,,
ROI_1,227,15
,,
ROI_1,228,16
,,
ROI_1,229,10
,,
ROI_1,230,10
,,
ROI_1,231,13
,,
ROI_1,232,19
,,
ROI_1,233,10
,,
ROI_1,234,14
,,
ROI_1,235,16
,,
ROI_1,236,11
,,
ROI_1,237,10
,,
ROI_1,238,13
,,
ROI_1,239,13
,,
ROI_1,240,13
,,
ROI_1,241,19
,,
ROI_1,242,10
,,
ROI_1,243,12
,,
ROI_1,244,11
,,
ROI_1,245,13
,,
ROI_1,246,10
,,
ROI_1,247,10
,,
ROI_1,248,5
,,
ROI_1,249,10
,,
ROI_1,250,9
,,
ROI_1,251,10
,,
ROI_1,252,7
,,
ROI_1,253,8
,,
ROI_1,254,11
,,
ROI_1,255,1403
,,
ROI_2,0,5088
,,
ROI_2,1,263
,,
ROI_2,2,253
,,
ROI_2,3,252
,,
ROI_2,4,216
,,
ROI_2,5,172
,,
ROI_2,6,123
,,
ROI_2,7,128
,,
ROI_2,8,141
,,
ROI_2,9,123
,,
ROI_2,10,137
,,
ROI_2,11,101
,,
ROI_2,12,117
,,
ROI_2,13,99
,,
ROI_2,14,121
,,
ROI_2,15,90
,,
ROI_2,16,115
,,
ROI_2,17,83
,,
ROI_2,18,76
,,
ROI_2,19,84
,,
ROI_2,20,75
,,
ROI_2,21,91
,,
ROI_2,22,86
,,
ROI_2,23,86
,,
ROI_2,24,98
,,
ROI_2,25,95
,,
ROI_2,26,69
,,
ROI_2,27,54
,,
ROI_2,28,78
,,
ROI_2,29,83
,,
ROI_2,30,64
,,
ROI_2,31,69
,,
ROI_2,32,67
,,
ROI_2,33,59
,,
ROI_2,34,61
,,
ROI_2,35,76
,,
ROI_2,36,64
,,
ROI_2,37,70
,,
ROI_2,38,55
,,
ROI_2,39,63
,,
ROI_2,40,57
,,
ROI_2,41,55
,,
ROI_2,42,54
,,
ROI_2,43,49
,,
ROI_2,44,49
,,
ROI_2,45,39
,,
ROI_2,46,44
,,
ROI_2,47,47
,,
ROI_2,48,57
,,
ROI_2,49,30
,,
ROI_2,50,50
,,
ROI_2,51,54
,,
ROI_2,52,44
,,
ROI_2,53,35
,,
ROI_2,54,42
,,
ROI_2,55,47
,,
ROI_2,56,36
,,
ROI_2,57,46
,,
ROI_2,58,37
,,
ROI_2,59,49
,,
ROI_2,60,37
,,
ROI_2,61,42
,,
ROI_2,62,21
,,
ROI_2,63,43
,,
ROI_2,64,41
,,
ROI_2,65,40
,,
ROI_2,66,35
,,
ROI_2,67,37
,,
ROI_2,68,35
,,
ROI_2,69,42
,,
ROI_2,70,45
,,
ROI_2,71,29
,,
ROI_2,72,28
,,
ROI_2,73,37
,,
ROI_2,74,32
,,
ROI_2,75,23
,,
ROI_2,76,30
,,
ROI_2,77,37
,,
ROI_2,78,37
,,
ROI_2,79,34
,,
ROI_2,80,25
,,
ROI_2,81,28
,,
ROI_2,82,23
,,
ROI_2,83,19
,,
ROI_2,84,27
,,
ROI_2,85,34
,,
ROI_2,86,28
,,
ROI_2,87,23
,,
ROI_2,88,36
,,
ROI_2,89,28
,,
ROI_2,90,28
,,
ROI_2,91,30
,,
ROI_2,92,21
,,
ROI_2,93,28
,,
ROI_2,94,36
,,
ROI_2,95,18
,,
ROI_2,96,20
,,
ROI_2,97,29
,,
ROI_2,98,25
,,
ROI_2,99,28
,,
ROI_2,100,22
,,
ROI_2,101,22
,,
ROI_2,102,20
,,
ROI_2,103,14
,,
ROI_2,104,16
,,
ROI_2,105,22
,,
ROI_2,106,22
,,
ROI_2,107,23
,,
ROI_2,108,23
,,
ROI_2,109,26
,,
ROI_2,110,13
,,
ROI_2,111,21
,,
ROI_2,112,14
,,
ROI_2,113,14
,,
ROI_2,114,21
,,
ROI_2,115,26
,,
ROI_2,116,26
,,
ROI_2,117,23
,,
ROI_2,118,23
,,
ROI_2,119,19
,,
ROI_2,120,20
,,
ROI_2,121,16
,,
ROI_2,122,18
,,
ROI_2,123,20
,,
ROI_2,124,13
,,
ROI_2,125,13
,,
ROI_2,126,18
,,
ROI_2,127,14
,,
ROI_2,128,21
,,
ROI_2,129,19
,,
ROI_2,130,16
,,
ROI_2,131,14
,,
ROI_2,132,19
,,
ROI_2,133,10
,,
ROI_2,134,14
,,
ROI_2,135,17
,,
ROI_2,136,18
,,
ROI_2,137,14
,,
ROI_2,138,21
,,
ROI_2,139,15
,,
ROI_2,140,15
,,
ROI_2,141,18
,,
ROI_2,142,22
,,
ROI_2,143,13
,,
ROI_2,144,11
,,
ROI_2,145,15
,,
ROI_2,146,23
,,
ROI_2,147,16
,,
ROI_2,148,21
,,
ROI_2,149,18
,,
ROI_2,150,13
,,
ROI_2,151,16
,,
ROI_2,152,11
,,
ROI_2,153,24
,,
ROI_2,154,10
,,
ROI_2,155,9
,,
ROI_2,156,10
,,
ROI_2,157,14
,,
ROI_2,158,19
,,
ROI_2,159,18
,,
ROI_2,160,17
,,
ROI_2,161,16
,,
ROI_2,162,13
,,
ROI_2,163,18
,,
ROI_2,164,9
,,
ROI_2,165,19
,,
ROI_2,166,8
,,
ROI_2,167,9
,,
ROI_2,168,14
,,
ROI_2,169,13
,,
ROI_2,170,15
,,
ROI_2,171,16
,,
ROI_2,172,15
,,
ROI_2,173,13
,,
ROI_2,174,14
,,
ROI_2,175,14
,,
ROI_2,176,10
,,
ROI_2,177,12
,,
ROI_2,178,17
,,
ROI_2,179,18
,,
ROI_2,180,10
,,
ROI_2,181,15
,,
ROI_2,182,23
,,
ROI_2,183,19
,,
ROI_2,184,11
,,
ROI_2,185,18
,,
ROI_2,186,10
,,
ROI_2,187,28
,,
ROI_2,188,17
,,
ROI_2,189,18
,,
ROI_2,190,5
,,
ROI_2,191,12
,,
ROI_2,192,10
,,
ROI_2,193,4
,,
ROI_2,194,10
,,
ROI_2,195,20
,,
ROI_2,196,15
,,
ROI_2,197,8
,,
ROI_2,198,9
,,
ROI_2,199,8
,,
ROI_2,200,6
,,
ROI_2,201,10
,,
ROI_2,202,13
,,
ROI_2,203,5
,,
ROI_2,204,13
,,
ROI_2,205,10
,,
ROI_2,206,7
,,
ROI_2,207,10
,,
ROI_2,208,10
,,
ROI_2,209,6
,,
ROI_2,210,10
,,
ROI_2,211,5
,,
ROI_2,212,6
,,
ROI_2,213,9
,,
ROI_2,214,8
,,
ROI_2,215,3
,,
ROI_2,216,10
,,
ROI_2,217,8
,,
ROI_2,218,8
,,
ROI_2,219,7
,,
ROI_2,220,10
,,
ROI_2,221,7
,,
ROI_2,222,8
,,
ROI_2,223,11
,,
ROI_2,224,5
,,
ROI_2,225,3
,,
ROI_2,226,3
,,
ROI_2,227,5
,,
ROI_2,228,10
,,
ROI_2,229,13
,,
ROI_2,230,10
,,
ROI_2,231,8
,,
ROI_2,232,6
,,
ROI_2,233,3
,,
ROI_2,234,3
,,
ROI_2,235,3
,,
ROI_2,236,6
,,
ROI_2,237,5
,,
ROI_2,238,6
,,
ROI_2,239,8
,,
ROI_2,240,8
,,
ROI_2,241,7
,,
ROI_2,242,9
,,
ROI_2,243,3
,,
ROI_2,244,8
,,
ROI_2,245,4
,,
ROI_2,246,9
,,
ROI_2,247,4
,,
ROI_2,248,5
,,
ROI_2,249,9
,,
ROI_2,250,1
,,
ROI_2,251,9
,,
ROI_2,252,7
,,
ROI_2,253,5
,,
ROI_2,254,8
,,
ROI_2,255,892
,,
ROI_3,0,2983
,,
ROI_3,1,160
,,
ROI_3,2,128
,,
ROI_3,3,111
,,
ROI_3,4,118
,,
ROI_3,5,126
,,
ROI_3,6,106
,,
ROI_3,7,97
,,
ROI_3,8,88
,,
ROI_3,9,75
,,
ROI_3,10,71
,,
ROI_3,11,69
,,
ROI_3,12,67
,,
ROI_3,13,57
,,
ROI_3,14,72
,,
ROI_3,15,54
,,
ROI_3,16,60
,,
ROI_3,17,40
,,
ROI_3,18,53
,,
ROI_3,19,49
,,
ROI_3,20,49
,,
ROI_3,21,29
,,
ROI_3,22,57
,,
ROI_3,23,41
,,
ROI_3,24,42
,,
ROI_3,25,43
,,
ROI_3,26,35
,,
ROI_3,27,37
,,
ROI_3,28,35
,,
ROI_3,29,30
,,
ROI_3,30,32
,,
ROI_3,31,31
,,
ROI_3,32,28
,,
ROI_3,33,31
,,
ROI_3,34,21
,,
ROI_3,35,36
,,
ROI_3,36,38
,,
ROI_3,37,33
,,
ROI_3,38,26
,,
ROI_3,39,36
,,
ROI_3,40,29
,,
ROI_3,41,25
,,
ROI_3,42,29
,,
ROI_3,43,25
,,
ROI_3,44,21
,,
ROI_3,45,21
,,
ROI_3,46,32
,,
ROI_3,47,25
,,
ROI_3,48,21
,,
ROI_3,49,16
,,
ROI_3,50,23
,,
ROI_3,51,27
,,
ROI_3,52,18
,,
ROI_3,53,13
,,
ROI_3,54,24
,,
ROI_3,55,27
,,
ROI_3,56,21
,,
ROI_3,57,22
,,
ROI_3,58,17
,,
ROI_3,59,21
,,
ROI_3,60,16
,,
ROI_3,61,19
,,
ROI_3,62,19
,,
ROI_3,63,12
,,
ROI_3,64,15
,,
ROI_3,65,21
,,
ROI_3,66,22
,,
ROI_3,67,18
,,
ROI_3,68,16
,,
ROI_3,69,22
,,
ROI_3,70,14
,,
ROI_3,71,13
,,
ROI_3,72,12
,,
ROI_3,73,13
,,
ROI_3,74,12
,,
ROI_3,75,6
,,
ROI_3,76,12
,,
ROI_3,77,9
,,
ROI_3,78,15
,,
ROI_3,79,14
,,
ROI_3,80,11
,,
ROI_3,81,11
,,
ROI_3,82,8
,,
ROI_3,83,19
,,
ROI_3,84,9
,,
ROI_3,85,15
,,
ROI_3,86,14
,,
ROI_3,87,9
,,
ROI_3,88,12
,,
ROI_3,89,12
,,
ROI_3,90,12
,,
ROI_3,91,15
,,
ROI_3,92,7
,,
ROI_3,93,8
,,
ROI_3,94,9
,,
ROI_3,95,13
,,
ROI_3,96,13
,,
ROI_3,97,4
,,
ROI_3,98,8
,,
ROI_3,99,12
,,
ROI_3,100,9
,,
ROI_3,101,7
,,
ROI_3,102,15
,,
ROI_3,103,7
,,
ROI_3,104,10
,,
ROI_3,105,9
,,
ROI_3,106,7
,,
ROI_3,107,11
,,
ROI_3,108,6
,,
ROI_3,109,5
,,
ROI_3,110,8
,,
ROI_3,111,11
,,
ROI_3,112,6
,,
ROI_3,113,8
,,
ROI_3,114,6
,,
ROI_3,115,6
,,
ROI_3,116,13
,,
ROI_3,117,12
,,
ROI_3,118,8
,,
ROI_3,119,10
,,
ROI_3,120,5
,,
ROI_3,121,5
,,
ROI_3,122,6
,,
ROI_3,123,7
,,
ROI_3,124,7
,,
ROI_3,125,10
,,
ROI_3,126,8
,,
ROI_3,127,4
,,
ROI_3,128,7
,,
ROI_3,129,7
,,
ROI_3,130,7
,,
ROI_3,131,4
,,
ROI_3,132,5
,,
ROI_3,133,5
,,
ROI_3,134,11
,,
ROI_3,135,9
,,
ROI_3,136,8
,,
ROI_3,137,7
,,
ROI_3,138,9
,,
ROI_3,139,3
,,
ROI_3,140,3
,,
ROI_3,141,1
,,
ROI_3,142,4
,,
ROI_3,143,6
,,
ROI_3,144,6
,,
ROI_3,145,6
,,
ROI_3,146,1
,,
ROI_3,147,3
,,
ROI_3,148,4
,,
ROI_3,149,5
,,
ROI_3,150,6
,,
ROI_3,151,5
,,
ROI_3,152,6
,,
ROI_3,153,4
,,
ROI_3,154,5
,,
ROI_3,155,3
,,
ROI_3,156,4
,,
ROI_3,157,6
,,
ROI_3,158,4
,,
ROI_3,159,1
,,
ROI_3,160,2
,,
ROI_3,161,4
,,
ROI_3,162,6
,,
ROI_3,163,3
,,
ROI_3,164,2
,,
ROI_3,165,6
,,
ROI_3,166,8
,,
ROI_3,167,5
,,
ROI_3,168,3
,,
ROI_3,169,10
,,
ROI_3,170,2
,,
ROI_3,171,7
,,
ROI_3,172,2
,,
ROI_3,173,6
,,
ROI_3,174,6
,,
ROI_3,175,2
,,
ROI_3,176,2
,,
ROI_3,177,3
,,
ROI_3,178,3
,,
ROI_3,179,4
,,
ROI_3,180,5
,,
ROI_3,181,5
,,
ROI_3,182,5
,,
ROI_3,183,6
,,
ROI_3,184,6
,,
ROI_3,185,4
,,
ROI_3,186,8
,,
ROI_3,187,7
,,
ROI_3,188,3
,,
ROI_3,189,5
,,
ROI_3,190,8
,,
ROI_3,191,2
,,
ROI_3,192,6
,,
ROI_3,193,2
,,
ROI_3,194,2
,,
ROI_3,195,2
,,
ROI_3,196,3
,,
ROI_3,197,5
,,
ROI_3,198,5
,,
ROI_3,199,2
,,
ROI_3,200,3
,,
ROI_3,201,3
,,
ROI_3,202,3
,,
ROI_3,203,1
,,
ROI_3,204,2
,,
ROI_3,205,6
,,
ROI_3,206,5
,,
ROI_3,207,3
,,
ROI_3,208,6
,,
ROI_3,209,3
,,
ROI_3,210,6
,,
ROI_3,211,2
,,
ROI_3,212,1
,,
ROI_3,213,4
,,
ROI_3,214,1
,,
ROI_3,215,1
,,
ROI_3,216,3
,,
ROI_3,217,4
,,
ROI_3,218,3
,,
ROI_3,219,5
,,
ROI_3,220,3
,,
ROI_3,221,3
,,
ROI_3,222,0
,,
ROI_3,223,3
,,
ROI_3,224,1
,,
ROI_3,225,9
,,
ROI_3,226,4
,,
ROI_3,227,1
,,
ROI_3,228,0
,,
ROI_3,229,2
,,
ROI_3,230,2
,,
ROI_3,231,2
,,
ROI_3,232,5
,,
ROI_3,233,2
,,
ROI_3,234,2
,,
ROI_3,235,6
,,
ROI_3,236,3
,,
ROI_3,237,4
,,
ROI_3,238,4
,,
ROI_3,239,1
,,
ROI_3,240,3
,,
ROI_3,241,0
,,
ROI_3,242,1
,,
ROI_3,243,2
,,
ROI_3,244,3
,,
ROI_3,245,2
,,
ROI_3,246,0
,,
ROI_3,247,1
,,
ROI_3,248,3
,,
ROI_3,249,4
,,
ROI_3,250,4
,,
ROI_3,251,1
,,
ROI_3,252,2
,,
ROI_3,253,1
,,
ROI_3,254,1
,,
ROI_3,255,631
,,
ROI_4,0,9157
,,
ROI_4,1,360
,,
ROI_4,2,272
,,
ROI_4,3,261
,,
ROI_4,4,245
,,
ROI_4,5,212
,,
ROI_4,6,187
,,
ROI_4,7,196
,,
ROI_4,8,186
,,
ROI_4,9,197
,,
ROI_4,10,156
,,
ROI_4,11,161
,,
ROI_4,12,176
,,
ROI_4,13,152
,,
ROI_4,14,141
,,
ROI_4,15,138
,,
ROI_4,16,132
,,
ROI_4,17,140
,,
ROI_4,18,147
,,
ROI_4,19,106
,,
ROI_4,20,135
,,
ROI_4,21,104
,,
ROI_4,22,121
,,
ROI_4,23,102
,,
ROI_4,24,105
,,
ROI_4,25,118
,,
ROI_4,26,84
,,
ROI_4,27,94
,,
ROI_4,28,102
,,
ROI_4,29,83
,,
ROI_4,30,95
,,
ROI_4,31,83
,,
ROI_4,32,77
,,
ROI_4,33,107
,,
ROI_4,34,75
,,
ROI_4,35,83
,,
ROI_4,36,83
,,
ROI_4,37,100
,,
ROI_4,38,77
,,
ROI_4,39,76
,,
ROI_4,40,83
,,
ROI_4,41,66
,,
ROI_4,42,74
,,
ROI_4,43,81
,,
ROI_4,44,69
,,
ROI_4,45,61
,,
ROI_4,46,73
,,
ROI_4,47,81
,,
ROI_4,48,85
,,
ROI_4,49,64
,,
ROI_4,50,79
,,
ROI_4,51,58
,,
ROI_4,52,67
,,
ROI_4,53,72
,,
ROI_4,54,59
,,
ROI_4,55,50
,,
ROI_4,56,64
,,
ROI_4,57,60
,,
ROI_4,58,55
,,
ROI_4,59,57
,,
ROI_4,60,52
,,
ROI_4,61,63
,,
ROI_4,62,57
,,
ROI_4,63,51
,,
ROI_4,64,47
,,
ROI_4,65,58
,,
ROI_4,66,42
,,
ROI_4,67,42
,,
ROI_4,68,57
,,
ROI_4,69,49
,,
ROI_4,70,51
,,
ROI_4,71,47
,,
ROI_4,72,37
,,
ROI_4,73,37
,,
ROI_4,74,41
,,
ROI_4,75,39
,,
ROI_4,76,45
,,
ROI_4,77,51
,,
ROI_4,78,39
,,
ROI_4,79,38
,,
ROI_4,80,38
,,
ROI_4,81,34
,,
ROI_4,82,41
,,
ROI_4,83,42
,,
ROI_4,84,38
,,
ROI_4,85,49
,,
ROI_4,86,36
,,
ROI_4,87,35
,,
ROI_4,88,35
,,
ROI_4,89,33
,,
ROI_4,90,35
,,
ROI_4,91,36
,,
ROI_4,92,22
,,
ROI_4,93,26
,,
ROI_4,94,34
,,
ROI_4,95,36
,,
ROI_4,96,26
,,
ROI_4,97,29
,,
ROI_4,98,31
,,
ROI_4,99,27
,,
ROI_4,100,24
,,
ROI_4,101,37
,,
ROI_4,102,28
,,
ROI_4,103,32
,,
ROI_4,104,23
,,
ROI_4,105,23
,,
ROI_4,106,31
,,
ROI_4,107,20
,,
ROI_4,108,24
,,
ROI_4,109,21
,,
ROI_4,110,30
,,
ROI_4,111,22
,,
ROI_4,112,29
,,
ROI_4,113,24
,,
ROI_4,114,21
,,
ROI_4,115,20
,,
ROI_4,116,23
,,
ROI_4,117,25
,,
ROI_4,118,26
,,
ROI_4,119,21
,,
ROI_4,120,21
,,
ROI_4,121,36
,,
ROI_4,122,22
,,
ROI_4,123,27
,,
ROI_4,124,15
,,
ROI_4,125,14
,,
ROI_4,126,15
,,
ROI_4,127,22
,,
ROI_4,128,24
,,
ROI_4,129,28
,,
ROI_4,130,12
,,
ROI_4,131,30
,,
ROI_4,132,20
,,
ROI_4,133,14
,,
ROI_4,134,16
,,
ROI_4,135,23
,,
ROI_4,136,30
,,
ROI_4,137,19
,,
ROI_4,138,24
,,
ROI_4,139,12
,,
ROI_4,140,17
,,
ROI_4,141,12
,,
ROI_4,142,21
,,
ROI_4,143,23
,,
ROI_4,144,15
,,
ROI_4,145,15
,,
ROI_4,146,13
,,
ROI_4,147,22
,,
ROI_4,148,7
,,
ROI_4,149,13
,,
ROI_4,150,22
,,
ROI_4,151,17
,,
ROI_4,152,17
,,
ROI_4,153,15
,,
ROI_4,154,14
,,
ROI_4,155,20
,,
ROI_4,156,19
,,
ROI_4,157,15
,,
ROI_4,158,15
,,
ROI_4,159,14
,,
ROI_4,160,17
,,
ROI_4,161,15
,,
ROI_4,162,14
,,
ROI_4,163,28
,,
ROI_4,164,5
,,
ROI_4,165,12
,,
ROI_4,166,14
,,
ROI_4,167,19
,,
ROI_4,168,19
,,
ROI_4,169,11
,,
ROI_4,170,20
,,
ROI_4,171,20
,,
ROI_4,172,10
,,
ROI_4,173,15
,,
ROI_4,174,20
,,
ROI_4,175,17
,,
ROI_4,176,9
,,
ROI_4,177,13
,,
ROI_4,178,16
,,
ROI_4,179,13
,,
ROI_4,180,10
,,
ROI_4,181,12
,,
ROI_4,182,18
,,
ROI_4,183,13
,,
ROI_4,184,15
,,
ROI_4,185,25
,,
ROI_4,186,19
,,
ROI_4,187,17
,,
ROI_4,188,9
,,
ROI_4,189,17
,,
ROI_4,190,19
,,
ROI_4,191,15
,,
ROI_4,192,16
,,
ROI_4,193,8
,,
ROI_4,194,13
,,
ROI_4,195,10
,,
ROI_4,196,12
,,
ROI_4,197,8
,,
ROI_4,198,14
,,
ROI_4,199,5
,,
ROI_4,200,11
,,
ROI_4,201,12
,,
ROI_4,202,20
,,
ROI_4,203,14
,,
ROI_4,204,11
,,
ROI_4,205,13
,,
ROI_4,206,7
,,
ROI_4,207,7
,,
ROI_4,208,12
,,
ROI_4,209,10
,,
ROI_4,210,4
,,
ROI_4,211,7
,,
ROI_4,212,12
,,
ROI_4,213,10
,,
ROI_4,214,8
,,
ROI_4,215,5
,,
ROI_4,216,8
,,
ROI_4,217,4
,,
ROI_4,218,9
,,
ROI_4,219,9
,,
ROI_4,220,13
,,
ROI_4,221,7
,,
ROI_4,222,8
,,
ROI_4,223,10
,,
ROI_4,224,12
,,
ROI_4,225,8
,,
ROI_4,226,8
,,
ROI_4,227,9
,,
ROI_4,228,4
,,
ROI_4,229,5
,,
ROI_4,230,5
,,
ROI_4,231,9
,,
ROI_4,232,4
,,
ROI_4,233,2
,,
ROI_4,234,6
,,
ROI_4,235,6
,,
ROI_4,236,5
,,
ROI_4,237,9
,,
ROI_4,238,5
,,
ROI_4,239,7
,,
ROI_4,240,6
,,
ROI_4,241,6
,,
ROI_4,242,3
,,
ROI_4,243,9
,,
ROI_4,244,8
,,
ROI_4,245,7
,,
ROI_4,246,7
,,
ROI_4,247,5
,,
ROI_4,248,5
,,
ROI_4,249,7
,,
ROI_4,250,10
,,
ROI_4,251,7
,,
ROI_4,252,4
,,
ROI_4,253,4
,,
ROI_4,254,8
,,
ROI_4,255,688
,,
ROI_5,0,6091
,,
ROI_5,1,358
,,
ROI_5,2,296
,,
ROI_5,3,246
,,
ROI_5,4,236
,,
ROI_5,5,186
,,
ROI_5,6,176
,,
ROI_5,7,170
,,
ROI_5,8,151
,,
ROI_5,9,150
,,
ROI_5,10,116
,,
ROI_5,11,110
,,
ROI_5,12,119
,,
ROI_5,13,108
,,
ROI_5,14,103
,,
ROI_5,15,106
,,
ROI_5,16,93
,,
ROI_5,17,78
,,
ROI_5,18,85
,,
ROI_5,19,71
,,
ROI_5,20,70
,,
ROI_5,21,71
,,
ROI_5,22,62
,,
ROI_5,23,70
,,
ROI_5,24,71
,,
ROI_5,25,52
,,
ROI_5,26,64
,,
ROI_5,27,67
,,
ROI_5,28,51
,,
ROI_5,29,49
,,
ROI_5,30,39
,,
ROI_5,31,29
,,
ROI_5,32,30
,,
ROI_5,33,66
,,
ROI_5,34,35
,,
ROI_5,35,42
,,
ROI_5,36,31
,,
ROI_5,37,32
,,
ROI_5,38,41
,,
ROI_5,39,37
,,
ROI_5,40,35
,,
ROI_5,41,32
,,
ROI_5,42,30
,,
ROI_5,43,24
,,
ROI_5,44,32
,,
ROI_5,45,27
,,
ROI_5,46,27
,,
ROI_5,47,20
,,
ROI_5,48,17
,,
ROI_5,49,23
,,
ROI_5,50,23
,,
ROI_5,51,28
,,
ROI_5,52,15
,,
ROI_5,53,16
,,
ROI_5,54,24
,,
ROI_5,55,19
,,
ROI_5,56,14
,,
ROI_5,57,16
,,
ROI_5,58,7
,,
ROI_5,59,14
,,
ROI_5,60,16
,,
ROI_5,61,15
,,
ROI_5,62,17
,,
ROI_5,63,12
,,
ROI_5,64,14
,,
ROI_5,65,22
,,
ROI_5,66,14
,,
ROI_5,67,16
,,
ROI_5,68,17
,,
ROI_5,69,10
,,
ROI_5,70,18
,,
ROI_5,71,11
,,
ROI_5,72,11
,,
ROI_5,73,13
,,
ROI_5,74,12
,,
ROI_5,75,10
,,
ROI_5,76,15
,,
ROI_5,77,10
,,
ROI_5,78,16
,,
ROI_5,79,13
,,
ROI_5,80,12
,,
ROI_5,81,16
,,
ROI_5,82,17
,,
ROI_5,83,12
,,
ROI_5,84,14
,,
ROI_5,85,12
,,
ROI_5,86,8
,,
ROI_5,87,9
,,
ROI_5,88,9
,,
ROI_5,89,9
,,
ROI_5,90,13
,,
ROI_5,91,6
,,
ROI_5,92,4
,,
ROI_5,93,7
,,
ROI_5,94,7
,,
ROI_5,95,7
,,
ROI_5,96,13
,,
ROI_5,97,8
,,
ROI_5,98,9
,,
ROI_5,99,10
,,
ROI_5,100,4
,,
ROI_5,101,8
,,
ROI_5,102,13
,,
ROI_5,103,5
,,
ROI_5,104,3
,,
ROI_5,105,5
,,
ROI_5,106,5
,,
ROI_5,107,3
,,
ROI_5,108,6
,,
ROI_5,109,6
,,
ROI_5,110,6
,,
ROI_5,111,5
,,
ROI_5,112,8
,,
ROI_5,113,4
,,
ROI_5,114,6
,,
ROI_5,115,5
,,
ROI_5,116,5
,,
ROI_5,117,5
,,
ROI_5,118,4
,,
ROI_5,119,6
,,
ROI_5,120,5
,,
ROI_5,121,9
,,
ROI_5,122,3
,,
ROI_5,123,5
,,
ROI_5,124,5
,,
ROI_5,125,3
,,
ROI_5,126,5
,,
ROI_5,127,3
,,
ROI_5,128,4
,,
ROI_5,129,7
,,
ROI_5,130,4
,,
ROI_5,131,6
,,
ROI_5,132,5
,,
ROI_5,133,5
,,
ROI_5,134,3
,,
ROI_5,135,3
,,
ROI_5,136,5
,,
ROI_5,137,2
,,
ROI_5,138,5
,,
ROI_5,139,2
,,
ROI_5,140,4
,,
ROI_5,141,3
,,
ROI_5,142,5
,,
ROI_5,143,2
,,
ROI_5,144,2
,,
ROI_5,145,2
,,
ROI_5,146,2
,,
ROI_5,147,3
,,
ROI_5,148,2
,,
ROI_5,149,4
,,
ROI_5,150,1
,,
ROI_5,151,1
,,
ROI_5,152,1
,,
ROI_5,153,3
,,
ROI_5,154,0
,,
ROI_5,155,1
,,
ROI_5,156,4
,,
ROI_5,157,2
,,
ROI_5,158,0
,,
ROI_5,159,4
,,
ROI_5,160,0
,,
ROI_5,161,4
,,
ROI_5,162,2
,,
ROI_5,163,1
,,
ROI_5,164,0
,,
ROI_5,165,3
,,
ROI_5,166,1
,,
ROI_5,167,1
,,
ROI_5,168,4
,,
ROI_5,169,2
,,
ROI_5,170,2
,,
ROI_5,171,3
,,
ROI_5,172,4
,,
ROI_5,173,3
,,
ROI_5,174,1
,,
ROI_5,175,2
,,
ROI_5,176,0
,,
ROI_5,177,0
,,
ROI_5,178,2
,,
ROI_5,179,0
,,
ROI_5,180,1
,,
ROI_5,181,4
,,
ROI_5,182,2
,,
ROI_5,183,2
,,
ROI_5,184,2
,,
ROI_5,185,3
,,
ROI_5,186,1
,,
ROI_5,187,2
,,
ROI_5,188,4
,,
ROI_5,189,2
,,
ROI_5,190,0
,,
ROI_5,191,1
,,
ROI_5,192,0
,,
ROI_5,193,2
,,
ROI_5,194,1
,,
ROI_5,195,2
,,
ROI_5,196,2
,,
ROI_5,197,0
,,
ROI_5,198,1
,,
ROI_5,199,1
,,
ROI_5,200,0
,,
ROI_5,201,0
,,
ROI_5,202,1
,,
ROI_5,203,0
,,
ROI_5,204,1
,,
ROI_5,205,0
,,
ROI_5,206,0
,,
ROI_5,207,1
,,
ROI_5,208,0
,,
ROI_5,209,0
,,
ROI_5,210,1
,,
ROI_5,211,3
,,
ROI_5,212,2
,,
ROI_5,213,1
,,
ROI_5,214,2
,,
ROI_5,215,2
,,
ROI_5,216,0
,,
ROI_5,217,0
,,
ROI_5,218,0
,,
ROI_5,219,1
,,
ROI_5,220,1
,,
ROI_5,221,0
,,
ROI_5,222,0
,,
ROI_5,223,0
,,
ROI_5,224,0
,,
ROI_5,225,1
,,
ROI_5,226,1
,,
ROI_5,227,0
,,
ROI_5,228,1
,,
ROI_5,229,1
,,
ROI_5,230,0
,,
ROI_5,231,0
,,
ROI_5,232,0
,,
ROI_5,233,0
,,
ROI_5,234,3
,,
ROI_5,235,1
,,
ROI_5,236,0
,,
ROI_5,237,1
,,
ROI_5,238,0
,,
ROI_5,239,1
,,
ROI_5,240,1
,,
ROI_5,241,0
,,
ROI_5,242,2
,,
ROI_5,243,1
,,
ROI_5,244,2
,,
ROI_5,245,0
,,
ROI_5,246,0
,,
ROI_5,247,0
,,
ROI_5,248,0
,,
ROI_5,249,0
,,
ROI_5,250,2
,,
ROI_5,251,0
,,
ROI_5,252,0
,,
ROI_5,253,0
,,
ROI_5,254,0
,,
ROI_5,255,70
,,
ROI_6,0,7639
,,
ROI_6,1,213
,,
ROI_6,2,181
,,
ROI_6,3,192
,,
ROI_6,4,154
,,
ROI_6,5,155
,,
ROI_6,6,145
,,
ROI_6,7,149
,,
ROI_6,8,114
,,
ROI_6,9,122
,,
ROI_6,10,115
,,
ROI_6,11,102
,,
ROI_6,12,116
,,
ROI_6,13,110
,,
ROI_6,14,107
,,
ROI_6,15,78
,,
ROI_6,16,86
,,
ROI_6,17,99
,,
ROI_6,18,89
,,
ROI_6,19,84
,,
ROI_6,20,72
,,
ROI_6,21,78
,,
ROI_6,22,75
,,
ROI_6,23,82
,,
ROI_6,24,92
,,
ROI_6,25,80
,,
ROI_6,26,58
,,
ROI_6,27,63
,,
ROI_6,28,67
,,
ROI_6,29,62
,,
ROI_6,30,50
,,
ROI_6,31,50
,,
ROI_6,32,51
,,
ROI_6,33,50
,,
ROI_6,34,57
,,
ROI_6,35,51
,,
ROI_6,36,44
,,
ROI_6,37,47
,,
ROI_6,38,49
,,
ROI_6,39,48
,,
ROI_6,40,41
,,
ROI_6,41,39
,,
ROI_6,42,34
,,
ROI_6,43,37
,,
ROI_6,44,44
,,
ROI_6,45,32
,,
ROI_6,46,30
,,
ROI_6,47,33
,,
ROI_6,48,34
,,
ROI_6,49,30
,,
ROI_6,50,40
,,
ROI_6,51,27
,,
ROI_6,52,40
,,
ROI_6,53,26
,,
ROI_6,54,36
,,
ROI_6,55,24
,,
ROI_6,56,31
,,
ROI_6,57,28
,,
ROI_6,58,33
,,
ROI_6,59,34
,,
ROI_6,60,22
,,
ROI_6,61,25
,,
ROI_6,62,29
,,
ROI_6,63,25
,,
ROI_6,64,21
,,
ROI_6,65,25
,,
ROI_6,66,22
,,
ROI_6,67,29
,,
ROI_6,68,18
,,
ROI_6,69,18
,,
ROI_6,70,20
,,
ROI_6,71,22
,,
ROI_6,72,19
,,
ROI_6,73,18
,,
ROI_6,74,19
,,
ROI_6,75,14
,,
ROI_6,76,21
,,
ROI_6,77,26
,,
ROI_6,78,20
,,
ROI_6,79,15
,,
ROI_6,80,16
,,
ROI_6,81,15
,,
ROI_6,82,17
,,
ROI_6,83,14
,,
ROI_6,84,21
,,
ROI_6,85,14
,,
ROI_6,86,12
,,
ROI_6,87,12
,,
ROI_6,88,15
,,
ROI_6,89,16
,,
ROI_6,90,17
,,
ROI_6,91,19
,,
ROI_6,92,15
,,
ROI_6,93,10
,,
ROI_6,94,14
,,
ROI_6,95,11
,,
ROI_6,96,9
,,
ROI_6,97,14
,,
ROI_6,98,12
,,
ROI_6,99,16
,,
ROI_6,100,12
,,
ROI_6,101,9
,,
ROI_6,102,13
,,
ROI_6,103,12
,,
ROI_6,104,6
,,
ROI_6,105,9
,,
ROI_6,106,12
,,
ROI_6,107,15
,,
ROI_6,108,18
,,
ROI_6,109,14
,,
ROI_6,110,11
,,
ROI_6,111,14
,,
ROI_6,112,10
,,
ROI_6,113,5
,,
ROI_6,114,12
,,
ROI_6,115,20
,,
ROI_6,116,7
,,
ROI_6,117,10
,,
ROI_6,118,10
,,
ROI_6,119,12
,,
ROI_6,120,9
,,
ROI_6,121,14
,,
ROI_6,122,11
,,
ROI_6,123,12
,,
ROI_6,124,11
,,
ROI_6,125,17
,,
ROI_6,126,13
,,
ROI_6,127,9
,,
ROI_6,128,15
,,
ROI_6,129,8
,,
ROI_6,130,3
,,
ROI_6,131,9
,,
ROI_6,132,4
,,
ROI_6,133,9
,,
ROI_6,134,9
,,
ROI_6,135,14
,,
ROI_6,136,11
,,
ROI_6,137,6
,,
ROI_6,138,6
,,
ROI_6,139,9
,,
ROI_6,140,10
,,
ROI_6,141,7
,,
ROI_6,142,10
,,
ROI_6,143,8
,,
ROI_6,144,7
,,
ROI_6,145,10
,,
ROI_6,146,11
,,
ROI_6,147,3
,,
ROI_6,148,6
,,
ROI_6,149,6
,,
ROI_6,150,9
,,
ROI_6,151,4
,,
ROI_6,152,12
,,
ROI_6,153,5
,,
ROI_6,154,4
,,
ROI_6,155,12
,,
ROI_6,156,4
,,
ROI_6,157,7
,,
ROI_6,158,8
,,
ROI_6,159,4
,,
ROI_6,160,7
,,
ROI_6,161,6
,,
ROI_6,162,7
,,
ROI_6,163,8
,,
ROI_6,164,7
,,
ROI_6,165,9
,,
ROI_6,166,8
,,
ROI_6,167,6
,,
ROI_6,168,6
,,
ROI_6,169,5
,,
ROI_6,170,7
,,
ROI_6,171,1
,,
ROI_6,172,4
,,
ROI_6,173,4
,,
ROI_6,174,4
,,
ROI_6,175,10
,,
ROI_6,176,6
,,
ROI_6,177,4
,,
ROI_6,178,4
,,
ROI_6,179,4
,,
ROI_6,180,4
,,
ROI_6,181,5
,,
ROI_6,182,8
,,
ROI_6,183,13
,,
ROI_6,184,7
,,
ROI_6,185,9
,,
ROI_6,186,6
,,
ROI_6,187,7
,,
ROI_6,188,11
,,
ROI_6,189,16
,,
ROI_6,190,5
,,
ROI_6,191,10
,,
ROI_6,192,4
,,
ROI_6,193,7
,,
ROI_6,194,7
,,
ROI_6,195,7
,,
ROI_6,196,8
,,
ROI_6,197,3
,,
ROI_6,198,8
,,
ROI_6,199,7
,,
ROI_6,200,5
,,
ROI_6,201,3
,,
ROI_6,202,6
,,
ROI_6,203,1
,,
ROI_6,204,6
,,
ROI_6,205,4
,,
ROI_6,206,5
,,
ROI_6,207,3
,,
ROI_6,208,4
,,
ROI_6,209,7
,,
ROI_6,210,8
,,
ROI_6,211,7
,,
ROI_6,212,6
,,
ROI_6,213,7
,,
ROI_6,214,10
,,
ROI_6,215,6
,,
ROI_6,216,3
,,
ROI_6,217,5
,,
ROI_6,218,3
,,
ROI_6,219,5
,,
ROI_6,220,6
,,
ROI_6,221,4
,,
ROI_6,222,2
,,
ROI_6,223,3
,,
ROI_6,224,3
,,
ROI_6,225,2
,,
ROI_6,226,2
,,
ROI_6,227,1
,,
ROI_6,228,2
,,
ROI_6,229,6
,,
ROI_6,230,2
,,
ROI_6,231,5
,,
ROI_6,232,7
,,
ROI_6,233,5
,,
ROI_6,234,2
,,
ROI_6,235,6
,,
ROI_6,236,3
,,
ROI_6,237,4
,,
ROI_6,238,3
,,
ROI_6,239,2
,,
ROI_6,240,4
,,
ROI_6,241,3
,,
ROI_6,242,6
,,
ROI_6,243,4
,,
ROI_6,244,7
,,
ROI_6,245,4
,,
ROI_6,246,1
,,
ROI_6,247,4
,,
ROI_6,248,0
,,
ROI_6,249,2
,,
ROI_6,250,3
,,
ROI_6,251,3
,,
ROI_6,252,2
,,
ROI_6,253,5
,,
ROI_6,254,5
,,
ROI_6,255,507
,,
ROI_7,0,5858
,,
ROI_7,1,273
,,
ROI_7,2,213
,,
ROI_7,3,184
,,
ROI_7,4,175
,,
ROI_7,5,161
,,
ROI_7,6,131
,,
ROI_7,7,160
,,
ROI_7,8,139
,,
ROI_7,9,121
,,
ROI_7,10,115
,,
ROI_7,11,104
,,
ROI_7,12,93
,,
ROI_7,13,101
,,
ROI_7,14,75
,,
ROI_7,15,69
,,
ROI_7,16,80
,,
ROI_7,17,68
,,
ROI_7,18,76
,,
ROI_7,19,63
,,
ROI_7,20,72
,,
ROI_7,21,61
,,
ROI_7,22,68
,,
ROI_7,23,53
,,
ROI_7,24,57
,,
ROI_7,25,55
,,
ROI_7,26,36
,,
ROI_7,27,36
,,
ROI_7,28,37
,,
ROI_7,29,41
,,
ROI_7,30,38
,,
ROI_7,31,40
,,
ROI_7,32,36
,,
ROI_7,33,34
,,
ROI_7,34,34
,,
ROI_7,35,41
,,
ROI_7,36,37
,,
ROI_7,37,47
,,
ROI_7,38,32
,,
ROI_7,39,32
,,
ROI_7,40,36
,,
ROI_7,41,23
,,
ROI_7,42,31
,,
ROI_7,43,20
,,
ROI_7,44,30
,,
ROI_7,45,27
,,
ROI_7,46,21
,,
ROI_7,47,21
,,
ROI_7,48,19
,,
ROI_7,49,20
,,
ROI_7,50,21
,,
ROI_7,51,22
,,
ROI_7,52,16
,,
ROI_7,53,24
,,
ROI_7,54,28
,,
ROI_7,55,19
,,
ROI_7,56,13
,,
ROI_7,57,25
,,
ROI_7,58,11
,,
ROI_7,59,22
,,
ROI_7,60,13
,,
ROI_7,61,15
,,
ROI_7,62,17
,,
ROI_7,63,20
,,
ROI_7,64,12
,,
ROI_7,65,15
,,
ROI_7,66,6
,,
ROI_7,67,9
,,
ROI_7,68,15
,,
ROI_7,69,12
,,
ROI_7,70,11
,,
ROI_7,71,11
,,
ROI_7,72,9
,,
ROI_7,73,11
,,
ROI_7,74,5
,,
ROI_7,75,10
,,
ROI_7,76,9
,,
ROI_7,77,11
,,
ROI_7,78,13
,,
ROI_7,79,6
,,
ROI_7,80,18
,,
ROI_7,81,7
,,
ROI_7,82,9
,,
ROI_7,83,9
,,
ROI_7,84,16
,,
ROI_7,85,13
,,
ROI_7,86,12
,,
ROI_7,87,6
,,
ROI_7,88,7
,,
ROI_7,89,10
,,
ROI_7,90,2
,,
ROI_7,91,9
,,
ROI_7,92,4
,,
ROI_7,93,13
,,
ROI_7,94,10
,,
ROI_7,95,15
,,
ROI_7,96,8
,,
ROI_7,97,6
,,
ROI_7,98,3
,,
ROI_7,99,8
,,
ROI_7,100,5
,,
ROI_7,101,5
,,
ROI_7,102,6
,,
ROI_7,103,6
,,
ROI_7,104,4
,,
ROI_7,105,4
,,
ROI_7,106,7
,,
ROI_7,107,7
,,
ROI_7,108,5
,,
ROI_7,109,5
,,
ROI_7,110,9
,,
ROI_7,111,8
,,
ROI_7,112,6
,,
ROI_7,113,6
,,
ROI_7,114,2
,,
ROI_7,115,6
,,
ROI_7,116,3
,,
ROI_7,117,6
,,
ROI_7,118,6
,,
ROI_7,119,5
,,
ROI_7,120,8
,,
ROI_7,121,3
,,
ROI_7,122,1
,,
ROI_7,123,6
,,
ROI_7,124,4
,,
ROI_7,125,3
,,
ROI_7,126,8
,,
ROI_7,127,6
,,
ROI_7,128,3
,,
ROI_7,129,4
,,
ROI_7,130,3
,,
ROI_7,131,6
,,
ROI_7,132,6
,,
ROI_7,133,1
,,
ROI_7,134,4
,,
ROI_7,135,3
,,
ROI_7,136,6
,,
ROI_7,137,1
,,
ROI_7,138,3
,,
ROI_7,139,2
,,
ROI_7,140,2
,,
ROI_7,141,4
,,
ROI_7,142,3
,,
ROI_7,143,0
,,
ROI_7,144,6
,,
ROI_7,145,3
,,
ROI_7,146,8
,,
ROI_7,147,2
,,
ROI_7,148,4
,,
ROI_7,149,0
,,
ROI_7,150,1
,,
ROI_7,151,2
,,
ROI_7,152,5
,,
ROI_7,153,3
,,
ROI_7,154,0
,,
ROI_7,155,5
,,
ROI_7,156,3
,,
ROI_7,157,4
,,
ROI_7,158,3
,,
ROI_7,159,2
,,
ROI_7,160,5
,,
ROI_7,161,2
,,
ROI_7,162,6
,,
ROI_7,163,0
,,
ROI_7,164,1
,,
ROI_7,165,4
,,
ROI_7,166,2
,,
ROI_7,167,1
,,
ROI_7,168,1
,,
ROI_7,169,1
,,
ROI_7,170,3
,,
ROI_7,171,0
,,
ROI_7,172,1
,,
ROI_7,173,2
,,
ROI_7,174,1
,,
ROI_7,175,2
,,
ROI_7,176,0
,,
ROI_7,177,0
,,
ROI_7,178,1
,,
ROI_7,179,1
,,
ROI_7,180,0
,,
ROI_7,181,1
,,
ROI_7,182,2
,,
ROI_7,183,2
,,
ROI_7,184,3
,,
ROI_7,185,1
,,
ROI_7,186,3
,,
ROI_7,187,2
,,
ROI_7,188,1
,,
ROI_7,189,2
,,
ROI_7,190,3
,,
ROI_7,191,0
,,
ROI_7,192,0
,,
ROI_7,193,0
,,
ROI_7,194,0
,,
ROI_7,195,2
,,
ROI_7,196,3
,,
ROI_7,197,2
,,
ROI_7,198,1
,,
ROI_7,199,0
,,
ROI_7,200,1
,,
ROI_7,201,0
,,
ROI_7,202,1
,,
ROI_7,203,1
,,
ROI_7,204,1
,,
ROI_7,205,3
,,
ROI_7,206,2
,,
ROI_7,207,1
,,
ROI_7,208,1
,,
ROI_7,209,0
,,
ROI_7,210,0
,,
ROI_7,211,0
,,
ROI_7,212,1
,,
ROI_7,213,1
,,
ROI_7,214,0
,,
ROI_7,215,0
,,
ROI_7,216,1
,,
ROI_7,217,0
,,
ROI_7,218,1
,,
ROI_7,219,0
,,
ROI_7,220,0
,,
ROI_7,221,2
,,
ROI_7,222,0
,,
ROI_7,223,2
,,
ROI_7,224,2
,,
ROI_7,225,0
,,
ROI_7,226,0
,,
ROI_7,227,1
,,
ROI_7,228,0
,,
ROI_7,229,1
,,
ROI_7,230,0
,,
ROI_7,231,3
,,
ROI_7,232,1
,,
ROI_7,233,1
,,
ROI_7,234,1
,,
ROI_7,235,1
,,
ROI_7,236,1
,,
ROI_7,237,1
,,
ROI_7,238,1
,,
ROI_7,239,0
,,
ROI_7,240,0
,,
ROI_7,241,0
,,
ROI_7,242,0
,,
ROI_7,243,1
,,
ROI_7,244,0
,,
ROI_7,245,1
,,
ROI_7,246,0
,,
ROI_7,247,1
,,
ROI_7,248,0
,,
ROI_7,249,0
,,
ROI_7,250,2
,,
ROI_7,251,1
,,
ROI_7,252,0
,,
ROI_7,253,0
,,
ROI_7,254,0
,,
ROI_7,255,77
,,
ROI_8,0,3329
,,
ROI_8,1,197
,,
ROI_8,2,155
,,
ROI_8,3,163
,,
ROI_8,4,182
,,
ROI_8,5,157
,,
ROI_8,6,140
,,
ROI_8,7,172
,,
ROI_8,8,128
,,
ROI_8,9,133
,,
ROI_8,10,128
,,
ROI_8,11,111
,,
ROI_8,12,115
,,
ROI_8,13,124
,,
ROI_8,14,132
,,
ROI_8,15,93
,,
ROI_8,16,120
,,
ROI_8,17,109
,,
ROI_8,18,102
,,
ROI_8,19,104
,,
ROI_8,20,95
,,
ROI_8,21,84
,,
ROI_8,22,89
,,
ROI_8,23,66
,,
ROI_8,24,73
,,
ROI_8,25,75
,,
ROI_8,26,74
,,
ROI_8,27,90
,,
ROI_8,28,71
,,
ROI_8,29,59
,,
ROI_8,30,60
,,
ROI_8,31,58
,,
ROI_8,32,60
,,
ROI_8,33,77
,,
ROI_8,34,54
,,
ROI_8,35,62
,,
ROI_8,36,46
,,
ROI_8,37,50
,,
ROI_8,38,45
,,
ROI_8,39,50
,,
ROI_8,40,42
,,
ROI_8,41,39
,,
ROI_8,42,33
,,
ROI_8,43,36
,,
ROI_8,44,45
,,
ROI_8,45,47
,,
ROI_8,46,34
,,
ROI_8,47,39
,,
ROI_8,48,38
,,
ROI_8,49,32
,,
ROI_8,50,40
,,
ROI_8,51,39
,,
ROI_8,52,38
,,
ROI_8,53,25
,,
ROI_8,54,34
,,
ROI_8,55,30
,,
ROI_8,56,34
,,
ROI_8,57,42
,,
ROI_8,58,30
,,
ROI_8,59,32
,,
ROI_8,60,25
,,
ROI_8,61,34
,,
ROI_8,62,34
,,
ROI_8,63,43
,,
ROI_8,64,26
,,
ROI_8,65,29
,,
ROI_8,66,32
,,
ROI_8,67,23
,,
ROI_8,68,27
,,
ROI_8,69,15
,,
ROI_8,70,15
,,
ROI_8,71,21
,,
ROI_8,72,22
,,
ROI_8,73,16
,,
ROI_8,74,12
,,
ROI_8,75,23
,,
ROI_8,76,19
,,
ROI_8,77,23
,,
ROI_8,78,22
,,
ROI_8,79,23
,,
ROI_8,80,21
,,
ROI_8,81,24
,,
ROI_8,82,26
,,
ROI_8,83,18
,,
ROI_8,84,13
,,
ROI_8,85,19
,,
ROI_8,86,20
,,
ROI_8,87,17
,,
ROI_8,88,22
,,
ROI_8,89,23
,,
ROI_8,90,14
,,
ROI_8,91,22
,,
ROI_8,92,19
,,
ROI_8,93,13
,,
ROI_8,94,12
,,
ROI_8,95,23
,,
ROI_8,96,15
,,
ROI_8,97,16
,,
ROI_8,98,12
,,
ROI_8,99,15
,,
ROI_8,100,11
,,
ROI_8,101,13
,,
ROI_8,102,19
,,
ROI_8,103,15
,,
ROI_8,104,12
,,
ROI_8,105,12
,,
ROI_8,106,19
,,
ROI_8,107,14
,,
ROI_8,108,11
,,
ROI_8,109,11
,,
ROI_8,110,6
,,
ROI_8,111,16
,,
ROI_8,112,20
,,
ROI_8,113,8
,,
ROI_8,114,13
,,
ROI_8,115,8
,,
ROI_8,116,9
,,
ROI_8,117,8
,,
ROI_8,118,20
,,
ROI_8,119,10
,,
ROI_8,120,10
,,
ROI_8,121,10
,,
ROI_8,122,13
,,
ROI_8,123,10
,,
ROI_8,124,10
,,
ROI_8,125,13
,,
ROI_8,126,8
,,
ROI_8,127,14
,,
ROI_8,128,8
,,
ROI_8,129,8
,,
ROI_8,130,13
,,
ROI_8,131,9
,,
ROI_8,132,9
,,
ROI_8,133,11
,,
ROI_8,134,8
,,
ROI_8,135,5
,,
ROI_8,136,5
,,
ROI_8,137,15
,,
ROI_8,138,13
,,
ROI_8,139,3
,,
ROI_8,140,10
,,
ROI_8,141,7
,,
ROI_8,142,7
,,
ROI_8,143,5
,,
ROI_8,144,7
,,
ROI_8,145,8
,,
ROI_8,146,7
,,
ROI_8,147,7
,,
ROI_8,148,8
,,
ROI_8,149,6
,,
ROI_8,150,7
,,
ROI_8,151,9
,,
ROI_8,152,6
,,
ROI_8,153,5
,,
ROI_8,154,4
,,
ROI_8,155,7
,,
ROI_8,156,6
,,
ROI_8,157,6
,,
ROI_8,158,7
,,
ROI_8,159,8
,,
ROI_8,160,6
,,
ROI_8,161,4
,,
ROI_8,162,5
,,
ROI_8,163,4
,,
ROI_8,164,11
,,
ROI_8,165,6
,,
ROI_8,166,6
,,
ROI_8,167,8
,,
ROI_8,168,9
,,
ROI_8,169,6
,,
ROI_8,170,6
,,
ROI_8,171,3
,,
ROI_8,172,8
,,
ROI_8,173,5
,,
ROI_8,174,3
,,
ROI_8,175,4
,,
ROI_8,176,3
,,
ROI_8,177,1
,,
ROI_8,178,0
,,
ROI_8,179,8
,,
ROI_8,180,7
,,
ROI_8,181,10
,,
ROI_8,182,5
,,
ROI_8,183,7
,,
ROI_8,184,7
,,
ROI_8,185,10
,,
ROI_8,186,3
,,
ROI_8,187,8
,,
ROI_8,188,12
,,
ROI_8,189,6
,,
ROI_8,190,4
,,
ROI_8,191,7
,,
ROI_8,192,4
,,
ROI_8,193,2
,,
ROI_8,194,7
,,
ROI_8,195,2
,,
ROI_8,196,3
,,
ROI_8,197,2
,,
ROI_8,198,5
,,
ROI_8,199,6
,,
ROI_8,200,3
,,
ROI_8,201,6
,,
ROI_8,202,4
,,
ROI_8,203,1
,,
ROI_8,204,5
,,
ROI_8,205,1
,,
ROI_8,206,3
,,
ROI_8,207,6
,,
ROI_8,208,2
,,
ROI_8,209,3
,,
ROI_8,210,5
,,
ROI_8,211,12
,,
ROI_8,212,5
,,
ROI_8,213,4
,,
ROI_8,214,1
,,
ROI_8,215,3
,,
ROI_8,216,1
,,
ROI_8,217,5
,,
ROI_8,218,3
,,
ROI_8,219,2
,,
ROI_8,220,3
,,
ROI_8,221,1
,,
ROI_8,222,3
,,
ROI_8,223,2
,,
ROI_8,224,2
,,
ROI_8,225,5
,,
ROI_8,226,2
,,
ROI_8,227,1
,,
ROI_8,228,3
,,
ROI_8,229,3
,,
ROI_8,230,6
,,
ROI_8,231,4
,,
ROI_8,232,5
,,
ROI_8,233,8
,,
ROI_8,234,3
,,
ROI_8,235,2
,,
ROI_8,236,6
,,
ROI_8,237,4
,,
ROI_8,238,3
,,
ROI_8,239,4
,,
ROI_8,240,4
,,
ROI_8,241,1
,,
ROI_8,242,3
,,
ROI_8,243,2
,,
ROI_8,244,1
,,
ROI_8,245,1
,,
ROI_8,246,3
,,
ROI_8,247,2
,,
ROI_8,248,0
,,
ROI_8,249,5
,,
ROI_8,250,4
,,
ROI_8,251,3
,,
ROI_8,252,0
,,
ROI_8,253,1
,,
ROI_8,254,0
,,
ROI_8,255,268
,,
ROI_9,0,13588
,,
ROI_9,1,488
,,
ROI_9,2,404
,,
ROI_9,3,409
,,
ROI_9,4,381
,,
ROI_9,5,362
,,
ROI_9,6,296
,,
ROI_9,7,304
,,
ROI_9,8,297
,,
ROI_9,9,265
,,
ROI_9,10,253
,,
ROI_9,11,214
,,
ROI_9,12,230
,,
ROI_9,13,228
,,
ROI_9,14,204
,,
ROI_9,15,190
,,
ROI_9,16,184
,,
ROI_9,17,190
,,
ROI_9,18,172
,,
ROI_9,19,141
,,
ROI_9,20,142
,,
ROI_9,21,152
,,
ROI_9,22,126
,,
ROI_9,23,139
,,
ROI_9,24,116
,,
ROI_9,25,119
,,
ROI_9,26,113
,,
ROI_9,27,125
,,
ROI_9,28,86
,,
ROI_9,29,115
,,
ROI_9,30,112
,,
ROI_9,31,105
,,
ROI_9,32,113
,,
ROI_9,33,100
,,
ROI_9,34,83
,,
ROI_9,35,111
,,
ROI_9,36,90
,,
ROI_9,37,89
,,
ROI_9,38,72
,,
ROI_9,39,92
,,
ROI_9,40,88
,,
ROI_9,41,73
,,
ROI_9,42,69
,,
ROI_9,43,83
,,
ROI_9,44,79
,,
ROI_9,45,77
,,
ROI_9,46,91
,,
ROI_9,47,59
,,
ROI_9,48,64
,,
ROI_9,49,61
,,
ROI_9,50,57
,,
ROI_9,51,69
,,
ROI_9,52,65
,,
ROI_9,53,49
,,
ROI_9,54,53
,,
ROI_9,55,58
,,
ROI_9,56,68
,,
ROI_9,57,65
,,
ROI_9,58,44
,,
ROI_9,59,64
,,
ROI_9,60,42
,,
ROI_9,61,47
,,
ROI_9,62,46
,,
ROI_9,63,52
,,
ROI_9,64,39
,,
ROI_9,65,56
,,
ROI_9,66,47
,,
ROI_9,67,43
,,
ROI_9,68,45
,,
ROI_9,69,56
,,
ROI_9,70,41
,,
ROI_9,71,54
,,
ROI_9,72,40
,,
ROI_9,73,41
,,
ROI_9,74,58
,,
ROI_9,75,40
,,
ROI_9,76,44
,,
ROI_9,77,39
,,
ROI_9,78,36
,,
ROI_9,79,39
,,
ROI_9,80,40
,,
ROI_9,81,39
,,
ROI_9,82,32
,,
ROI_9,83,33
,,
ROI_9,84,40
,,
ROI_9,85,37
,,
ROI_9,86,33
,,
ROI_9,87,46
,,
ROI_9,88,35
,,
ROI_9,89,33
,,
ROI_9,90,26
,,
ROI_9,91,43
,,
ROI_9,92,27
,,
ROI_9,93,27
,,
ROI_9,94,34
,,
ROI_9,95,33
,,
ROI_9,96,28
,,
ROI_9,97,32
,,
ROI_9,98,32
,,
ROI_9,99,16
,,
ROI_9,100,35
,,
ROI_9,101,34
,,
ROI_9,102,37
,,
ROI_9,103,23
,,
ROI_9,104,17
,,
ROI_9,105,30
,,
ROI_9,106,21
,,
ROI_9,107,21
,,
ROI_9,108,24
,,
ROI_9,109,19
,,
ROI_9,110,23
,,
ROI_9,111,22
,,
ROI_9,112,20
,,
ROI_9,113,26
,,
ROI_9,114,23
,,
ROI_9,115,26
,,
ROI_9,116,16
,,
ROI_9,117,18
,,
ROI_9,118,22
,,
ROI_9,119,16
,,
ROI_9,120,25
,,
ROI_9,121,21
,,
ROI_9,122,10
,,
ROI_9,123,20
,,
ROI_9,124,18
,,
ROI_9,125,21
,,
ROI_9,126,14
,,
ROI_9,127,13
,,
ROI_9,128,25
,,
ROI_9,129,18
,,
ROI_9,130,17
,,
ROI_9,131,5
,,
ROI_9,132,14
,,
ROI_9,133,18
,,
ROI_9,134,14
,,
ROI_9,135,15
,,
ROI_9,136,16
,,
ROI_9,137,12
,,
ROI_9,138,17
,,
ROI_9,139,15
,,
ROI_9,140,16
,,
ROI_9,141,20
,,
ROI_9,142,18
,,
ROI_9,143,8
,,
ROI_9,144,9
,,
ROI_9,145,15
,,
ROI_9,146,12
,,
ROI_9,147,12
,,
ROI_9,148,20
,,
ROI_9,149,15
,,
ROI_9,150,13
,,
ROI_9,151,9
,,
ROI_9,152,10
,,
ROI_9,153,10
,,
ROI_9,154,14
,,
ROI_9,155,6
,,
ROI_9,156,16
,,
ROI_9,157,11
,,
ROI_9,158,12
,,
ROI_9,159,11
,,
ROI_9,160,6
,,
ROI_9,161,11
,,
ROI_9,162,7
,,
ROI_9,163,15
,,
ROI_9,164,11
,,
ROI_9,165,10
,,
ROI_9,166,17
,,
ROI_9,167,9
,,
ROI_9,168,11
,,
ROI_9,169,11
,,
ROI_9,170,10
,,
ROI_9,171,11
,,
ROI_9,172,10
,,
ROI_9,173,10
,,
ROI_9,174,10
,,
ROI_9,175,8
,,
ROI_9,176,10
,,
ROI_9,177,10
,,
ROI_9,178,8
,,
ROI_9,179,15
,,
ROI_9,180,11
,,
ROI_9,181,10
,,
ROI_9,182,13
,,
ROI_9,183,17
,,
ROI_9,184,15
,,
ROI_9,185,20
,,
ROI_9,186,19
,,
ROI_9,187,12
,,
ROI_9,188,8
,,
ROI_9,189,11
,,
ROI_9,190,9
,,
ROI_9,191,7
,,
ROI_9,192,7
,,
ROI_9,193,9
,,
ROI_9,194,7
,,
ROI_9,195,13
,,
ROI_9,196,9
,,
ROI_9,197,8
,,
ROI_9,198,8
,,
ROI_9,199,11
,,
ROI_9,200,9
,,
ROI_9,201,6
,,
ROI_9,202,6
,,
ROI_9,203,7
,,
ROI_9,204,12
,,
ROI_9,205,7
,,
ROI_9,206,10
,,
ROI_9,207,8
,,
ROI_9,208,4
,,
ROI_9,209,7
,,
ROI_9,210,8
,,
ROI_9,211,8
,,
ROI_9,212,6
,,
ROI_9,213,3
,,
ROI_9,214,9
,,
ROI_9,215,8
,,
ROI_9,216,8
,,
ROI_9,217,8
,,
ROI_9,218,5
,,
ROI_9,219,6
,,
ROI_9,220,5
,,
ROI_9,221,11
,,
ROI_9,222,7
,,
ROI_9,223,8
,,
ROI_9,224,10
,,
ROI_9,225,8
,,
ROI_9,226,6
,,
ROI_9,227,10
,,
ROI_9,228,7
,,
ROI_9,229,8
,,
ROI_9,230,10
,,
ROI_9,231,4
,,
ROI_9,232,4
,,
ROI_9,233,12
,,
ROI_9,234,5
,,
ROI_9,235,2
,,
ROI_9,236,4
,,
ROI_9,237,5
,,
ROI_9,238,5
,,
ROI_9,239,4
,,
ROI_9,240,5
,,
ROI_9,241,6
,,
ROI_9,242,4
,,
ROI_9,243,4
,,
ROI_9,244,6
,,
ROI_9,245,6
,,
ROI_9,246,5
,,
ROI_9,247,10
,,
ROI_9,248,7
,,
ROI_9,249,8
,,
ROI_9,250,5
,,
ROI_9,251,5
,,
ROI_9,252,8
,,
ROI_9,253,4
,,
ROI_9,254,4
,,
ROI_9,255,561
,,
ROI_10,0,2551
,,
ROI_10,1,194
,,
ROI_10,2,161
,,
ROI_10,3,187
,,
ROI_10,4,180
,,
ROI_10,5,175
,,
ROI_10,6,158
,,
ROI_10,7,167
,,
ROI_10,8,174
,,
ROI_10,9,157
,,
ROI_10,10,147
,,
ROI_10,11,140
,,
ROI_10,12,127
,,
ROI_10,13,145
,,
ROI_10,14,139
,,
ROI_10,15,123
,,
ROI_10,16,131
,,
ROI_10,17,148
,,
ROI_10,18,140
,,
ROI_10,19,149
,,
ROI_10,20,140
,,
ROI_10,21,131
,,
ROI_10,22,145
,,
ROI_10,23,128
,,
ROI_10,24,117
,,
ROI_10,25,107
,,
ROI_10,26,116
,,
ROI_10,27,94
,,
ROI_10,28,72
,,
ROI_10,29,111
,,
ROI_10,30,94
,,
ROI_10,31,98
,,
ROI_10,32,101
,,
ROI_10,33,102
,,
ROI_10,34,86
,,
ROI_10,35,81
,,
ROI_10,36,84
,,
ROI_10,37,85
,,
ROI_10,38,99
,,
ROI_10,39,103
,,
ROI_10,40,80
,,
ROI_10,41,74
,,
ROI_10,42,80
,,
ROI_10,43,77
,,
ROI_10,44,69
,,
ROI_10,45,73
,,
ROI_10,46,85
,,
ROI_10,47,73
,,
ROI_10,48,70
,,
ROI_10,49,58
,,
ROI_10,50,82
,,
ROI_10,51,57
,,
ROI_10,52,65
,,
ROI_10,53,62
,,
ROI_10,54,70
,,
ROI_10,55,78
,,
ROI_10,56,65
,,
ROI_10,57,65
,,
ROI_10,58,58
,,
ROI_10,59,72
,,
ROI_10,60,74
,,
ROI_10,61,58
,,
ROI_10,62,51
,,
ROI_10,63,57
,,
ROI_10,64,66
,,
ROI_10,65,65
,,
ROI_10,66,68
,,
ROI_10,67,58
,,
ROI_10,68,46
,,
ROI_10,69,55
,,
ROI_10,70,59
,,
ROI_10,71,45
,,
ROI_10,72,49
,,
ROI_10,73,53
,,
ROI_10,74,72
,,
ROI_10,75,63
,,
ROI_10,76,61
,,
ROI_10,77,55
,,
ROI_10,78,55
,,
ROI_10,79,46
,,
ROI_10,80,56
,,
ROI_10,81,51
,,
ROI_10,82,48
,,
ROI_10,83,44
,,
ROI_10,84,38
,,
ROI_10,85,47
,,
ROI_10,86,41
,,
ROI_10,87,44
,,
ROI_10,88,37
,,
ROI_10,89,48
,,
ROI_10,90,42
,,
ROI_10,91,34
,,
ROI_10,92,36
,,
ROI_10,93,38
,,
ROI_10,94,41
,,
ROI_10,95,36
,,
ROI_10,96,47
,,
ROI_10,97,43
,,
ROI_10,98,33
,,
ROI_10,99,51
,,
ROI_10,100,48
,,
ROI_10,101,39
,,
ROI_10,102,49
,,
ROI_10,103,46
,,
ROI_10,104,40
,,
ROI_10,105,38
,,
ROI_10,106,37
,,
ROI_10,107,34
,,
ROI_10,108,34
,,
ROI_10,109,38
,,
ROI_10,110,31
,,
ROI_10,111,32
,,
ROI_10,112,39
,,
ROI_10,113,37
,,
ROI_10,114,41
,,
ROI_10,115,32
,,
ROI_10,116,37
,,
ROI_10,117,30
,,
ROI_10,118,23
,,
ROI_10,119,25
,,
ROI_10,120,35
,,
ROI_10,121,31
,,
ROI_10,122,34
,,
ROI_10,123,31
,,
ROI_10,124,41
,,
ROI_10,125,39
,,
ROI_10,126,33
,,
ROI_10,127,30
,,
ROI_10,128,23
,,
ROI_10,129,27
,,
ROI_10,130,27
,,
ROI_10,131,34
,,
ROI_10,132,26
,,
ROI_10,133,31
,,
ROI_10,134,30
,,
ROI_10,135,30
,,
ROI_10,136,27
,,
ROI_10,137,26
,,
ROI_10,138,33
,,
ROI_10,139,23
,,
ROI_10,140,32
,,
ROI_10,141,25
,,
ROI_10,142,40
,,
ROI_10,143,22
,,
ROI_10,144,34
,,
ROI_10,145,27
,,
ROI_10,146,30
,,
ROI_10,147,26
,,
ROI_10,148,34
,,
ROI_10,149,32
,,
ROI_10,150,38
,,
ROI_10,151,28
,,
ROI_10,152,27
,,
ROI_10,153,22
,,
ROI_10,154,27
,,
ROI_10,155,25
,,
ROI_10,156,14
,,
ROI_10,157,27
,,
ROI_10,158,28
,,
ROI_10,159,27
,,
ROI_10,160,24
,,
ROI_10,161,21
,,
ROI_10,162,24
,,
ROI_10,163,29
,,
ROI_10,164,24
,,
ROI_10,165,27
,,
ROI_10,166,20
,,
ROI_10,167,18
,,
ROI_10,168,20
,,
ROI_10,169,27
,,
ROI_10,170,28
,,
ROI_10,171,18
,,
ROI_10,172,20
,,
ROI_10,173,24
,,
ROI_10,174,27
,,
ROI_10,175,26
,,
ROI_10,176,21
,,
ROI_10,177,22
,,
ROI_10,178,18
,,
ROI_10,179,25
,,
ROI_10,180,26
,,
ROI_10,181,16
,,
ROI_10,182,21
,,
ROI_10,183,33
,,
ROI_10,184,28
,,
ROI_10,185,37
,,
ROI_10,186,29
,,
ROI_10,187,30
,,
ROI_10,188,37
,,
ROI_10,189,33
,,
ROI_10,190,18
,,
ROI_10,191,20
,,
ROI_10,192,19
,,
ROI_10,193,16
,,
ROI_10,194,20
,,
ROI_10,195,21
,,
ROI_10,196,30
,,
ROI_10,197,16
,,
ROI_10,198,13
,,
ROI_10,199,17
,,
ROI_10,200,16
,,
ROI_10,201,16
,,
ROI_10,202,12
,,
ROI_10,203,4
,,
ROI_10,204,14
,,
ROI_10,205,19
,,
ROI_10,206,14
,,
ROI_10,207,16
,,
ROI_10,208,12
,,
ROI_10,209,15
,,
ROI_10,210,22
,,
ROI_10,211,20
,,
ROI_10,212,10
,,
ROI_10,213,16
,,
ROI_10,214,19
,,
ROI_10,215,19
,,
ROI_10,216,9
,,
ROI_10,217,16
,,
ROI_10,218,9
,,
ROI_10,219,7
,,
ROI_10,220,18
,,
ROI_10,221,16
,,
ROI_10,222,8
,,
ROI_10,223,16
,,
ROI_10,224,9
,,
ROI_10,225,10
,,
ROI_10,226,17
,,
ROI_10,227,11
,,
ROI_10,228,15
,,
ROI_10,229,20
,,
ROI_10,230,16
,,
ROI_10,231,12
,,
ROI_10,232,18
,,
ROI_10,233,14
,,
ROI_10,234,12
,,
ROI_10,235,8
,,
ROI_10,236,6
,,
ROI_10,237,11
,,
ROI_10,238,16
,,
ROI_10,239,7
,,
ROI_10,240,15
,,
ROI_10,241,9
,,
ROI_10,242,15
,,
ROI_10,243,11
,,
ROI_10,244,12
,,
ROI_10,245,9
,,
ROI_10,246,9
,,
ROI_10,247,18
,,
ROI_10,248,9
,,
ROI_10,249,12
,,
ROI_10,250,17
,,
ROI_10,251,17
,,
ROI_10,252,17
,,
ROI_10,253,19
,,
ROI_10,254,12
,,
ROI_10,255,1584
,,
ROI_11,0,2873
,,
ROI_11,1,167
,,
ROI_11,2,114
,,
ROI_11,3,127
,,
ROI_11,4,114
,,
ROI_11,5,101
,,
ROI_11,6,116
,,
ROI_11,7,93
,,
ROI_11,8,102
,,
ROI_11,9,92
,,
ROI_11,10,92
,,
ROI_11,11,75
,,
ROI_11,12,87
,,
ROI_11,13,89
,,
ROI_11,14,82
,,
ROI_11,15,54
,,
ROI_11,16,63
,,
ROI_11,17,71
,,
ROI_11,18,64
,,
ROI_11,19,66
,,
ROI_11,20,68
,,
ROI_11,21,61
,,
ROI_11,22,53
,,
ROI_11,23,37
,,
ROI_11,24,62
,,
ROI_11,25,54
,,
ROI_11,26,58
,,
ROI_11,27,53
,,
ROI_11,28,41
,,
ROI_11,29,52
,,
ROI_11,30,33
,,
ROI_11,31,48
,,
ROI_11,32,38
,,
ROI_11,33,47
,,
ROI_11,34,43
,,
ROI_11,35,46
,,
ROI_11,36,35
,,
ROI_11,37,50
,,
ROI_11,38,31
,,
ROI_11,39,34
,,
ROI_11,40,37
,,
ROI_11,41,27
,,
ROI_11,42,30
,,
ROI_11,43,25
,,
ROI_11,44,36
,,
ROI_11,45,33
,,
ROI_11,46,29
,,
ROI_11,47,44
,,
ROI_11,48,37
,,
ROI_11,49,25
,,
ROI_11,50,33
,,
ROI_11,51,21
,,
ROI_11,52,28
,,
ROI_11,53,32
,,
ROI_11,54,34
,,
ROI_11,55,30
,,
ROI_11,56,25
,,
ROI_11,57,27
,,
ROI_11,58,25
,,
ROI_11,59,34
,,
ROI_11,60,25
,,
ROI_11,61,27
,,
ROI_11,62,18
,,
ROI_11,63,31
,,
ROI_11,64,27
,,
ROI_11,65,23
,,
ROI_11,66,21
,,
ROI_11,67,29
,,
ROI_11,68,22
,,
ROI_11,69,23
,,
ROI_11,70,29
,,
ROI_11,71,22
,,
ROI_11,72,24
,,
ROI_11,73,19
,,
ROI_11,74,23
,,
ROI_11,75,22
,,
ROI_11,76,14
,,
ROI_11,77,17
,,
ROI_11,78,27
,,
ROI_11,79,27
,,
ROI_11,80,17
,,
ROI_11,81,14
,,
ROI_11,82,15
,,
ROI_11,83,16
,,
ROI_11,84,25
,,
ROI_11,85,16
,,
ROI_11,86,15
,,
ROI_11,87,16
,,
ROI_11,88,15
,,
ROI_11,89,17
,,
ROI_11,90,19
,,
ROI_11,91,8
,,
ROI_11,92,12
,,
ROI_11,93,17
,,
ROI_11,94,19
,,
ROI_11,95,14
,,
ROI_11,96,11
,,
ROI_11,97,18
,,
ROI_11,98,13
,,
ROI_11,99,13
,,
ROI_11,100,14
,,
ROI_11,101,28
,,
ROI_11,102,23
,,
ROI_11,103,7
,,
ROI_11,104,17
,,
ROI_11,105,17
,,
ROI_11,106,11
,,
ROI_11,107,18
,,
ROI_11,108,13
,,
ROI_11,109,12
,,
ROI_11,110,14
,,
ROI_11,111,13
,,
ROI_11,112,13
,,
ROI_11,113,11
,,
ROI_11,114,10
,,
ROI_11,115,10
,,
ROI_11,116,10
,,
ROI_11,117,14
,,
ROI_11,118,11
,,
ROI_11,119,7
,,
ROI_11,120,9
,,
ROI_11,121,13
,,
ROI_11,122,6
,,
ROI_11,123,11
,,
ROI_11,124,13
,,
ROI_11,125,9
,,
ROI_11,126,12
,,
ROI_11,127,9
,,
ROI_11,128,9
,,
ROI_11,129,11
,,
ROI_11,130,10
,,
ROI_11,131,7
,,
ROI_11,132,8
,,
ROI_11,133,10
,,
ROI_11,134,8
,,
ROI_11,135,10
,,
ROI_11,136,12
,,
ROI_11,137,15
,,
ROI_11,138,8
,,
ROI_11,139,7
,,
ROI_11,140,8
,,
ROI_11,141,10
,,
ROI_11,142,8
,,
ROI_11,143,7
,,
ROI_11,144,6
,,
ROI_11,145,6
,,
ROI_11,146,5
,,
ROI_11,147,10
,,
ROI_11,148,8
,,
ROI_11,149,13
,,
ROI_11,150,6
,,
ROI_11,151,8
,,
ROI_11,152,9
,,
ROI_11,153,2
,,
ROI_11,154,4
,,
ROI_11,155,3
,,
ROI_11,156,6
,,
ROI_11,157,7
,,
ROI_11,158,12
,,
ROI_11,159,8
,,
ROI_11,160,9
,,
ROI_11,161,5
,,
ROI_11,162,11
,,
ROI_11,163,6
,,
ROI_11,164,9
,,
ROI_11,165,5
,,
ROI_11,166,12
,,
ROI_11,167,7
,,
ROI_11,168,7
,,
ROI_11,169,8
,,
ROI_11,170,10
,,
ROI_11,171,2
,,
ROI_11,172,1
,,
ROI_11,173,5
,,
ROI_11,174,7
,,
ROI_11,175,10
,,
ROI_11,176,8
,,
ROI_11,177,9
,,
ROI_11,178,7
,,
ROI_11,179,8
,,
ROI_11,180,7
,,
ROI_11,181,4
,,
ROI_11,182,15
,,
ROI_11,183,11
,,
ROI_11,184,8
,,
ROI_11,185,13
,,
ROI_11,186,8
,,
ROI_11,187,11
,,
ROI_11,188,10
,,
ROI_11,189,14
,,
ROI_11,190,7
,,
ROI_11,191,6
,,
ROI_11,192,4
,,
ROI_11,193,6
,,
ROI_11,194,7
,,
ROI_11,195,7
,,
ROI_11,196,5
,,
ROI_11,197,8
,,
ROI_11,198,4
,,
ROI_11,199,5
,,
ROI_11,200,6
,,
ROI_11,201,10
,,
ROI_11,202,4
,,
ROI_11,203,2
,,
ROI_11,204,5
,,
ROI_11,205,8
,,
ROI_11,206,5
,,
ROI_11,207,4
,,
ROI_11,208,0
,,
ROI_11,209,7
,,
ROI_11,210,5
,,
ROI_11,211,9
,,
ROI_11,212,8
,,
ROI_11,213,4
,,
ROI_11,214,3
,,
ROI_11,215,3
,,
ROI_11,216,3
,,
ROI_11,217,6
,,
ROI_11,218,4
,,
ROI_11,219,4
,,
ROI_11,220,3
,,
ROI_11,221,5
,,
ROI_11,222,2
,,
ROI_11,223,7
,,
ROI_11,224,5
,,
ROI_11,225,10
,,
ROI_11,226,3
,,
ROI_11,227,5
,,
ROI_11,228,7
,,
ROI_11,229,2
,,
ROI_11,230,2
,,
ROI_11,231,6
,,
ROI_11,232,3
,,
ROI_11,233,2
,,
ROI_11,234,1
,,
ROI_11,235,0
,,
ROI_11,236,5
,,
ROI_11,237,2
,,
ROI_11,238,1
,,
ROI_11,239,0
,,
ROI_11,240,2
,,
ROI_11,241,4
,,
ROI_11,242,4
,,
ROI_11,243,5
,,
ROI_11,244,4
,,
ROI_11,245,2
,,
ROI_11,246,6
,,
ROI_11,247,3
,,
ROI_11,248,3
,,
ROI_11,249,1
,,
ROI_11,250,2
,,
ROI_11,251,1
,,
ROI_11,252,0
,,
ROI_11,253,2
,,
ROI_11,254,3
,,
ROI_11,255,516
,,
ROI_12,0,3918
,,
ROI_12,1,81
,,
ROI_12,2,61
,,
ROI_12,3,70
,,
ROI_12,4,78
,,
ROI_12,5,69
,,
ROI_12,6,54
,,
ROI_12,7,50
,,
ROI_12,8,40
,,
ROI_12,9,37
,,
ROI_12,10,42
,,
ROI_12,11,29
,,
ROI_12,12,34
,,
ROI_12,13,32
,,
ROI_12,14,29
,,
ROI_12,15,20
,,
ROI_12,16,30
,,
ROI_12,17,27
,,
ROI_12,18,27
,,
ROI_12,19,12
,,
ROI_12,20,26
,,
ROI_12,21,23
,,
ROI_12,22,26
,,
ROI_12,23,23
,,
ROI_12,24,19
,,
ROI_12,25,22
,,
ROI_12,26,13
,,
ROI_12,27,17
,,
ROI_12,28,25
,,
ROI_12,29,22
,,
ROI_12,30,21
,,
ROI_12,31,15
,,
ROI_12,32,12
,,
ROI_12,33,19
,,
ROI_12,34,13
,,
ROI_12,35,12
,,
ROI_12,36,10
,,
ROI_12,37,13
,,
ROI_12,38,16
,,
ROI_12,39,10
,,
ROI_12,40,6
,,
ROI_12,41,13
,,
ROI_12,42,14
,,
ROI_12,43,9
,,
ROI_12,44,10
,,
ROI_12,45,6
,,
ROI_12,46,8
,,
ROI_12,47,6
,,
ROI_12,48,6
,,
ROI_12,49,11
,,
ROI_12,50,7
,,
ROI_12,51,10
,,
ROI_12,52,9
,,
ROI_12,53,11
,,
ROI_12,54,10
,,
ROI_12,55,7
,,
ROI_12,56,10
,,
ROI_12,57,6
,,
ROI_12,58,4
,,
ROI_12,59,4
,,
ROI_12,60,5
,,
ROI_12,61,8
,,
ROI_12,62,10
,,
ROI_12,63,6
,,
ROI_12,64,4
,,
ROI_12,65,5
,,
ROI_12,66,2
,,
ROI_12,67,6
,,
ROI_12,68,3
,,
ROI_12,69,6
,,
ROI_12,70,5
,,
ROI_12,71,2
,,
ROI_12,72,4
,,
ROI_12,73,6
,,
ROI_12,74,4
,,
ROI_12,75,7
,,
ROI_12,76,7
,,
ROI_12,77,1
,,
ROI_12,78,6
,,
ROI_12,79,5
,,
ROI_12,80,6
,,
ROI_12,81,0
,,
ROI_12,82,3
,,
ROI_12,83,1
,,
ROI_12,84,3
,,
ROI_12,85,4
,,
ROI_12,86,4
,,
ROI_12,87,1
,,
ROI_12,88,4
,,
ROI_12,89,2
,,
ROI_12,90,3
,,
ROI_12,91,3
,,
ROI_12,92,3
,,
ROI_12,93,9
,,
ROI_12,94,0
,,
ROI_12,95,1
,,
ROI_12,96,1
,,
ROI_12,97,5
,,
ROI_12,98,3
,,
ROI_12,99,2
,,
ROI_12,100,0
,,
ROI_12,101,1
,,
ROI_12,102,0
,,
ROI_12,103,1
,,
ROI_12,104,1
,,
ROI_12,105,2
,,
ROI_12,106,5
,,
ROI_12,107,3
,,
ROI_12,108,2
,,
ROI_12,109,0
,,
ROI_12,110,1
,,
ROI_12,111,2
,,
ROI_12,112,2
,,
ROI_12,113,5
,,
ROI_12,114,2
,,
ROI_12,115,3
,,
ROI_12,116,2
,,
ROI_12,117,4
,,
ROI_12,118,1
,,
ROI_12,119,1
,,
ROI_12,120,2
,,
ROI_12,121,4
,,
ROI_12,122,1
,,
ROI_12,123,0
,,
ROI_12,124,3
,,
ROI_12,125,1
,,
ROI_12,126,7
,,
ROI_12,127,1
,,
ROI_12,128,0
,,
ROI_12,129,1
,,
ROI_12,130,1
,,
ROI_12,131,2
,,
ROI_12,132,3
,,
ROI_12,133,2
,,
ROI_12,134,1
,,
ROI_12,135,0
,,
ROI_12,136,2
,,
ROI_12,137,5
,,
ROI_12,138,3
,,
ROI_12,139,4
,,
ROI_12,140,2
,,
ROI_12,141,1
,,
ROI_12,142,1
,,
ROI_12,143,2
,,
ROI_12,144,0
,,
ROI_12,145,3
,,
ROI_12,146,0
,,
ROI_12,147,0
,,
ROI_12,148,1
,,
ROI_12,149,3
,,
ROI_12,150,1
,,
ROI_12,151,0
,,
ROI_12,152,0
,,
ROI_12,153,1
,,
ROI_12,154,1
,,
ROI_12,155,2
,,
ROI_12,156,2
,,
ROI_12,157,0
,,
ROI_12,158,1
,,
ROI_12,159,1
,,
ROI_12,160,0
,,
ROI_12,161,2
,,
ROI_12,162,0
,,
ROI_12,163,1
,,
ROI_12,164,2
,,
ROI_12,165,2
,,
ROI_12,166,2
,,
ROI_12,167,2
,,
ROI_12,168,1
,,
ROI_12,169,0
,,
ROI_12,170,0
,,
ROI_12,171,0
,,
ROI_12,172,1
,,
ROI_12,173,1
,,
ROI_12,174,0
,,
ROI_12,175,2
,,
ROI_12,176,4
,,
ROI_12,177,3
,,
ROI_12,178,0
,,
ROI_12,179,1
,,
ROI_12,180,1
,,
ROI_12,181,2
,,
ROI_12,182,2
,,
ROI_12,183,2
,,
ROI_12,184,0
,,
ROI_12,185,2
,,
ROI_12,186,3
,,
ROI_12,187,1
,,
ROI_12,188,0
,,
ROI_12,189,0
,,
ROI_12,190,1
,,
ROI_12,191,1
,,
ROI_12,192,0
,,
ROI_12,193,2
,,
ROI_12,194,0
,,
ROI_12,195,1
,,
ROI_12,196,1
,,
ROI_12,197,1
,,
ROI_12,198,0
,,
ROI_12,199,1
,,
ROI_12,200,0
,,
ROI_12,201,0
,,
ROI_12,202,0
,,
ROI_12,203,0
,,
ROI_12,204,1
,,
ROI_12,205,1
,,
ROI_12,206,2
,,
ROI_12,207,0
,,
ROI_12,208,0
,,
ROI_12,209,0
,,
ROI_12,210,0
,,
ROI_12,211,0
,,
ROI_12,212,2
,,
ROI_12,213,0
,,
ROI_12,214,0
,,
ROI_12,215,2
,,
ROI_12,216,0
,,
ROI_12,217,1
,,
ROI_12,218,1
,,
ROI_12,219,0
,,
ROI_12,220,0
,,
ROI_12,221,0
,,
ROI_12,222,0
,,
ROI_12,223,0
,,
ROI_12,224,1
,,
ROI_12,225,2
,,
ROI_12,226,0
,,
ROI_12,227,2
,,
ROI_12,228,1
,,
ROI_12,229,0
,,
ROI_12,230,1
,,
ROI_12,231,0
,,
ROI_12,232,0
,,
ROI_12,233,1
,,
ROI_12,234,0
,,
ROI_12,235,0
,,
ROI_12,236,1
,,
ROI_12,237,1
,,
ROI_12,238,0
,,
ROI_12,239,0
,,
ROI_12,240,1
,,
ROI_12,241,0
,,
ROI_12,242,0
,,
ROI_12,243,0
,,
ROI_12,244,0
,,
ROI_12,245,0
,,
ROI_12,246,0
,,
ROI_12,247,1
,,
ROI_12,248,1
,,
ROI_12,249,0
,,
ROI_12,250,1
,,
ROI_12,251,0
,,
ROI_12,252,0
,,
ROI_12,253,0
,,
ROI_12,254,1
,,
ROI_12,255,40
,,
ROI_13,0,294
,,
ROI_13,1,17
,,
ROI_13,2,13
,,
ROI_13,3,22
,,
ROI_13,4,22
,,
ROI_13,5,17
,,
ROI_13,6,12
,,
ROI_13,7,20
,,
ROI_13,8,21
,,
ROI_13,9,11
,,
ROI_13,10,15
,,
ROI_13,11,21
,,
ROI_13,12,17
,,
ROI_13,13,15
,,
ROI_13,14,13
,,
ROI_13,15,19
,,
ROI_13,16,28
,,
ROI_13,17,8
,,
ROI_13,18,8
,,
ROI_13,19,7
,,
ROI_13,20,6
,,
ROI_13,21,2
,,
ROI_13,22,0
,,
ROI_13,23,0
,,
ROI_13,24,0
,,
ROI_13,25,0
,,
ROI_13,26,0
,,
ROI_13,27,0
,,
ROI_13,28,0
,,
ROI_13,29,0
,,
ROI_13,30,0
,,
ROI_13,31,0
,,
ROI_13,32,0
,,
ROI_13,33,0
,,
ROI_13,34,0
,,
ROI_13,35,0
,,
ROI_13,36,0
,,
ROI_13,37,0
,,
ROI_13,38,0
,,
ROI_13,39,0
,,
ROI_13,40,0
,,
ROI_13,41,0
,,
ROI_13,42,0
,,
ROI_13,43,0
,,
ROI_13,44,0
,,
ROI_13,45,0
,,
ROI_13,46,0
,,
ROI_13,47,0
,,
ROI_13,48,0
,,
ROI_13,49,0
,,
ROI_13,50,0
,,
ROI_13,51,0
,,
ROI_13,52,0
,,
ROI_13,53,0
,,
ROI_13,54,0
,,
ROI_13,55,0
,,
ROI_13,56,0
,,
ROI_13,57,0
,,
ROI_13,58,0
,,
ROI_13,59,0
,,
ROI_13,60,0
,,
ROI_13,61,0
,,
ROI_13,62,0
,,
ROI_13,63,0
,,
ROI_13,64,0
,,
ROI_13,65,0
,,
ROI_13,66,0
,,
ROI_13,67,0
,,
ROI_13,68,0
,,
ROI_13,69,0
,,
ROI_13,70,0
,,
ROI_13,71,0
,,
ROI_13,72,0
,,
ROI_13,73,0
,,
ROI_13,74,0
,,
ROI_13,75,0
,,
ROI_13,76,0
,,
ROI_13,77,0
,,
ROI_13,78,0
,,
ROI_13,79,0
,,
ROI_13,80,0
,,
ROI_13,81,0
,,
ROI_13,82,0
,,
ROI_13,83,0
,,
ROI_13,84,0
,,
ROI_13,85,0
,,
ROI_13,86,0
,,
ROI_13,87,0
,,
ROI_13,88,0
,,
ROI_13,89,0
,,
ROI_13,90,0
,,
ROI_13,91,0
,,
ROI_13,92,0
,,
ROI_13,93,0
,,
ROI_13,94,0
,,
ROI_13,95,0
,,
ROI_13,96,0
,,
ROI_13,97,0
,,
ROI_13,98,0
,,
ROI_13,99,0
,,
ROI_13,100,0
,,
ROI_13,101,0
,,
ROI_13,102,0
,,
ROI_13,103,0
,,
ROI_13,104,0
,,
ROI_13,105,0
,,
ROI_13,106,0
,,
ROI_13,107,0
,,
ROI_13,108,0
,,
ROI_13,109,0
,,
ROI_13,110,0
,,
ROI_13,111,0
,,
ROI_13,112,0
,,
ROI_13,113,0
,,
ROI_13,114,0
,,
ROI_13,115,0
,,
ROI_13,116,0
,,
ROI_13,117,0
,,
ROI_13,118,0
,,
ROI_13,119,0
,,
ROI_13,120,0
,,
ROI_13,121,0
,,
ROI_13,122,0
,,
ROI_13,123,0
,,
ROI_13,124,0
,,
ROI_13,125,0
,,
ROI_13,126,0
,,
ROI_13,127,0
,,
ROI_13,128,0
,,
ROI_13,129,0
,,
ROI_13,130,0
,,
ROI_13,131,0
,,
ROI_13,132,0
,,
ROI_13,133,0
,,
ROI_13,134,0
,,
ROI_13,135,0
,,
ROI_13,136,0
,,
ROI_13,137,0
,,
ROI_13,138,0
,,
ROI_13,139,0
,,
ROI_13,140,0
,,
ROI_13,141,0
,,
ROI_13,142,0
,,
ROI_13,143,0
,,
ROI_13,144,0
,,
ROI_13,145,0
,,
ROI_13,146,0
,,
ROI_13,147,0
,,
ROI_13,148,0
,,
ROI_13,149,0
,,
ROI_13,150,0
,,
ROI_13,151,0
,,
ROI_13,152,0
,,
ROI_13,153,0
,,
ROI_13,154,0
,,
ROI_13,155,0
,,
ROI_13,156,0
,,
ROI_13,157,0
,,
ROI_13,158,0
,,
ROI_13,159,0
,,
ROI_13,160,0
,,
ROI_13,161,0
,,
ROI_13,162,0
,,
ROI_13,163,0
,,
ROI_13,164,0
,,
ROI_13,165,0
,,
ROI_13,166,0
,,
ROI_13,167,0
,,
ROI_13,168,0
,,
ROI_13,169,0
,,
ROI_13,170,0
,,
ROI_13,171,0
,,
ROI_13,172,0
,,
ROI_13,173,0
,,
ROI_13,174,0
,,
ROI_13,175,0
,,
ROI_13,176,0
,,
ROI_13,177,0
,,
ROI_13,178,0
,,
ROI_13,179,0
,,
ROI_13,180,0
,,
ROI_13,181,0
,,
ROI_13,182,0
,,
ROI_13,183,0
,,
ROI_13,184,0
,,
ROI_13,185,0
,,
ROI_13,186,0
,,
ROI_13,187,0
,,
ROI_13,188,0
,,
ROI_13,189,0
,,
ROI_13,190,0
,,
ROI_13,191,0
,,
ROI_13,192,0
,,
ROI_13,193,0
,,
ROI_13,194,0
,,
ROI_13,195,0
,,
ROI_13,196,0
,,
ROI_13,197,0
,,
ROI_13,198,0
,,
ROI_13,199,0
,,
ROI_13,200,0
,,
ROI_13,201,0
,,
ROI_13,202,0
,,
ROI_13,203,0
,,
ROI_13,204,0
,,
ROI_13,205,0
,,
ROI_13,206,0
,,
ROI_13,207,0
,,
ROI_13,208,0
,,
ROI_13,209,0
,,
ROI_13,210,0
,,
ROI_13,211,0
,,
ROI_13,212,0
,,
ROI_13,213,0
,,
ROI_13,214,0
,,
ROI_13,215,0
,,
ROI_13,216,0
,,
ROI_13,217,0
,,
ROI_13,218,0
,,
ROI_13,219,0
,,
ROI_13,220,0
,,
ROI_13,221,0
,,
ROI_13,222,0
,,
ROI_13,223,0
,,
ROI_13,224,0
,,
ROI_13,225,0
,,
ROI_13,226,0
,,
ROI_13,227,0
,,
ROI_13,228,0
,,
ROI_13,229,0
,,
ROI_13,230,0
,,
ROI_13,231,0
,,
ROI_13,232,0
,,
ROI_13,233,0
,,
ROI_13,234,0
,,
ROI_13,235,0
,,
ROI_13,236,0
,,
ROI_13,237,0
,,
ROI_13,238,0
,,
ROI_13,239,0
,,
ROI_13,240,0
,,
ROI_13,241,0
,,
ROI_13,242,0
,,
ROI_13,243,0
,,
ROI_13,244,0
,,
ROI_13,245,0
,,
ROI_13,246,0
,,
ROI_13,247,0
,,
ROI_13,248,0
,,
ROI_13,249,0
,,
ROI_13,250,0
,,
ROI_13,251,0
,,
ROI_13,252,0
,,
ROI_13,253,0
,,
ROI_13,254,0
,,
ROI_13,255,0
,,
ROI_14,0,9230
,,
ROI_14,1,247
,,
ROI_14,2,190
,,
ROI_14,3,165
,,
ROI_14,4,167
,,
ROI_14,5,154
,,
ROI_14,6,124
,,
ROI_14,7,111
,,
ROI_14,8,113
,,
ROI_14,9,96
,,
ROI_14,10,109
,,
ROI_14,11,88
,,
ROI_14,12,98
,,
ROI_14,13,69
,,
ROI_14,14,90
,,
ROI_14,15,74
,,
ROI_14,16,78
,,
ROI_14,17,76
,,
ROI_14,18,69
,,
ROI_14,19,62
,,
ROI_14,20,62
,,
ROI_14,21,62
,,
ROI_14,22,60
,,
ROI_14,23,56
,,
ROI_14,24,61
,,
ROI_14,25,54
,,
ROI_14,26,64
,,
ROI_14,27,68
,,
ROI_14,28,45
,,
ROI_14,29,52
,,
ROI_14,30,42
,,
ROI_14,31,39
,,
ROI_14,32,34
,,
ROI_14,33,54
,,
ROI_14,34,45
,,
ROI_14,35,42
,,
ROI_14,36,52
,,
ROI_14,37,34
,,
ROI_14,38,40
,,
ROI_14,39,45
,,
ROI_14,40,38
,,
ROI_14,41,47
,,
ROI_14,42,40
,,
ROI_14,43,37
,,
ROI_14,44,25
,,
ROI_14,45,38
,,
ROI_14,46,38
,,
ROI_14,47,37
,,
ROI_14,48,39
,,
ROI_14,49,35
,,
ROI_14,50,33
,,
ROI_14,51,27
,,
ROI_14,52,28
,,
ROI_14,53,32
,,
ROI_14,54,29
,,
ROI_14,55,36
,,
ROI_14,56,36
,,
ROI_14,57,37
,,
ROI_14,58,32
,,
ROI_14,59,29
,,
ROI_14,60,30
,,
ROI_14,61,29
,,
ROI_14,62,25
,,
ROI_14,63,36
,,
ROI_14,64,32
,,
ROI_14,65,22
,,
ROI_14,66,27
,,
ROI_14,67,28
,,
ROI_14,68,29
,,
ROI_14,69,32
,,
ROI_14,70,24
,,
ROI_14,71,26
,,
ROI_14,72,25
,,
ROI_14,73,33
,,
ROI_14,74,23
,,
ROI_14,75,25
,,
ROI_14,76,29
,,
ROI_14,77,23
,,
ROI_14,78,31
,,
ROI_14,79,27
,,
ROI_14,80,36
,,
ROI_14,81,19
,,
ROI_14,82,27
,,
ROI_14,83,21
,,
ROI_14,84,23
,,
ROI_14,85,16
,,
ROI_14,86,22
,,
ROI_14,87,23
,,
ROI_14,88,22
,,
ROI_14,89,22
,,
ROI_14,90,22
,,
ROI_14,91,24
,,
ROI_14,92,19
,,
ROI_14,93,23
,,
ROI_14,94,19
,,
ROI_14,95,29
,,
ROI_14,96,18
,,
ROI_14,97,20
,,
ROI_14,98,19
,,
ROI_14,99,20
,,
ROI_14,100,13
,,
ROI_14,101,23
,,
ROI_14,102,18
,,
ROI_14,103,17
,,
ROI_14,104,18
,,
ROI_14,105,16
,,
ROI_14,106,19
,,
ROI_14,107,23
,,
ROI_14,108,19
,,
ROI_14,109,7
,,
ROI_14,110,16
,,
ROI_14,111,24
,,
ROI_14,112,21
,,
ROI_14,113,15
,,
ROI_14,114,13
,,
ROI_14,115,16
,,
ROI_14,116,15
,,
ROI_14,117,17
,,
ROI_14,118,19
,,
ROI_14,119,20
,,
ROI_14,120,21
,,
ROI_14,121,13
,,
ROI_14,122,17
,,
ROI_14,123,17
,,
ROI_14,124,20
,,
ROI_14,125,17
,,
ROI_14,126,9
,,
ROI_14,127,18
,,
ROI_14,128,18
,,
ROI_14,129,18
,,
ROI_14,130,11
,,
ROI_14,131,10
,,
ROI_14,132,11
,,
ROI_14,133,10
,,
ROI_14,134,11
,,
ROI_14,135,14
,,
ROI_14,136,12
,,
ROI_14,137,20
,,
ROI_14,138,10
,,
ROI_14,139,12
,,
ROI_14,140,14
,,
ROI_14,141,16
,,
ROI_14,142,10
,,
ROI_14,143,13
,,
ROI_14,144,9
,,
ROI_14,145,14
,,
ROI_14,146,8
,,
ROI_14,147,11
,,
ROI_14,148,14
,,
ROI_14,149,13
,,
ROI_14,150,8
,,
ROI_14,151,8
,,
ROI_14,152,9
,,
ROI_14,153,12
,,
ROI_14,154,13
,,
ROI_14,155,10
,,
ROI_14,156,6
,,
ROI_14,157,10
,,
ROI_14,158,16
,,
ROI_14,159,11
,,
ROI_14,160,10
,,
ROI_14,161,8
,,
ROI_14,162,9
,,
ROI_14,163,8
,,
ROI_14,164,7
,,
ROI_14,165,6
,,
ROI_14,166,5
,,
ROI_14,167,6
,,
ROI_14,168,7
,,
ROI_14,169,7
,,
ROI_14,170,8
,,
ROI_14,171,10
,,
ROI_14,172,5
,,
ROI_14,173,4
,,
ROI_14,174,14
,,
ROI_14,175,8
,,
ROI_14,176,5
,,
ROI_14,177,6
,,
ROI_14,178,9
,,
ROI_14,179,8
,,
ROI_14,180,7
,,
ROI_14,181,3
,,
ROI_14,182,5
,,
ROI_14,183,10
,,
ROI_14,184,12
,,
ROI_14,185,13
,,
ROI_14,186,14
,,
ROI_14,187,12
,,
ROI_14,188,17
,,
ROI_14,189,11
,,
ROI_14,190,7
,,
ROI_14,191,12
,,
ROI_14,192,8
,,
ROI_14,193,8
,,
ROI_14,194,3
,,
ROI_14,195,9
,,
ROI_14,196,7
,,
ROI_14,197,2
,,
ROI_14,198,3
,,
ROI_14,199,7
,,
ROI_14,200,7
,,
ROI_14,201,5
,,
ROI_14,202,7
,,
ROI_14,203,5
,,
ROI_14,204,6
,,
ROI_14,205,4
,,
ROI_14,206,10
,,
ROI_14,207,3
,,
ROI_14,208,3
,,
ROI_14,209,8
,,
ROI_14,210,10
,,
ROI_14,211,9
,,
ROI_14,212,7
,,
ROI_14,213,0
,,
ROI_14,214,6
,,
ROI_14,215,5
,,
ROI_14,216,4
,,
ROI_14,217,6
,,
ROI_14,218,2
,,
ROI_14,219,6
,,
ROI_14,220,6
,,
ROI_14,221,3
,,
ROI_14,222,4
,,
ROI_14,223,8
,,
ROI_14,224,3
,,
ROI_14,225,1
,,
ROI_14,226,6
,,
ROI_14,227,2
,,
ROI_14,228,2
,,
ROI_14,229,1
,,
ROI_14,230,5
,,
ROI_14,231,2
,,
ROI_14,232,4
,,
ROI_14,233,1
,,
ROI_14,234,7
,,
ROI_14,235,3
,,
ROI_14,236,2
,,
ROI_14,237,5
,,
ROI_14,238,4
,,
ROI_14,239,5
,,
ROI_14,240,1
,,
ROI_14,241,0
,,
ROI_14,242,2
,,
ROI_14,243,3
,,
ROI_14,244,4
,,
ROI_14,245,6
,,
ROI_14,246,4
,,
ROI_14,247,3
,,
ROI_14,248,3
,,
ROI_14,249,4
,,
ROI_14,250,6
,,
ROI_14,251,1
,,
ROI_14,252,1
,,
ROI_14,253,2
,,
ROI_14,254,3
,,
ROI_14,255,348
,,
ROI_15,0,11748
,,
ROI_15,1,375
,,
ROI_15,2,319
,,
ROI_15,3,281
,,
ROI_15,4,268
,,
ROI_15,5,268
,,
ROI_15,6,217
,,
ROI_15,7,202
,,
ROI_15,8,211
,,
ROI_15,9,197
,,
ROI_15,10,187
,,
ROI_15,11,163
,,
ROI_15,12,160
,,
ROI_15,13,163
,,
ROI_15,14,152
,,
ROI_15,15,110
,,
ROI_15,16,127
,,
ROI_15,17,126
,,
ROI_15,18,114
,,
ROI_15,19,107
,,
ROI_15,20,110
,,
ROI_15,21,105
,,
ROI_15,22,92
,,
ROI_15,23,100
,,
ROI_15,24,93
,,
ROI_15,25,105
,,
ROI_15,26,74
,,
ROI_15,27,80
,,
ROI_15,28,60
,,
ROI_15,29,71
,,
ROI_15,30,77
,,
ROI_15,31,52
,,
ROI_15,32,49
,,
ROI_15,33,67
,,
ROI_15,34,71
,,
ROI_15,35,61
,,
ROI_15,36,54
,,
ROI_15,37,60
,,
ROI_15,38,64
,,
ROI_15,39,56
,,
ROI_15,40,57
,,
ROI_15,41,34
,,
ROI_15,42,55
,,
ROI_15,43,40
,,
ROI_15,44,54
,,
ROI_15,45,37
,,
ROI_15,46,51
,,
ROI_15,47,51
,,
ROI_15,48,38
,,
ROI_15,49,38
,,
ROI_15,50,37
,,
ROI_15,51,43
,,
ROI_15,52,40
,,
ROI_15,53,29
,,
ROI_15,54,39
,,
ROI_15,55,34
,,
ROI_15,56,33
,,
ROI_15,57,40
,,
ROI_15,58,36
,,
ROI_15,59,33
,,
ROI_15,60,42
,,
ROI_15,61,28
,,
ROI_15,62,30
,,
ROI_15,63,27
,,
ROI_15,64,28
,,
ROI_15,65,23
,,
ROI_15,66,26
,,
ROI_15,67,29
,,
ROI_15,68,24
,,
ROI_15,69,29
,,
ROI_15,70,24
,,
ROI_15,71,27
,,
ROI_15,72,28
,,
ROI_15,73,21
,,
ROI_15,74,17
,,
ROI_15,75,38
,,
ROI_15,76,31
,,
ROI_15,77,18
,,
ROI_15,78,28
,,
ROI_15,79,19
,,
ROI_15,80,20
,,
ROI_15,81,32
,,
ROI_15,82,23
,,
ROI_15,83,27
,,
ROI_15,84,14
,,
ROI_15,85,13
,,
ROI_15,86,28
,,
ROI_15,87,22
,,
ROI_15,88,21
,,
ROI_15,89,19
,,
ROI_15,90,27
,,
ROI_15,91,24
,,
ROI_15,92,17
,,
ROI_15,93,10
,,
ROI_15,94,19
,,
ROI_15,95,17
,,
ROI_15,96,16
,,
ROI_15,97,13
,,
ROI_15,98,12
,,
ROI_15,99,13
,,
ROI_15,100,20
,,
ROI_15,101,16
,,
ROI_15,102,18
,,
ROI_15,103,16
,,
ROI_15,104,17
,,
ROI_15,105,5
,,
ROI_15,106,10
,,
ROI_15,107,14
,,
ROI_15,108,8
,,
ROI_15,109,11
,,
ROI_15,110,17
,,
ROI_15,111,18
,,
ROI_15,112,14
,,
ROI_15,113,14
,,
ROI_15,114,11
,,
ROI_15,115,13
,,
ROI_15,116,12
,,
ROI_15,117,14
,,
ROI_15,118,14
,,
ROI_15,119,4
,,
ROI_15,120,5
,,
ROI_15,121,18
,,
ROI_15,122,14
,,
ROI_15,123,5
,,
ROI_15,124,13
,,
ROI_15,125,8
,,
ROI_15,126,10
,,
ROI_15,127,9
,,
ROI_15,128,9
,,
ROI_15,129,12
,,
ROI_15,130,7
,,
ROI_15,131,6
,,
ROI_15,132,6
,,
ROI_15,133,11
,,
ROI_15,134,8
,,
ROI_15,135,6
,,
ROI_15,136,13
,,
ROI_15,137,8
,,
ROI_15,138,10
,,
ROI_15,139,13
,,
ROI_15,140,7
,,
ROI_15,141,5
,,
ROI_15,142,8
,,
ROI_15,143,7
,,
ROI_15,144,4
,,
ROI_15,145,5
,,
ROI_15,146,8
,,
ROI_15,147,12
,,
ROI_15,148,7
,,
ROI_15,149,7
,,
ROI_15,150,5
,,
ROI_15,151,7
,,
ROI_15,152,9
,,
ROI_15,153,6
,,
ROI_15,154,10
,,
ROI_15,155,7
,,
ROI_15,156,4
,,
ROI_15,157,6
,,
ROI_15,158,12
,,
ROI_15,159,8
,,
ROI_15,160,10
,,
ROI_15,161,4
,,
ROI_15,162,6
,,
ROI_15,163,0
,,
ROI_15,164,7
,,
ROI_15,165,7
,,
ROI_15,166,6
,,
ROI_15,167,7
,,
ROI_15,168,6
,,
ROI_15,169,4
,,
ROI_15,170,5
,,
ROI_15,171,3
,,
ROI_15,172,2
,,
ROI_15,173,2
,,
ROI_15,174,2
,,
ROI_15,175,5
,,
ROI_15,176,8
,,
ROI_15,177,5
,,
ROI_15,178,10
,,
ROI_15,179,8
,,
ROI_15,180,3
,,
ROI_15,181,5
,,
ROI_15,182,4
,,
ROI_15,183,10
,,
ROI_15,184,11
,,
ROI_15,185,9
,,
ROI_15,186,11
,,
ROI_15,187,12
,,
ROI_15,188,4
,,
ROI_15,189,5
,,
ROI_15,190,5
,,
ROI_15,191,6
,,
ROI_15,192,7
,,
ROI_15,193,8
,,
ROI_15,194,6
,,
ROI_15,195,6
,,
ROI_15,196,10
,,
ROI_15,197,3
,,
ROI_15,198,5
,,
ROI_15,199,3
,,
ROI_15,200,3
,,
ROI_15,201,2
,,
ROI_15,202,5
,,
ROI_15,203,7
,,
ROI_15,204,6
,,
ROI_15,205,3
,,
ROI_15,206,3
,,
ROI_15,207,2
,,
ROI_15,208,2
,,
ROI_15,209,2
,,
ROI_15,210,7
,,
ROI_15,211,3
,,
ROI_15,212,4
,,
ROI_15,213,2
,,
ROI_15,214,2
,,
ROI_15,215,4
,,
ROI_15,216,3
,,
ROI_15,217,2
,,
ROI_15,218,4
,,
ROI_15,219,3
,,
ROI_15,220,2
,,
ROI_15,221,6
,,
ROI_15,222,4
,,
ROI_15,223,5
,,
ROI_15,224,4
,,
ROI_15,225,2
,,
ROI_15,226,6
,,
ROI_15,227,5
,,
ROI_15,228,3
,,
ROI_15,229,2
,,
ROI_15,230,4
,,
ROI_15,231,2
,,
ROI_15,232,4
,,
ROI_15,233,4
,,
ROI_15,234,1
,,
ROI_15,235,0
,,
ROI_15,236,0
,,
ROI_15,237,3
,,
ROI_15,238,1
,,
ROI_15,239,6
,,
ROI_15,240,6
,,
ROI_15,241,2
,,
ROI_15,242,8
,,
ROI_15,243,2
,,
ROI_15,244,1
,,
ROI_15,245,1
,,
ROI_15,246,2
,,
ROI_15,247,5
,,
ROI_15,248,3
,,
ROI_15,249,4
,,
ROI_15,250,0
,,
ROI_15,251,6
,,
ROI_15,252,2
,,
ROI_15,253,4
,,
ROI_15,254,1
,,
ROI_15,255,242
,,
ROI_16,0,7746
,,
ROI_16,1,118
,,
ROI_16,2,60
,,
ROI_16,3,87
,,
ROI_16,4,67
,,
ROI_16,5,60
,,
ROI_16,6,30
,,
ROI_16,7,58
,,
ROI_16,8,49
,,
ROI_16,9,44
,,
ROI_16,10,33
,,
ROI_16,11,47
,,
ROI_16,12,50
,,
ROI_16,13,41
,,
ROI_16,14,37
,,
ROI_16,15,31
,,
ROI_16,16,31
,,
ROI_16,17,25
,,
ROI_16,18,26
,,
ROI_16,19,17
,,
ROI_16,20,30
,,
ROI_16,21,40
,,
ROI_16,22,27
,,
ROI_16,23,13
,,
ROI_16,24,21
,,
ROI_16,25,26
,,
ROI_16,26,27
,,
ROI_16,27,22
,,
ROI_16,28,22
,,
ROI_16,29,24
,,
ROI_16,30,24
,,
ROI_16,31,22
,,
ROI_16,32,20
,,
ROI_16,33,20
,,
ROI_16,34,26
,,
ROI_16,35,18
,,
ROI_16,36,23
,,
ROI_16,37,22
,,
ROI_16,38,20
,,
ROI_16,39,25
,,
ROI_16,40,19
,,
ROI_16,41,16
,,
ROI_16,42,18
,,
ROI_16,43,16
,,
ROI_16,44,21
,,
ROI_16,45,18
,,
ROI_16,46,14
,,
ROI_16,47,13
,,
ROI_16,48,11
,,
ROI_16,49,16
,,
ROI_16,50,18
,,
ROI_16,51,6
,,
ROI_16,52,10
,,
ROI_16,53,8
,,
ROI_16,54,12
,,
ROI_16,55,9
,,
ROI_16,56,10
,,
ROI_16,57,7
,,
ROI_16,58,6
,,
ROI_16,59,10
,,
ROI_16,60,10
,,
ROI_16,61,6
,,
ROI_16,62,16
,,
ROI_16,63,8
,,
ROI_16,64,9
,,
ROI_16,65,11
,,
ROI_16,66,6
,,
ROI_16,67,7
,,
ROI_16,68,9
,,
ROI_16,69,12
,,
ROI_16,70,6
,,
ROI_16,71,8
,,
ROI_16,72,4
,,
ROI_16,73,5
,,
ROI_16,74,4
,,
ROI_16,75,7
,,
ROI_16,76,7
,,
ROI_16,77,3
,,
ROI_16,78,3
,,
ROI_16,79,10
,,
ROI_16,80,8
,,
ROI_16,81,2
,,
ROI_16,82,8
,,
ROI_16,83,1
,,
ROI_16,84,4
,,
ROI_16,85,1
,,
ROI_16,86,8
,,
ROI_16,87,2
,,
ROI_16,88,5
,,
ROI_16,89,5
,,
ROI_16,90,5
,,
ROI_16,91,7
,,
ROI_16,92,4
,,
ROI_16,93,5
,,
ROI_16,94,6
,,
ROI_16,95,2
,,
ROI_16,96,4
,,
ROI_16,97,3
,,
ROI_16,98,1
,,
ROI_16,99,4
,,
ROI_16,100,3
,,
ROI_16,101,3
,,
ROI_16,102,3
,,
ROI_16,103,3
,,
ROI_16,104,2
,,
ROI_16,105,3
,,
ROI_16,106,4
,,
ROI_16,107,4
,,
ROI_16,108,5
,,
ROI_16,109,3
,,
ROI_16,110,5
,,
ROI_16,111,2
,,
ROI_16,112,2
,,
ROI_16,113,4
,,
ROI_16,114,3
,,
ROI_16,115,6
,,
ROI_16,116,3
,,
ROI_16,117,7
,,
ROI_16,118,9
,,
ROI_16,119,3
,,
ROI_16,120,2
,,
ROI_16,121,2
,,
ROI_16,122,3
,,
ROI_16,123,5
,,
ROI_16,124,2
,,
ROI_16,125,3
,,
ROI_16,126,6
,,
ROI_16,127,3
,,
ROI_16,128,2
,,
ROI_16,129,2
,,
ROI_16,130,2
,,
ROI_16,131,3
,,
ROI_16,132,3
,,
ROI_16,133,0
,,
ROI_16,134,1
,,
ROI_16,135,4
,,
ROI_16,136,1
,,
ROI_16,137,0
,,
ROI_16,138,2
,,
ROI_16,139,1
,,
ROI_16,140,0
,,
ROI_16,141,3
,,
ROI_16,142,1
,,
ROI_16,143,3
,,
ROI_16,144,4
,,
ROI_16,145,1
,,
ROI_16,146,2
,,
ROI_16,147,1
,,
ROI_16,148,1
,,
ROI_16,149,1
,,
ROI_16,150,2
,,
ROI_16,151,2
,,
ROI_16,152,0
,,
ROI_16,153,4
,,
ROI_16,154,2
,,
ROI_16,155,3
,,
ROI_16,156,1
,,
ROI_16,157,2
,,
ROI_16,158,1
,,
ROI_16,159,1
,,
ROI_16,160,3
,,
ROI_16,161,5
,,
ROI_16,162,1
,,
ROI_16,163,2
,,
ROI_16,164,1
,,
ROI_16,165,1
,,
ROI_16,166,2
,,
ROI_16,167,1
,,
ROI_16,168,0
,,
ROI_16,169,1
,,
ROI_16,170,0
,,
ROI_16,171,1
,,
ROI_16,172,0
,,
ROI_16,173,1
,,
ROI_16,174,2
,,
ROI_16,175,3
,,
ROI_16,176,1
,,
ROI_16,177,0
,,
ROI_16,178,0
,,
ROI_16,179,2
,,
ROI_16,180,1
,,
ROI_16,181,3
,,
ROI_16,182,1
,,
ROI_16,183,2
,,
ROI_16,184,2
,,
ROI_16,185,2
,,
ROI_16,186,3
,,
ROI_16,187,3
,,
ROI_16,188,1
,,
ROI_16,189,3
,,
ROI_16,190,0
,,
ROI_16,191,0
,,
ROI_16,192,0
,,
ROI_16,193,2
,,
ROI_16,194,3
,,
ROI_16,195,2
,,
ROI_16,196,0
,,
ROI_16,197,1
,,
ROI_16,198,0
,,
ROI_16,199,1
,,
ROI_16,200,2
,,
ROI_16,201,1
,,
ROI_16,202,1
,,
ROI_16,203,0
,,
ROI_16,204,2
,,
ROI_16,205,1
,,
ROI_16,206,0
,,
ROI_16,207,0
,,
ROI_16,208,0
,,
ROI_16,209,0
,,
ROI_16,210,2
,,
ROI_16,211,2
,,
ROI_16,212,0
,,
ROI_16,213,1
,,
ROI_16,214,0
,,
ROI_16,215,0
,,
ROI_16,216,0
,,
ROI_16,217,2
,,
ROI_16,218,0
,,
ROI_16,219,0
,,
ROI_16,220,1
,,
ROI_16,221,1
,,
ROI_16,222,3
,,
ROI_16,223,1
,,
ROI_16,224,1
,,
ROI_16,225,0
,,
ROI_16,226,0
,,
ROI_16,227,0
,,
ROI_16,228,0
,,
ROI_16,229,3
,,
ROI_16,230,1
,,
ROI_16,231,2
,,
ROI_16,232,2
,,
ROI_16,233,0
,,
ROI_16,234,0
,,
ROI_16,235,0
,,
ROI_16,236,1
,,
ROI_16,237,1
,,
ROI_16,238,2
,,
ROI_16,239,1
,,
ROI_16,240,1
,,
ROI_16,241,0
,,
ROI_16,242,2
,,
ROI_16,243,0
,,
ROI_16,244,0
,,
ROI_16,245,1
,,
ROI_16,246,0
,,
ROI_16,247,0
,,
ROI_16,248,1
,,
ROI_16,249,1
,,
ROI_16,250,1
,,
ROI_16,251,0
,,
ROI_16,252,2
,,
ROI_16,253,1
,,
ROI_16,254,0
,,
ROI_16,255,116
,,
ROI_17,0,4248
,,
ROI_17,1,122
,,
ROI_17,2,100
,,
ROI_17,3,99
,,
ROI_17,4,113
,,
ROI_17,5,81
,,
ROI_17,6,71
,,
ROI_17,7,76
,,
ROI_17,8,72
,,
ROI_17,9,83
,,
ROI_17,10,54
,,
ROI_17,11,56
,,
ROI_17,12,50
,,
ROI_17,13,56
,,
ROI_17,14,52
,,
ROI_17,15,39
,,
ROI_17,16,45
,,
ROI_17,17,37
,,
ROI_17,18,51
,,
ROI_17,19,40
,,
ROI_17,20,38
,,
ROI_17,21,33
,,
ROI_17,22,31
,,
ROI_17,23,42
,,
ROI_17,24,31
,,
ROI_17,25,31
,,
ROI_17,26,24
,,
ROI_17,27,24
,,
ROI_17,28,25
,,
ROI_17,29,32
,,
ROI_17,30,20
,,
ROI_17,31,25
,,
ROI_17,32,17
,,
ROI_17,33,36
,,
ROI_17,34,19
,,
ROI_17,35,33
,,
ROI_17,36,20
,,
ROI_17,37,15
,,
ROI_17,38,18
,,
ROI_17,39,20
,,
ROI_17,40,23
,,
ROI_17,41,10
,,
ROI_17,42,16
,,
ROI_17,43,18
,,
ROI_17,44,22
,,
ROI_17,45,16
,,
ROI_17,46,23
,,
ROI_17,47,12
,,
ROI_17,48,20
,,
ROI_17,49,16
,,
ROI_17,50,23
,,
ROI_17,51,20
,,
ROI_17,52,17
,,
ROI_17,53,14
,,
ROI_17,54,21
,,
ROI_17,55,14
,,
ROI_17,56,11
,,
ROI_17,57,8
,,
ROI_17,58,13
,,
ROI_17,59,9
,,
ROI_17,60,14
,,
ROI_17,61,11
,,
ROI_17,62,11
,,
ROI_17,63,11
,,
ROI_17,64,15
,,
ROI_17,65,6
,,
ROI_17,66,5
,,
ROI_17,67,7
,,
ROI_17,68,9
,,
ROI_17,69,14
,,
ROI_17,70,9
,,
ROI_17,71,9
,,
ROI_17,72,14
,,
ROI_17,73,8
,,
ROI_17,74,10
,,
ROI_17,75,15
,,
ROI_17,76,7
,,
ROI_17,77,12
,,
ROI_17,78,12
,,
ROI_17,79,10
,,
ROI_17,80,5
,,
ROI_17,81,7
,,
ROI_17,82,6
,,
ROI_17,83,8
,,
ROI_17,84,12
,,
ROI_17,85,9
,,
ROI_17,86,13
,,
ROI_17,87,7
,,
ROI_17,88,12
,,
ROI_17,89,6
,,
ROI_17,90,8
,,
ROI_17,91,5
,,
ROI_17,92,11
,,
ROI_17,93,13
,,
ROI_17,94,7
,,
ROI_17,95,8
,,
ROI_17,96,8
,,
ROI_17,97,3
,,
ROI_17,98,12
,,
ROI_17,99,7
,,
ROI_17,100,8
,,
ROI_17,101,3
,,
ROI_17,102,10
,,
ROI_17,103,8
,,
ROI_17,104,9
,,
ROI_17,105,7
,,
ROI_17,106,5
,,
ROI_17,107,11
,,
ROI_17,108,4
,,
ROI_17,109,5
,,
ROI_17,110,3
,,
ROI_17,111,5
,,
ROI_17,112,7
,,
ROI_17,113,3
,,
ROI_17,114,6
,,
ROI_17,115,6
,,
ROI_17,116,7
,,
ROI_17,117,3
,,
ROI_17,118,10
,,
ROI_17,119,17
,,
ROI_17,120,7
,,
ROI_17,121,7
,,
ROI_17,122,2
,,
ROI_17,123,8
,,
ROI_17,124,7
,,
ROI_17,125,5
,,
ROI_17,126,2
,,
ROI_17,127,6
,,
ROI_17,128,6
,,
ROI_17,129,10
,,
ROI_17,130,4
,,
ROI_17,131,3
,,
ROI_17,132,3
,,
ROI_17,133,5
,,
ROI_17,134,4
,,
ROI_17,135,8
,,
ROI_17,136,9
,,
ROI_17,137,8
,,
ROI_17,138,4
,,
ROI_17,139,7
,,
ROI_17,140,5
,,
ROI_17,141,2
,,
ROI_17,142,6
,,
ROI_17,143,5
,,
ROI_17,144,4
,,
ROI_17,145,3
,,
ROI_17,146,4
,,
ROI_17,147,3
,,
ROI_17,148,4
,,
ROI_17,149,6
,,
ROI_17,150,4
,,
ROI_17,151,6
,,
ROI_17,152,4
,,
ROI_17,153,8
,,
ROI_17,154,5
,,
ROI_17,155,9
,,
ROI_17,156,4
,,
ROI_17,157,3
,,
ROI_17,158,4
,,
ROI_17,159,3
,,
ROI_17,160,3
,,
ROI_17,161,2
,,
ROI_17,162,3
,,
ROI_17,163,1
,,
ROI_17,164,4
,,
ROI_17,165,3
,,
ROI_17,166,5
,,
ROI_17,167,5
,,
ROI_17,168,5
,,
ROI_17,169,5
,,
ROI_17,170,5
,,
ROI_17,171,2
,,
ROI_17,172,4
,,
ROI_17,173,3
,,
ROI_17,174,2
,,
ROI_17,175,3
,,
ROI_17,176,6
,,
ROI_17,177,3
,,
ROI_17,178,1
,,
ROI_17,179,4
,,
ROI_17,180,7
,,
ROI_17,181,4
,,
ROI_17,182,6
,,
ROI_17,183,4
,,
ROI_17,184,5
,,
ROI_17,185,7
,,
ROI_17,186,6
,,
ROI_17,187,1
,,
ROI_17,188,7
,,
ROI_17,189,4
,,
ROI_17,190,7
,,
ROI_17,191,3
,,
ROI_17,192,0
,,
ROI_17,193,2
,,
ROI_17,194,2
,,
ROI_17,195,6
,,
ROI_17,196,3
,,
ROI_17,197,4
,,
ROI_17,198,3
,,
ROI_17,199,1
,,
ROI_17,200,1
,,
ROI_17,201,4
,,
ROI_17,202,0
,,
ROI_17,203,2
,,
ROI_17,204,1
,,
ROI_17,205,2
,,
ROI_17,206,4
,,
ROI_17,207,2
,,
ROI_17,208,4
,,
ROI_17,209,3
,,
ROI_17,210,0
,,
ROI_17,211,4
,,
ROI_17,212,3
,,
ROI_17,213,4
,,
ROI_17,214,2
,,
ROI_17,215,5
,,
ROI_17,216,3
,,
ROI_17,217,2
,,
ROI_17,218,3
,,
ROI_17,219,1
,,
ROI_17,220,1
,,
ROI_17,221,3
,,
ROI_17,222,2
,,
ROI_17,223,2
,,
ROI_17,224,1
,,
ROI_17,225,2
,,
ROI_17,226,3
,,
ROI_17,227,0
,,
ROI_17,228,0
,,
ROI_17,229,3
,,
ROI_17,230,1
,,
ROI_17,231,2
,,
ROI_17,232,3
,,
ROI_17,233,0
,,
ROI_17,234,5
,,
ROI_17,235,4
,,
ROI_17,236,1
,,
ROI_17,237,0
,,
ROI_17,238,3
,,
ROI_17,239,3
,,
ROI_17,240,0
,,
ROI_17,241,0
,,
ROI_17,242,4
,,
ROI_17,243,2
,,
ROI_17,244,1
,,
ROI_17,245,4
,,
ROI_17,246,3
,,
ROI_17,247,0
,,
ROI_17,248,2
,,
ROI_17,249,2
,,
ROI_17,250,2
,,
ROI_17,251,2
,,
ROI_17,252,1
,,
ROI_17,253,0
,,
ROI_17,254,2
,,
ROI_17,255,292
,,
ROI_18,0,18595
,,
ROI_18,1,844
,,
ROI_18,2,661
,,
ROI_18,3,714
,,
ROI_18,4,661
,,
ROI_18,5,613
,,
ROI_18,6,524
,,
ROI_18,7,526
,,
ROI_18,8,488
,,
ROI_18,9,522
,,
ROI_18,10,479
,,
ROI_18,11,395
,,
ROI_18,12,419
,,
ROI_18,13,442
,,
ROI_18,14,426
,,
ROI_18,15,342
,,
ROI_18,16,382
,,
ROI_18,17,332
,,
ROI_18,18,325
,,
ROI_18,19,312
,,
ROI_18,20,312
,,
ROI_18,21,289
,,
ROI_18,22,310
,,
ROI_18,23,279
,,
ROI_18,24,265
,,
ROI_18,25,260
,,
ROI_18,26,236
,,
ROI_18,27,238
,,
ROI_18,28,181
,,
ROI_18,29,218
,,
ROI_18,30,192
,,
ROI_18,31,192
,,
ROI_18,32,177
,,
ROI_18,33,186
,,
ROI_18,34,205
,,
ROI_18,35,177
,,
ROI_18,36,133
,,
ROI_18,37,168
,,
ROI_18,38,165
,,
ROI_18,39,140
,,
ROI_18,40,159
,,
ROI_18,41,124
,,
ROI_18,42,141
,,
ROI_18,43,132
,,
ROI_18,44,143
,,
ROI_18,45,142
,,
ROI_18,46,118
,,
ROI_18,47,130
,,
ROI_18,48,141
,,
ROI_18,49,117
,,
ROI_18,50,119
,,
ROI_18,51,116
,,
ROI_18,52,110
,,
ROI_18,53,111
,,
ROI_18,54,111
,,
ROI_18,55,109
,,
ROI_18,56,106
,,
ROI_18,57,108
,,
ROI_18,58,77
,,
ROI_18,59,101
,,
ROI_18,60,93
,,
ROI_18,61,103
,,
ROI_18,62,104
,,
ROI_18,63,100
,,
ROI_18,64,88
,,
ROI_18,65,83
,,
ROI_18,66,72
,,
ROI_18,67,83
,,
ROI_18,68,85
,,
ROI_18,69,84
,,
ROI_18,70,79
,,
ROI_18,71,81
,,
ROI_18,72,81
,,
ROI_18,73,81
,,
ROI_18,74,76
,,
ROI_18,75,68
,,
ROI_18,76,83
,,
ROI_18,77,85
,,
ROI_18,78,82
,,
ROI_18,79,52
,,
ROI_18,80,78
,,
ROI_18,81,85
,,
ROI_18,82,66
,,
ROI_18,83,61
,,
ROI_18,84,67
,,
ROI_18,85,56
,,
ROI_18,86,58
,,
ROI_18,87,52
,,
ROI_18,88,62
,,
ROI_18,89,53
,,
ROI_18,90,71
,,
ROI_18,91,66
,,
ROI_18,92,69
,,
ROI_18,93,49
,,
ROI_18,94,54
,,
ROI_18,95,51
,,
ROI_18,96,47
,,
ROI_18,97,49
,,
ROI_18,98,53
,,
ROI_18,99,35
,,
ROI_18,100,42
,,
ROI_18,101,44
,,
ROI_18,102,52
,,
ROI_18,103,48
,,
ROI_18,104,42
,,
ROI_18,105,45
,,
ROI_18,106,36
,,
ROI_18,107,51
,,
ROI_18,108,42
,,
ROI_18,109,29
,,
ROI_18,110,34
,,
ROI_18,111,44
,,
ROI_18,112,51
,,
ROI_18,113,46
,,
ROI_18,114,43
,,
ROI_18,115,29
,,
ROI_18,116,51
,,
ROI_18,117,44
,,
ROI_18,118,41
,,
ROI_18,119,34
,,
ROI_18,120,33
,,
ROI_18,121,36
,,
ROI_18,122,38
,,
ROI_18,123,45
,,
ROI_18,124,35
,,
ROI_18,125,28
,,
ROI_18,126,31
,,
ROI_18,127,36
,,
ROI_18,128,26
,,
ROI_18,129,26
,,
ROI_18,130,24
,,
ROI_18,131,33
,,
ROI_18,132,17
,,
ROI_18,133,29
,,
ROI_18,134,28
,,
ROI_18,135,30
,,
ROI_18,136,31
,,
ROI_18,137,29
,,
ROI_18,138,37
,,
ROI_18,139,20
,,
ROI_18,140,22
,,
ROI_18,141,23
,,
ROI_18,142,25
,,
ROI_18,143,24
,,
ROI_18,144,32
,,
ROI_18,145,20
,,
ROI_18,146,26
,,
ROI_18,147,21
,,
ROI_18,148,24
,,
ROI_18,149,21
,,
ROI_18,150,19
,,
ROI_18,151,20
,,
ROI_18,152,25
,,
ROI_18,153,24
,,
ROI_18,154,20
,,
ROI_18,155,22
,,
ROI_18,156,21
,,
ROI_18,157,22
,,
ROI_18,158,20
,,
ROI_18,159,28
,,
ROI_18,160,22
,,
ROI_18,161,23
,,
ROI_18,162,18
,,
ROI_18,163,24
,,
ROI_18,164,15
,,
ROI_18,165,16
,,
ROI_18,166,18
,,
ROI_18,167,16
,,
ROI_18,168,15
,,
ROI_18,169,12
,,
ROI_18,170,20
,,
ROI_18,171,15
,,
ROI_18,172,19
,,
ROI_18,173,20
,,
ROI_18,174,22
,,
ROI_18,175,13
,,
ROI_18,176,19
,,
ROI_18,177,17
,,
ROI_18,178,10
,,
ROI_18,179,20
,,
ROI_18,180,14
,,
ROI_18,181,15
,,
ROI_18,182,21
,,
ROI_18,183,24
,,
ROI_18,184,21
,,
ROI_18,185,26
,,
ROI_18,186,25
,,
ROI_18,187,14
,,
ROI_18,188,19
,,
ROI_18,189,19
,,
ROI_18,190,19
,,
ROI_18,191,24
,,
ROI_18,192,11
,,
ROI_18,193,11
,,
ROI_18,194,11
,,
ROI_18,195,25
,,
ROI_18,196,12
,,
ROI_18,197,13
,,
ROI_18,198,7
,,
ROI_18,199,12
,,
ROI_18,200,16
,,
ROI_18,201,13
,,
ROI_18,202,11
,,
ROI_18,203,10
,,
ROI_18,204,13
,,
ROI_18,205,18
,,
ROI_18,206,10
,,
ROI_18,207,10
,,
ROI_18,208,14
,,
ROI_18,209,15
,,
ROI_18,210,10
,,
ROI_18,211,12
,,
ROI_18,212,11
,,
ROI_18,213,14
,,
ROI_18,214,8
,,
ROI_18,215,9
,,
ROI_18,216,11
,,
ROI_18,217,7
,,
ROI_18,218,12
,,
ROI_18,219,6
,,
ROI_18,220,7
,,
ROI_18,221,8
,,
ROI_18,222,10
,,
ROI_18,223,8
,,
ROI_18,224,12
,,
ROI_18,225,8
,,
ROI_18,226,6
,,
ROI_18,227,10
,,
ROI_18,228,5
,,
ROI_18,229,11
,,
ROI_18,230,10
,,
ROI_18,231,9
,,
ROI_18,232,10
,,
ROI_18,233,5
,,
ROI_18,234,6
,,
ROI_18,235,3
,,
ROI_18,236,6
,,
ROI_18,237,5
,,
ROI_18,238,4
,,
ROI_18,239,7
,,
ROI_18,240,3
,,
ROI_18,241,5
,,
ROI_18,242,6
,,
ROI_18,243,9
,,
ROI_18,244,6
,,
ROI_18,245,5
,,
ROI_18,246,5
,,
ROI_18,247,8
,,
ROI_18,248,1
,,
ROI_18,249,6
,,
ROI_18,250,6
,,
ROI_18,251,6
,,
ROI_18,252,7
,,
ROI_18,253,5
,,
ROI_18,254,5
,,
ROI_18,255,394
,,
ROI_19,0,903
,,
ROI_19,1,20
,,
ROI_19,2,21
,,
ROI_19,3,23
,,
ROI_19,4,24
,,
ROI_19,5,27
,,
ROI_19,6,17
,,
ROI_19,7,13
,,
ROI_19,8,21
,,
ROI_19,9,16
,,
ROI_19,10,10
,,
ROI_19,11,25
,,
ROI_19,12,9
,,
ROI_19,13,12
,,
ROI_19,14,16
,,
ROI_19,15,17
,,
ROI_19,16,11
,,
ROI_19,17,18
,,
ROI_19,18,4
,,
ROI_19,19,6
,,
ROI_19,20,7
,,
ROI_19,21,10
,,
ROI_19,22,16
,,
ROI_19,23,7
,,
ROI_19,24,11
,,
ROI_19,25,10
,,
ROI_19,26,7
,,
ROI_19,27,5
,,
ROI_19,28,5
,,
ROI_19,29,10
,,
ROI_19,30,7
,,
ROI_19,31,13
,,
ROI_19,32,5
,,
ROI_19,33,6
,,
ROI_19,34,4
,,
ROI_19,35,4
,,
ROI_19,36,5
,,
ROI_19,37,8
,,
ROI_19,38,8
,,
ROI_19,39,4
,,
ROI_19,40,4
,,
ROI_19,41,7
,,
ROI_19,42,4
,,
ROI_19,43,3
,,
ROI_19,44,8
,,
ROI_19,45,4
,,
ROI_19,46,7
,,
ROI_19,47,4
,,
ROI_19,48,7
,,
ROI_19,49,4
,,
ROI_19,50,5
,,
ROI_19,51,3
,,
ROI_19,52,6
,,
ROI_19,53,1
,,
ROI_19,54,7
,,
ROI_19,55,4
,,
ROI_19,56,1
,,
ROI_19,57,1
,,
ROI_19,58,3
,,
ROI_19,59,6
,,
ROI_19,60,5
,,
ROI_19,61,4
,,
ROI_19,62,4
,,
ROI_19,63,3
,,
ROI_19,64,1
,,
ROI_19,65,0
,,
ROI_19,66,3
,,
ROI_19,67,6
,,
ROI_19,68,2
,,
ROI_19,69,9
,,
ROI_19,70,6
,,
ROI_19,71,1
,,
ROI_19,72,4
,,
ROI_19,73,3
,,
ROI_19,74,2
,,
ROI_19,75,4
,,
ROI_19,76,3
,,
ROI_19,77,6
,,
ROI_19,78,7
,,
ROI_19,79,5
,,
ROI_19,80,4
,,
ROI_19,81,4
,,
ROI_19,82,3
,,
ROI_19,83,7
,,
ROI_19,84,4
,,
ROI_19,85,3
,,
ROI_19,86,1
,,
ROI_19,87,3
,,
ROI_19,88,2
,,
ROI_19,89,5
,,
ROI_19,90,2
,,
ROI_19,91,0
,,
ROI_19,92,0
,,
ROI_19,93,1
,,
ROI_19,94,3
,,
ROI_19,95,5
,,
ROI_19,96,5
,,
ROI_19,97,0
,,
ROI_19,98,5
,,
ROI_19,99,3
,,
ROI_19,100,2
,,
ROI_19,101,7
,,
ROI_19,102,2
,,
ROI_19,103,2
,,
ROI_19,104,1
,,
ROI_19,105,2
,,
ROI_19,106,3
,,
ROI_19,107,2
,,
ROI_19,108,6
,,
ROI_19,109,2
,,
ROI_19,110,1
,,
ROI_19,111,4
,,
ROI_19,112,2
,,
ROI_19,113,5
,,
ROI_19,114,1
,,
ROI_19,115,2
,,
ROI_19,116,3
,,
ROI_19,117,1
,,
ROI_19,118,2
,,
ROI_19,119,0
,,
ROI_19,120,1
,,
ROI_19,121,0
,,
ROI_19,122,4
,,
ROI_19,123,5
,,
ROI_19,124,2
,,
ROI_19,125,3
,,
ROI_19,126,3
,,
ROI_19,127,1
,,
ROI_19,128,1
,,
ROI_19,129,3
,,
ROI_19,130,1
,,
ROI_19,131,4
,,
ROI_19,132,1
,,
ROI_19,133,1
,,
ROI_19,134,1
,,
ROI_19,135,1
,,
ROI_19,136,1
,,
ROI_19,137,4
,,
ROI_19,138,1
,,
ROI_19,139,2
,,
ROI_19,140,0
,,
ROI_19,141,0
,,
ROI_19,142,4
,,
ROI_19,143,2
,,
ROI_19,144,2
,,
ROI_19,145,3
,,
ROI_19,146,2
,,
ROI_19,147,1
,,
ROI_19,148,0
,,
ROI_19,149,1
,,
ROI_19,150,3
,,
ROI_19,151,1
,,
ROI_19,152,1
,,
ROI_19,153,0
,,
ROI_19,154,1
,,
ROI_19,155,1
,,
ROI_19,156,1
,,
ROI_19,157,0
,,
ROI_19,158,1
,,
ROI_19,159,1
,,
ROI_19,160,2
,,
ROI_19,161,2
,,
ROI_19,162,2
,,
ROI_19,163,1
,,
ROI_19,164,4
,,
ROI_19,165,1
,,
ROI_19,166,0
,,
ROI_19,167,1
,,
ROI_19,168,3
,,
ROI_19,169,2
,,
ROI_19,170,1
,,
ROI_19,171,2
,,
ROI_19,172,1
,,
ROI_19,173,1
,,
ROI_19,174,2
,,
ROI_19,175,1
,,
ROI_19,176,0
,,
ROI_19,177,4
,,
ROI_19,178,0
,,
ROI_19,179,1
,,
ROI_19,180,2
,,
ROI_19,181,1
,,
ROI_19,182,1
,,
ROI_19,183,0
,,
ROI_19,184,7
,,
ROI_19,185,3
,,
ROI_19,186,2
,,
ROI_19,187,0
,,
ROI_19,188,1
,,
ROI_19,189,0
,,
ROI_19,190,1
,,
ROI_19,191,0
,,
ROI_19,192,2
,,
ROI_19,193,1
,,
ROI_19,194,0
,,
ROI_19,195,1
,,
ROI_19,196,1
,,
ROI_19,197,1
,,
ROI_19,198,0
,,
ROI_19,199,1
,,
ROI_19,200,2
,,
ROI_19,201,0
,,
ROI_19,202,1
,,
ROI_19,203,0
,,
ROI_19,204,1
,,
ROI_19,205,0
,,
ROI_19,206,1
,,
ROI_19,207,1
,,
ROI_19,208,0
,,
ROI_19,209,2
,,
ROI_19,210,0
,,
ROI_19,211,1
,,
ROI_19,212,1
,,
ROI_19,213,2
,,
ROI_19,214,1
,,
ROI_19,215,2
,,
ROI_19,216,0
,,
ROI_19,217,0
,,
ROI_19,218,0
,,
ROI_19,219,0
,,
ROI_19,220,2
,,
ROI_19,221,0
,,
ROI_19,222,0
,,
ROI_19,223,1
,,
ROI_19,224,0
,,
ROI_19,225,0
,,
ROI_19,226,0
,,
ROI_19,227,0
,,
ROI_19,228,3
,,
ROI_19,229,0
,,
ROI_19,230,0
,,
ROI_19,231,3
,,
ROI_19,232,1
,,
ROI_19,233,0
,,
ROI_19,234,0
,,
ROI_19,235,1
,,
ROI_19,236,2
,,
ROI_19,237,0
,,
ROI_19,238,2
,,
ROI_19,239,2
,,
ROI_19,240,3
,,
ROI_19,241,2
,,
ROI_19,242,0
,,
ROI_19,243,0
,,
ROI_19,244,0
,,
ROI_19,245,0
,,
ROI_19,246,3
,,
ROI_19,247,0
,,
ROI_19,248,0
,,
ROI_19,249,2
,,
ROI_19,250,0
,,
ROI_19,251,1
,,
ROI_19,252,0
,,
ROI_19,253,1
,,
ROI_19,254,0
,,
ROI_19,255,103
,,
ROI_20,0,1833
,,
ROI_20,1,48
,,
ROI_20,2,34
,,
ROI_20,3,28
,,
ROI_20,4,23
,,
ROI_20,5,27
,,
ROI_20,6,19
,,
ROI_20,7,23
,,
ROI_20,8,15
,,
ROI_20,9,18
,,
ROI_20,10,10
,,
ROI_20,11,13
,,
ROI_20,12,16
,,
ROI_20,13,10
,,
ROI_20,14,13
,,
ROI_20,15,10
,,
ROI_20,16,11
,,
ROI_20,17,9
,,
ROI_20,18,8
,,
ROI_20,19,9
,,
ROI_20,20,10
,,
ROI_20,21,5
,,
ROI_20,22,7
,,
ROI_20,23,7
,,
ROI_20,24,7
,,
ROI_20,25,4
,,
ROI_20,26,7
,,
ROI_20,27,5
,,
ROI_20,28,6
,,
ROI_20,29,7
,,
ROI_20,30,4
,,
ROI_20,31,3
,,
ROI_20,32,1
,,
ROI_20,33,5
,,
ROI_20,34,2
,,
ROI_20,35,4
,,
ROI_20,36,3
,,
ROI_20,37,6
,,
ROI_20,38,3
,,
ROI_20,39,7
,,
ROI_20,40,6
,,
ROI_20,41,4
,,
ROI_20,42,3
,,
ROI_20,43,4
,,
ROI_20,44,3
,,
ROI_20,45,2
,,
ROI_20,46,4
,,
ROI_20,47,4
,,
ROI_20,48,3
,,
ROI_20,49,4
,,
ROI_20,50,2
,,
ROI_20,51,6
,,
ROI_20,52,4
,,
ROI_20,53,4
,,
ROI_20,54,4
,,
ROI_20,55,3
,,
ROI_20,56,5
,,
ROI_20,57,3
,,
ROI_20,58,1
,,
ROI_20,59,4
,,
ROI_20,60,4
,,
ROI_20,61,2
,,
ROI_20,62,1
,,
ROI_20,63,2
,,
ROI_20,64,5
,,
ROI_20,65,2
,,
ROI_20,66,1
,,
ROI_20,67,4
,,
ROI_20,68,2
,,
ROI_20,69,6
,,
ROI_20,70,7
,,
ROI_20,71,6
,,
ROI_20,72,1
,,
ROI_20,73,2
,,
ROI_20,74,3
,,
ROI_20,75,0
,,
ROI_20,76,1
,,
ROI_20,77,2
,,
ROI_20,78,1
,,
ROI_20,79,3
,,
ROI_20,80,3
,,
ROI_20,81,3
,,
ROI_20,82,3
,,
ROI_20,83,4
,,
ROI_20,84,3
,,
ROI_20,85,3
,,
ROI_20,86,2
,,
ROI_20,87,1
,,
ROI_20,88,1
,,
ROI_20,89,0
,,
ROI_20,90,2
,,
ROI_20,91,4
,,
ROI_20,92,2
,,
ROI_20,93,1
,,
ROI_20,94,1
,,
ROI_20,95,2
,,
ROI_20,96,1
,,
ROI_20,97,1
,,
ROI_20,98,2
,,
ROI_20,99,2
,,
ROI_20,100,5
,,
ROI_20,101,1
,,
ROI_20,102,4
,,
ROI_20,103,5
,,
ROI_20,104,6
,,
ROI_20,105,4
,,
ROI_20,106,1
,,
ROI_20,107,2
,,
ROI_20,108,3
,,
ROI_20,109,0
,,
ROI_20,110,1
,,
ROI_20,111,0
,,
ROI_20,112,2
,,
ROI_20,113,0
,,
ROI_20,114,3
,,
ROI_20,115,1
,,
ROI_20,116,3
,,
ROI_20,117,3
,,
ROI_20,118,1
,,
ROI_20,119,2
,,
ROI_20,120,2
,,
ROI_20,121,2
,,
ROI_20,122,2
,,
ROI_20,123,1
,,
ROI_20,124,2
,,
ROI_20,125,3
,,
ROI_20,126,3
,,
ROI_20,127,2
,,
ROI_20,128,1
,,
ROI_20,129,4
,,
ROI_20,130,2
,,
ROI_20,131,2
,,
ROI_20,132,1
,,
ROI_20,133,2
,,
ROI_20,134,2
,,
ROI_20,135,0
,,
ROI_20,136,0
,,
ROI_20,137,0
,,
ROI_20,138,6
,,
ROI_20,139,0
,,
ROI_20,140,4
,,
ROI_20,141,2
,,
ROI_20,142,2
,,
ROI_20,143,1
,,
ROI_20,144,3
,,
ROI_20,145,0
,,
ROI_20,146,3
,,
ROI_20,147,0
,,
ROI_20,148,2
,,
ROI_20,149,0
,,
ROI_20,150,1
,,
ROI_20,151,4
,,
ROI_20,152,2
,,
ROI_20,153,1
,,
ROI_20,154,2
,,
ROI_20,155,2
,,
ROI_20,156,4
,,
ROI_20,157,0
,,
ROI_20,158,1
,,
ROI_20,159,2
,,
ROI_20,160,4
,,
ROI_20,161,1
,,
ROI_20,162,1
,,
ROI_20,163,2
,,
ROI_20,164,1
,,
ROI_20,165,2
,,
ROI_20,166,4
,,
ROI_20,167,5
,,
ROI_20,168,1
,,
ROI_20,169,1
,,
ROI_20,170,1
,,
ROI_20,171,2
,,
ROI_20,172,1
,,
ROI_20,173,2
,,
ROI_20,174,1
,,
ROI_20,175,2
,,
ROI_20,176,2
,,
ROI_20,177,1
,,
ROI_20,178,4
,,
ROI_20,179,0
,,
ROI_20,180,1
,,
ROI_20,181,0
,,
ROI_20,182,1
,,
ROI_20,183,1
,,
ROI_20,184,4
,,
ROI_20,185,5
,,
ROI_20,186,5
,,
ROI_20,187,0
,,
ROI_20,188,1
,,
ROI_20,189,3
,,
ROI_20,190,2
,,
ROI_20,191,2
,,
ROI_20,192,1
,,
ROI_20,193,2
,,
ROI_20,194,1
,,
ROI_20,195,3
,,
ROI_20,196,1
,,
ROI_20,197,3
,,
ROI_20,198,3
,,
ROI_20,199,2
,,
ROI_20,200,2
,,
ROI_20,201,2
,,
ROI_20,202,2
,,
ROI_20,203,1
,,
ROI_20,204,2
,,
ROI_20,205,1
,,
ROI_20,206,2
,,
ROI_20,207,1
,,
ROI_20,208,0
,,
ROI_20,209,0
,,
ROI_20,210,1
,,
ROI_20,211,0
,,
ROI_20,212,0
,,
ROI_20,213,0
,,
ROI_20,214,0
,,
ROI_20,215,0
,,
ROI_20,216,0
,,
ROI_20,217,0
,,
ROI_20,218,0
,,
ROI_20,219,3
,,
ROI_20,220,0
,,
ROI_20,221,1
,,
ROI_20,222,0
,,
ROI_20,223,1
,,
ROI_20,224,0
,,
ROI_20,225,1
,,
ROI_20,226,0
,,
ROI_20,227,0
,,
ROI_20,228,1
,,
ROI_20,229,0
,,
ROI_20,230,0
,,
ROI_20,231,0
,,
ROI_20,232,0
,,
ROI_20,233,2
,,
ROI_20,234,0
,,
ROI_20,235,0
,,
ROI_20,236,1
,,
ROI_20,237,2
,,
ROI_20,238,0
,,
ROI_20,239,0
,,
ROI_20,240,1
,,
ROI_20,241,0
,,
ROI_20,242,0
,,
ROI_20,243,1
,,
ROI_20,244,1
,,
ROI_20,245,0
,,
ROI_20,246,0
,,
ROI_20,247,0
,,
ROI_20,248,1
,,
ROI_20,249,1
,,
ROI_20,250,0
,,
ROI_20,251,0
,,
ROI_20,252,0
,,
ROI_20,253,0
,,
ROI_20,254,0
,,
ROI_20,255,58
,,
ROI_21,0,3139
,,
ROI_21,1,73
,,
ROI_21,2,58
,,
ROI_21,3,45
,,
ROI_21,4,54
,,
ROI_21,5,38
,,
ROI_21,6,39
,,
ROI_21,7,41
,,
ROI_21,8,37
,,
ROI_21,9,34
,,
ROI_21,10,34
,,
ROI_21,11,19
,,
ROI_21,12,19
,,
ROI_21,13,35
,,
ROI_21,14,31
,,
ROI_21,15,20
,,
ROI_21,16,22
,,
ROI_21,17,25
,,
ROI_21,18,24
,,
ROI_21,19,19
,,
ROI_21,20,20
,,
ROI_21,21,16
,,
ROI_21,22,15
,,
ROI_21,23,21
,,
ROI_21,24,20
,,
ROI_21,25,20
,,
ROI_21,26,12
,,
ROI_21,27,15
,,
ROI_21,28,18
,,
ROI_21,29,17
,,
ROI_21,30,13
,,
ROI_21,31,14
,,
ROI_21,32,11
,,
ROI_21,33,12
,,
ROI_21,34,13
,,
ROI_21,35,13
,,
ROI_21,36,11
,,
ROI_21,37,10
,,
ROI_21,38,6
,,
ROI_21,39,7
,,
ROI_21,40,7
,,
ROI_21,41,7
,,
ROI_21,42,8
,,
ROI_21,43,11
,,
ROI_21,44,4
,,
ROI_21,45,7
,,
ROI_21,46,14
,,
ROI_21,47,12
,,
ROI_21,48,7
,,
ROI_21,49,13
,,
ROI_21,50,7
,,
ROI_21,51,6
,,
ROI_21,52,8
,,
ROI_21,53,5
,,
ROI_21,54,10
,,
ROI_21,55,5
,,
ROI_21,56,6
,,
ROI_21,57,11
,,
ROI_21,58,5
,,
ROI_21,59,3
,,
ROI_21,60,10
,,
ROI_21,61,5
,,
ROI_21,62,8
,,
ROI_21,63,5
,,
ROI_21,64,7
,,
ROI_21,65,6
,,
ROI_21,66,6
,,
ROI_21,67,7
,,
ROI_21,68,9
,,
ROI_21,69,4
,,
ROI_21,70,2
,,
ROI_21,71,2
,,
ROI_21,72,5
,,
ROI_21,73,4
,,
ROI_21,74,2
,,
ROI_21,75,4
,,
ROI_21,76,6
,,
ROI_21,77,6
,,
ROI_21,78,2
,,
ROI_21,79,7
,,
ROI_21,80,1
,,
ROI_21,81,2
,,
ROI_21,82,6
,,
ROI_21,83,1
,,
ROI_21,84,6
,,
ROI_21,85,2
,,
ROI_21,86,3
,,
ROI_21,87,2
,,
ROI_21,88,2
,,
ROI_21,89,1
,,
ROI_21,90,4
,,
ROI_21,91,2
,,
ROI_21,92,3
,,
ROI_21,93,3
,,
ROI_21,94,2
,,
ROI_21,95,4
,,
ROI_21,96,3
,,
ROI_21,97,4
,,
ROI_21,98,2
,,
ROI_21,99,2
,,
ROI_21,100,2
,,
ROI_21,101,4
,,
ROI_21,102,6
,,
ROI_21,103,2
,,
ROI_21,104,3
,,
ROI_21,105,4
,,
ROI_21,106,4
,,
ROI_21,107,0
,,
ROI_21,108,2
,,
ROI_21,109,2
,,
ROI_21,110,1
,,
ROI_21,111,2
,,
ROI_21,112,1
,,
ROI_21,113,2
,,
ROI_21,114,1
,,
ROI_21,115,0
,,
ROI_21,116,5
,,
ROI_21,117,2
,,
ROI_21,118,2
,,
ROI_21,119,0
,,
ROI_21,120,2
,,
ROI_21,121,0
,,
ROI_21,122,2
,,
ROI_21,123,1
,,
ROI_21,124,0
,,
ROI_21,125,2
,,
ROI_21,126,1
,,
ROI_21,127,2
,,
ROI_21,128,3
,,
ROI_21,129,1
,,
ROI_21,130,0
,,
ROI_21,131,0
,,
ROI_21,132,2
,,
ROI_21,133,1
,,
ROI_21,134,0
,,
ROI_21,135,0
,,
ROI_21,136,1
,,
ROI_21,137,0
,,
ROI_21,138,1
,,
ROI_21,139,0
,,
ROI_21,140,1
,,
ROI_21,141,2
,,
ROI_21,142,0
,,
ROI_21,143,2
,,
ROI_21,144,1
,,
ROI_21,145,1
,,
ROI_21,146,0
,,
ROI_21,147,2
,,
ROI_21,148,1
,,
ROI_21,149,0
,,
ROI_21,150,1
,,
ROI_21,151,0
,,
ROI_21,152,0
,,
ROI_21,153,0
,,
ROI_21,154,1
,,
ROI_21,155,1
,,
ROI_21,156,0
,,
ROI_21,157,1
,,
ROI_21,158,0
,,
ROI_21,159,0
,,
ROI_21,160,1
,,
ROI_21,161,1
,,
ROI_21,162,0
,,
ROI_21,163,2
,,
ROI_21,164,0
,,
ROI_21,165,0
,,
ROI_21,166,0
,,
ROI_21,167,0
,,
ROI_21,168,1
,,
ROI_21,169,0
,,
ROI_21,170,1
,,
ROI_21,171,2
,,
ROI_21,172,1
,,
ROI_21,173,0
,,
ROI_21,174,1
,,
ROI_21,175,0
,,
ROI_21,176,1
,,
ROI_21,177,0
,,
ROI_21,178,2
,,
ROI_21,179,0
,,
ROI_21,180,0
,,
ROI_21,181,1
,,
ROI_21,182,1
,,
ROI_21,183,0
,,
ROI_21,184,0
,,
ROI_21,185,0
,,
ROI_21,186,1
,,
ROI_21,187,0
,,
ROI_21,188,0
,,
ROI_21,189,1
,,
ROI_21,190,0
,,
ROI_21,191,0
,,
ROI_21,192,0
,,
ROI_21,193,0
,,
ROI_21,194,0
,,
ROI_21,195,1
,,
ROI_21,196,0
,,
ROI_21,197,0
,,
ROI_21,198,0
,,
ROI_21,199,0
,,
ROI_21,200,0
,,
ROI_21,201,0
,,
ROI_21,202,2
,,
ROI_21,203,1
,,
ROI_21,204,0
,,
ROI_21,205,1
,,
ROI_21,206,2
,,
ROI_21,207,0
,,
ROI_21,208,1
,,
ROI_21,209,0
,,
ROI_21,210,1
,,
ROI_21,211,0
,,
ROI_21,212,2
,,
ROI_21,213,0
,,
ROI_21,214,0
,,
ROI_21,215,0
,,
ROI_21,216,0
,,
ROI_21,217,1
,,
ROI_21,218,0
,,
ROI_21,219,0
,,
ROI_21,220,1
,,
ROI_21,221,0
,,
ROI_21,222,1
,,
ROI_21,223,0
,,
ROI_21,224,0
,,
ROI_21,225,0
,,
ROI_21,226,0
,,
ROI_21,227,0
,,
ROI_21,228,0
,,
ROI_21,229,0
,,
ROI_21,230,0
,,
ROI_21,231,0
,,
ROI_21,232,0
,,
ROI_21,233,0
,,
ROI_21,234,0
,,
ROI_21,235,0
,,
ROI_21,236,1
,,
ROI_21,237,1
,,
ROI_21,238,0
,,
ROI_21,239,0
,,
ROI_21,240,0
,,
ROI_21,241,0
,,
ROI_21,242,0
,,
ROI_21,243,0
,,
ROI_21,244,0
,,
ROI_21,245,0
,,
ROI_21,246,0
,,
ROI_21,247,0
,,
ROI_21,248,0
,,
ROI_21,249,0
,,
ROI_21,250,0
,,
ROI_21,251,0
,,
ROI_21,252,0
,,
ROI_21,253,0
,,
ROI_21,254,0
,,
ROI_21,255,3
,,
ROI_22,0,13197
,,
ROI_22,1,780
,,
ROI_22,2,599
,,
ROI_22,3,711
,,
ROI_22,4,515
,,
ROI_22,5,525
,,
ROI_22,6,434
,,
ROI_22,7,467
,,
ROI_22,8,386
,,
ROI_22,9,392
,,
ROI_22,10,377
,,
ROI_22,11,301
,,
ROI_22,12,330
,,
ROI_22,13,306
,,
ROI_22,14,282
,,
ROI_22,15,247
,,
ROI_22,16,324
,,
ROI_22,17,234
,,
ROI_22,18,263
,,
ROI_22,19,225
,,
ROI_22,20,226
,,
ROI_22,21,213
,,
ROI_22,22,205
,,
ROI_22,23,214
,,
ROI_22,24,208
,,
ROI_22,25,203
,,
ROI_22,26,217
,,
ROI_22,27,220
,,
ROI_22,28,175
,,
ROI_22,29,199
,,
ROI_22,30,172
,,
ROI_22,31,181
,,
ROI_22,32,175
,,
ROI_22,33,173
,,
ROI_22,34,156
,,
ROI_22,35,159
,,
ROI_22,36,133
,,
ROI_22,37,136
,,
ROI_22,38,149
,,
ROI_22,39,123
,,
ROI_22,40,142
,,
ROI_22,41,140
,,
ROI_22,42,131
,,
ROI_22,43,128
,,
ROI_22,44,116
,,
ROI_22,45,96
,,
ROI_22,46,120
,,
ROI_22,47,103
,,
ROI_22,48,111
,,
ROI_22,49,103
,,
ROI_22,50,98
,,
ROI_22,51,113
,,
ROI_22,52,101
,,
ROI_22,53,84
,,
ROI_22,54,115
,,
ROI_22,55,99
,,
ROI_22,56,93
,,
ROI_22,57,81
,,
ROI_22,58,98
,,
ROI_22,59,76
,,
ROI_22,60,89
,,
ROI_22,61,90
,,
ROI_22,62,66
,,
ROI_22,63,80
,,
ROI_22,64,73
,,
ROI_22,65,81
,,
ROI_22,66,84
,,
ROI_22,67,76
,,
ROI_22,68,74
,,
ROI_22,69,80
,,
ROI_22,70,61
,,
ROI_22,71,67
,,
ROI_22,72,58
,,
ROI_22,73,57
,,
ROI_22,74,63
,,
ROI_22,75,47
,,
ROI_22,76,65
,,
ROI_22,77,58
,,
ROI_22,78,62
,,
ROI_22,79,54
,,
ROI_22,80,44
,,
ROI_22,81,64
,,
ROI_22,82,57
,,
ROI_22,83,61
,,
ROI_22,84,56
,,
ROI_22,85,58
,,
ROI_22,86,56
,,
ROI_22,87,40
,,
ROI_22,88,52
,,
ROI_22,89,46
,,
ROI_22,90,47
,,
ROI_22,91,54
,,
ROI_22,92,38
,,
ROI_22,93,44
,,
ROI_22,94,54
,,
ROI_22,95,47
,,
ROI_22,96,36
,,
ROI_22,97,31
,,
ROI_22,98,34
,,
ROI_22,99,47
,,
ROI_22,100,48
,,
ROI_22,101,47
,,
ROI_22,102,45
,,
ROI_22,103,42
,,
ROI_22,104,38
,,
ROI_22,105,29
,,
ROI_22,106,32
,,
ROI_22,107,37
,,
ROI_22,108,41
,,
ROI_22,109,28
,,
ROI_22,110,38
,,
ROI_22,111,31
,,
ROI_22,112,38
,,
ROI_22,113,37
,,
ROI_22,114,36
,,
ROI_22,115,29
,,
ROI_22,116,40
,,
ROI_22,117,27
,,
ROI_22,118,37
,,
ROI_22,119,26
,,
ROI_22,120,34
,,
ROI_22,121,19
,,
ROI_22,122,24
,,
ROI_22,123,28
,,
ROI_22,124,22
,,
ROI_22,125,35
,,
ROI_22,126,21
,,
ROI_22,127,31
,,
ROI_22,128,30
,,
ROI_22,129,22
,,
ROI_22,130,25
,,
ROI_22,131,24
,,
ROI_22,132,28
,,
ROI_22,133,21
,,
ROI_22,134,21
,,
ROI_22,135,22
,,
ROI_22,136,25
,,
ROI_22,137,16
,,
ROI_22,138,20
,,
ROI_22,139,21
,,
ROI_22,140,26
,,
ROI_22,141,27
,,
ROI_22,142,25
,,
ROI_22,143,22
,,
ROI_22,144,21
,,
ROI_22,145,23
,,
ROI_22,146,27
,,
ROI_22,147,26
,,
ROI_22,148,15
,,
ROI_22,149,14
,,
ROI_22,150,32
,,
ROI_22,151,19
,,
ROI_22,152,23
,,
ROI_22,153,20
,,
ROI_22,154,30
,,
ROI_22,155,16
,,
ROI_22,156,15
,,
ROI_22,157,19
,,
ROI_22,158,21
,,
ROI_22,159,17
,,
ROI_22,160,11
,,
ROI_22,161,22
,,
ROI_22,162,15
,,
ROI_22,163,26
,,
ROI_22,164,22
,,
ROI_22,165,13
,,
ROI_22,166,28
,,
ROI_22,167,21
,,
ROI_22,168,21
,,
ROI_22,169,17
,,
ROI_22,170,16
,,
ROI_22,171,14
,,
ROI_22,172,18
,,
ROI_22,173,12
,,
ROI_22,174,17
,,
ROI_22,175,19
,,
ROI_22,176,8
,,
ROI_22,177,16
,,
ROI_22,178,22
,,
ROI_22,179,18
,,
ROI_22,180,17
,,
ROI_22,181,14
,,
ROI_22,182,17
,,
ROI_22,183,29
,,
ROI_22,184,10
,,
ROI_22,185,19
,,
ROI_22,186,11
,,
ROI_22,187,18
,,
ROI_22,188,22
,,
ROI_22,189,14
,,
ROI_22,190,15
,,
ROI_22,191,22
,,
ROI_22,192,10
,,
ROI_22,193,15
,,
ROI_22,194,15
,,
ROI_22,195,19
,,
ROI_22,196,17
,,
ROI_22,197,7
,,
ROI_22,198,13
,,
ROI_22,199,8
,,
ROI_22,200,12
,,
ROI_22,201,5
,,
ROI_22,202,9
,,
ROI_22,203,16
,,
ROI_22,204,6
,,
ROI_22,205,9
,,
ROI_22,206,10
,,
ROI_22,207,8
,,
ROI_22,208,12
,,
ROI_22,209,15
,,
ROI_22,210,9
,,
ROI_22,211,11
,,
ROI_22,212,16
,,
ROI_22,213,13
,,
ROI_22,214,3
,,
ROI_22,215,9
,,
ROI_22,216,9
,,
ROI_22,217,14
,,
ROI_22,218,8
,,
ROI_22,219,11
,,
ROI_22,220,7
,,
ROI_22,221,4
,,
ROI_22,222,14
,,
ROI_22,223,9
,,
ROI_22,224,4
,,
ROI_22,225,2
,,
ROI_22,226,7
,,
ROI_22,227,5
,,
ROI_22,228,4
,,
ROI_22,229,15
,,
ROI_22,230,10
,,
ROI_22,231,8
,,
ROI_22,232,11
,,
ROI_22,233,5
,,
ROI_22,234,13
,,
ROI_22,235,10
,,
ROI_22,236,8
,,
ROI_22,237,5
,,
ROI_22,238,8
,,
ROI_22,239,6
,,
ROI_22,240,5
,,
ROI_22,241,2
,,
ROI_22,242,9
,,
ROI_22,243,6
,,
ROI_22,244,9
,,
ROI_22,245,6
,,
ROI_22,246,11
,,
ROI_22,247,6
,,
ROI_22,248,11
,,
ROI_22,249,9
,,
ROI_22,250,4
,,
ROI_22,251,9
,,
ROI_22,252,5
,,
ROI_22,253,9
,,
ROI_22,254,6
,,
ROI_22,255,356
,,
ROI_23,0,1444
,,
ROI_23,1,96
,,
ROI_23,2,62
,,
ROI_23,3,76
,,
ROI_23,4,44
,,
ROI_23,5,49
,,
ROI_23,6,42
,,
ROI_23,7,31
,,
ROI_23,8,46
,,
ROI_23,9,33
,,
ROI_23,10,34
,,
ROI_23,11,27
,,
ROI_23,12,23
,,
ROI_23,13,22
,,
ROI_23,14,23
,,
ROI_23,15,17
,,
ROI_23,16,23
,,
ROI_23,17,17
,,
ROI_23,18,20
,,
ROI_23,19,17
,,
ROI_23,20,15
,,
ROI_23,21,14
,,
ROI_23,22,17
,,
ROI_23,23,13
,,
ROI_23,24,17
,,
ROI_23,25,15
,,
ROI_23,26,6
,,
ROI_23,27,12
,,
ROI_23,28,15
,,
ROI_23,29,12
,,
ROI_23,30,10
,,
ROI_23,31,24
,,
ROI_23,32,15
,,
ROI_23,33,18
,,
ROI_23,34,11
,,
ROI_23,35,12
,,
ROI_23,36,10
,,
ROI_23,37,9
,,
ROI_23,38,10
,,
ROI_23,39,10
,,
ROI_23,40,10
,,
ROI_23,41,11
,,
ROI_23,42,16
,,
ROI_23,43,11
,,
ROI_23,44,10
,,
ROI_23,45,12
,,
ROI_23,46,10
,,
ROI_23,47,10
,,
ROI_23,48,17
,,
ROI_23,49,6
,,
ROI_23,50,12
,,
ROI_23,51,11
,,
ROI_23,52,13
,,
ROI_23,53,8
,,
ROI_23,54,3
,,
ROI_23,55,8
,,
ROI_23,56,8
,,
ROI_23,57,11
,,
ROI_23,58,11
,,
ROI_23,59,7
,,
ROI_23,60,7
,,
ROI_23,61,6
,,
ROI_23,62,4
,,
ROI_23,63,13
,,
ROI_23,64,6
,,
ROI_23,65,5
,,
ROI_23,66,6
,,
ROI_23,67,9
,,
ROI_23,68,8
,,
ROI_23,69,13
,,
ROI_23,70,6
,,
ROI_23,71,6
,,
ROI_23,72,1
,,
ROI_23,73,15
,,
ROI_23,74,8
,,
ROI_23,75,9
,,
ROI_23,76,10
,,
ROI_23,77,9
,,
ROI_23,78,8
,,
ROI_23,79,12
,,
ROI_23,80,9
,,
ROI_23,81,10
,,
ROI_23,82,18
,,
ROI_23,83,6
,,
ROI_23,84,8
,,
ROI_23,85,11
,,
ROI_23,86,7
,,
ROI_23,87,10
,,
ROI_23,88,10
,,
ROI_23,89,6
,,
ROI_23,90,8
,,
ROI_23,91,7
,,
ROI_23,92,10
,,
ROI_23,93,8
,,
ROI_23,94,8
,,
ROI_23,95,7
,,
ROI_23,96,8
,,
ROI_23,97,9
,,
ROI_23,98,7
,,
ROI_23,99,10
,,
ROI_23,100,1
,,
ROI_23,101,7
,,
ROI_23,102,6
,,
ROI_23,103,4
,,
ROI_23,104,8
,,
ROI_23,105,3
,,
ROI_23,106,4
,,
ROI_23,107,6
,,
ROI_23,108,8
,,
ROI_23,109,4
,,
ROI_23,110,10
,,
ROI_23,111,3
,,
ROI_23,112,4
,,
ROI_23,113,4
,,
ROI_23,114,3
,,
ROI_23,115,5
,,
ROI_23,116,6
,,
ROI_23,117,2
,,
ROI_23,118,4
,,
ROI_23,119,6
,,
ROI_23,120,3
,,
ROI_23,121,4
,,
ROI_23,122,4
,,
ROI_23,123,3
,,
ROI_23,124,4
,,
ROI_23,125,4
,,
ROI_23,126,2
,,
ROI_23,127,3
,,
ROI_23,128,5
,,
ROI_23,129,1
,,
ROI_23,130,5
,,
ROI_23,131,3
,,
ROI_23,132,2
,,
ROI_23,133,2
,,
ROI_23,134,5
,,
ROI_23,135,3
,,
ROI_23,136,3
,,
ROI_23,137,4
,,
ROI_23,138,1
,,
ROI_23,139,5
,,
ROI_23,140,4
,,
ROI_23,141,0
,,
ROI_23,142,6
,,
ROI_23,143,3
,,
ROI_23,144,4
,,
ROI_23,145,5
,,
ROI_23,146,2
,,
ROI_23,147,1
,,
ROI_23,148,1
,,
ROI_23,149,5
,,
ROI_23,150,2
,,
ROI_23,151,4
,,
ROI_23,152,4
,,
ROI_23,153,2
,,
ROI_23,154,3
,,
ROI_23,155,1
,,
ROI_23,156,3
,,
ROI_23,157,0
,,
ROI_23,158,3
,,
ROI_23,159,2
,,
ROI_23,160,3
,,
ROI_23,161,1
,,
ROI_23,162,1
,,
ROI_23,163,4
,,
ROI_23,164,1
,,
ROI_23,165,5
,,
ROI_23,166,2
,,
ROI_23,167,1
,,
ROI_23,168,2
,,
ROI_23,169,2
,,
ROI_23,170,1
,,
ROI_23,171,1
,,
ROI_23,172,3
,,
ROI_23,173,5
,,
ROI_23,174,1
,,
ROI_23,175,0
,,
ROI_23,176,2
,,
ROI_23,177,3
,,
ROI_23,178,1
,,
ROI_23,179,4
,,
ROI_23,180,2
,,
ROI_23,181,2
,,
ROI_23,182,7
,,
ROI_23,183,2
,,
ROI_23,184,4
,,
ROI_23,185,2
,,
ROI_23,186,4
,,
ROI_23,187,2
,,
ROI_23,188,4
,,
ROI_23,189,2
,,
ROI_23,190,3
,,
ROI_23,191,3
,,
ROI_23,192,1
,,
ROI_23,193,3
,,
ROI_23,194,3
,,
ROI_23,195,1
,,
ROI_23,196,0
,,
ROI_23,197,1
,,
ROI_23,198,3
,,
ROI_23,199,0
,,
ROI_23,200,3
,,
ROI_23,201,2
,,
ROI_23,202,2
,,
ROI_23,203,2
,,
ROI_23,204,2
,,
ROI_23,205,2
,,
ROI_23,206,2
,,
ROI_23,207,1
,,
ROI_23,208,0
,,
ROI_23,209,0
,,
ROI_23,210,4
,,
ROI_23,211,2
,,
ROI_23,212,0
,,
ROI_23,213,2
,,
ROI_23,214,0
,,
ROI_23,215,1
,,
ROI_23,216,3
,,
ROI_23,217,0
,,
ROI_23,218,2
,,
ROI_23,219,1
,,
ROI_23,220,1
,,
ROI_23,221,1
,,
ROI_23,222,1
,,
ROI_23,223,2
,,
ROI_23,224,1
,,
ROI_23,225,2
,,
ROI_23,226,1
,,
ROI_23,227,4
,,
ROI_23,228,0
,,
ROI_23,229,3
,,
ROI_23,230,3
,,
ROI_23,231,2
,,
ROI_23,232,2
,,
ROI_23,233,0
,,
ROI_23,234,0
,,
ROI_23,235,4
,,
ROI_23,236,0
,,
ROI_23,237,0
,,
ROI_23,238,1
,,
ROI_23,239,1
,,
ROI_23,240,0
,,
ROI_23,241,2
,,
ROI_23,242,1
,,
ROI_23,243,2
,,
ROI_23,244,2
,,
ROI_23,245,0
,,
ROI_23,246,0
,,
ROI_23,247,1
,,
ROI_23,248,1
,,
ROI_23,249,0
,,
ROI_23,250,1
,,
ROI_23,251,2
,,
ROI_23,252,2
,,
ROI_23,253,1
,,
ROI_23,254,3
,,
ROI_23,255,103
,,
ROI_24,0,3799
,,
ROI_24,1,131
,,
ROI_24,2,97
,,
ROI_24,3,118
,,
ROI_24,4,64
,,
ROI_24,5,67
,,
ROI_24,6,56
,,
ROI_24,7,59
,,
ROI_24,8,55
,,
ROI_24,9,50
,,
ROI_24,10,54
,,
ROI_24,11,28
,,
ROI_24,12,45
,,
ROI_24,13,50
,,
ROI_24,14,48
,,
ROI_24,15,36
,,
ROI_24,16,47
,,
ROI_24,17,37
,,
ROI_24,18,35
,,
ROI_24,19,27
,,
ROI_24,20,27
,,
ROI_24,21,29
,,
ROI_24,22,30
,,
ROI_24,23,28
,,
ROI_24,24,24
,,
ROI_24,25,22
,,
ROI_24,26,19
,,
ROI_24,27,19
,,
ROI_24,28,26
,,
ROI_24,29,15
,,
ROI_24,30,14
,,
ROI_24,31,15
,,
ROI_24,32,16
,,
ROI_24,33,22
,,
ROI_24,34,10
,,
ROI_24,35,12
,,
ROI_24,36,14
,,
ROI_24,37,16
,,
ROI_24,38,16
,,
ROI_24,39,14
,,
ROI_24,40,13
,,
ROI_24,41,10
,,
ROI_24,42,8
,,
ROI_24,43,12
,,
ROI_24,44,15
,,
ROI_24,45,7
,,
ROI_24,46,8
,,
ROI_24,47,10
,,
ROI_24,48,11
,,
ROI_24,49,10
,,
ROI_24,50,12
,,
ROI_24,51,14
,,
ROI_24,52,11
,,
ROI_24,53,11
,,
ROI_24,54,12
,,
ROI_24,55,4
,,
ROI_24,56,6
,,
ROI_24,57,6
,,
ROI_24,58,10
,,
ROI_24,59,9
,,
ROI_24,60,8
,,
ROI_24,61,7
,,
ROI_24,62,7
,,
ROI_24,63,5
,,
ROI_24,64,5
,,
ROI_24,65,5
,,
ROI_24,66,4
,,
ROI_24,67,8
,,
ROI_24,68,8
,,
ROI_24,69,5
,,
ROI_24,70,11
,,
ROI_24,71,5
,,
ROI_24,72,5
,,
ROI_24,73,5
,,
ROI_24,74,5
,,
ROI_24,75,4
,,
ROI_24,76,6
,,
ROI_24,77,6
,,
ROI_24,78,5
,,
ROI_24,79,9
,,
ROI_24,80,9
,,
ROI_24,81,1
,,
ROI_24,82,4
,,
ROI_24,83,8
,,
ROI_24,84,7
,,
ROI_24,85,5
,,
ROI_24,86,3
,,
ROI_24,87,5
,,
ROI_24,88,5
,,
ROI_24,89,6
,,
ROI_24,90,6
,,
ROI_24,91,6
,,
ROI_24,92,3
,,
ROI_24,93,5
,,
ROI_24,94,1
,,
ROI_24,95,3
,,
ROI_24,96,6
,,
ROI_24,97,4
,,
ROI_24,98,3
,,
ROI_24,99,2
,,
ROI_24,100,1
,,
ROI_24,101,1
,,
ROI_24,102,4
,,
ROI_24,103,3
,,
ROI_24,104,2
,,
ROI_24,105,0
,,
ROI_24,106,4
,,
ROI_24,107,3
,,
ROI_24,108,2
,,
ROI_24,109,2
,,
ROI_24,110,1
,,
ROI_24,111,2
,,
ROI_24,112,2
,,
ROI_24,113,1
,,
ROI_24,114,1
,,
ROI_24,115,4
,,
ROI_24,116,5
,,
ROI_24,117,1
,,
ROI_24,118,1
,,
ROI_24,119,5
,,
ROI_24,120,3
,,
ROI_24,121,1
,,
ROI_24,122,0
,,
ROI_24,123,4
,,
ROI_24,124,0
,,
ROI_24,125,1
,,
ROI_24,126,2
,,
ROI_24,127,0
,,
ROI_24,128,3
,,
ROI_24,129,1
,,
ROI_24,130,2
,,
ROI_24,131,2
,,
ROI_24,132,3
,,
ROI_24,133,2
,,
ROI_24,134,3
,,
ROI_24,135,3
,,
ROI_24,136,0
,,
ROI_24,137,2
,,
ROI_24,138,1
,,
ROI_24,139,1
,,
ROI_24,140,0
,,
ROI_24,141,0
,,
ROI_24,142,1
,,
ROI_24,143,2
,,
ROI_24,144,2
,,
ROI_24,145,4
,,
ROI_24,146,2
,,
ROI_24,147,1
,,
ROI_24,148,2
,,
ROI_24,149,0
,,
ROI_24,150,1
,,
ROI_24,151,2
,,
ROI_24,152,1
,,
ROI_24,153,1
,,
ROI_24,154,0
,,
ROI_24,155,3
,,
ROI_24,156,2
,,
ROI_24,157,0
,,
ROI_24,158,2
,,
ROI_24,159,0
,,
ROI_24,160,0
,,
ROI_24,161,0
,,
ROI_24,162,0
,,
ROI_24,163,0
,,
ROI_24,164,0
,,
ROI_24,165,1
,,
ROI_24,166,2
,,
ROI_24,167,1
,,
ROI_24,168,1
,,
ROI_24,169,0
,,
ROI_24,170,2
,,
ROI_24,171,3
,,
ROI_24,172,0
,,
ROI_24,173,0
,,
ROI_24,174,3
,,
ROI_24,175,1
,,
ROI_24,176,1
,,
ROI_24,177,1
,,
ROI_24,178,1
,,
ROI_24,179,0
,,
ROI_24,180,2
,,
ROI_24,181,3
,,
ROI_24,182,1
,,
ROI_24,183,0
,,
ROI_24,184,1
,,
ROI_24,185,1
,,
ROI_24,186,1
,,
ROI_24,187,0
,,
ROI_24,188,0
,,
ROI_24,189,0
,,
ROI_24,190,1
,,
ROI_24,191,1
,,
ROI_24,192,0
,,
ROI_24,193,1
,,
ROI_24,194,0
,,
ROI_24,195,0
,,
ROI_24,196,0
,,
ROI_24,197,1
,,
ROI_24,198,0
,,
ROI_24,199,2
,,
ROI_24,200,0
,,
ROI_24,201,0
,,
ROI_24,202,0
,,
ROI_24,203,0
,,
ROI_24,204,1
,,
ROI_24,205,0
,,
ROI_24,206,1
,,
ROI_24,207,0
,,
ROI_24,208,0
,,
ROI_24,209,0
,,
ROI_24,210,1
,,
ROI_24,211,0
,,
ROI_24,212,0
,,
ROI_24,213,0
,,
ROI_24,214,1
,,
ROI_24,215,0
,,
ROI_24,216,0
,,
ROI_24,217,0
,,
ROI_24,218,0
,,
ROI_24,219,0
,,
ROI_24,220,0
,,
ROI_24,221,0
,,
ROI_24,222,0
,,
ROI_24,223,0
,,
ROI_24,224,0
,,
ROI_24,225,1
,,
ROI_24,226,0
,,
ROI_24,227,1
,,
ROI_24,228,0
,,
ROI_24,229,0
,,
ROI_24,230,0
,,
ROI_24,231,0
,,
ROI_24,232,0
,,
ROI_24,233,1
,,
ROI_24,234,1
,,
ROI_24,235,0
,,
ROI_24,236,0
,,
ROI_24,237,0
,,
ROI_24,238,0
,,
ROI_24,239,0
,,
ROI_24,240,1
,,
ROI_24,241,1
,,
ROI_24,242,1
,,
ROI_24,243,0
,,
ROI_24,244,0
,,
ROI_24,245,0
,,
ROI_24,246,0
,,
ROI_24,247,0
,,
ROI_24,248,0
,,
ROI_24,249,0
,,
ROI_24,250,0
,,
ROI_24,251,0
,,
ROI_24,252,0
,,
ROI_24,253,0
,,
ROI_24,254,0
,,
ROI_24,255,28
,,
ROI_25,0,5865
,,
ROI_25,1,143
,,
ROI_25,2,161
,,
ROI_25,3,115
,,
ROI_25,4,117
,,
ROI_25,5,124
,,
ROI_25,6,96
,,
ROI_25,7,91
,,
ROI_25,8,85
,,
ROI_25,9,87
,,
ROI_25,10,65
,,
ROI_25,11,57
,,
ROI_25,12,73
,,
ROI_25,13,64
,,
ROI_25,14,59
,,
ROI_25,15,53
,,
ROI_25,16,46
,,
ROI_25,17,56
,,
ROI_25,18,36
,,
ROI_25,19,37
,,
ROI_25,20,31
,,
ROI_25,21,36
,,
ROI_25,22,29
,,
ROI_25,23,17
,,
ROI_25,24,36
,,
ROI_25,25,33
,,
ROI_25,26,31
,,
ROI_25,27,23
,,
ROI_25,28,19
,,
ROI_25,29,30
,,
ROI_25,30,23
,,
ROI_25,31,17
,,
ROI_25,32,23
,,
ROI_25,33,30
,,
ROI_25,34,18
,,
ROI_25,35,22
,,
ROI_25,36,18
,,
ROI_25,37,23
,,
ROI_25,38,20
,,
ROI_25,39,21
,,
ROI_25,40,14
,,
ROI_25,41,13
,,
ROI_25,42,17
,,
ROI_25,43,16
,,
ROI_25,44,25
,,
ROI_25,45,15
,,
ROI_25,46,13
,,
ROI_25,47,6
,,
ROI_25,48,10
,,
ROI_25,49,13
,,
ROI_25,50,11
,,
ROI_25,51,17
,,
ROI_25,52,14
,,
ROI_25,53,21
,,
ROI_25,54,18
,,
ROI_25,55,18
,,
ROI_25,56,15
,,
ROI_25,57,8
,,
ROI_25,58,18
,,
ROI_25,59,9
,,
ROI_25,60,11
,,
ROI_25,61,12
,,
ROI_25,62,10
,,
ROI_25,63,14
,,
ROI_25,64,10
,,
ROI_25,65,12
,,
ROI_25,66,13
,,
ROI_25,67,16
,,
ROI_25,68,8
,,
ROI_25,69,12
,,
ROI_25,70,9
,,
ROI_25,71,9
,,
ROI_25,72,10
,,
ROI_25,73,8
,,
ROI_25,74,11
,,
ROI_25,75,15
,,
ROI_25,76,10
,,
ROI_25,77,13
,,
ROI_25,78,10
,,
ROI_25,79,9
,,
ROI_25,80,7
,,
ROI_25,81,13
,,
ROI_25,82,9
,,
ROI_25,83,11
,,
ROI_25,84,8
,,
ROI_25,85,14
,,
ROI_25,86,7
,,
ROI_25,87,7
,,
ROI_25,88,6
,,
ROI_25,89,8
,,
ROI_25,90,4
,,
ROI_25,91,6
,,
ROI_25,92,4
,,
ROI_25,93,5
,,
ROI_25,94,3
,,
ROI_25,95,9
,,
ROI_25,96,8
,,
ROI_25,97,13
,,
ROI_25,98,7
,,
ROI_25,99,12
,,
ROI_25,100,12
,,
ROI_25,101,11
,,
ROI_25,102,9
,,
ROI_25,103,5
,,
ROI_25,104,8
,,
ROI_25,105,5
,,
ROI_25,106,6
,,
ROI_25,107,8
,,
ROI_25,108,3
,,
ROI_25,109,8
,,
ROI_25,110,6
,,
ROI_25,111,7
,,
ROI_25,112,7
,,
ROI_25,113,7
,,
ROI_25,114,8
,,
ROI_25,115,5
,,
ROI_25,116,6
,,
ROI_25,117,4
,,
ROI_25,118,8
,,
ROI_25,119,7
,,
ROI_25,120,6
,,
ROI_25,121,12
,,
ROI_25,122,4
,,
ROI_25,123,4
,,
ROI_25,124,4
,,
ROI_25,125,4
,,
ROI_25,126,8
,,
ROI_25,127,8
,,
ROI_25,128,10
,,
ROI_25,129,5
,,
ROI_25,130,3
,,
ROI_25,131,5
,,
ROI_25,132,6
,,
ROI_25,133,8
,,
ROI_25,134,7
,,
ROI_25,135,9
,,
ROI_25,136,7
,,
ROI_25,137,8
,,
ROI_25,138,6
,,
ROI_25,139,6
,,
ROI_25,140,7
,,
ROI_25,141,6
,,
ROI_25,142,7
,,
ROI_25,143,4
,,
ROI_25,144,3
,,
ROI_25,145,4
,,
ROI_25,146,3
,,
ROI_25,147,3
,,
ROI_25,148,2
,,
ROI_25,149,7
,,
ROI_25,150,3
,,
ROI_25,151,4
,,
ROI_25,152,1
,,
ROI_25,153,5
,,
ROI_25,154,5
,,
ROI_25,155,4
,,
ROI_25,156,7
,,
ROI_25,157,5
,,
ROI_25,158,3
,,
ROI_25,159,4
,,
ROI_25,160,9
,,
ROI_25,161,4
,,
ROI_25,162,8
,,
ROI_25,163,2
,,
ROI_25,164,4
,,
ROI_25,165,2
,,
ROI_25,166,10
,,
ROI_25,167,3
,,
ROI_25,168,5
,,
ROI_25,169,3
,,
ROI_25,170,7
,,
ROI_25,171,4
,,
ROI_25,172,2
,,
ROI_25,173,5
,,
ROI_25,174,6
,,
ROI_25,175,3
,,
ROI_25,176,2
,,
ROI_25,177,3
,,
ROI_25,178,2
,,
ROI_25,179,6
,,
ROI_25,180,4
,,
ROI_25,181,4
,,
ROI_25,182,3
,,
ROI_25,183,3
,,
ROI_25,184,0
,,
ROI_25,185,5
,,
ROI_25,186,6
,,
ROI_25,187,5
,,
ROI_25,188,6
,,
ROI_25,189,6
,,
ROI_25,190,0
,,
ROI_25,191,2
,,
ROI_25,192,8
,,
ROI_25,193,3
,,
ROI_25,194,2
,,
ROI_25,195,1
,,
ROI_25,196,2
,,
ROI_25,197,2
,,
ROI_25,198,2
,,
ROI_25,199,2
,,
ROI_25,200,0
,,
ROI_25,201,5
,,
ROI_25,202,4
,,
ROI_25,203,0
,,
ROI_25,204,5
,,
ROI_25,205,1
,,
ROI_25,206,0
,,
ROI_25,207,1
,,
ROI_25,208,2
,,
ROI_25,209,1
,,
ROI_25,210,0
,,
ROI_25,211,4
,,
ROI_25,212,5
,,
ROI_25,213,1
,,
ROI_25,214,3
,,
ROI_25,215,4
,,
ROI_25,216,2
,,
ROI_25,217,1
,,
ROI_25,218,3
,,
ROI_25,219,0
,,
ROI_25,220,2
,,
ROI_25,221,0
,,
ROI_25,222,0
,,
ROI_25,223,1
,,
ROI_25,224,1
,,
ROI_25,225,0
,,
ROI_25,226,4
,,
ROI_25,227,2
,,
ROI_25,228,0
,,
ROI_25,229,3
,,
ROI_25,230,2
,,
ROI_25,231,5
,,
ROI_25,232,2
,,
ROI_25,233,0
,,
ROI_25,234,3
,,
ROI_25,235,6
,,
ROI_25,236,1
,,
ROI_25,237,2
,,
ROI_25,238,1
,,
ROI_25,239,0
,,
ROI_25,240,0
,,
ROI_25,241,4
,,
ROI_25,242,1
,,
ROI_25,243,1
,,
ROI_25,244,4
,,
ROI_25,245,0
,,
ROI_25,246,3
,,
ROI_25,247,1
,,
ROI_25,248,3
,,
ROI_25,249,0
,,
ROI_25,250,2
,,
ROI_25,251,5
,,
ROI_25,252,0
,,
ROI_25,253,1
,,
ROI_25,254,2
,,
ROI_25,255,142
,,
ROI_26,0,2682
,,
ROI_26,1,186
,,
ROI_26,2,138
,,
ROI_26,3,110
,,
ROI_26,4,111
,,
ROI_26,5,94
,,
ROI_26,6,93
,,
ROI_26,7,85
,,
ROI_26,8,66
,,
ROI_26,9,48
,,
ROI_26,10,51
,,
ROI_26,11,46
,,
ROI_26,12,45
,,
ROI_26,13,54
,,
ROI_26,14,51
,,
ROI_26,15,46
,,
ROI_26,16,39
,,
ROI_26,17,38
,,
ROI_26,18,36
,,
ROI_26,19,29
,,
ROI_26,20,29
,,
ROI_26,21,36
,,
ROI_26,22,26
,,
ROI_26,23,34
,,
ROI_26,24,29
,,
ROI_26,25,26
,,
ROI_26,26,22
,,
ROI_26,27,24
,,
ROI_26,28,19
,,
ROI_26,29,22
,,
ROI_26,30,28
,,
ROI_26,31,34
,,
ROI_26,32,14
,,
ROI_26,33,18
,,
ROI_26,34,24
,,
ROI_26,35,12
,,
ROI_26,36,26
,,
ROI_26,37,17
,,
ROI_26,38,24
,,
ROI_26,39,21
,,
ROI_26,40,20
,,
ROI_26,41,10
,,
ROI_26,42,16
,,
ROI_26,43,18
,,
ROI_26,44,10
,,
ROI_26,45,13
,,
ROI_26,46,16
,,
ROI_26,47,14
,,
ROI_26,48,16
,,
ROI_26,49,8
,,
ROI_26,50,12
,,
ROI_26,51,15
,,
ROI_26,52,14
,,
ROI_26,53,15
,,
ROI_26,54,20
,,
ROI_26,55,15
,,
ROI_26,56,8
,,
ROI_26,57,8
,,
ROI_26,58,5
,,
ROI_26,59,19
,,
ROI_26,60,7
,,
ROI_26,61,11
,,
ROI_26,62,8
,,
ROI_26,63,13
,,
ROI_26,64,9
,,
ROI_26,65,14
,,
ROI_26,66,12
,,
ROI_26,67,10
,,
ROI_26,68,12
,,
ROI_26,69,20
,,
ROI_26,70,9
,,
ROI_26,71,12
,,
ROI_26,72,7
,,
ROI_26,73,7
,,
ROI_26,74,9
,,
ROI_26,75,5
,,
ROI_26,76,9
,,
ROI_26,77,8
,,
ROI_26,78,5
,,
ROI_26,79,11
,,
ROI_26,80,7
,,
ROI_26,81,5
,,
ROI_26,82,10
,,
ROI_26,83,6
,,
ROI_26,84,11
,,
ROI_26,85,8
,,
ROI_26,86,5
,,
ROI_26,87,7
,,
ROI_26,88,8
,,
ROI_26,89,8
,,
ROI_26,90,3
,,
ROI_26,91,7
,,
ROI_26,92,10
,,
ROI_26,93,4
,,
ROI_26,94,9
,,
ROI_26,95,4
,,
ROI_26,96,8
,,
ROI_26,97,6
,,
ROI_26,98,6
,,
ROI_26,99,5
,,
ROI_26,100,9
,,
ROI_26,101,3
,,
ROI_26,102,9
,,
ROI_26,103,9
,,
ROI_26,104,8
,,
ROI_26,105,13
,,
ROI_26,106,7
,,
ROI_26,107,5
,,
ROI_26,108,9
,,
ROI_26,109,8
,,
ROI_26,110,11
,,
ROI_26,111,6
,,
ROI_26,112,10
,,
ROI_26,113,6
,,
ROI_26,114,4
,,
ROI_26,115,6
,,
ROI_26,116,5
,,
ROI_26,117,7
,,
ROI_26,118,8
,,
ROI_26,119,4
,,
ROI_26,120,6
,,
ROI_26,121,6
,,
ROI_26,122,4
,,
ROI_26,123,5
,,
ROI_26,124,4
,,
ROI_26,125,3
,,
ROI_26,126,10
,,
ROI_26,127,2
,,
ROI_26,128,6
,,
ROI_26,129,5
,,
ROI_26,130,3
,,
ROI_26,131,4
,,
ROI_26,132,2
,,
ROI_26,133,3
,,
ROI_26,134,3
,,
ROI_26,135,3
,,
ROI_26,136,1
,,
ROI_26,137,4
,,
ROI_26,138,3
,,
ROI_26,139,2
,,
ROI_26,140,4
,,
ROI_26,141,4
,,
ROI_26,142,1
,,
ROI_26,143,2
,,
ROI_26,144,5
,,
ROI_26,145,5
,,
ROI_26,146,9
,,
ROI_26,147,2
,,
ROI_26,148,6
,,
ROI_26,149,1
,,
ROI_26,150,3
,,
ROI_26,151,2
,,
ROI_26,152,2
,,
ROI_26,153,2
,,
ROI_26,154,4
,,
ROI_26,155,6
,,
ROI_26,156,2
,,
ROI_26,157,7
,,
ROI_26,158,5
,,
ROI_26,159,5
,,
ROI_26,160,2
,,
ROI_26,161,4
,,
ROI_26,162,6
,,
ROI_26,163,3
,,
ROI_26,164,1
,,
ROI_26,165,0
,,
ROI_26,166,7
,,
ROI_26,167,2
,,
ROI_26,168,4
,,
ROI_26,169,3
,,
ROI_26,170,1
,,
ROI_26,171,2
,,
ROI_26,172,5
,,
ROI_26,173,2
,,
ROI_26,174,4
,,
ROI_26,175,2
,,
ROI_26,176,5
,,
ROI_26,177,1
,,
ROI_26,178,4
,,
ROI_26,179,3
,,
ROI_26,180,1
,,
ROI_26,181,3
,,
ROI_26,182,1
,,
ROI_26,183,3
,,
ROI_26,184,5
,,
ROI_26,185,7
,,
ROI_26,186,4
,,
ROI_26,187,2
,,
ROI_26,188,3
,,
ROI_26,189,1
,,
ROI_26,190,4
,,
ROI_26,191,2
,,
ROI_26,192,4
,,
ROI_26,193,1
,,
ROI_26,194,6
,,
ROI_26,195,2
,,
ROI_26,196,4
,,
ROI_26,197,6
,,
ROI_26,198,1
,,
ROI_26,199,2
,,
ROI_26,200,4
,,
ROI_26,201,1
,,
ROI_26,202,0
,,
ROI_26,203,2
,,
ROI_26,204,0
,,
ROI_26,205,1
,,
ROI_26,206,4
,,
ROI_26,207,0
,,
ROI_26,208,2
,,
ROI_26,209,2
,,
ROI_26,210,3
,,
ROI_26,211,3
,,
ROI_26,212,4
,,
ROI_26,213,1
,,
ROI_26,214,3
,,
ROI_26,215,2
,,
ROI_26,216,2
,,
ROI_26,217,2
,,
ROI_26,218,2
,,
ROI_26,219,1
,,
ROI_26,220,2
,,
ROI_26,221,0
,,
ROI_26,222,2
,,
ROI_26,223,3
,,
ROI_26,224,1
,,
ROI_26,225,3
,,
ROI_26,226,0
,,
ROI_26,227,4
,,
ROI_26,228,1
,,
ROI_26,229,1
,,
ROI_26,230,5
,,
ROI_26,231,1
,,
ROI_26,232,3
,,
ROI_26,233,4
,,
ROI_26,234,1
,,
ROI_26,235,2
,,
ROI_26,236,1
,,
ROI_26,237,4
,,
ROI_26,238,1
,,
ROI_26,239,2
,,
ROI_26,240,5
,,
ROI_26,241,1
,,
ROI_26,242,3
,,
ROI_26,243,3
,,
ROI_26,244,1
,,
ROI_26,245,0
,,
ROI_26,246,5
,,
ROI_26,247,0
,,
ROI_26,248,0
,,
ROI_26,249,3
,,
ROI_26,250,1
,,
ROI_26,251,0
,,
ROI_26,252,0
,,
ROI_26,253,2
,,
ROI_26,254,0
,,
ROI_26,255,294
,,
ROI_27,0,1471
,,
ROI_27,1,53
,,
ROI_27,2,50
,,
ROI_27,3,47
,,
ROI_27,4,40
,,
ROI_27,5,33
,,
ROI_27,6,33
,,
ROI_27,7,34
,,
ROI_27,8,32
,,
ROI_27,9,21
,,
ROI_27,10,20
,,
ROI_27,11,10
,,
ROI_27,12,22
,,
ROI_27,13,18
,,
ROI_27,14,14
,,
ROI_27,15,19
,,
ROI_27,16,16
,,
ROI_27,17,8
,,
ROI_27,18,19
,,
ROI_27,19,14
,,
ROI_27,20,11
,,
ROI_27,21,11
,,
ROI_27,22,12
,,
ROI_27,23,11
,,
ROI_27,24,10
,,
ROI_27,25,13
,,
ROI_27,26,11
,,
ROI_27,27,7
,,
ROI_27,28,9
,,
ROI_27,29,10
,,
ROI_27,30,7
,,
ROI_27,31,10
,,
ROI_27,32,7
,,
ROI_27,33,8
,,
ROI_27,34,7
,,
ROI_27,35,6
,,
ROI_27,36,3
,,
ROI_27,37,3
,,
ROI_27,38,12
,,
ROI_27,39,5
,,
ROI_27,40,9
,,
ROI_27,41,6
,,
ROI_27,42,10
,,
ROI_27,43,5
,,
ROI_27,44,4
,,
ROI_27,45,5
,,
ROI_27,46,6
,,
ROI_27,47,2
,,
ROI_27,48,8
,,
ROI_27,49,8
,,
ROI_27,50,9
,,
ROI_27,51,5
,,
ROI_27,52,2
,,
ROI_27,53,4
,,
ROI_27,54,4
,,
ROI_27,55,5
,,
ROI_27,56,4
,,
ROI_27,57,5
,,
ROI_27,58,3
,,
ROI_27,59,5
,,
ROI_27,60,3
,,
ROI_27,61,7
,,
ROI_27,62,1
,,
ROI_27,63,3
,,
ROI_27,64,6
,,
ROI_27,65,6
,,
ROI_27,66,4
,,
ROI_27,67,6
,,
ROI_27,68,2
,,
ROI_27,69,4
,,
ROI_27,70,5
,,
ROI_27,71,4
,,
ROI_27,72,3
,,
ROI_27,73,2
,,
ROI_27,74,5
,,
ROI_27,75,2
,,
ROI_27,76,6
,,
ROI_27,77,3
,,
ROI_27,78,4
,,
ROI_27,79,1
,,
ROI_27,80,5
,,
ROI_27,81,3
,,
ROI_27,82,3
,,
ROI_27,83,2
,,
ROI_27,84,4
,,
ROI_27,85,1
,,
ROI_27,86,3
,,
ROI_27,87,5
,,
ROI_27,88,3
,,
ROI_27,89,4
,,
ROI_27,90,2
,,
ROI_27,91,0
,,
ROI_27,92,2
,,
ROI_27,93,0
,,
ROI_27,94,1
,,
ROI_27,95,6
,,
ROI_27,96,4
,,
ROI_27,97,1
,,
ROI_27,98,3
,,
ROI_27,99,2
,,
ROI_27,100,2
,,
ROI_27,101,2
,,
ROI_27,102,2
,,
ROI_27,103,2
,,
ROI_27,104,5
,,
ROI_27,105,3
,,
ROI_27,106,1
,,
ROI_27,107,0
,,
ROI_27,108,0
,,
ROI_27,109,1
,,
ROI_27,110,2
,,
ROI_27,111,0
,,
ROI_27,112,2
,,
ROI_27,113,0
,,
ROI_27,114,0
,,
ROI_27,115,0
,,
ROI_27,116,1
,,
ROI_27,117,3
,,
ROI_27,118,1
,,
ROI_27,119,0
,,
ROI_27,120,3
,,
ROI_27,121,1
,,
ROI_27,122,1
,,
ROI_27,123,1
,,
ROI_27,124,4
,,
ROI_27,125,1
,,
ROI_27,126,1
,,
ROI_27,127,2
,,
ROI_27,128,0
,,
ROI_27,129,1
,,
ROI_27,130,1
,,
ROI_27,131,4
,,
ROI_27,132,2
,,
ROI_27,133,1
,,
ROI_27,134,3
,,
ROI_27,135,2
,,
ROI_27,136,0
,,
ROI_27,137,4
,,
ROI_27,138,2
,,
ROI_27,139,1
,,
ROI_27,140,0
,,
ROI_27,141,1
,,
ROI_27,142,1
,,
ROI_27,143,0
,,
ROI_27,144,2
,,
ROI_27,145,0
,,
ROI_27,146,0
,,
ROI_27,147,1
,,
ROI_27,148,0
,,
ROI_27,149,1
,,
ROI_27,150,1
,,
ROI_27,151,2
,,
ROI_27,152,4
,,
ROI_27,153,0
,,
ROI_27,154,1
,,
ROI_27,155,0
,,
ROI_27,156,1
,,
ROI_27,157,0
,,
ROI_27,158,1
,,
ROI_27,159,1
,,
ROI_27,160,4
,,
ROI_27,161,0
,,
ROI_27,162,1
,,
ROI_27,163,1
,,
ROI_27,164,1
,,
ROI_27,165,1
,,
ROI_27,166,3
,,
ROI_27,167,0
,,
ROI_27,168,0
,,
ROI_27,169,0
,,
ROI_27,170,0
,,
ROI_27,171,1
,,
ROI_27,172,0
,,
ROI_27,173,1
,,
ROI_27,174,1
,,
ROI_27,175,0
,,
ROI_27,176,0
,,
ROI_27,177,1
,,
ROI_27,178,1
,,
ROI_27,179,1
,,
ROI_27,180,1
,,
ROI_27,181,2
,,
ROI_27,182,1
,,
ROI_27,183,3
,,
ROI_27,184,3
,,
ROI_27,185,2
,,
ROI_27,186,0
,,
ROI_27,187,3
,,
ROI_27,188,2
,,
ROI_27,189,1
,,
ROI_27,190,0
,,
ROI_27,191,1
,,
ROI_27,192,0
,,
ROI_27,193,1
,,
ROI_27,194,1
,,
ROI_27,195,0
,,
ROI_27,196,0
,,
ROI_27,197,0
,,
ROI_27,198,0
,,
ROI_27,199,1
,,
ROI_27,200,2
,,
ROI_27,201,0
,,
ROI_27,202,0
,,
ROI_27,203,3
,,
ROI_27,204,0
,,
ROI_27,205,0
,,
ROI_27,206,3
,,
ROI_27,207,0
,,
ROI_27,208,2
,,
ROI_27,209,0
,,
ROI_27,210,0
,,
ROI_27,211,0
,,
ROI_27,212,0
,,
ROI_27,213,0
,,
ROI_27,214,1
,,
ROI_27,215,1
,,
ROI_27,216,2
,,
ROI_27,217,0
,,
ROI_27,218,1
,,
ROI_27,219,1
,,
ROI_27,220,0
,,
ROI_27,221,0
,,
ROI_27,222,0
,,
ROI_27,223,2
,,
ROI_27,224,0
,,
ROI_27,225,0
,,
ROI_27,226,1
,,
ROI_27,227,0
,,
ROI_27,228,2
,,
ROI_27,229,0
,,
ROI_27,230,0
,,
ROI_27,231,0
,,
ROI_27,232,0
,,
ROI_27,233,1
,,
ROI_27,234,1
,,
ROI_27,235,2
,,
ROI_27,236,2
,,
ROI_27,237,0
,,
ROI_27,238,0
,,
ROI_27,239,2
,,
ROI_27,240,0
,,
ROI_27,241,2
,,
ROI_27,242,0
,,
ROI_27,243,0
,,
ROI_27,244,2
,,
ROI_27,245,0
,,
ROI_27,246,2
,,
ROI_27,247,0
,,
ROI_27,248,0
,,
ROI_27,249,0
,,
ROI_27,250,0
,,
ROI_27,251,3
,,
ROI_27,252,0
,,
ROI_27,253,0
,,
ROI_27,254,0
,,
ROI_27,255,60
,,
ROI_28,0,2490
,,
ROI_28,1,0
,,
ROI_28,2,0
,,
ROI_28,3,0
,,
ROI_28,4,0
,,
ROI_28,5,0
,,
ROI_28,6,0
,,
ROI_28,7,0
,,
ROI_28,8,0
,,
ROI_28,9,0
,,
ROI_28,10,0
,,
ROI_28,11,0
,,
ROI_28,12,0
,,
ROI_28,13,0
,,
ROI_28,14,0
,,
ROI_28,15,0
,,
ROI_28,16,0
,,
ROI_28,17,0
,,
ROI_28,18,0
,,
ROI_28,19,0
,,
ROI_28,20,0
,,
ROI_28,21,0
,,
ROI_28,22,0
,,
ROI_28,23,0
,,
ROI_28,24,0
,,
ROI_28,25,0
,,
ROI_28,26,0
,,
ROI_28,27,0
,,
ROI_28,28,0
,,
ROI_28,29,0
,,
ROI_28,30,0
,,
ROI_28,31,0
,,
ROI_28,32,0
,,
ROI_28,33,0
,,
ROI_28,34,0
,,
ROI_28,35,0
,,
ROI_28,36,0
,,
ROI_28,37,0
,,
ROI_28,38,0
,,
ROI_28,39,0
,,
ROI_28,40,0
,,
ROI_28,41,0
,,
ROI_28,42,0
,,
ROI_28,43,0
,,
ROI_28,44,0
,,
ROI_28,45,0
,,
ROI_28,46,0
,,
ROI_28,47,0
,,
ROI_28,48,0
,,
ROI_28,49,0
,,
ROI_28,50,0
,,
ROI_28,51,0
,,
ROI_28,52,0
,,
ROI_28,53,0
,,
ROI_28,54,0
,,
ROI_28,55,0
,,
ROI_28,56,0
,,
ROI_28,57,0
,,
ROI_28,58,0
,,
ROI_28,59,0
,,
ROI_28,60,0
,,
ROI_28,61,0
,,
ROI_28,62,0
,,
ROI_28,63,0
,,
ROI_28,64,0
,,
ROI_28,65,0
,,
ROI_28,66,0
,,
ROI_28,67,0
,,
ROI_28,68,0
,,
ROI_28,69,0
,,
ROI_28,70,0
,,
ROI_28,71,0
,,
ROI_28,72,0
,,
ROI_28,73,0
,,
ROI_28,74,0
,,
ROI_28,75,0
,,
ROI_28,76,0
,,
ROI_28,77,0
,,
ROI_28,78,0
,,
ROI_28,79,0
,,
ROI_28,80,0
,,
ROI_28,81,0
,,
ROI_28,82,0
,,
ROI_28,83,0
,,
ROI_28,84,0
,,
ROI_28,85,0
,,
ROI_28,86,0
,,
ROI_28,87,0
,,
ROI_28,88,0
,,
ROI_28,89,0
,,
ROI_28,90,0
,,
ROI_28,91,0
,,
ROI_28,92,0
,,
ROI_28,93,0
,,
ROI_28,94,0
,,
ROI_28,95,0
,,
ROI_28,96,0
,,
ROI_28,97,0
,,
ROI_28,98,0
,,
ROI_28,99,0
,,
ROI_28,100,0
,,
ROI_28,101,0
,,
ROI_28,102,0
,,
ROI_28,103,0
,,
ROI_28,104,0
,,
ROI_28,105,0
,,
ROI_28,106,0
,,
ROI_28,107,0
,,
ROI_28,108,0
,,
ROI_28,109,0
,,
ROI_28,110,0
,,
ROI_28,111,0
,,
ROI_28,112,0
,,
ROI_28,113,0
,,
ROI_28,114,0
,,
ROI_28,115,0
,,
ROI_28,116,0
,,
ROI_28,117,0
,,
ROI_28,118,0
,,
ROI_28,119,0
,,
ROI_28,120,0
,,
ROI_28,121,0
,,
ROI_28,122,0
,,
ROI_28,123,0
,,
ROI_28,124,0
,,
ROI_28,125,0
,,
ROI_28,126,0
,,
ROI_28,127,0
,,
ROI_28,128,0
,,
ROI_28,129,0
,,
ROI_28,130,0
,,
ROI_28,131,0
,,
ROI_28,132,0
,,
ROI_28,133,0
,,
ROI_28,134,0
,,
ROI_28,135,0
,,
ROI_28,136,0
,,
ROI_28,137,0
,,
ROI_28,138,0
,,
ROI_28,139,0
,,
ROI_28,140,0
,,
ROI_28,141,0
,,
ROI_28,142,0
,,
ROI_28,143,0
,,
ROI_28,144,0
,,
ROI_28,145,0
,,
ROI_28,146,0
,,
ROI_28,147,0
,,
ROI_28,148,0
,,
ROI_28,149,0
,,
ROI_28,150,0
,,
ROI_28,151,0
,,
ROI_28,152,0
,,
ROI_28,153,0
,,
ROI_28,154,0
,,
ROI_28,155,0
,,
ROI_28,156,0
,,
ROI_28,157,0
,,
ROI_28,158,0
,,
ROI_28,159,0
,,
ROI_28,160,0
,,
ROI_28,161,0
,,
ROI_28,162,0
,,
ROI_28,163,0
,,
ROI_28,164,0
,,
ROI_28,165,0
,,
ROI_28,166,0
,,
ROI_28,167,0
,,
ROI_28,168,0
,,
ROI_28,169,0
,,
ROI_28,170,0
,,
ROI_28,171,0
,,
ROI_28,172,0
,,
ROI_28,173,0
,,
ROI_28,174,0
,,
ROI_28,175,0
,,
ROI_28,176,0
,,
ROI_28,177,0
,,
ROI_28,178,0
,,
ROI_28,179,0
,,
ROI_28,180,0
,,
ROI_28,181,0
,,
ROI_28,182,0
,,
ROI_28,183,0
,,
ROI_28,184,0
,,
ROI_28,185,0
,,
ROI_28,186,0
,,
ROI_28,187,0
,,
ROI_28,188,0
,,
ROI_28,189,0
,,
ROI_28,190,0
,,
ROI_28,191,0
,,
ROI_28,192,0
,,
ROI_28,193,0
,,
ROI_28,194,0
,,
ROI_28,195,0
,,
ROI_28,196,0
,,
ROI_28,197,0
,,
ROI_28,198,0
,,
ROI_28,199,0
,,
ROI_28,200,0
,,
ROI_28,201,0
,,
ROI_28,202,0
,,
ROI_28,203,0
,,
ROI_28,204,0
,,
ROI_28,205,0
,,
ROI_28,206,0
,,
ROI_28,207,0
,,
ROI_28,208,0
,,
ROI_28,209,0
,,
ROI_28,210,0
,,
ROI_28,211,0
,,
ROI_28,212,0
,,
ROI_28,213,0
,,
ROI_28,214,0
,,
ROI_28,215,0
,,
ROI_28,216,0
,,
ROI_28,217,0
,,
ROI_28,218,0
,,
ROI_28,219,0
,,
ROI_28,220,0
,,
ROI_28,221,0
,,
ROI_28,222,0
,,
ROI_28,223,0
,,
ROI_28,224,0
,,
ROI_28,225,0
,,
ROI_28,226,0
,,
ROI_28,227,0
,,
ROI_28,228,0
,,
ROI_28,229,0
,,
ROI_28,230,0
,,
ROI_28,231,0
,,
ROI_28,232,0
,,
ROI_28,233,0
,,
ROI_28,234,0
,,
ROI_28,235,0
,,
ROI_28,236,0
,,
ROI_28,237,0
,,
ROI_28,238,0
,,
ROI_28,239,0
,,
ROI_28,240,0
,,
ROI_28,241,0
,,
ROI_28,242,0
,,
ROI_28,243,0
,,
ROI_28,244,0
,,
ROI_28,245,0
,,
ROI_28,246,0
,,
ROI_28,247,0
,,
ROI_28,248,0
,,
ROI_28,249,0
,,
ROI_28,250,0
,,
ROI_28,251,0
,,
ROI_28,252,0
,,
ROI_28,253,0
,,
ROI_28,254,0
,,
ROI_28,255,0
,,
ROI_29,0,16062
,,
ROI_29,1,95
,,
ROI_29,2,79
,,
ROI_29,3,93
,,
ROI_29,4,68
,,
ROI_29,5,68
,,
ROI_29,6,37
,,
ROI_29,7,45
,,
ROI_29,8,49
,,
ROI_29,9,45
,,
ROI_29,10,38
,,
ROI_29,11,29
,,
ROI_29,12,33
,,
ROI_29,13,23
,,
ROI_29,14,24
,,
ROI_29,15,26
,,
ROI_29,16,25
,,
ROI_29,17,22
,,
ROI_29,18,29
,,
ROI_29,19,17
,,
ROI_29,20,27
,,
ROI_29,21,19
,,
ROI_29,22,20
,,
ROI_29,23,18
,,
ROI_29,24,16
,,
ROI_29,25,21
,,
ROI_29,26,12
,,
ROI_29,27,17
,,
ROI_29,28,10
,,
ROI_29,29,17
,,
ROI_29,30,7
,,
ROI_29,31,13
,,
ROI_29,32,12
,,
ROI_29,33,17
,,
ROI_29,34,15
,,
ROI_29,35,11
,,
ROI_29,36,4
,,
ROI_29,37,7
,,
ROI_29,38,9
,,
ROI_29,39,16
,,
ROI_29,40,15
,,
ROI_29,41,10
,,
ROI_29,42,18
,,
ROI_29,43,16
,,
ROI_29,44,10
,,
ROI_29,45,6
,,
ROI_29,46,8
,,
ROI_29,47,10
,,
ROI_29,48,12
,,
ROI_29,49,10
,,
ROI_29,50,10
,,
ROI_29,51,6
,,
ROI_29,52,12
,,
ROI_29,53,7
,,
ROI_29,54,10
,,
ROI_29,55,6
,,
ROI_29,56,9
,,
ROI_29,57,13
,,
ROI_29,58,4
,,
ROI_29,59,9
,,
ROI_29,60,9
,,
ROI_29,61,6
,,
ROI_29,62,9
,,
ROI_29,63,10
,,
ROI_29,64,9
,,
ROI_29,65,9
,,
ROI_29,66,10
,,
ROI_29,67,11
,,
ROI_29,68,8
,,
ROI_29,69,11
,,
ROI_29,70,11
,,
ROI_29,71,8
,,
ROI_29,72,4
,,
ROI_29,73,6
,,
ROI_29,74,5
,,
ROI_29,75,4
,,
ROI_29,76,6
,,
ROI_29,77,7
,,
ROI_29,78,5
,,
ROI_29,79,3
,,
ROI_29,80,6
,,
ROI_29,81,7
,,
ROI_29,82,4
,,
ROI_29,83,3
,,
ROI_29,84,5
,,
ROI_29,85,5
,,
ROI_29,86,5
,,
ROI_29,87,3
,,
ROI_29,88,6
,,
ROI_29,89,4
,,
ROI_29,90,5
,,
ROI_29,91,3
,,
ROI_29,92,6
,,
ROI_29,93,2
,,
ROI_29,94,8
,,
ROI_29,95,4
,,
ROI_29,96,5
,,
ROI_29,97,6
,,
ROI_29,98,1
,,
ROI_29,99,5
,,
ROI_29,100,3
,,
ROI_29,101,4
,,
ROI_29,102,5
,,
ROI_29,103,1
,,
ROI_29,104,3
,,
ROI_29,105,1
,,
ROI_29,106,3
,,
ROI_29,107,5
,,
ROI_29,108,6
,,
ROI_29,109,3
,,
ROI_29,110,5
,,
ROI_29,111,1
,,
ROI_29,112,6
,,
ROI_29,113,2
,,
ROI_29,114,5
,,
ROI_29,115,2
,,
ROI_29,116,3
,,
ROI_29,117,4
,,
ROI_29,118,4
,,
ROI_29,119,1
,,
ROI_29,120,1
,,
ROI_29,121,1
,,
ROI_29,122,1
,,
ROI_29,123,3
,,
ROI_29,124,1
,,
ROI_29,125,2
,,
ROI_29,126,1
,,
ROI_29,127,0
,,
ROI_29,128,3
,,
ROI_29,129,1
,,
ROI_29,130,3
,,
ROI_29,131,5
,,
ROI_29,132,1
,,
ROI_29,133,2
,,
ROI_29,134,4
,,
ROI_29,135,6
,,
ROI_29,136,2
,,
ROI_29,137,0
,,
ROI_29,138,0
,,
ROI_29,139,1
,,
ROI_29,140,2
,,
ROI_29,141,0
,,
ROI_29,142,2
,,
ROI_29,143,1
,,
ROI_29,144,0
,,
ROI_29,145,1
,,
ROI_29,146,2
,,
ROI_29,147,3
,,
ROI_29,148,1
,,
ROI_29,149,1
,,
ROI_29,150,3
,,
ROI_29,151,2
,,
ROI_29,152,0
,,
ROI_29,153,0
,,
ROI_29,154,1
,,
ROI_29,155,0
,,
ROI_29,156,0
,,
ROI_29,157,2
,,
ROI_29,158,2
,,
ROI_29,159,0
,,
ROI_29,160,0
,,
ROI_29,161,0
,,
ROI_29,162,0
,,
ROI_29,163,3
,,
ROI_29,164,0
,,
ROI_29,165,1
,,
ROI_29,166,1
,,
ROI_29,167,1
,,
ROI_29,168,0
,,
ROI_29,169,4
,,
ROI_29,170,1
,,
ROI_29,171,0
,,
ROI_29,172,0
,,
ROI_29,173,1
,,
ROI_29,174,1
,,
ROI_29,175,1
,,
ROI_29,176,1
,,
ROI_29,177,2
,,
ROI_29,178,1
,,
ROI_29,179,3
,,
ROI_29,180,0
,,
ROI_29,181,2
,,
ROI_29,182,1
,,
ROI_29,183,0
,,
ROI_29,184,3
,,
ROI_29,185,1
,,
ROI_29,186,1
,,
ROI_29,187,0
,,
ROI_29,188,2
,,
ROI_29,189,2
,,
ROI_29,190,0
,,
ROI_29,191,5
,,
ROI_29,192,2
,,
ROI_29,193,0
,,
ROI_29,194,1
,,
ROI_29,195,0
,,
ROI_29,196,0
,,
ROI_29,197,2
,,
ROI_29,198,0
,,
ROI_29,199,3
,,
ROI_29,200,0
,,
ROI_29,201,2
,,
ROI_29,202,1
,,
ROI_29,203,0
,,
ROI_29,204,2
,,
ROI_29,205,0
,,
ROI_29,206,2
,,
ROI_29,207,0
,,
ROI_29,208,1
,,
ROI_29,209,0
,,
ROI_29,210,0
,,
ROI_29,211,1
,,
ROI_29,212,1
,,
ROI_29,213,1
,,
ROI_29,214,2
,,
ROI_29,215,0
,,
ROI_29,216,1
,,
ROI_29,217,0
,,
ROI_29,218,0
,,
ROI_29,219,1
,,
ROI_29,220,0
,,
ROI_29,221,0
,,
ROI_29,222,0
,,
ROI_29,223,0
,,
ROI_29,224,0
,,
ROI_29,225,0
,,
ROI_29,226,0
,,
ROI_29,227,0
,,
ROI_29,228,0
,,
ROI_29,229,1
,,
ROI_29,230,0
,,
ROI_29,231,1
,,
ROI_29,232,2
,,
ROI_29,233,0
,,
ROI_29,234,0
,,
ROI_29,235,1
,,
ROI_29,236,0
,,
ROI_29,237,0
,,
ROI_29,238,0
,,
ROI_29,239,0
,,
ROI_29,240,0
,,
ROI_29,241,1
,,
ROI_29,242,0
,,
ROI_29,243,0
,,
ROI_29,244,0
,,
ROI_29,245,0
,,
ROI_29,246,0
,,
ROI_29,247,0
,,
ROI_29,248,0
,,
ROI_29,249,0
,,
ROI_29,250,0
,,
ROI_29,251,0
,,
ROI_29,252,0
,,
ROI_29,253,0
,,
ROI_29,254,0
,,
ROI_29,255,0
,,
ROI_30,0,8516
,,
ROI_30,1,30
,,
ROI_30,2,34
,,
ROI_30,3,35
,,
ROI_30,4,27
,,
ROI_30,5,20
,,
ROI_30,6,24
,,
ROI_30,7,14
,,
ROI_30,8,13
,,
ROI_30,9,13
,,
ROI_30,10,15
,,
ROI_30,11,10
,,
ROI_30,12,7
,,
ROI_30,13,11
,,
ROI_30,14,10
,,
ROI_30,15,1
,,
ROI_30,16,7
,,
ROI_30,17,10
,,
ROI_30,18,5
,,
ROI_30,19,6
,,
ROI_30,20,6
,,
ROI_30,21,8
,,
ROI_30,22,8
,,
ROI_30,23,4
,,
ROI_30,24,6
,,
ROI_30,25,4
,,
ROI_30,26,4
,,
ROI_30,27,3
,,
ROI_30,28,8
,,
ROI_30,29,3
,,
ROI_30,30,2
,,
ROI_30,31,2
,,
ROI_30,32,2
,,
ROI_30,33,3
,,
ROI_30,34,3
,,
ROI_30,35,3
,,
ROI_30,36,3
,,
ROI_30,37,2
,,
ROI_30,38,1
,,
ROI_30,39,3
,,
ROI_30,40,3
,,
ROI_30,41,0
,,
ROI_30,42,4
,,
ROI_30,43,1
,,
ROI_30,44,3
,,
ROI_30,45,2
,,
ROI_30,46,1
,,
ROI_30,47,2
,,
ROI_30,48,2
,,
ROI_30,49,3
,,
ROI_30,50,4
,,
ROI_30,51,1
,,
ROI_30,52,1
,,
ROI_30,53,1
,,
ROI_30,54,2
,,
ROI_30,55,1
,,
ROI_30,56,1
,,
ROI_30,57,0
,,
ROI_30,58,3
,,
ROI_30,59,1
,,
ROI_30,60,2
,,
ROI_30,61,1
,,
ROI_30,62,2
,,
ROI_30,63,2
,,
ROI_30,64,0
,,
ROI_30,65,0
,,
ROI_30,66,0
,,
ROI_30,67,0
,,
ROI_30,68,1
,,
ROI_30,69,3
,,
ROI_30,70,0
,,
ROI_30,71,0
,,
ROI_30,72,1
,,
ROI_30,73,0
,,
ROI_30,74,0
,,
ROI_30,75,1
,,
ROI_30,76,2
,,
ROI_30,77,0
,,
ROI_30,78,0
,,
ROI_30,79,1
,,
ROI_30,80,3
,,
ROI_30,81,0
,,
ROI_30,82,1
,,
ROI_30,83,0
,,
ROI_30,84,1
,,
ROI_30,85,0
,,
ROI_30,86,2
,,
ROI_30,87,1
,,
ROI_30,88,0
,,
ROI_30,89,0
,,
ROI_30,90,0
,,
ROI_30,91,0
,,
ROI_30,92,0
,,
ROI_30,93,0
,,
ROI_30,94,0
,,
ROI_30,95,0
,,
ROI_30,96,1
,,
ROI_30,97,0
,,
ROI_30,98,0
,,
ROI_30,99,0
,,
ROI_30,100,1
,,
ROI_30,101,0
,,
ROI_30,102,0
,,
ROI_30,103,0
,,
ROI_30,104,0
,,
ROI_30,105,2
,,
ROI_30,106,0
,,
ROI_30,107,2
,,
ROI_30,108,0
,,
ROI_30,109,1
,,
ROI_30,110,0
,,
ROI_30,111,0
,,
ROI_30,112,1
,,
ROI_30,113,2
,,
ROI_30,114,0
,,
ROI_30,115,0
,,
ROI_30,116,1
,,
ROI_30,117,0
,,
ROI_30,118,1
,,
ROI_30,119,0
,,
ROI_30,120,0
,,
ROI_30,121,0
,,
ROI_30,122,0
,,
ROI_30,123,0
,,
ROI_30,124,0
,,
ROI_30,125,1
,,
ROI_30,126,3
,,
ROI_30,127,1
,,
ROI_30,128,1
,,
ROI_30,129,0
,,
ROI_30,130,0
,,
ROI_30,131,0
,,
ROI_30,132,0
,,
ROI_30,133,0
,,
ROI_30,134,0
,,
ROI_30,135,0
,,
ROI_30,136,0
,,
ROI_30,137,1
,,
ROI_30,138,0
,,
ROI_30,139,0
,,
ROI_30,140,0
,,
ROI_30,141,0
,,
ROI_30,142,0
,,
ROI_30,143,0
,,
ROI_30,144,0
,,
ROI_30,145,0
,,
ROI_30,146,0
,,
ROI_30,147,0
,,
ROI_30,148,0
,,
ROI_30,149,0
,,
ROI_30,150,0
,,
ROI_30,151,0
,,
ROI_30,152,0
,,
ROI_30,153,0
,,
ROI_30,154,0
,,
ROI_30,155,0
,,
ROI_30,156,0
,,
ROI_30,157,1
,,
ROI_30,158,0
,,
ROI_30,159,0
,,
ROI_30,160,0
,,
ROI_30,161,0
,,
ROI_30,162,0
,,
ROI_30,163,0
,,
ROI_30,164,1
,,
ROI_30,165,2
,,
ROI_30,166,0
,,
ROI_30,167,0
,,
ROI_30,168,0
,,
ROI_30,169,0
,,
ROI_30,170,0
,,
ROI_30,171,0
,,
ROI_30,172,0
,,
ROI_30,173,0
,,
ROI_30,174,0
,,
ROI_30,175,0
,,
ROI_30,176,0
,,
ROI_30,177,1
,,
ROI_30,178,0
,,
ROI_30,179,0
,,
ROI_30,180,1
,,
ROI_30,181,0
,,
ROI_30,182,0
,,
ROI_30,183,0
,,
ROI_30,184,0
,,
ROI_30,185,0
,,
ROI_30,186,0
,,
ROI_30,187,0
,,
ROI_30,188,1
,,
ROI_30,189,0
,,
ROI_30,190,2
,,
ROI_30,191,0
,,
ROI_30,192,1
,,
ROI_30,193,0
,,
ROI_30,194,0
,,
ROI_30,195,0
,,
ROI_30,196,0
,,
ROI_30,197,0
,,
ROI_30,198,0
,,
ROI_30,199,0
,,
ROI_30,200,0
,,
ROI_30,201,1
,,
ROI_30,202,0
,,
ROI_30,203,0
,,
ROI_30,204,0
,,
ROI_30,205,0
,,
ROI_30,206,0
,,
ROI_30,207,0
,,
ROI_30,208,0
,,
ROI_30,209,0
,,
ROI_30,210,0
,,
ROI_30,211,0
,,
ROI_30,212,0
,,
ROI_30,213,0
,,
ROI_30,214,0
,,
ROI_30,215,0
,,
ROI_30,216,0
,,
ROI_30,217,0
,,
ROI_30,218,1
,,
ROI_30,219,0
,,
ROI_30,220,0
,,
ROI_30,221,0
,,
ROI_30,222,0
,,
ROI_30,223,0
,,
ROI_30,224,0
,,
ROI_30,225,0
,,
ROI_30,226,0
,,
ROI_30,227,1
,,
ROI_30,228,0
,,
ROI_30,229,0
,,
ROI_30,230,0
,,
ROI_30,231,0
,,
ROI_30,232,0
,,
ROI_30,233,0
,,
ROI_30,234,0
,,
ROI_30,235,0
,,
ROI_30,236,0
,,
ROI_30,237,0
,,
ROI_30,238,0
,,
ROI_30,239,0
,,
ROI_30,240,0
,,
ROI_30,241,0
,,
ROI_30,242,0
,,
ROI_30,243,0
,,
ROI_30,244,0
,,
ROI_30,245,0
,,
ROI_30,246,1
,,
ROI_30,247,0
,,
ROI_30,248,0
,,
ROI_30,249,0
,,
ROI_30,250,0
,,
ROI_30,251,0
,,
ROI_30,252,0
,,
ROI_30,253,0
,,
ROI_30,254,1
,,
ROI_30,255,7
,,
ROI_31,0,27884
,,
ROI_31,1,878
,,
ROI_31,2,709
,,
ROI_31,3,724
,,
ROI_31,4,608
,,
ROI_31,5,537
,,
ROI_31,6,440
,,
ROI_31,7,509
,,
ROI_31,8,452
,,
ROI_31,9,434
,,
ROI_31,10,382
,,
ROI_31,11,341
,,
ROI_31,12,344
,,
ROI_31,13,340
,,
ROI_31,14,365
,,
ROI_31,15,290
,,
ROI_31,16,302
,,
ROI_31,17,292
,,
ROI_31,18,290
,,
ROI_31,19,212
,,
ROI_31,20,240
,,
ROI_31,21,275
,,
ROI_31,22,237
,,
ROI_31,23,221
,,
ROI_31,24,259
,,
ROI_31,25,240
,,
ROI_31,26,230
,,
ROI_31,27,219
,,
ROI_31,28,196
,,
ROI_31,29,203
,,
ROI_31,30,195
,,
ROI_31,31,208
,,
ROI_31,32,174
,,
ROI_31,33,189
,,
ROI_31,34,186
,,
ROI_31,35,165
,,
ROI_31,36,160
,,
ROI_31,37,186
,,
ROI_31,38,160
,,
ROI_31,39,133
,,
ROI_31,40,141
,,
ROI_31,41,153
,,
ROI_31,42,157
,,
ROI_31,43,151
,,
ROI_31,44,154
,,
ROI_31,45,135
,,
ROI_31,46,136
,,
ROI_31,47,144
,,
ROI_31,48,138
,,
ROI_31,49,120
,,
ROI_31,50,126
,,
ROI_31,51,136
,,
ROI_31,52,122
,,
ROI_31,53,126
,,
ROI_31,54,132
,,
ROI_31,55,118
,,
ROI_31,56,112
,,
ROI_31,57,106
,,
ROI_31,58,85
,,
ROI_31,59,98
,,
ROI_31,60,107
,,
ROI_31,61,100
,,
ROI_31,62,79
,,
ROI_31,63,94
,,
ROI_31,64,78
,,
ROI_31,65,97
,,
ROI_31,66,82
,,
ROI_31,67,101
,,
ROI_31,68,83
,,
ROI_31,69,84
,,
ROI_31,70,78
,,
ROI_31,71,100
,,
ROI_31,72,90
,,
ROI_31,73,79
,,
ROI_31,74,69
,,
ROI_31,75,68
,,
ROI_31,76,74
,,
ROI_31,77,74
,,
ROI_31,78,83
,,
ROI_31,79,56
,,
ROI_31,80,72
,,
ROI_31,81,66
,,
ROI_31,82,78
,,
ROI_31,83,52
,,
ROI_31,84,62
,,
ROI_31,85,69
,,
ROI_31,86,70
,,
ROI_31,87,55
,,
ROI_31,88,75
,,
ROI_31,89,60
,,
ROI_31,90,58
,,
ROI_31,91,73
,,
ROI_31,92,43
,,
ROI_31,93,70
,,
ROI_31,94,60
,,
ROI_31,95,47
,,
ROI_31,96,48
,,
ROI_31,97,58
,,
ROI_31,98,77
,,
ROI_31,99,64
,,
ROI_31,100,47
,,
ROI_31,101,50
,,
ROI_31,102,45
,,
ROI_31,103,56
,,
ROI_31,104,56
,,
ROI_31,105,38
,,
ROI_31,106,53
,,
ROI_31,107,60
,,
ROI_31,108,54
,,
ROI_31,109,45
,,
ROI_31,110,44
,,
ROI_31,111,46
,,
ROI_31,112,45
,,
ROI_31,113,35
,,
ROI_31,114,48
,,
ROI_31,115,46
,,
ROI_31,116,44
,,
ROI_31,117,39
,,
ROI_31,118,41
,,
ROI_31,119,50
,,
ROI_31,120,36
,,
ROI_31,121,47
,,
ROI_31,122,37
,,
ROI_31,123,43
,,
ROI_31,124,39
,,
ROI_31,125,49
,,
ROI_31,126,36
,,
ROI_31,127,35
,,
ROI_31,128,42
,,
ROI_31,129,40
,,
ROI_31,130,45
,,
ROI_31,131,38
,,
ROI_31,132,40
,,
ROI_31,133,40
,,
ROI_31,134,20
,,
ROI_31,135,44
,,
ROI_31,136,42
,,
ROI_31,137,33
,,
ROI_31,138,32
,,
ROI_31,139,27
,,
ROI_31,140,41
,,
ROI_31,141,37
,,
ROI_31,142,40
,,
ROI_31,143,28
,,
ROI_31,144,38
,,
ROI_31,145,40
,,
ROI_31,146,35
,,
ROI_31,147,34
,,
ROI_31,148,30
,,
ROI_31,149,39
,,
ROI_31,150,16
,,
ROI_31,151,39
,,
ROI_31,152,36
,,
ROI_31,153,40
,,
ROI_31,154,22
,,
ROI_31,155,28
,,
ROI_31,156,31
,,
ROI_31,157,41
,,
ROI_31,158,31
,,
ROI_31,159,37
,,
ROI_31,160,34
,,
ROI_31,161,29
,,
ROI_31,162,37
,,
ROI_31,163,32
,,
ROI_31,164,24
,,
ROI_31,165,26
,,
ROI_31,166,31
,,
ROI_31,167,34
,,
ROI_31,168,23
,,
ROI_31,169,33
,,
ROI_31,170,27
,,
ROI_31,171,34
,,
ROI_31,172,22
,,
ROI_31,173,33
,,
ROI_31,174,25
,,
ROI_31,175,29
,,
ROI_31,176,26
,,
ROI_31,177,25
,,
ROI_31,178,28
,,
ROI_31,179,24
,,
ROI_31,180,33
,,
ROI_31,181,22
,,
ROI_31,182,28
,,
ROI_31,183,23
,,
ROI_31,184,23
,,
ROI_31,185,27
,,
ROI_31,186,16
,,
ROI_31,187,30
,,
ROI_31,188,33
,,
ROI_31,189,42
,,
ROI_31,190,42
,,
ROI_31,191,36
,,
ROI_31,192,40
,,
ROI_31,193,38
,,
ROI_31,194,25
,,
ROI_31,195,30
,,
ROI_31,196,19
,,
ROI_31,197,13
,,
ROI_31,198,21
,,
ROI_31,199,21
,,
ROI_31,200,17
,,
ROI_31,201,18
,,
ROI_31,202,10
,,
ROI_31,203,25
,,
ROI_31,204,23
,,
ROI_31,205,16
,,
ROI_31,206,22
,,
ROI_31,207,12
,,
ROI_31,208,22
,,
ROI_31,209,20
,,
ROI_31,210,12
,,
ROI_31,211,21
,,
ROI_31,212,33
,,
ROI_31,213,20
,,
ROI_31,214,21
,,
ROI_31,215,28
,,
ROI_31,216,24
,,
ROI_31,217,25
,,
ROI_31,218,13
,,
ROI_31,219,23
,,
ROI_31,220,18
,,
ROI_31,221,17
,,
ROI_31,222,15
,,
ROI_31,223,22
,,
ROI_31,224,16
,,
ROI_31,225,15
,,
ROI_31,226,11
,,
ROI_31,227,20
,,
ROI_31,228,11
,,
ROI_31,229,19
,,
ROI_31,230,14
,,
ROI_31,231,25
,,
ROI_31,232,16
,,
ROI_31,233,12
,,
ROI_31,234,21
,,
ROI_31,235,18
,,
ROI_31,236,14
,,
ROI_31,237,14
,,
ROI_31,238,15
,,
ROI_31,239,17
,,
ROI_31,240,15
,,
ROI_31,241,18
,,
ROI_31,242,11
,,
ROI_31,243,12
,,
ROI_31,244,17
,,
ROI_31,245,10
,,
ROI_31,246,14
,,
ROI_31,247,14
,,
ROI_31,248,19
,,
ROI_31,249,12
,,
ROI_31,250,15
,,
ROI_31,251,17
,,
ROI_31,252,11
,,
ROI_31,253,14
,,
ROI_31,254,13
,,
ROI_31,255,1650
,,
ROI_32,0,1946
,,
ROI_32,1,47
,,
ROI_32,2,40
,,
ROI_32,3,44
,,
ROI_32,4,38
,,
ROI_32,5,23
,,
ROI_32,6,39
,,
ROI_32,7,34
,,
ROI_32,8,28
,,
ROI_32,9,24
,,
ROI_32,10,15
,,
ROI_32,11,15
,,
ROI_32,12,16
,,
ROI_32,13,13
,,
ROI_32,14,11
,,
ROI_32,15,19
,,
ROI_32,16,13
,,
ROI_32,17,17
,,
ROI_32,18,6
,,
ROI_32,19,10
,,
ROI_32,20,9
,,
ROI_32,21,8
,,
ROI_32,22,10
,,
ROI_32,23,6
,,
ROI_32,24,13
,,
ROI_32,25,1
,,
ROI_32,26,10
,,
ROI_32,27,6
,,
ROI_32,28,6
,,
ROI_32,29,9
,,
ROI_32,30,1
,,
ROI_32,31,3
,,
ROI_32,32,6
,,
ROI_32,33,3
,,
ROI_32,34,0
,,
ROI_32,35,5
,,
ROI_32,36,1
,,
ROI_32,37,3
,,
ROI_32,38,5
,,
ROI_32,39,4
,,
ROI_32,40,3
,,
ROI_32,41,4
,,
ROI_32,42,3
,,
ROI_32,43,3
,,
ROI_32,44,2
,,
ROI_32,45,2
,,
ROI_32,46,2
,,
ROI_32,47,3
,,
ROI_32,48,1
,,
ROI_32,49,4
,,
ROI_32,50,2
,,
ROI_32,51,1
,,
ROI_32,52,4
,,
ROI_32,53,2
,,
ROI_32,54,5
,,
ROI_32,55,2
,,
ROI_32,56,3
,,
ROI_32,57,4
,,
ROI_32,58,4
,,
ROI_32,59,1
,,
ROI_32,60,1
,,
ROI_32,61,2
,,
ROI_32,62,3
,,
ROI_32,63,2
,,
ROI_32,64,5
,,
ROI_32,65,3
,,
ROI_32,66,1
,,
ROI_32,67,1
,,
ROI_32,68,0
,,
ROI_32,69,2
,,
ROI_32,70,2
,,
ROI_32,71,2
,,
ROI_32,72,1
,,
ROI_32,73,2
,,
ROI_32,74,5
,,
ROI_32,75,2
,,
ROI_32,76,1
,,
ROI_32,77,5
,,
ROI_32,78,2
,,
ROI_32,79,2
,,
ROI_32,80,1
,,
ROI_32,81,1
,,
ROI_32,82,1
,,
ROI_32,83,0
,,
ROI_32,84,4
,,
ROI_32,85,1
,,
ROI_32,86,2
,,
ROI_32,87,3
,,
ROI_32,88,2
,,
ROI_32,89,4
,,
ROI_32,90,0
,,
ROI_32,91,2
,,
ROI_32,92,1
,,
ROI_32,93,1
,,
ROI_32,94,3
,,
ROI_32,95,2
,,
ROI_32,96,1
,,
ROI_32,97,1
,,
ROI_32,98,3
,,
ROI_32,99,2
,,
ROI_32,100,1
,,
ROI_32,101,2
,,
ROI_32,102,0
,,
ROI_32,103,1
,,
ROI_32,104,1
,,
ROI_32,105,0
,,
ROI_32,106,3
,,
ROI_32,107,1
,,
ROI_32,108,0
,,
ROI_32,109,1
,,
ROI_32,110,2
,,
ROI_32,111,0
,,
ROI_32,112,0
,,
ROI_32,113,1
,,
ROI_32,114,0
,,
ROI_32,115,1
,,
ROI_32,116,1
,,
ROI_32,117,1
,,
ROI_32,118,2
,,
ROI_32,119,2
,,
ROI_32,120,0
,,
ROI_32,121,2
,,
ROI_32,122,0
,,
ROI_32,123,0
,,
ROI_32,124,1
,,
ROI_32,125,1
,,
ROI_32,126,0
,,
ROI_32,127,0
,,
ROI_32,128,0
,,
ROI_32,129,1
,,
ROI_32,130,0
,,
ROI_32,131,1
,,
ROI_32,132,0
,,
ROI_32,133,1
,,
ROI_32,134,1
,,
ROI_32,135,4
,,
ROI_32,136,3
,,
ROI_32,137,0
,,
ROI_32,138,1
,,
ROI_32,139,1
,,
ROI_32,140,0
,,
ROI_32,141,1
,,
ROI_32,142,1
,,
ROI_32,143,0
,,
ROI_32,144,1
,,
ROI_32,145,0
,,
ROI_32,146,1
,,
ROI_32,147,0
,,
ROI_32,148,0
,,
ROI_32,149,0
,,
ROI_32,150,1
,,
ROI_32,151,0
,,
ROI_32,152,3
,,
ROI_32,153,0
,,
ROI_32,154,0
,,
ROI_32,155,3
,,
ROI_32,156,1
,,
ROI_32,157,0
,,
ROI_32,158,1
,,
ROI_32,159,0
,,
ROI_32,160,1
,,
ROI_32,161,1
,,
ROI_32,162,1
,,
ROI_32,163,0
,,
ROI_32,164,0
,,
ROI_32,165,1
,,
ROI_32,166,3
,,
ROI_32,167,1
,,
ROI_32,168,1
,,
ROI_32,169,1
,,
ROI_32,170,1
,,
ROI_32,171,0
,,
ROI_32,172,1
,,
ROI_32,173,1
,,
ROI_32,174,1
,,
ROI_32,175,0
,,
ROI_32,176,0
,,
ROI_32,177,1
,,
ROI_32,178,0
,,
ROI_32,179,0
,,
ROI_32,180,1
,,
ROI_32,181,0
,,
ROI_32,182,2
,,
ROI_32,183,0
,,
ROI_32,184,0
,,
ROI_32,185,2
,,
ROI_32,186,0
,,
ROI_32,187,0
,,
ROI_32,188,0
,,
ROI_32,189,0
,,
ROI_32,190,2
,,
ROI_32,191,0
,,
ROI_32,192,0
,,
ROI_32,193,1
,,
ROI_32,194,0
,,
ROI_32,195,2
,,
ROI_32,196,0
,,
ROI_32,197,1
,,
ROI_32,198,0
,,
ROI_32,199,0
,,
ROI_32,200,0
,,
ROI_32,201,0
,,
ROI_32,202,1
,,
ROI_32,203,1
,,
ROI_32,204,0
,,
ROI_32,205,0
,,
ROI_32,206,0
,,
ROI_32,207,1
,,
ROI_32,208,0
,,
ROI_32,209,2
,,
ROI_32,210,0
,,
ROI_32,211,0
,,
ROI_32,212,0
,,
ROI_32,213,1
,,
ROI_32,214,1
,,
ROI_32,215,0
,,
ROI_32,216,0
,,
ROI_32,217,0
,,
ROI_32,218,0
,,
ROI_32,219,0
,,
ROI_32,220,2
,,
ROI_32,221,0
,,
ROI_32,222,0
,,
ROI_32,223,0
,,
ROI_32,224,0
,,
ROI_32,225,0
,,
ROI_32,226,2
,,
ROI_32,227,1
,,
ROI_32,228,1
,,
ROI_32,229,0
,,
ROI_32,230,0
,,
ROI_32,231,0
,,
ROI_32,232,1
,,
ROI_32,233,1
,,
ROI_32,234,0
,,
ROI_32,235,0
,,
ROI_32,236,0
,,
ROI_32,237,0
,,
ROI_32,238,0
,,
ROI_32,239,1
,,
ROI_32,240,1
,,
ROI_32,241,0
,,
ROI_32,242,0
,,
ROI_32,243,0
,,
ROI_32,244,1
,,
ROI_32,245,0
,,
ROI_32,246,0
,,
ROI_32,247,0
,,
ROI_32,248,0
,,
ROI_32,249,1
,,
ROI_32,250,0
,,
ROI_32,251,1
,,
ROI_32,252,0
,,
ROI_32,253,0
,,
ROI_32,254,0
,,
ROI_32,255,38
,,
ROI_33,0,7364
,,
ROI_33,1,58
,,
ROI_33,2,53
,,
ROI_33,3,47
,,
ROI_33,4,46
,,
ROI_33,5,36
,,
ROI_33,6,37
,,
ROI_33,7,27
,,
ROI_33,8,19
,,
ROI_33,9,24
,,
ROI_33,10,17
,,
ROI_33,11,21
,,
ROI_33,12,20
,,
ROI_33,13,14
,,
ROI_33,14,13
,,
ROI_33,15,13
,,
ROI_33,16,14
,,
ROI_33,17,12
,,
ROI_33,18,10
,,
ROI_33,19,12
,,
ROI_33,20,8
,,
ROI_33,21,4
,,
ROI_33,22,8
,,
ROI_33,23,4
,,
ROI_33,24,15
,,
ROI_33,25,9
,,
ROI_33,26,7
,,
ROI_33,27,6
,,
ROI_33,28,8
,,
ROI_33,29,8
,,
ROI_33,30,10
,,
ROI_33,31,10
,,
ROI_33,32,11
,,
ROI_33,33,8
,,
ROI_33,34,3
,,
ROI_33,35,5
,,
ROI_33,36,6
,,
ROI_33,37,7
,,
ROI_33,38,5
,,
ROI_33,39,7
,,
ROI_33,40,3
,,
ROI_33,41,3
,,
ROI_33,42,5
,,
ROI_33,43,5
,,
ROI_33,44,6
,,
ROI_33,45,2
,,
ROI_33,46,3
,,
ROI_33,47,5
,,
ROI_33,48,5
,,
ROI_33,49,4
,,
ROI_33,50,6
,,
ROI_33,51,8
,,
ROI_33,52,1
,,
ROI_33,53,4
,,
ROI_33,54,5
,,
ROI_33,55,11
,,
ROI_33,56,7
,,
ROI_33,57,3
,,
ROI_33,58,3
,,
ROI_33,59,4
,,
ROI_33,60,1
,,
ROI_33,61,0
,,
ROI_33,62,0
,,
ROI_33,63,2
,,
ROI_33,64,4
,,
ROI_33,65,5
,,
ROI_33,66,4
,,
ROI_33,67,3
,,
ROI_33,68,6
,,
ROI_33,69,4
,,
ROI_33,70,2
,,
ROI_33,71,3
,,
ROI_33,72,3
,,
ROI_33,73,2
,,
ROI_33,74,3
,,
ROI_33,75,0
,,
ROI_33,76,2
,,
ROI_33,77,4
,,
ROI_33,78,2
,,
ROI_33,79,4
,,
ROI_33,80,3
,,
ROI_33,81,7
,,
ROI_33,82,4
,,
ROI_33,83,3
,,
ROI_33,84,4
,,
ROI_33,85,0
,,
ROI_33,86,2
,,
ROI_33,87,0
,,
ROI_33,88,2
,,
ROI_33,89,3
,,
ROI_33,90,4
,,
ROI_33,91,4
,,
ROI_33,92,1
,,
ROI_33,93,2
,,
ROI_33,94,3
,,
ROI_33,95,2
,,
ROI_33,96,0
,,
ROI_33,97,2
,,
ROI_33,98,3
,,
ROI_33,99,4
,,
ROI_33,100,1
,,
ROI_33,101,2
,,
ROI_33,102,1
,,
ROI_33,103,1
,,
ROI_33,104,1
,,
ROI_33,105,3
,,
ROI_33,106,0
,,
ROI_33,107,3
,,
ROI_33,108,1
,,
ROI_33,109,1
,,
ROI_33,110,4
,,
ROI_33,111,4
,,
ROI_33,112,2
,,
ROI_33,113,3
,,
ROI_33,114,1
,,
ROI_33,115,3
,,
ROI_33,116,3
,,
ROI_33,117,1
,,
ROI_33,118,1
,,
ROI_33,119,1
,,
ROI_33,120,3
,,
ROI_33,121,0
,,
ROI_33,122,0
,,
ROI_33,123,1
,,
ROI_33,124,3
,,
ROI_33,125,0
,,
ROI_33,126,1
,,
ROI_33,127,6
,,
ROI_33,128,1
,,
ROI_33,129,1
,,
ROI_33,130,1
,,
ROI_33,131,4
,,
ROI_33,132,2
,,
ROI_33,133,0
,,
ROI_33,134,3
,,
ROI_33,135,0
,,
ROI_33,136,0
,,
ROI_33,137,1
,,
ROI_33,138,2
,,
ROI_33,139,1
,,
ROI_33,140,4
,,
ROI_33,141,1
,,
ROI_33,142,0
,,
ROI_33,143,0
,,
ROI_33,144,1
,,
ROI_33,145,1
,,
ROI_33,146,0
,,
ROI_33,147,3
,,
ROI_33,148,0
,,
ROI_33,149,1
,,
ROI_33,150,1
,,
ROI_33,151,1
,,
ROI_33,152,1
,,
ROI_33,153,0
,,
ROI_33,154,0
,,
ROI_33,155,3
,,
ROI_33,156,0
,,
ROI_33,157,1
,,
ROI_33,158,1
,,
ROI_33,159,1
,,
ROI_33,160,1
,,
ROI_33,161,1
,,
ROI_33,162,1
,,
ROI_33,163,2
,,
ROI_33,164,2
,,
ROI_33,165,1
,,
ROI_33,166,0
,,
ROI_33,167,1
,,
ROI_33,168,0
,,
ROI_33,169,1
,,
ROI_33,170,1
,,
ROI_33,171,1
,,
ROI_33,172,1
,,
ROI_33,173,0
,,
ROI_33,174,0
,,
ROI_33,175,0
,,
ROI_33,176,0
,,
ROI_33,177,0
,,
ROI_33,178,2
,,
ROI_33,179,0
,,
ROI_33,180,1
,,
ROI_33,181,1
,,
ROI_33,182,1
,,
ROI_33,183,0
,,
ROI_33,184,1
,,
ROI_33,185,1
,,
ROI_33,186,1
,,
ROI_33,187,1
,,
ROI_33,188,1
,,
ROI_33,189,0
,,
ROI_33,190,0
,,
ROI_33,191,1
,,
ROI_33,192,0
,,
ROI_33,193,2
,,
ROI_33,194,1
,,
ROI_33,195,0
,,
ROI_33,196,0
,,
ROI_33,197,0
,,
ROI_33,198,1
,,
ROI_33,199,1
,,
ROI_33,200,0
,,
ROI_33,201,1
,,
ROI_33,202,0
,,
ROI_33,203,0
,,
ROI_33,204,0
,,
ROI_33,205,2
,,
ROI_33,206,0
,,
ROI_33,207,2
,,
ROI_33,208,0
,,
ROI_33,209,0
,,
ROI_33,210,0
,,
ROI_33,211,1
,,
ROI_33,212,0
,,
ROI_33,213,0
,,
ROI_33,214,0
,,
ROI_33,215,0
,,
ROI_33,216,0
,,
ROI_33,217,0
,,
ROI_33,218,0
,,
ROI_33,219,0
,,
ROI_33,220,0
,,
ROI_33,221,1
,,
ROI_33,222,0
,,
ROI_33,223,0
,,
ROI_33,224,0
,,
ROI_33,225,0
,,
ROI_33,226,0
,,
ROI_33,227,1
,,
ROI_33,228,1
,,
ROI_33,229,0
,,
ROI_33,230,0
,,
ROI_33,231,1
,,
ROI_33,232,0
,,
ROI_33,233,1
,,
ROI_33,234,0
,,
ROI_33,235,0
,,
ROI_33,236,1
,,
ROI_33,237,0
,,
ROI_33,238,0
,,
ROI_33,239,0
,,
ROI_33,240,0
,,
ROI_33,241,3
,,
ROI_33,242,0
,,
ROI_33,243,0
,,
ROI_33,244,0
,,
ROI_33,245,1
,,
ROI_33,246,0
,,
ROI_33,247,0
,,
ROI_33,248,0
,,
ROI_33,249,0
,,
ROI_33,250,0
,,
ROI_33,251,0
,,
ROI_33,252,0
,,
ROI_33,253,0
,,
ROI_33,254,0
,,
ROI_33,255,24
,,
ROI_34,0,17386
,,
ROI_34,1,323
,,
ROI_34,2,261
,,
ROI_34,3,232
,,
ROI_34,4,193
,,
ROI_34,5,193
,,
ROI_34,6,162
,,
ROI_34,7,157
,,
ROI_34,8,152
,,
ROI_34,9,135
,,
ROI_34,10,119
,,
ROI_34,11,80
,,
ROI_34,12,88
,,
ROI_34,13,92
,,
ROI_34,14,86
,,
ROI_34,15,79
,,
ROI_34,16,71
,,
ROI_34,17,76
,,
ROI_34,18,65
,,
ROI_34,19,76
,,
ROI_34,20,72
,,
ROI_34,21,64
,,
ROI_34,22,51
,,
ROI_34,23,51
,,
ROI_34,24,70
,,
ROI_34,25,54
,,
ROI_34,26,52
,,
ROI_34,27,68
,,
ROI_34,28,47
,,
ROI_34,29,56
,,
ROI_34,30,41
,,
ROI_34,31,47
,,
ROI_34,32,51
,,
ROI_34,33,47
,,
ROI_34,34,43
,,
ROI_34,35,48
,,
ROI_34,36,41
,,
ROI_34,37,51
,,
ROI_34,38,38
,,
ROI_34,39,42
,,
ROI_34,40,41
,,
ROI_34,41,40
,,
ROI_34,42,35
,,
ROI_34,43,27
,,
ROI_34,44,32
,,
ROI_34,45,30
,,
ROI_34,46,35
,,
ROI_34,47,43
,,
ROI_34,48,35
,,
ROI_34,49,31
,,
ROI_34,50,37
,,
ROI_34,51,41
,,
ROI_34,52,32
,,
ROI_34,53,27
,,
ROI_34,54,29
,,
ROI_34,55,27
,,
ROI_34,56,22
,,
ROI_34,57,32
,,
ROI_34,58,21
,,
ROI_34,59,28
,,
ROI_34,60,18
,,
ROI_34,61,23
,,
ROI_34,62,28
,,
ROI_34,63,17
,,
ROI_34,64,27
,,
ROI_34,65,26
,,
ROI_34,66,20
,,
ROI_34,67,19
,,
ROI_34,68,20
,,
ROI_34,69,26
,,
ROI_34,70,10
,,
ROI_34,71,20
,,
ROI_34,72,23
,,
ROI_34,73,17
,,
ROI_34,74,16
,,
ROI_34,75,20
,,
ROI_34,76,20
,,
ROI_34,77,19
,,
ROI_34,78,21
,,
ROI_34,79,14
,,
ROI_34,80,12
,,
ROI_34,81,15
,,
ROI_34,82,24
,,
ROI_34,83,19
,,
ROI_34,84,17
,,
ROI_34,85,23
,,
ROI_34,86,16
,,
ROI_34,87,16
,,
ROI_34,88,8
,,
ROI_34,89,15
,,
ROI_34,90,21
,,
ROI_34,91,18
,,
ROI_34,92,10
,,
ROI_34,93,21
,,
ROI_34,94,11
,,
ROI_34,95,16
,,
ROI_34,96,11
,,
ROI_34,97,12
,,
ROI_34,98,14
,,
ROI_34,99,16
,,
ROI_34,100,14
,,
ROI_34,101,10
,,
ROI_34,102,12
,,
ROI_34,103,12
,,
ROI_34,104,12
,,
ROI_34,105,13
,,
ROI_34,106,7
,,
ROI_34,107,9
,,
ROI_34,108,9
,,
ROI_34,109,10
,,
ROI_34,110,10
,,
ROI_34,111,9
,,
ROI_34,112,9
,,
ROI_34,113,9
,,
ROI_34,114,8
,,
ROI_34,115,14
,,
ROI_34,116,8
,,
ROI_34,117,10
,,
ROI_34,118,9
,,
ROI_34,119,10
,,
ROI_34,120,8
,,
ROI_34,121,5
,,
ROI_34,122,6
,,
ROI_34,123,9
,,
ROI_34,124,10
,,
ROI_34,125,5
,,
ROI_34,126,6
,,
ROI_34,127,8
,,
ROI_34,128,11
,,
ROI_34,129,8
,,
ROI_34,130,5
,,
ROI_34,131,10
,,
ROI_34,132,15
,,
ROI_34,133,3
,,
ROI_34,134,7
,,
ROI_34,135,5
,,
ROI_34,136,8
,,
ROI_34,137,4
,,
ROI_34,138,4
,,
ROI_34,139,8
,,
ROI_34,140,7
,,
ROI_34,141,11
,,
ROI_34,142,9
,,
ROI_34,143,4
,,
ROI_34,144,8
,,
ROI_34,145,7
,,
ROI_34,146,5
,,
ROI_34,147,4
,,
ROI_34,148,6
,,
ROI_34,149,2
,,
ROI_34,150,5
,,
ROI_34,151,2
,,
ROI_34,152,5
,,
ROI_34,153,9
,,
ROI_34,154,5
,,
ROI_34,155,2
,,
ROI_34,156,2
,,
ROI_34,157,6
,,
ROI_34,158,4
,,
ROI_34,159,7
,,
ROI_34,160,4
,,
ROI_34,161,2
,,
ROI_34,162,4
,,
ROI_34,163,4
,,
ROI_34,164,7
,,
ROI_34,165,6
,,
ROI_34,166,3
,,
ROI_34,167,2
,,
ROI_34,168,7
,,
ROI_34,169,4
,,
ROI_34,170,4
,,
ROI_34,171,2
,,
ROI_34,172,3
,,
ROI_34,173,8
,,
ROI_34,174,5
,,
ROI_34,175,5
,,
ROI_34,176,6
,,
ROI_34,177,2
,,
ROI_34,178,1
,,
ROI_34,179,6
,,
ROI_34,180,5
,,
ROI_34,181,5
,,
ROI_34,182,3
,,
ROI_34,183,4
,,
ROI_34,184,0
,,
ROI_34,185,1
,,
ROI_34,186,3
,,
ROI_34,187,4
,,
ROI_34,188,5
,,
ROI_34,189,3
,,
ROI_34,190,10
,,
ROI_34,191,6
,,
ROI_34,192,6
,,
ROI_34,193,5
,,
ROI_34,194,5
,,
ROI_34,195,6
,,
ROI_34,196,4
,,
ROI_34,197,1
,,
ROI_34,198,0
,,
ROI_34,199,5
,,
ROI_34,200,6
,,
ROI_34,201,0
,,
ROI_34,202,1
,,
ROI_34,203,1
,,
ROI_34,204,3
,,
ROI_34,205,3
,,
ROI_34,206,6
,,
ROI_34,207,1
,,
ROI_34,208,3
,,
ROI_34,209,2
,,
ROI_34,210,4
,,
ROI_34,211,2
,,
ROI_34,212,2
,,
ROI_34,213,2
,,
ROI_34,214,2
,,
ROI_34,215,0
,,
ROI_34,216,3
,,
ROI_34,217,2
,,
ROI_34,218,0
,,
ROI_34,219,1
,,
ROI_34,220,1
,,
ROI_34,221,3
,,
ROI_34,222,4
,,
ROI_34,223,1
,,
ROI_34,224,3
,,
ROI_34,225,0
,,
ROI_34,226,4
,,
ROI_34,227,0
,,
ROI_34,228,2
,,
ROI_34,229,2
,,
ROI_34,230,4
,,
ROI_34,231,2
,,
ROI_34,232,3
,,
ROI_34,233,0
,,
ROI_34,234,4
,,
ROI_34,235,1
,,
ROI_34,236,0
,,
ROI_34,237,1
,,
ROI_34,238,2
,,
ROI_34,239,0
,,
ROI_34,240,1
,,
ROI_34,241,2
,,
ROI_34,242,4
,,
ROI_34,243,1
,,
ROI_34,244,1
,,
ROI_34,245,2
,,
ROI_34,246,3
,,
ROI_34,247,0
,,
ROI_34,248,2
,,
ROI_34,249,1
,,
ROI_34,250,1
,,
ROI_34,251,1
,,
ROI_34,252,2
,,
ROI_34,253,0
,,
ROI_34,254,3
,,
ROI_34,255,271
,,
ROI_35,0,2069
,,
ROI_35,1,42
,,
ROI_35,2,14
,,
ROI_35,3,25
,,
ROI_35,4,12
,,
ROI_35,5,12
,,
ROI_35,6,19
,,
ROI_35,7,10
,,
ROI_35,8,15
,,
ROI_35,9,8
,,
ROI_35,10,6
,,
ROI_35,11,7
,,
ROI_35,12,6
,,
ROI_35,13,8
,,
ROI_35,14,5
,,
ROI_35,15,1
,,
ROI_35,16,7
,,
ROI_35,17,7
,,
ROI_35,18,5
,,
ROI_35,19,4
,,
ROI_35,20,3
,,
ROI_35,21,6
,,
ROI_35,22,3
,,
ROI_35,23,2
,,
ROI_35,24,4
,,
ROI_35,25,3
,,
ROI_35,26,3
,,
ROI_35,27,2
,,
ROI_35,28,1
,,
ROI_35,29,4
,,
ROI_35,30,2
,,
ROI_35,31,1
,,
ROI_35,32,3
,,
ROI_35,33,1
,,
ROI_35,34,4
,,
ROI_35,35,1
,,
ROI_35,36,1
,,
ROI_35,37,6
,,
ROI_35,38,1
,,
ROI_35,39,1
,,
ROI_35,40,2
,,
ROI_35,41,5
,,
ROI_35,42,3
,,
ROI_35,43,0
,,
ROI_35,44,2
,,
ROI_35,45,2
,,
ROI_35,46,1
,,
ROI_35,47,3
,,
ROI_35,48,1
,,
ROI_35,49,0
,,
ROI_35,50,1
,,
ROI_35,51,0
,,
ROI_35,52,0
,,
ROI_35,53,0
,,
ROI_35,54,1
,,
ROI_35,55,1
,,
ROI_35,56,3
,,
ROI_35,57,2
,,
ROI_35,58,1
,,
ROI_35,59,2
,,
ROI_35,60,1
,,
ROI_35,61,2
,,
ROI_35,62,1
,,
ROI_35,63,0
,,
ROI_35,64,2
,,
ROI_35,65,1
,,
ROI_35,66,2
,,
ROI_35,67,2
,,
ROI_35,68,0
,,
ROI_35,69,0
,,
ROI_35,70,1
,,
ROI_35,71,0
,,
ROI_35,72,3
,,
ROI_35,73,0
,,
ROI_35,74,0
,,
ROI_35,75,0
,,
ROI_35,76,1
,,
ROI_35,77,0
,,
ROI_35,78,4
,,
ROI_35,79,1
,,
ROI_35,80,1
,,
ROI_35,81,0
,,
ROI_35,82,0
,,
ROI_35,83,2
,,
ROI_35,84,0
,,
ROI_35,85,3
,,
ROI_35,86,0
,,
ROI_35,87,1
,,
ROI_35,88,0
,,
ROI_35,89,0
,,
ROI_35,90,1
,,
ROI_35,91,0
,,
ROI_35,92,2
,,
ROI_35,93,0
,,
ROI_35,94,0
,,
ROI_35,95,0
,,
ROI_35,96,0
,,
ROI_35,97,0
,,
ROI_35,98,1
,,
ROI_35,99,1
,,
ROI_35,100,1
,,
ROI_35,101,0
,,
ROI_35,102,0
,,
ROI_35,103,0
,,
ROI_35,104,2
,,
ROI_35,105,0
,,
ROI_35,106,0
,,
ROI_35,107,0
,,
ROI_35,108,1
,,
ROI_35,109,1
,,
ROI_35,110,0
,,
ROI_35,111,0
,,
ROI_35,112,0
,,
ROI_35,113,0
,,
ROI_35,114,1
,,
ROI_35,115,0
,,
ROI_35,116,0
,,
ROI_35,117,0
,,
ROI_35,118,0
,,
ROI_35,119,0
,,
ROI_35,120,1
,,
ROI_35,121,1
,,
ROI_35,122,1
,,
ROI_35,123,1
,,
ROI_35,124,0
,,
ROI_35,125,0
,,
ROI_35,126,0
,,
ROI_35,127,0
,,
ROI_35,128,0
,,
ROI_35,129,2
,,
ROI_35,130,1
,,
ROI_35,131,0
,,
ROI_35,132,0
,,
ROI_35,133,0
,,
ROI_35,134,1
,,
ROI_35,135,0
,,
ROI_35,136,0
,,
ROI_35,137,1
,,
ROI_35,138,1
,,
ROI_35,139,0
,,
ROI_35,140,0
,,
ROI_35,141,0
,,
ROI_35,142,0
,,
ROI_35,143,0
,,
ROI_35,144,1
,,
ROI_35,145,0
,,
ROI_35,146,0
,,
ROI_35,147,0
,,
ROI_35,148,0
,,
ROI_35,149,0
,,
ROI_35,150,0
,,
ROI_35,151,0
,,
ROI_35,152,0
,,
ROI_35,153,0
,,
ROI_35,154,1
,,
ROI_35,155,0
,,
ROI_35,156,0
,,
ROI_35,157,0
,,
ROI_35,158,1
,,
ROI_35,159,1
,,
ROI_35,160,0
,,
ROI_35,161,0
,,
ROI_35,162,0
,,
ROI_35,163,0
,,
ROI_35,164,0
,,
ROI_35,165,0
,,
ROI_35,166,0
,,
ROI_35,167,1
,,
ROI_35,168,0
,,
ROI_35,169,0
,,
ROI_35,170,0
,,
ROI_35,171,1
,,
ROI_35,172,0
,,
ROI_35,173,0
,,
ROI_35,174,0
,,
ROI_35,175,0
,,
ROI_35,176,0
,,
ROI_35,177,0
,,
ROI_35,178,0
,,
ROI_35,179,0
,,
ROI_35,180,0
,,
ROI_35,181,0
,,
ROI_35,182,0
,,
ROI_35,183,0
,,
ROI_35,184,0
,,
ROI_35,185,0
,,
ROI_35,186,0
,,
ROI_35,187,0
,,
ROI_35,188,0
,,
ROI_35,189,0
,,
ROI_35,190,1
,,
ROI_35,191,0
,,
ROI_35,192,0
,,
ROI_35,193,1
,,
ROI_35,194,1
,,
ROI_35,195,0
,,
ROI_35,196,0
,,
ROI_35,197,0
,,
ROI_35,198,0
,,
ROI_35,199,0
,,
ROI_35,200,0
,,
ROI_35,201,0
,,
ROI_35,202,0
,,
ROI_35,203,0
,,
ROI_35,204,1
,,
ROI_35,205,0
,,
ROI_35,206,0
,,
ROI_35,207,0
,,
ROI_35,208,0
,,
ROI_35,209,1
,,
ROI_35,210,0
,,
ROI_35,211,0
,,
ROI_35,212,0
,,
ROI_35,213,0
,,
ROI_35,214,0
,,
ROI_35,215,0
,,
ROI_35,216,0
,,
ROI_35,217,0
,,
ROI_35,218,0
,,
ROI_35,219,0
,,
ROI_35,220,0
,,
ROI_35,221,1
,,
ROI_35,222,0
,,
ROI_35,223,0
,,
ROI_35,224,0
,,
ROI_35,225,0
,,
ROI_35,226,0
,,
ROI_35,227,0
,,
ROI_35,228,0
,,
ROI_35,229,0
,,
ROI_35,230,0
,,
ROI_35,231,0
,,
ROI_35,232,0
,,
ROI_35,233,0
,,
ROI_35,234,0
,,
ROI_35,235,0
,,
ROI_35,236,0
,,
ROI_35,237,1
,,
ROI_35,238,0
,,
ROI_35,239,0
,,
ROI_35,240,0
,,
ROI_35,241,0
,,
ROI_35,242,0
,,
ROI_35,243,0
,,
ROI_35,244,0
,,
ROI_35,245,0
,,
ROI_35,246,0
,,
ROI_35,247,0
,,
ROI_35,248,0
,,
ROI_35,249,0
,,
ROI_35,250,0
,,
ROI_35,251,0
,,
ROI_35,252,0
,,
ROI_35,253,0
,,
ROI_35,254,0
,,
ROI_35,255,0
,,
ROI_36,0,12596
,,
ROI_36,1,132
,,
ROI_36,2,135
,,
ROI_36,3,81
,,
ROI_36,4,97
,,
ROI_36,5,72
,,
ROI_36,6,63
,,
ROI_36,7,51
,,
ROI_36,8,54
,,
ROI_36,9,64
,,
ROI_36,10,38
,,
ROI_36,11,35
,,
ROI_36,12,18
,,
ROI_36,13,23
,,
ROI_36,14,33
,,
ROI_36,15,24
,,
ROI_36,16,30
,,
ROI_36,17,19
,,
ROI_36,18,18
,,
ROI_36,19,26
,,
ROI_36,20,22
,,
ROI_36,21,21
,,
ROI_36,22,19
,,
ROI_36,23,8
,,
ROI_36,24,19
,,
ROI_36,25,16
,,
ROI_36,26,16
,,
ROI_36,27,10
,,
ROI_36,28,13
,,
ROI_36,29,10
,,
ROI_36,30,8
,,
ROI_36,31,13
,,
ROI_36,32,10
,,
ROI_36,33,3
,,
ROI_36,34,5
,,
ROI_36,35,18
,,
ROI_36,36,12
,,
ROI_36,37,7
,,
ROI_36,38,7
,,
ROI_36,39,12
,,
ROI_36,40,7
,,
ROI_36,41,16
,,
ROI_36,42,10
,,
ROI_36,43,7
,,
ROI_36,44,9
,,
ROI_36,45,8
,,
ROI_36,46,6
,,
ROI_36,47,5
,,
ROI_36,48,5
,,
ROI_36,49,4
,,
ROI_36,50,9
,,
ROI_36,51,5
,,
ROI_36,52,9
,,
ROI_36,53,4
,,
ROI_36,54,4
,,
ROI_36,55,5
,,
ROI_36,56,3
,,
ROI_36,57,2
,,
ROI_36,58,7
,,
ROI_36,59,4
,,
ROI_36,60,3
,,
ROI_36,61,3
,,
ROI_36,62,3
,,
ROI_36,63,5
,,
ROI_36,64,4
,,
ROI_36,65,5
,,
ROI_36,66,5
,,
ROI_36,67,4
,,
ROI_36,68,2
,,
ROI_36,69,2
,,
ROI_36,70,3
,,
ROI_36,71,2
,,
ROI_36,72,2
,,
ROI_36,73,3
,,
ROI_36,74,4
,,
ROI_36,75,3
,,
ROI_36,76,2
,,
ROI_36,77,1
,,
ROI_36,78,3
,,
ROI_36,79,7
,,
ROI_36,80,6
,,
ROI_36,81,3
,,
ROI_36,82,5
,,
ROI_36,83,3
,,
ROI_36,84,4
,,
ROI_36,85,2
,,
ROI_36,86,4
,,
ROI_36,87,3
,,
ROI_36,88,2
,,
ROI_36,89,3
,,
ROI_36,90,2
,,
ROI_36,91,2
,,
ROI_36,92,3
,,
ROI_36,93,4
,,
ROI_36,94,1
,,
ROI_36,95,1
,,
ROI_36,96,2
,,
ROI_36,97,2
,,
ROI_36,98,0
,,
ROI_36,99,1
,,
ROI_36,100,3
,,
ROI_36,101,2
,,
ROI_36,102,0
,,
ROI_36,103,3
,,
ROI_36,104,1
,,
ROI_36,105,2
,,
ROI_36,106,3
,,
ROI_36,107,0
,,
ROI_36,108,2
,,
ROI_36,109,2
,,
ROI_36,110,0
,,
ROI_36,111,3
,,
ROI_36,112,1
,,
ROI_36,113,0
,,
ROI_36,114,4
,,
ROI_36,115,1
,,
ROI_36,116,0
,,
ROI_36,117,2
,,
ROI_36,118,0
,,
ROI_36,119,1
,,
ROI_36,120,0
,,
ROI_36,121,0
,,
ROI_36,122,3
,,
ROI_36,123,1
,,
ROI_36,124,2
,,
ROI_36,125,0
,,
ROI_36,126,2
,,
ROI_36,127,1
,,
ROI_36,128,1
,,
ROI_36,129,1
,,
ROI_36,130,1
,,
ROI_36,131,0
,,
ROI_36,132,1
,,
ROI_36,133,0
,,
ROI_36,134,3
,,
ROI_36,135,0
,,
ROI_36,136,1
,,
ROI_36,137,0
,,
ROI_36,138,0
,,
ROI_36,139,0
,,
ROI_36,140,1
,,
ROI_36,141,0
,,
ROI_36,142,1
,,
ROI_36,143,1
,,
ROI_36,144,0
,,
ROI_36,145,0
,,
ROI_36,146,3
,,
ROI_36,147,0
,,
ROI_36,148,2
,,
ROI_36,149,1
,,
ROI_36,150,0
,,
ROI_36,151,0
,,
ROI_36,152,1
,,
ROI_36,153,0
,,
ROI_36,154,2
,,
ROI_36,155,0
,,
ROI_36,156,3
,,
ROI_36,157,0
,,
ROI_36,158,1
,,
ROI_36,159,0
,,
ROI_36,160,2
,,
ROI_36,161,1
,,
ROI_36,162,1
,,
ROI_36,163,0
,,
ROI_36,164,1
,,
ROI_36,165,1
,,
ROI_36,166,1
,,
ROI_36,167,1
,,
ROI_36,168,0
,,
ROI_36,169,0
,,
ROI_36,170,0
,,
ROI_36,171,0
,,
ROI_36,172,1
,,
ROI_36,173,3
,,
ROI_36,174,0
,,
ROI_36,175,1
,,
ROI_36,176,0
,,
ROI_36,177,1
,,
ROI_36,178,0
,,
ROI_36,179,0
,,
ROI_36,180,0
,,
ROI_36,181,1
,,
ROI_36,182,0
,,
ROI_36,183,1
,,
ROI_36,184,0
,,
ROI_36,185,0
,,
ROI_36,186,1
,,
ROI_36,187,0
,,
ROI_36,188,0
,,
ROI_36,189,0
,,
ROI_36,190,1
,,
ROI_36,191,0
,,
ROI_36,192,0
,,
ROI_36,193,1
,,
ROI_36,194,0
,,
ROI_36,195,0
,,
ROI_36,196,1
,,
ROI_36,197,0
,,
ROI_36,198,0
,,
ROI_36,199,0
,,
ROI_36,200,0
,,
ROI_36,201,0
,,
ROI_36,202,0
,,
ROI_36,203,0
,,
ROI_36,204,0
,,
ROI_36,205,0
,,
ROI_36,206,0
,,
ROI_36,207,1
,,
ROI_36,208,0
,,
ROI_36,209,0
,,
ROI_36,210,0
,,
ROI_36,211,0
,,
ROI_36,212,0
,,
ROI_36,213,3
,,
ROI_36,214,0
,,
ROI_36,215,0
,,
ROI_36,216,2
,,
ROI_36,217,1
,,
ROI_36,218,1
,,
ROI_36,219,1
,,
ROI_36,220,0
,,
ROI_36,221,0
,,
ROI_36,222,1
,,
ROI_36,223,0
,,
ROI_36,224,1
,,
ROI_36,225,0
,,
ROI_36,226,0
,,
ROI_36,227,0
,,
ROI_36,228,0
,,
ROI_36,229,0
,,
ROI_36,230,0
,,
ROI_36,231,0
,,
ROI_36,232,1
,,
ROI_36,233,0
,,
ROI_36,234,0
,,
ROI_36,235,0
,,
ROI_36,236,0
,,
ROI_36,237,1
,,
ROI_36,238,0
,,
ROI_36,239,1
,,
ROI_36,240,0
,,
ROI_36,241,1
,,
ROI_36,242,0
,,
ROI_36,243,1
,,
ROI_36,244,0
,,
ROI_36,245,0
,,
ROI_36,246,0
,,
ROI_36,247,0
,,
ROI_36,248,1
,,
ROI_36,249,0
,,
ROI_36,250,0
,,
ROI_36,251,0
,,
ROI_36,252,0
,,
ROI_36,253,0
,,
ROI_36,254,0
,,
ROI_36,255,35
,,
ROI_37,0,2171
,,
ROI_37,1,4
,,
ROI_37,2,1
,,
ROI_37,3,4
,,
ROI_37,4,1
,,
ROI_37,5,0
,,
ROI_37,6,2
,,
ROI_37,7,0
,,
ROI_37,8,1
,,
ROI_37,9,2
,,
ROI_37,10,0
,,
ROI_37,11,1
,,
ROI_37,12,0
,,
ROI_37,13,0
,,
ROI_37,14,0
,,
ROI_37,15,0
,,
ROI_37,16,0
,,
ROI_37,17,0
,,
ROI_37,18,0
,,
ROI_37,19,0
,,
ROI_37,20,0
,,
ROI_37,21,0
,,
ROI_37,22,0
,,
ROI_37,23,0
,,
ROI_37,24,0
,,
ROI_37,25,0
,,
ROI_37,26,0
,,
ROI_37,27,0
,,
ROI_37,28,0
,,
ROI_37,29,0
,,
ROI_37,30,0
,,
ROI_37,31,0
,,
ROI_37,32,0
,,
ROI_37,33,0
,,
ROI_37,34,0
,,
ROI_37,35,0
,,
ROI_37,36,0
,,
ROI_37,37,0
,,
ROI_37,38,0
,,
ROI_37,39,0
,,
ROI_37,40,0
,,
ROI_37,41,0
,,
ROI_37,42,0
,,
ROI_37,43,0
,,
ROI_37,44,0
,,
ROI_37,45,0
,,
ROI_37,46,0
,,
ROI_37,47,0
,,
ROI_37,48,0
,,
ROI_37,49,0
,,
ROI_37,50,0
,,
ROI_37,51,0
,,
ROI_37,52,0
,,
ROI_37,53,0
,,
ROI_37,54,0
,,
ROI_37,55,0
,,
ROI_37,56,0
,,
ROI_37,57,0
,,
ROI_37,58,0
,,
ROI_37,59,0
,,
ROI_37,60,0
,,
ROI_37,61,0
,,
ROI_37,62,0
,,
ROI_37,63,0
,,
ROI_37,64,0
,,
ROI_37,65,0
,,
ROI_37,66,0
,,
ROI_37,67,0
,,
ROI_37,68,0
,,
ROI_37,69,0
,,
ROI_37,70,0
,,
ROI_37,71,0
,,
ROI_37,72,0
,,
ROI_37,73,0
,,
ROI_37,74,0
,,
ROI_37,75,0
,,
ROI_37,76,0
,,
ROI_37,77,0
,,
ROI_37,78,0
,,
ROI_37,79,0
,,
ROI_37,80,0
,,
ROI_37,81,0
,,
ROI_37,82,0
,,
ROI_37,83,0
,,
ROI_37,84,0
,,
ROI_37,85,0
,,
ROI_37,86,0
,,
ROI_37,87,0
,,
ROI_37,88,0
,,
ROI_37,89,0
,,
ROI_37,90,0
,,
ROI_37,91,0
,,
ROI_37,92,0
,,
ROI_37,93,0
,,
ROI_37,94,0
,,
ROI_37,95,0
,,
ROI_37,96,0
,,
ROI_37,97,0
,,
ROI_37,98,0
,,
ROI_37,99,0
,,
ROI_37,100,0
,,
ROI_37,101,0
,,
ROI_37,102,0
,,
ROI_37,103,0
,,
ROI_37,104,0
,,
ROI_37,105,0
,,
ROI_37,106,0
,,
ROI_37,107,0
,,
ROI_37,108,0
,,
ROI_37,109,0
,,
ROI_37,110,0
,,
ROI_37,111,0
,,
ROI_37,112,0
,,
ROI_37,113,0
,,
ROI_37,114,0
,,
ROI_37,115,0
,,
ROI_37,116,0
,,
ROI_37,117,0
,,
ROI_37,118,0
,,
ROI_37,119,0
,,
ROI_37,120,0
,,
ROI_37,121,0
,,
ROI_37,122,0
,,
ROI_37,123,0
,,
ROI_37,124,0
,,
ROI_37,125,0
,,
ROI_37,126,0
,,
ROI_37,127,0
,,
ROI_37,128,0
,,
ROI_37,129,0
,,
ROI_37,130,0
,,
ROI_37,131,0
,,
ROI_37,132,0
,,
ROI_37,133,0
,,
ROI_37,134,0
,,
ROI_37,135,0
,,
ROI_37,136,0
,,
ROI_37,137,0
,,
ROI_37,138,0
,,
ROI_37,139,0
,,
ROI_37,140,0
,,
ROI_37,141,0
,,
ROI_37,142,0
,,
ROI_37,143,0
,,
ROI_37,144,0
,,
ROI_37,145,0
,,
ROI_37,146,0
,,
ROI_37,147,0
,,
ROI_37,148,0
,,
ROI_37,149,0
,,
ROI_37,150,0
,,
ROI_37,151,0
,,
ROI_37,152,0
,,
ROI_37,153,0
,,
ROI_37,154,0
,,
ROI_37,155,0
,,
ROI_37,156,0
,,
ROI_37,157,0
,,
ROI_37,158,0
,,
ROI_37,159,0
,,
ROI_37,160,0
,,
ROI_37,161,0
,,
ROI_37,162,0
,,
ROI_37,163,0
,,
ROI_37,164,0
,,
ROI_37,165,0
,,
ROI_37,166,0
,,
ROI_37,167,0
,,
ROI_37,168,0
,,
ROI_37,169,0
,,
ROI_37,170,0
,,
ROI_37,171,0
,,
ROI_37,172,0
,,
ROI_37,173,0
,,
ROI_37,174,0
,,
ROI_37,175,0
,,
ROI_37,176,0
,,
ROI_37,177,0
,,
ROI_37,178,0
,,
ROI_37,179,0
,,
ROI_37,180,0
,,
ROI_37,181,0
,,
ROI_37,182,0
,,
ROI_37,183,0
,,
ROI_37,184,0
,,
ROI_37,185,0
,,
ROI_37,186,0
,,
ROI_37,187,0
,,
ROI_37,188,0
,,
ROI_37,189,0
,,
ROI_37,190,0
,,
ROI_37,191,0
,,
ROI_37,192,0
,,
ROI_37,193,0
,,
ROI_37,194,0
,,
ROI_37,195,0
,,
ROI_37,196,0
,,
ROI_37,197,0
,,
ROI_37,198,0
,,
ROI_37,199,0
,,
ROI_37,200,0
,,
ROI_37,201,0
,,
ROI_37,202,0
,,
ROI_37,203,0
,,
ROI_37,204,0
,,
ROI_37,205,0
,,
ROI_37,206,0
,,
ROI_37,207,0
,,
ROI_37,208,0
,,
ROI_37,209,0
,,
ROI_37,210,0
,,
ROI_37,211,0
,,
ROI_37,212,0
,,
ROI_37,213,0
,,
ROI_37,214,0
,,
ROI_37,215,0
,,
ROI_37,216,0
,,
ROI_37,217,0
,,
ROI_37,218,0
,,
ROI_37,219,0
,,
ROI_37,220,0
,,
ROI_37,221,0
,,
ROI_37,222,0
,,
ROI_37,223,0
,,
ROI_37,224,0
,,
ROI_37,225,0
,,
ROI_37,226,0
,,
ROI_37,227,0
,,
ROI_37,228,0
,,
ROI_37,229,0
,,
ROI_37,230,0
,,
ROI_37,231,0
,,
ROI_37,232,0
,,
ROI_37,233,0
,,
ROI_37,234,0
,,
ROI_37,235,0
,,
ROI_37,236,0
,,
ROI_37,237,0
,,
ROI_37,238,0
,,
ROI_37,239,0
,,
ROI_37,240,0
,,
ROI_37,241,0
,,
ROI_37,242,0
,,
ROI_37,243,0
,,
ROI_37,244,0
,,
ROI_37,245,0
,,
ROI_37,246,0
,,
ROI_37,247,0
,,
ROI_37,248,0
,,
ROI_37,249,0
,,
ROI_37,250,0
,,
ROI_37,251,0
,,
ROI_37,252,0
,,
ROI_37,253,0
,,
ROI_37,254,0
,,
ROI_37,255,0
,,
ROI_38,0,8868
,,
ROI_38,1,171
,,
ROI_38,2,149
,,
ROI_38,3,143
,,
ROI_38,4,155
,,
ROI_38,5,122
,,
ROI_38,6,113
,,
ROI_38,7,116
,,
ROI_38,8,92
,,
ROI_38,9,66
,,
ROI_38,10,88
,,
ROI_38,11,73
,,
ROI_38,12,62
,,
ROI_38,13,74
,,
ROI_38,14,73
,,
ROI_38,15,71
,,
ROI_38,16,78
,,
ROI_38,17,60
,,
ROI_38,18,82
,,
ROI_38,19,55
,,
ROI_38,20,60
,,
ROI_38,21,67
,,
ROI_38,22,57
,,
ROI_38,23,55
,,
ROI_38,24,54
,,
ROI_38,25,60
,,
ROI_38,26,49
,,
ROI_38,27,42
,,
ROI_38,28,51
,,
ROI_38,29,49
,,
ROI_38,30,41
,,
ROI_38,31,38
,,
ROI_38,32,38
,,
ROI_38,33,31
,,
ROI_38,34,33
,,
ROI_38,35,34
,,
ROI_38,36,36
,,
ROI_38,37,29
,,
ROI_38,38,28
,,
ROI_38,39,32
,,
ROI_38,40,24
,,
ROI_38,41,27
,,
ROI_38,42,21
,,
ROI_38,43,39
,,
ROI_38,44,21
,,
ROI_38,45,18
,,
ROI_38,46,28
,,
ROI_38,47,26
,,
ROI_38,48,29
,,
ROI_38,49,25
,,
ROI_38,50,24
,,
ROI_38,51,20
,,
ROI_38,52,18
,,
ROI_38,53,14
,,
ROI_38,54,17
,,
ROI_38,55,18
,,
ROI_38,56,17
,,
ROI_38,57,20
,,
ROI_38,58,8
,,
ROI_38,59,14
,,
ROI_38,60,11
,,
ROI_38,61,14
,,
ROI_38,62,21
,,
ROI_38,63,13
,,
ROI_38,64,13
,,
ROI_38,65,8
,,
ROI_38,66,14
,,
ROI_38,67,10
,,
ROI_38,68,13
,,
ROI_38,69,15
,,
ROI_38,70,10
,,
ROI_38,71,13
,,
ROI_38,72,6
,,
ROI_38,73,11
,,
ROI_38,74,2
,,
ROI_38,75,10
,,
ROI_38,76,11
,,
ROI_38,77,20
,,
ROI_38,78,7
,,
ROI_38,79,9
,,
ROI_38,80,11
,,
ROI_38,81,3
,,
ROI_38,82,7
,,
ROI_38,83,8
,,
ROI_38,84,7
,,
ROI_38,85,7
,,
ROI_38,86,6
,,
ROI_38,87,4
,,
ROI_38,88,14
,,
ROI_38,89,7
,,
ROI_38,90,5
,,
ROI_38,91,9
,,
ROI_38,92,5
,,
ROI_38,93,10
,,
ROI_38,94,11
,,
ROI_38,95,6
,,
ROI_38,96,6
,,
ROI_38,97,9
,,
ROI_38,98,7
,,
ROI_38,99,5
,,
ROI_38,100,5
,,
ROI_38,101,8
,,
ROI_38,102,6
,,
ROI_38,103,3
,,
ROI_38,104,6
,,
ROI_38,105,4
,,
ROI_38,106,8
,,
ROI_38,107,3
,,
ROI_38,108,10
,,
ROI_38,109,2
,,
ROI_38,110,4
,,
ROI_38,111,9
,,
ROI_38,112,6
,,
ROI_38,113,1
,,
ROI_38,114,2
,,
ROI_38,115,10
,,
ROI_38,116,8
,,
ROI_38,117,4
,,
ROI_38,118,7
,,
ROI_38,119,6
,,
ROI_38,120,1
,,
ROI_38,121,2
,,
ROI_38,122,3
,,
ROI_38,123,5
,,
ROI_38,124,9
,,
ROI_38,125,4
,,
ROI_38,126,7
,,
ROI_38,127,7
,,
ROI_38,128,5
,,
ROI_38,129,3
,,
ROI_38,130,0
,,
ROI_38,131,2
,,
ROI_38,132,5
,,
ROI_38,133,3
,,
ROI_38,134,5
,,
ROI_38,135,6
,,
ROI_38,136,5
,,
ROI_38,137,2
,,
ROI_38,138,4
,,
ROI_38,139,6
,,
ROI_38,140,1
,,
ROI_38,141,7
,,
ROI_38,142,4
,,
ROI_38,143,5
,,
ROI_38,144,4
,,
ROI_38,145,3
,,
ROI_38,146,3
,,
ROI_38,147,3
,,
ROI_38,148,5
,,
ROI_38,149,5
,,
ROI_38,150,4
,,
ROI_38,151,0
,,
ROI_38,152,3
,,
ROI_38,153,1
,,
ROI_38,154,4
,,
ROI_38,155,3
,,
ROI_38,156,2
,,
ROI_38,157,3
,,
ROI_38,158,2
,,
ROI_38,159,2
,,
ROI_38,160,5
,,
ROI_38,161,3
,,
ROI_38,162,2
,,
ROI_38,163,1
,,
ROI_38,164,4
,,
ROI_38,165,1
,,
ROI_38,166,3
,,
ROI_38,167,2
,,
ROI_38,168,3
,,
ROI_38,169,2
,,
ROI_38,170,3
,,
ROI_38,171,2
,,
ROI_38,172,1
,,
ROI_38,173,1
,,
ROI_38,174,3
,,
ROI_38,175,3
,,
ROI_38,176,0
,,
ROI_38,177,2
,,
ROI_38,178,2
,,
ROI_38,179,2
,,
ROI_38,180,0
,,
ROI_38,181,4
,,
ROI_38,182,2
,,
ROI_38,183,2
,,
ROI_38,184,2
,,
ROI_38,185,3
,,
ROI_38,186,1
,,
ROI_38,187,3
,,
ROI_38,188,4
,,
ROI_38,189,5
,,
ROI_38,190,1
,,
ROI_38,191,2
,,
ROI_38,192,4
,,
ROI_38,193,3
,,
ROI_38,194,2
,,
ROI_38,195,8
,,
ROI_38,196,3
,,
ROI_38,197,1
,,
ROI_38,198,1
,,
ROI_38,199,0
,,
ROI_38,200,4
,,
ROI_38,201,2
,,
ROI_38,202,2
,,
ROI_38,203,1
,,
ROI_38,204,0
,,
ROI_38,205,2
,,
ROI_38,206,2
,,
ROI_38,207,1
,,
ROI_38,208,2
,,
ROI_38,209,0
,,
ROI_38,210,2
,,
ROI_38,211,4
,,
ROI_38,212,1
,,
ROI_38,213,1
,,
ROI_38,214,4
,,
ROI_38,215,1
,,
ROI_38,216,1
,,
ROI_38,217,1
,,
ROI_38,218,1
,,
ROI_38,219,2
,,
ROI_38,220,0
,,
ROI_38,221,2
,,
ROI_38,222,1
,,
ROI_38,223,0
,,
ROI_38,224,4
,,
ROI_38,225,3
,,
ROI_38,226,1
,,
ROI_38,227,1
,,
ROI_38,228,1
,,
ROI_38,229,1
,,
ROI_38,230,0
,,
ROI_38,231,0
,,
ROI_38,232,0
,,
ROI_38,233,1
,,
ROI_38,234,5
,,
ROI_38,235,3
,,
ROI_38,236,3
,,
ROI_38,237,0
,,
ROI_38,238,1
,,
ROI_38,239,4
,,
ROI_38,240,0
,,
ROI_38,241,1
,,
ROI_38,242,4
,,
ROI_38,243,2
,,
ROI_38,244,1
,,
ROI_38,245,1
,,
ROI_38,246,3
,,
ROI_38,247,0
,,
ROI_38,248,3
,,
ROI_38,249,2
,,
ROI_38,250,2
,,
ROI_38,251,0
,,
ROI_38,252,0
,,
ROI_38,253,2
,,
ROI_38,254,1
,,
ROI_38,255,128
,,
ROI_39,0,5347
,,
ROI_39,1,145
,,
ROI_39,2,117
,,
ROI_39,3,84
,,
ROI_39,4,88
,,
ROI_39,5,65
,,
ROI_39,6,73
,,
ROI_39,7,58
,,
ROI_39,8,43
,,
ROI_39,9,49
,,
ROI_39,10,52
,,
ROI_39,11,36
,,
ROI_39,12,35
,,
ROI_39,13,25
,,
ROI_39,14,30
,,
ROI_39,15,27
,,
ROI_39,16,26
,,
ROI_39,17,29
,,
ROI_39,18,21
,,
ROI_39,19,15
,,
ROI_39,20,22
,,
ROI_39,21,18
,,
ROI_39,22,18
,,
ROI_39,23,11
,,
ROI_39,24,14
,,
ROI_39,25,18
,,
ROI_39,26,14
,,
ROI_39,27,13
,,
ROI_39,28,13
,,
ROI_39,29,12
,,
ROI_39,30,12
,,
ROI_39,31,11
,,
ROI_39,32,12
,,
ROI_39,33,8
,,
ROI_39,34,7
,,
ROI_39,35,12
,,
ROI_39,36,5
,,
ROI_39,37,5
,,
ROI_39,38,9
,,
ROI_39,39,4
,,
ROI_39,40,7
,,
ROI_39,41,3
,,
ROI_39,42,12
,,
ROI_39,43,5
,,
ROI_39,44,4
,,
ROI_39,45,12
,,
ROI_39,46,11
,,
ROI_39,47,11
,,
ROI_39,48,6
,,
ROI_39,49,5
,,
ROI_39,50,4
,,
ROI_39,51,6
,,
ROI_39,52,3
,,
ROI_39,53,4
,,
ROI_39,54,2
,,
ROI_39,55,8
,,
ROI_39,56,3
,,
ROI_39,57,4
,,
ROI_39,58,8
,,
ROI_39,59,4
,,
ROI_39,60,6
,,
ROI_39,61,2
,,
ROI_39,62,4
,,
ROI_39,63,2
,,
ROI_39,64,2
,,
ROI_39,65,3
,,
ROI_39,66,1
,,
ROI_39,67,4
,,
ROI_39,68,0
,,
ROI_39,69,3
,,
ROI_39,70,1
,,
ROI_39,71,3
,,
ROI_39,72,6
,,
ROI_39,73,3
,,
ROI_39,74,7
,,
ROI_39,75,4
,,
ROI_39,76,0
,,
ROI_39,77,9
,,
ROI_39,78,4
,,
ROI_39,79,1
,,
ROI_39,80,2
,,
ROI_39,81,0
,,
ROI_39,82,1
,,
ROI_39,83,2
,,
ROI_39,84,1
,,
ROI_39,85,3
,,
ROI_39,86,4
,,
ROI_39,87,0
,,
ROI_39,88,1
,,
ROI_39,89,2
,,
ROI_39,90,1
,,
ROI_39,91,2
,,
ROI_39,92,4
,,
ROI_39,93,2
,,
ROI_39,94,5
,,
ROI_39,95,1
,,
ROI_39,96,0
,,
ROI_39,97,2
,,
ROI_39,98,3
,,
ROI_39,99,1
,,
ROI_39,100,1
,,
ROI_39,101,2
,,
ROI_39,102,1
,,
ROI_39,103,0
,,
ROI_39,104,3
,,
ROI_39,105,1
,,
ROI_39,106,3
,,
ROI_39,107,1
,,
ROI_39,108,1
,,
ROI_39,109,1
,,
ROI_39,110,1
,,
ROI_39,111,0
,,
ROI_39,112,2
,,
ROI_39,113,0
,,
ROI_39,114,1
,,
ROI_39,115,1
,,
ROI_39,116,2
,,
ROI_39,117,0
,,
ROI_39,118,1
,,
ROI_39,119,0
,,
ROI_39,120,2
,,
ROI_39,121,1
,,
ROI_39,122,0
,,
ROI_39,123,1
,,
ROI_39,124,2
,,
ROI_39,125,0
,,
ROI_39,126,0
,,
ROI_39,127,0
,,
ROI_39,128,0
,,
ROI_39,129,1
,,
ROI_39,130,0
,,
ROI_39,131,1
,,
ROI_39,132,0
,,
ROI_39,133,1
,,
ROI_39,134,1
,,
ROI_39,135,0
,,
ROI_39,136,1
,,
ROI_39,137,2
,,
ROI_39,138,1
,,
ROI_39,139,0
,,
ROI_39,140,1
,,
ROI_39,141,2
,,
ROI_39,142,1
,,
ROI_39,143,0
,,
ROI_39,144,2
,,
ROI_39,145,1
,,
ROI_39,146,0
,,
ROI_39,147,0
,,
ROI_39,148,0
,,
ROI_39,149,0
,,
ROI_39,150,0
,,
ROI_39,151,0
,,
ROI_39,152,0
,,
ROI_39,153,0
,,
ROI_39,154,1
,,
ROI_39,155,0
,,
ROI_39,156,0
,,
ROI_39,157,1
,,
ROI_39,158,0
,,
ROI_39,159,0
,,
ROI_39,160,1
,,
ROI_39,161,1
,,
ROI_39,162,0
,,
ROI_39,163,2
,,
ROI_39,164,0
,,
ROI_39,165,1
,,
ROI_39,166,1
,,
ROI_39,167,0
,,
ROI_39,168,3
,,
ROI_39,169,0
,,
ROI_39,170,0
,,
ROI_39,171,0
,,
ROI_39,172,0
,,
ROI_39,173,0
,,
ROI_39,174,0
,,
ROI_39,175,0
,,
ROI_39,176,0
,,
ROI_39,177,1
,,
ROI_39,178,1
,,
ROI_39,179,0
,,
ROI_39,180,0
,,
ROI_39,181,1
,,
ROI_39,182,0
,,
ROI_39,183,0
,,
ROI_39,184,1
,,
ROI_39,185,0
,,
ROI_39,186,0
,,
ROI_39,187,1
,,
ROI_39,188,1
,,
ROI_39,189,0
,,
ROI_39,190,1
,,
ROI_39,191,1
,,
ROI_39,192,0
,,
ROI_39,193,1
,,
ROI_39,194,1
,,
ROI_39,195,0
,,
ROI_39,196,1
,,
ROI_39,197,1
,,
ROI_39,198,1
,,
ROI_39,199,0
,,
ROI_39,200,0
,,
ROI_39,201,2
,,
ROI_39,202,0
,,
ROI_39,203,0
,,
ROI_39,204,0
,,
ROI_39,205,0
,,
ROI_39,206,0
,,
ROI_39,207,0
,,
ROI_39,208,0
,,
ROI_39,209,0
,,
ROI_39,210,0
,,
ROI_39,211,1
,,
ROI_39,212,0
,,
ROI_39,213,0
,,
ROI_39,214,1
,,
ROI_39,215,0
,,
ROI_39,216,0
,,
ROI_39,217,0
,,
ROI_39,218,0
,,
ROI_39,219,0
,,
ROI_39,220,0
,,
ROI_39,221,0
,,
ROI_39,222,0
,,
ROI_39,223,0
,,
ROI_39,224,0
,,
ROI_39,225,0
,,
ROI_39,226,0
,,
ROI_39,227,0
,,
ROI_39,228,0
,,
ROI_39,229,0
,,
ROI_39,230,0
,,
ROI_39,231,0
,,
ROI_39,232,0
,,
ROI_39,233,1
,,
ROI_39,234,0
,,
ROI_39,235,0
,,
ROI_39,236,0
,,
ROI_39,237,0
,,
ROI_39,238,0
,,
ROI_39,239,1
,,
ROI_39,240,2
,,
ROI_39,241,0
,,
ROI_39,242,0
,,
ROI_39,243,0
,,
ROI_39,244,0
,,
ROI_39,245,0
,,
ROI_39,246,0
,,
ROI_39,247,0
,,
ROI_39,248,0
,,
ROI_39,249,2
,,
ROI_39,250,0
,,
ROI_39,251,0
,,
ROI_39,252,0
,,
ROI_39,253,0
,,
ROI_39,254,0
,,
ROI_39,255,27
,,
ROI_40,0,10620
,,
ROI_40,1,412
,,
ROI_40,2,335
,,
ROI_40,3,302
,,
ROI_40,4,280
,,
ROI_40,5,228
,,
ROI_40,6,169
,,
ROI_40,7,194
,,
ROI_40,8,176
,,
ROI_40,9,140
,,
ROI_40,10,158
,,
ROI_40,11,129
,,
ROI_40,12,139
,,
ROI_40,13,124
,,
ROI_40,14,116
,,
ROI_40,15,94
,,
ROI_40,16,107
,,
ROI_40,17,96
,,
ROI_40,18,118
,,
ROI_40,19,86
,,
ROI_40,20,103
,,
ROI_40,21,80
,,
ROI_40,22,85
,,
ROI_40,23,81
,,
ROI_40,24,82
,,
ROI_40,25,77
,,
ROI_40,26,87
,,
ROI_40,27,60
,,
ROI_40,28,64
,,
ROI_40,29,75
,,
ROI_40,30,62
,,
ROI_40,31,64
,,
ROI_40,32,67
,,
ROI_40,33,69
,,
ROI_40,34,60
,,
ROI_40,35,52
,,
ROI_40,36,63
,,
ROI_40,37,59
,,
ROI_40,38,56
,,
ROI_40,39,52
,,
ROI_40,40,53
,,
ROI_40,41,49
,,
ROI_40,42,49
,,
ROI_40,43,56
,,
ROI_40,44,55
,,
ROI_40,45,46
,,
ROI_40,46,54
,,
ROI_40,47,63
,,
ROI_40,48,47
,,
ROI_40,49,46
,,
ROI_40,50,31
,,
ROI_40,51,45
,,
ROI_40,52,45
,,
ROI_40,53,42
,,
ROI_40,54,44
,,
ROI_40,55,47
,,
ROI_40,56,48
,,
ROI_40,57,47
,,
ROI_40,58,43
,,
ROI_40,59,31
,,
ROI_40,60,32
,,
ROI_40,61,37
,,
ROI_40,62,39
,,
ROI_40,63,43
,,
ROI_40,64,39
,,
ROI_40,65,31
,,
ROI_40,66,33
,,
ROI_40,67,42
,,
ROI_40,68,35
,,
ROI_40,69,51
,,
ROI_40,70,42
,,
ROI_40,71,41
,,
ROI_40,72,37
,,
ROI_40,73,37
,,
ROI_40,74,29
,,
ROI_40,75,34
,,
ROI_40,76,27
,,
ROI_40,77,31
,,
ROI_40,78,40
,,
ROI_40,79,37
,,
ROI_40,80,28
,,
ROI_40,81,37
,,
ROI_40,82,34
,,
ROI_40,83,28
,,
ROI_40,84,29
,,
ROI_40,85,23
,,
ROI_40,86,38
,,
ROI_40,87,32
,,
ROI_40,88,23
,,
ROI_40,89,29
,,
ROI_40,90,28
,,
ROI_40,91,29
,,
ROI_40,92,17
,,
ROI_40,93,25
,,
ROI_40,94,31
,,
ROI_40,95,27
,,
ROI_40,96,26
,,
ROI_40,97,29
,,
ROI_40,98,37
,,
ROI_40,99,29
,,
ROI_40,100,31
,,
ROI_40,101,23
,,
ROI_40,102,44
,,
ROI_40,103,17
,,
ROI_40,104,22
,,
ROI_40,105,26
,,
ROI_40,106,31
,,
ROI_40,107,20
,,
ROI_40,108,28
,,
ROI_40,109,27
,,
ROI_40,110,23
,,
ROI_40,111,16
,,
ROI_40,112,27
,,
ROI_40,113,19
,,
ROI_40,114,22
,,
ROI_40,115,23
,,
ROI_40,116,21
,,
ROI_40,117,16
,,
ROI_40,118,26
,,
ROI_40,119,18
,,
ROI_40,120,17
,,
ROI_40,121,24
,,
ROI_40,122,24
,,
ROI_40,123,11
,,
ROI_40,124,19
,,
ROI_40,125,21
,,
ROI_40,126,19
,,
ROI_40,127,15
,,
ROI_40,128,20
,,
ROI_40,129,22
,,
ROI_40,130,22
,,
ROI_40,131,16
,,
ROI_40,132,23
,,
ROI_40,133,18
,,
ROI_40,134,10
,,
ROI_40,135,19
,,
ROI_40,136,21
,,
ROI_40,137,22
,,
ROI_40,138,21
,,
ROI_40,139,15
,,
ROI_40,140,17
,,
ROI_40,141,10
,,
ROI_40,142,33
,,
ROI_40,143,15
,,
ROI_40,144,22
,,
ROI_40,145,21
,,
ROI_40,146,18
,,
ROI_40,147,15
,,
ROI_40,148,16
,,
ROI_40,149,11
,,
ROI_40,150,24
,,
ROI_40,151,15
,,
ROI_40,152,16
,,
ROI_40,153,9
,,
ROI_40,154,14
,,
ROI_40,155,12
,,
ROI_40,156,18
,,
ROI_40,157,17
,,
ROI_40,158,11
,,
ROI_40,159,15
,,
ROI_40,160,15
,,
ROI_40,161,8
,,
ROI_40,162,5
,,
ROI_40,163,14
,,
ROI_40,164,11
,,
ROI_40,165,8
,,
ROI_40,166,17
,,
ROI_40,167,15
,,
ROI_40,168,12
,,
ROI_40,169,10
,,
ROI_40,170,21
,,
ROI_40,171,8
,,
ROI_40,172,15
,,
ROI_40,173,13
,,
ROI_40,174,10
,,
ROI_40,175,8
,,
ROI_40,176,13
,,
ROI_40,177,14
,,
ROI_40,178,9
,,
ROI_40,179,16
,,
ROI_40,180,10
,,
ROI_40,181,8
,,
ROI_40,182,13
,,
ROI_40,183,8
,,
ROI_40,184,7
,,
ROI_40,185,9
,,
ROI_40,186,7
,,
ROI_40,187,18
,,
ROI_40,188,15
,,
ROI_40,189,18
,,
ROI_40,190,16
,,
ROI_40,191,21
,,
ROI_40,192,23
,,
ROI_40,193,19
,,
ROI_40,194,12
,,
ROI_40,195,16
,,
ROI_40,196,10
,,
ROI_40,197,7
,,
ROI_40,198,15
,,
ROI_40,199,8
,,
ROI_40,200,9
,,
ROI_40,201,12
,,
ROI_40,202,7
,,
ROI_40,203,6
,,
ROI_40,204,9
,,
ROI_40,205,9
,,
ROI_40,206,14
,,
ROI_40,207,6
,,
ROI_40,208,7
,,
ROI_40,209,14
,,
ROI_40,210,4
,,
ROI_40,211,10
,,
ROI_40,212,8
,,
ROI_40,213,10
,,
ROI_40,214,15
,,
ROI_40,215,15
,,
ROI_40,216,5
,,
ROI_40,217,6
,,
ROI_40,218,10
,,
ROI_40,219,12
,,
ROI_40,220,3
,,
ROI_40,221,4
,,
ROI_40,222,8
,,
ROI_40,223,10
,,
ROI_40,224,5
,,
ROI_40,225,4
,,
ROI_40,226,11
,,
ROI_40,227,7
,,
ROI_40,228,5
,,
ROI_40,229,9
,,
ROI_40,230,12
,,
ROI_40,231,5
,,
ROI_40,232,6
,,
ROI_40,233,10
,,
ROI_40,234,4
,,
ROI_40,235,7
,,
ROI_40,236,5
,,
ROI_40,237,3
,,
ROI_40,238,3
,,
ROI_40,239,5
,,
ROI_40,240,7
,,
ROI_40,241,3
,,
ROI_40,242,4
,,
ROI_40,243,6
,,
ROI_40,244,11
,,
ROI_40,245,4
,,
ROI_40,246,6
,,
ROI_40,247,10
,,
ROI_40,248,4
,,
ROI_40,249,6
,,
ROI_40,250,8
,,
ROI_40,251,4
,,
ROI_40,252,3
,,
ROI_40,253,11
,,
ROI_40,254,5
,,
ROI_40,255,720
,,
ROI_41,0,951
,,
ROI_41,1,85
,,
ROI_41,2,64
,,
ROI_41,3,68
,,
ROI_41,4,52
,,
ROI_41,5,65
,,
ROI_41,6,55
,,
ROI_41,7,40
,,
ROI_41,8,61
,,
ROI_41,9,72
,,
ROI_41,10,53
,,
ROI_41,11,40
,,
ROI_41,12,64
,,
ROI_41,13,43
,,
ROI_41,14,43
,,
ROI_41,15,47
,,
ROI_41,16,41
,,
ROI_41,17,51
,,
ROI_41,18,33
,,
ROI_41,19,39
,,
ROI_41,20,43
,,
ROI_41,21,34
,,
ROI_41,22,43
,,
ROI_41,23,21
,,
ROI_41,24,32
,,
ROI_41,25,23
,,
ROI_41,26,32
,,
ROI_41,27,38
,,
ROI_41,28,25
,,
ROI_41,29,34
,,
ROI_41,30,20
,,
ROI_41,31,16
,,
ROI_41,32,24
,,
ROI_41,33,26
,,
ROI_41,34,31
,,
ROI_41,35,20
,,
ROI_41,36,24
,,
ROI_41,37,30
,,
ROI_41,38,23
,,
ROI_41,39,24
,,
ROI_41,40,24
,,
ROI_41,41,14
,,
ROI_41,42,12
,,
ROI_41,43,17
,,
ROI_41,44,23
,,
ROI_41,45,14
,,
ROI_41,46,23
,,
ROI_41,47,17
,,
ROI_41,48,14
,,
ROI_41,49,18
,,
ROI_41,50,23
,,
ROI_41,51,16
,,
ROI_41,52,14
,,
ROI_41,53,20
,,
ROI_41,54,20
,,
ROI_41,55,22
,,
ROI_41,56,21
,,
ROI_41,57,15
,,
ROI_41,58,11
,,
ROI_41,59,23
,,
ROI_41,60,19
,,
ROI_41,61,17
,,
ROI_41,62,6
,,
ROI_41,63,10
,,
ROI_41,64,18
,,
ROI_41,65,8
,,
ROI_41,66,10
,,
ROI_41,67,16
,,
ROI_41,68,10
,,
ROI_41,69,6
,,
ROI_41,70,11
,,
ROI_41,71,15
,,
ROI_41,72,13
,,
ROI_41,73,18
,,
ROI_41,74,11
,,
ROI_41,75,8
,,
ROI_41,76,13
,,
ROI_41,77,12
,,
ROI_41,78,8
,,
ROI_41,79,8
,,
ROI_41,80,14
,,
ROI_41,81,17
,,
ROI_41,82,18
,,
ROI_41,83,9
,,
ROI_41,84,15
,,
ROI_41,85,15
,,
ROI_41,86,12
,,
ROI_41,87,10
,,
ROI_41,88,13
,,
ROI_41,89,13
,,
ROI_41,90,15
,,
ROI_41,91,9
,,
ROI_41,92,12
,,
ROI_41,93,14
,,
ROI_41,94,5
,,
ROI_41,95,12
,,
ROI_41,96,14
,,
ROI_41,97,4
,,
ROI_41,98,7
,,
ROI_41,99,7
,,
ROI_41,100,5
,,
ROI_41,101,11
,,
ROI_41,102,10
,,
ROI_41,103,11
,,
ROI_41,104,9
,,
ROI_41,105,7
,,
ROI_41,106,8
,,
ROI_41,107,10
,,
ROI_41,108,9
,,
ROI_41,109,9
,,
ROI_41,110,16
,,
ROI_41,111,14
,,
ROI_41,112,10
,,
ROI_41,113,5
,,
ROI_41,114,11
,,
ROI_41,115,9
,,
ROI_41,116,4
,,
ROI_41,117,13
,,
ROI_41,118,11
,,
ROI_41,119,13
,,
ROI_41,120,7
,,
ROI_41,121,7
,,
ROI_41,122,12
,,
ROI_41,123,5
,,
ROI_41,124,8
,,
ROI_41,125,9
,,
ROI_41,126,6
,,
ROI_41,127,5
,,
ROI_41,128,12
,,
ROI_41,129,3
,,
ROI_41,130,4
,,
ROI_41,131,9
,,
ROI_41,132,5
,,
ROI_41,133,5
,,
ROI_41,134,3
,,
ROI_41,135,8
,,
ROI_41,136,11
,,
ROI_41,137,5
,,
ROI_41,138,7
,,
ROI_41,139,6
,,
ROI_41,140,9
,,
ROI_41,141,5
,,
ROI_41,142,10
,,
ROI_41,143,6
,,
ROI_41,144,8
,,
ROI_41,145,6
,,
ROI_41,146,3
,,
ROI_41,147,3
,,
ROI_41,148,2
,,
ROI_41,149,4
,,
ROI_41,150,10
,,
ROI_41,151,6
,,
ROI_41,152,7
,,
ROI_41,153,9
,,
ROI_41,154,5
,,
ROI_41,155,6
,,
ROI_41,156,4
,,
ROI_41,157,7
,,
ROI_41,158,5
,,
ROI_41,159,5
,,
ROI_41,160,6
,,
ROI_41,161,7
,,
ROI_41,162,3
,,
ROI_41,163,6
,,
ROI_41,164,6
,,
ROI_41,165,3
,,
ROI_41,166,7
,,
ROI_41,167,5
,,
ROI_41,168,5
,,
ROI_41,169,5
,,
ROI_41,170,3
,,
ROI_41,171,3
,,
ROI_41,172,4
,,
ROI_41,173,6
,,
ROI_41,174,5
,,
ROI_41,175,7
,,
ROI_41,176,0
,,
ROI_41,177,4
,,
ROI_41,178,3
,,
ROI_41,179,6
,,
ROI_41,180,2
,,
ROI_41,181,6
,,
ROI_41,182,3
,,
ROI_41,183,5
,,
ROI_41,184,4
,,
ROI_41,185,10
,,
ROI_41,186,5
,,
ROI_41,187,2
,,
ROI_41,188,2
,,
ROI_41,189,3
,,
ROI_41,190,5
,,
ROI_41,191,2
,,
ROI_41,192,10
,,
ROI_41,193,3
,,
ROI_41,194,3
,,
ROI_41,195,7
,,
ROI_41,196,8
,,
ROI_41,197,9
,,
ROI_41,198,7
,,
ROI_41,199,2
,,
ROI_41,200,5
,,
ROI_41,201,2
,,
ROI_41,202,2
,,
ROI_41,203,3
,,
ROI_41,204,5
,,
ROI_41,205,0
,,
ROI_41,206,4
,,
ROI_41,207,1
,,
ROI_41,208,2
,,
ROI_41,209,1
,,
ROI_41,210,3
,,
ROI_41,211,1
,,
ROI_41,212,2
,,
ROI_41,213,3
,,
ROI_41,214,4
,,
ROI_41,215,2
,,
ROI_41,216,7
,,
ROI_41,217,6
,,
ROI_41,218,4
,,
ROI_41,219,1
,,
ROI_41,220,4
,,
ROI_41,221,1
,,
ROI_41,222,1
,,
ROI_41,223,3
,,
ROI_41,224,4
,,
ROI_41,225,1
,,
ROI_41,226,3
,,
ROI_41,227,1
,,
ROI_41,228,3
,,
ROI_41,229,1
,,
ROI_41,230,5
,,
ROI_41,231,3
,,
ROI_41,232,5
,,
ROI_41,233,2
,,
ROI_41,234,2
,,
ROI_41,235,0
,,
ROI_41,236,5
,,
ROI_41,237,2
,,
ROI_41,238,1
,,
ROI_41,239,1
,,
ROI_41,240,1
,,
ROI_41,241,0
,,
ROI_41,242,0
,,
ROI_41,243,3
,,
ROI_41,244,1
,,
ROI_41,245,3
,,
ROI_41,246,0
,,
ROI_41,247,2
,,
ROI_41,248,5
,,
ROI_41,249,3
,,
ROI_41,250,4
,,
ROI_41,251,0
,,
ROI_41,252,3
,,
ROI_41,253,3
,,
ROI_41,254,0
,,
ROI_41,255,501
,,
ROI_42,0,9849
,,
ROI_42,1,29
,,
ROI_42,2,25
,,
ROI_42,3,17
,,
ROI_42,4,17
,,
ROI_42,5,16
,,
ROI_42,6,11
,,
ROI_42,7,11
,,
ROI_42,8,11
,,
ROI_42,9,11
,,
ROI_42,10,12
,,
ROI_42,11,14
,,
ROI_42,12,10
,,
ROI_42,13,3
,,
ROI_42,14,3
,,
ROI_42,15,8
,,
ROI_42,16,7
,,
ROI_42,17,5
,,
ROI_42,18,5
,,
ROI_42,19,6
,,
ROI_42,20,6
,,
ROI_42,21,8
,,
ROI_42,22,5
,,
ROI_42,23,1
,,
ROI_42,24,5
,,
ROI_42,25,4
,,
ROI_42,26,5
,,
ROI_42,27,3
,,
ROI_42,28,9
,,
ROI_42,29,5
,,
ROI_42,30,1
,,
ROI_42,31,1
,,
ROI_42,32,6
,,
ROI_42,33,4
,,
ROI_42,34,3
,,
ROI_42,35,3
,,
ROI_42,36,2
,,
ROI_42,37,2
,,
ROI_42,38,2
,,
ROI_42,39,2
,,
ROI_42,40,4
,,
ROI_42,41,1
,,
ROI_42,42,0
,,
ROI_42,43,2
,,
ROI_42,44,4
,,
ROI_42,45,4
,,
ROI_42,46,2
,,
ROI_42,47,2
,,
ROI_42,48,0
,,
ROI_42,49,1
,,
ROI_42,50,4
,,
ROI_42,51,2
,,
ROI_42,52,2
,,
ROI_42,53,1
,,
ROI_42,54,1
,,
ROI_42,55,4
,,
ROI_42,56,1
,,
ROI_42,57,1
,,
ROI_42,58,2
,,
ROI_42,59,0
,,
ROI_42,60,2
,,
ROI_42,61,0
,,
ROI_42,62,1
,,
ROI_42,63,1
,,
ROI_42,64,2
,,
ROI_42,65,2
,,
ROI_42,66,2
,,
ROI_42,67,2
,,
ROI_42,68,3
,,
ROI_42,69,0
,,
ROI_42,70,0
,,
ROI_42,71,0
,,
ROI_42,72,0
,,
ROI_42,73,0
,,
ROI_42,74,0
,,
ROI_42,75,1
,,
ROI_42,76,0
,,
ROI_42,77,2
,,
ROI_42,78,1
,,
ROI_42,79,0
,,
ROI_42,80,0
,,
ROI_42,81,1
,,
ROI_42,82,0
,,
ROI_42,83,1
,,
ROI_42,84,0
,,
ROI_42,85,1
,,
ROI_42,86,0
,,
ROI_42,87,0
,,
ROI_42,88,0
,,
ROI_42,89,3
,,
ROI_42,90,1
,,
ROI_42,91,0
,,
ROI_42,92,0
,,
ROI_42,93,1
,,
ROI_42,94,2
,,
ROI_42,95,1
,,
ROI_42,96,1
,,
ROI_42,97,1
,,
ROI_42,98,0
,,
ROI_42,99,2
,,
ROI_42,100,0
,,
ROI_42,101,0
,,
ROI_42,102,0
,,
ROI_42,103,0
,,
ROI_42,104,1
,,
ROI_42,105,0
,,
ROI_42,106,0
,,
ROI_42,107,0
,,
ROI_42,108,0
,,
ROI_42,109,1
,,
ROI_42,110,1
,,
ROI_42,111,0
,,
ROI_42,112,1
,,
ROI_42,113,0
,,
ROI_42,114,1
,,
ROI_42,115,0
,,
ROI_42,116,0
,,
ROI_42,117,0
,,
ROI_42,118,0
,,
ROI_42,119,0
,,
ROI_42,120,0
,,
ROI_42,121,0
,,
ROI_42,122,1
,,
ROI_42,123,0
,,
ROI_42,124,0
,,
ROI_42,125,0
,,
ROI_42,126,1
,,
ROI_42,127,0
,,
ROI_42,128,0
,,
ROI_42,129,0
,,
ROI_42,130,0
,,
ROI_42,131,0
,,
ROI_42,132,0
,,
ROI_42,133,1
,,
ROI_42,134,0
,,
ROI_42,135,0
,,
ROI_42,136,1
,,
ROI_42,137,0
,,
ROI_42,138,1
,,
ROI_42,139,0
,,
ROI_42,140,0
,,
ROI_42,141,0
,,
ROI_42,142,1
,,
ROI_42,143,0
,,
ROI_42,144,1
,,
ROI_42,145,0
,,
ROI_42,146,1
,,
ROI_42,147,0
,,
ROI_42,148,1
,,
ROI_42,149,0
,,
ROI_42,150,0
,,
ROI_42,151,0
,,
ROI_42,152,0
,,
ROI_42,153,0
,,
ROI_42,154,0
,,
ROI_42,155,1
,,
ROI_42,156,0
,,
ROI_42,157,0
,,
ROI_42,158,0
,,
ROI_42,159,1
,,
ROI_42,160,0
,,
ROI_42,161,1
,,
ROI_42,162,0
,,
ROI_42,163,1
,,
ROI_42,164,2
,,
ROI_42,165,1
,,
ROI_42,166,1
,,
ROI_42,167,0
,,
ROI_42,168,0
,,
ROI_42,169,0
,,
ROI_42,170,0
,,
ROI_42,171,0
,,
ROI_42,172,0
,,
ROI_42,173,0
,,
ROI_42,174,0
,,
ROI_42,175,1
,,
ROI_42,176,0
,,
ROI_42,177,0
,,
ROI_42,178,0
,,
ROI_42,179,1
,,
ROI_42,180,0
,,
ROI_42,181,0
,,
ROI_42,182,0
,,
ROI_42,183,2
,,
ROI_42,184,0
,,
ROI_42,185,0
,,
ROI_42,186,0
,,
ROI_42,187,0
,,
ROI_42,188,1
,,
ROI_42,189,0
,,
ROI_42,190,0
,,
ROI_42,191,0
,,
ROI_42,192,1
,,
ROI_42,193,0
,,
ROI_42,194,0
,,
ROI_42,195,1
,,
ROI_42,196,1
,,
ROI_42,197,0
,,
ROI_42,198,0
,,
ROI_42,199,0
,,
ROI_42,200,0
,,
ROI_42,201,0
,,
ROI_42,202,0
,,
ROI_42,203,0
,,
ROI_42,204,0
,,
ROI_42,205,0
,,
ROI_42,206,0
,,
ROI_42,207,0
,,
ROI_42,208,0
,,
ROI_42,209,0
,,
ROI_42,210,0
,,
ROI_42,211,0
,,
ROI_42,212,0
,,
ROI_42,213,0
,,
ROI_42,214,0
,,
ROI_42,215,0
,,
ROI_42,216,0
,,
ROI_42,217,0
,,
ROI_42,218,0
,,
ROI_42,219,0
,,
ROI_42,220,0
,,
ROI_42,221,0
,,
ROI_42,222,0
,,
ROI_42,223,0
,,
ROI_42,224,0
,,
ROI_42,225,0
,,
ROI_42,226,0
,,
ROI_42,227,0
,,
ROI_42,228,0
,,
ROI_42,229,0
,,
ROI_42,230,0
,,
ROI_42,231,0
,,
ROI_42,232,0
,,
ROI_42,233,0
,,
ROI_42,234,0
,,
ROI_42,235,0
,,
ROI_42,236,0
,,
ROI_42,237,0
,,
ROI_42,238,0
,,
ROI_42,239,0
,,
ROI_42,240,0
,,
ROI_42,241,0
,,
ROI_42,242,0
,,
ROI_42,243,1
,,
ROI_42,244,0
,,
ROI_42,245,0
,,
ROI_42,246,1
,,
ROI_42,247,0
,,
ROI_42,248,0
,,
ROI_42,249,0
,,
ROI_42,250,0
,,
ROI_42,251,1
,,
ROI_42,252,0
,,
ROI_42,253,0
,,
ROI_42,254,0
,,
ROI_42,255,28