ROI,Bin,Count
ROI_1,0,41762
,,
ROI_1,1,2243
,,
ROI_1,2,1600
,,
ROI_1,3,1387
,,
ROI_1,4,1104
,,
ROI_1,5,1080
,,
ROI_1,6,885
,,
ROI_1,7,814
,,
ROI_1,8,838
,,
ROI_1,9,673
,,
ROI_1,10,694
,,
ROI_1,11,596
,,
ROI_1,12,634
,,
ROI_1,13,487
,,
ROI_1,14,493
,,
ROI_1,15,431
,,
ROI_1,16,434
,,
ROI_1,17,378
,,
ROI_1,18,425
,,
ROI_1,19,369
,,
ROI_1,20,368
,,
ROI_1,21,327
,,
ROI_1,22,321
,,
ROI_1,23,343
,,
ROI_1,24,251
,,
ROI_1,25,288
,,
ROI_1,26,257
,,
ROI_1,27,299
,,
ROI_1,28,237
,,
ROI_1,29,234
,,
ROI_1,30,215
,,
ROI_1,31,225
,,
ROI_1,32,188
,,
ROI_1,33,232
,,
ROI_1,34,165
,,
ROI_1,35,213
,,
ROI_1,36,156
,,
ROI_1,37,164
,,
ROI_1,38,164
,,
ROI_1,39,148
,,
ROI_1,40,159
,,
ROI_1,41,158
,,
ROI_1,42,143
,,
ROI_1,43,138
,,
ROI_1,44,147
,,
ROI_1,45,137
,,
ROI_1,46,154
,,
ROI_1,47,135
,,
ROI_1,48,122
,,
ROI_1,49,126
,,
ROI_1,50,99
,,
ROI_1,51,98
,,
ROI_1,52,101
,,
ROI_1,53,110
,,
ROI_1,54,101
,,
ROI_1,55,128
,,
ROI_1,56,102
,,
ROI_1,57,104
,,
ROI_1,58,96
,,
ROI_1,59,100
,,
ROI_1,60,100
,,
ROI_1,61,92
,,
ROI_1,62,83
,,
ROI_1,63,102
,,
ROI_1,64,78
,,
ROI_1,65,87
,,
ROI_1,66,81
,,
ROI_1,67,73
,,
ROI_1,68,94
,,
ROI_1,69,78
,,
ROI_1,70,83
,,
ROI_1,71,84
,,
ROI_1,72,63
,,
ROI_1,73,66
,,
ROI_1,74,62
,,
ROI_1,75,58
,,
ROI_1,76,58
,,
ROI_1,77,56
,,
ROI_1,78,55
,,
ROI_1,79,63
,,
ROI_1,80,44
,,
ROI_1,81,39
,,
ROI_1,82,47
,,
ROI_1,83,40
,,
ROI_1,84,49
,,
ROI_1,85,51
,,
ROI_1,86,34
,,
ROI_1,87,51
,,
ROI_1,88,30
,,
ROI_1,89,45
,,
ROI_1,90,43
,,
ROI_1,91,36
,,
ROI_1,92,39
,,
ROI_1,93,28
,,
ROI_1,94,48
,,
ROI_1,95,43
,,
ROI_1,96,37
,,
ROI_1,97,30
,,
ROI_1,98,41
,,
ROI_1,99,16
,,
ROI_1,100,31
,,
ROI_1,101,37
,,
ROI_1,102,48
,,
ROI_1,103,29
,,
ROI_1,104,30
,,
ROI_1,105,22
,,
ROI_1,106,36
,,
ROI_1,107,31
,,
ROI_1,108,24
,,
ROI_1,109,37
,,
ROI_1,110,22
,,
ROI_1,111,36
,,
ROI_1,112,21
,,
ROI_1,113,33
,,
ROI_1,114,24
,,
ROI_1,115,22
,,
ROI_1,116,22
,,
ROI_1,117,18
,,
ROI_1,118,22
,,
ROI_1,119,25
,,
ROI_1,120,22
,,
ROI_1,121,22
,,
ROI_1,122,23
,,
ROI_1,123,27
,,
ROI_1,124,23
,,
ROI_1,125,23
,,
ROI_1,126,23
,,
ROI_1,127,19
,,
ROI_1,128,24
,,
ROI_1,129,14
,,
ROI_1,130,24
,,
ROI_1,131,19
,,
ROI_1,132,24
,,
ROI_1,133,17
,,
ROI_1,134,17
,,
ROI_1,135,15
,,
ROI_1,136,17
,,
ROI_1,137,22
,,
ROI_1,138,16
,,
ROI_1,139,20
,,
ROI_1,140,19
,,
ROI_1,141,20
,,
ROI_1,142,13
,,
ROI_1,143,27
,,
ROI_1,144,17
,,
ROI_1,145,21
,,
ROI_1,146,13
,,
ROI_1,147,6
,,
ROI_1,148,16
,,
ROI_1,149,13
,,
ROI_1,150,12
,,
ROI_1,151,15
,,
ROI_1,152,13
,,
ROI_1,153,12
,,
ROI_1,154,23
,,
ROI_1,155,19
,,
ROI_1,156,10
,,
ROI_1,157,9
,,
ROI_1,158,12
,,
ROI_1,159,11
,,
ROI_1,160,7
,,
ROI_1,161,10
,,
ROI_1,162,13
,,
ROI_1,163,13
,,
ROI_1,164,16
,,
ROI_1,165,17
,,
ROI_1,166,8
,,
ROI_1,167,9
,,
ROI_1,168,7
,,
ROI_1,169,8
,,
ROI_1,170,14
,,
ROI_1,171,12
,,
ROI_1,172,9
,,
ROI_1,173,9
,,
ROI_1,174,10
,,
ROI_1,175,8
,,
ROI_1,176,14
,,
ROI_1,177,15
,,
ROI_1,178,8
,,
ROI_1,179,13
,,
ROI_1,180,10
,,
ROI_1,181,4
,,
ROI_1,182,10
,,
ROI_1,183,12
,,
ROI_1,184,6
,,
ROI_1,185,8
,,
ROI_1,186,5
,,
ROI_1,187,12
,,
ROI_1,188,7
,,
ROI_1,189,18
,,
ROI_1,190,7
,,
ROI_1,191,11
,,
ROI_1,192,6
,,
ROI_1,193,7
,,
ROI_1,194,6
,,
ROI_1,195,10
,,
ROI_1,196,8
,,
ROI_1,197,5
,,
ROI_1,198,12
,,
ROI_1,199,6
,,
ROI_1,200,10
,,
ROI_1,201,10
,,
ROI_1,202,7
,,
ROI_1,203,8
,,
ROI_1,204,15
,,
ROI_1,205,14
,,
ROI_1,206,5
,,
ROI_1,207,6
,,
ROI_1,208,7
,,
ROI_1,209,5
,,
ROI_1,210,4
,,
ROI_1,211,5
,,
ROI_1,212,8
,,
ROI_1,213,5
,,
ROI_1,214,10
,,
ROI_1,215,5
,,
ROI_1,216,6
,,
ROI_1,217,6
,,
ROI_1,218,5
,,
ROI_1,219,6
,,
ROI_1,220,9
,,
ROI_1,221,3
,,
ROI_1,222,5
,,
ROI_1,223,6
,,
ROI_1,224,2
,,
ROI_1,225,1
,,
ROI_1,226,4
,,
ROI_1,227,10
,,
ROI_1,228,4
,,
ROI_1,229,8
,,
ROI_1,230,5
,,
ROI_1,231,1
,,
ROI_1,232,4
,,
ROI_1,233,8
,,
ROI_1,234,4
,,
ROI_1,235,7
,,
ROI_1,236,8
,,
ROI_1,237,6
,,
ROI_1,238,5
,,
ROI_1,239,12
,,
ROI_1,240,5
,,
ROI_1,241,5
,,
ROI_1,242,6
,,
ROI_1,243,3
,,
ROI_1,244,6
,,
ROI_1,245,2
,,
ROI_1,246,5
,,
ROI_1,247,7
,,
ROI_1,248,5
,,
ROI_1,249,6
,,
ROI_1,250,2
,,
ROI_1,251,5
,,
ROI_1,252,10
,,
ROI_1,253,3
,,
ROI_1,254,3
,,
ROI_1,255,260
,,
ROI_2,0,5159
,,
ROI_2,1,777
,,
ROI_2,2,590
,,
ROI_2,3,565
,,
ROI_2,4,501
,,
ROI_2,5,508
,,
ROI_2,6,457
,,
ROI_2,7,401
,,
ROI_2,8,439
,,
ROI_2,9,381
,,
ROI_2,10,368
,,
ROI_2,11,313
,,
ROI_2,12,345
,,
ROI_2,13,293
,,
ROI_2,14,305
,,
ROI_2,15,262
,,
ROI_2,16,295
,,
ROI_2,17,255
,,
ROI_2,18,247
,,
ROI_2,19,219
,,
ROI_2,20,205
,,
ROI_2,21,210
,,
ROI_2,22,214
,,
ROI_2,23,184
,,
ROI_2,24,171
,,
ROI_2,25,208
,,
ROI_2,26,159
,,
ROI_2,27,191
,,
ROI_2,28,172
,,
ROI_2,29,198
,,
ROI_2,30,137
,,
ROI_2,31,172
,,
ROI_2,32,156
,,
ROI_2,33,153
,,
ROI_2,34,135
,,
ROI_2,35,142
,,
ROI_2,36,139
,,
ROI_2,37,142
,,
ROI_2,38,159
,,
ROI_2,39,117
,,
ROI_2,40,122
,,
ROI_2,41,133
,,
ROI_2,42,141
,,
ROI_2,43,116
,,
ROI_2,44,116
,,
ROI_2,45,106
,,
ROI_2,46,122
,,
ROI_2,47,100
,,
ROI_2,48,109
,,
ROI_2,49,117
,,
ROI_2,50,82
,,
ROI_2,51,95
,,
ROI_2,52,93
,,
ROI_2,53,90
,,
ROI_2,54,87
,,
ROI_2,55,108
,,
ROI_2,56,98
,,
ROI_2,57,101
,,
ROI_2,58,83
,,
ROI_2,59,90
,,
ROI_2,60,91
,,
ROI_2,61,81
,,
ROI_2,62,101
,,
ROI_2,63,93
,,
ROI_2,64,78
,,
ROI_2,65,82
,,
ROI_2,66,100
,,
ROI_2,67,72
,,
ROI_2,68,79
,,
ROI_2,69,64
,,
ROI_2,70,78
,,
ROI_2,71,74
,,
ROI_2,72,68
,,
ROI_2,73,70
,,
ROI_2,74,73
,,
ROI_2,75,82
,,
ROI_2,76,73
,,
ROI_2,77,71
,,
ROI_2,78,75
,,
ROI_2,79,70
,,
ROI_2,80,54
,,
ROI_2,81,69
,,
ROI_2,82,51
,,
ROI_2,83,57
,,
ROI_2,84,56
,,
ROI_2,85,56
,,
ROI_2,86,67
,,
ROI_2,87,55
,,
ROI_2,88,61
,,
ROI_2,89,58
,,
ROI_2,90,64
,,
ROI_2,91,54
,,
ROI_2,92,59
,,
ROI_2,93,44
,,
ROI_2,94,45
,,
ROI_2,95,46
,,
ROI_2,96,55
,,
ROI_2,97,42
,,
ROI_2,98,48
,,
ROI_2,99,51
,,
ROI_2,100,41
,,
ROI_2,101,52
,,
ROI_2,102,49
,,
ROI_2,103,43
,,
ROI_2,104,45
,,
ROI_2,105,43
,,
ROI_2,106,39
,,
ROI_2,107,50
,,
ROI_2,108,46
,,
ROI_2,109,34
,,
ROI_2,110,46
,,
ROI_2,111,45
,,
ROI_2,112,30
,,
ROI_2,113,47
,,
ROI_2,114,38
,,
ROI_2,115,44
,,
ROI_2,116,37
,,
ROI_2,117,46
,,
ROI_2,118,43
,,
ROI_2,119,37
,,
ROI_2,120,40
,,
ROI_2,121,42
,,
ROI_2,122,27
,,
ROI_2,123,45
,,
ROI_2,124,41
,,
ROI_2,125,37
,,
ROI_2,126,31
,,
ROI_2,127,31
,,
ROI_2,128,41
,,
ROI_2,129,28
,,
ROI_2,130,38
,,
ROI_2,131,30
,,
ROI_2,132,42
,,
ROI_2,133,22
,,
ROI_2,134,35
,,
ROI_2,135,24
,,
ROI_2,136,32
,,
ROI_2,137,41
,,
ROI_2,138,27
,,
ROI_2,139,34
,,
ROI_2,140,35
,,
ROI_2,141,34
,,
ROI_2,142,30
,,
ROI_2,143,25
,,
ROI_2,144,27
,,
ROI_2,145,41
,,
ROI_2,146,26
,,
ROI_2,147,24
,,
ROI_2,148,31
,,
ROI_2,149,23
,,
ROI_2,150,34
,,
ROI_2,151,30
,,
ROI_2,152,29
,,
ROI_2,153,23
,,
ROI_2,154,32
,,
ROI_2,155,21
,,
ROI_2,156,27
,,
ROI_2,157,26
,,
ROI_2,158,25
,,
ROI_2,159,22
,,
ROI_2,160,27
,,
ROI_2,161,17
,,
ROI_2,162,23
,,
ROI_2,163,25
,,
ROI_2,164,21
,,
ROI_2,165,27
,,
ROI_2,166,21
,,
ROI_2,167,20
,,
ROI_2,168,24
,,
ROI_2,169,25
,,
ROI_2,170,28
,,
ROI_2,171,29
,,
ROI_2,172,18
,,
ROI_2,173,28
,,
ROI_2,174,23
,,
ROI_2,175,28
,,
ROI_2,176,18
,,
ROI_2,177,25
,,
ROI_2,178,20
,,
ROI_2,179,22
,,
ROI_2,180,26
,,
ROI_2,181,19
,,
ROI_2,182,25
,,
ROI_2,183,24
,,
ROI_2,184,21
,,
ROI_2,185,18
,,
ROI_2,186,16
,,
ROI_2,187,10
,,
ROI_2,188,15
,,
ROI_2,189,18
,,
ROI_2,190,25
,,
ROI_2,191,16
,,
ROI_2,192,20
,,
ROI_2,193,10
,,
ROI_2,194,7
,,
ROI_2,195,18
,,
ROI_2,196,21
,,
ROI_2,197,18
,,
ROI_2,198,17
,,
ROI_2,199,25
,,
ROI_2,200,7
,,
ROI_2,201,16
,,
ROI_2,202,16
,,
ROI_2,203,11
,,
ROI_2,204,19
,,
ROI_2,205,21
,,
ROI_2,206,17
,,
ROI_2,207,21
,,
ROI_2,208,16
,,
ROI_2,209,16
,,
ROI_2,210,16
,,
ROI_2,211,14
,,
ROI_2,212,11
,,
ROI_2,213,14
,,
ROI_2,214,25
,,
ROI_2,215,16
,,
ROI_2,216,16
,,
ROI_2,217,14
,,
ROI_2,218,16
,,
ROI_2,219,7
,,
ROI_2,220,13
,,
ROI_2,221,12
,,
ROI_2,222,15
,,
ROI_2,223,21
,,
ROI_2,224,17
,,
ROI_2,225,13
,,
ROI_2,226,15
,,
ROI_2,227,9
,,
ROI_2,228,11
,,
ROI_2,229,14
,,
ROI_2,230,11
,,
ROI_2,231,21
,,
ROI_2,232,19
,,
ROI_2,233,16
,,
ROI_2,234,19
,,
ROI_2,235,15
,,
ROI_2,236,21
,,
ROI_2,237,16
,,
ROI_2,238,12
,,
ROI_2,239,11
,,
ROI_2,240,8
,,
ROI_2,241,7
,,
ROI_2,242,11
,,
ROI_2,243,7
,,
ROI_2,244,12
,,
ROI_2,245,13
,,
ROI_2,246,11
,,
ROI_2,247,14
,,
ROI_2,248,18
,,
ROI_2,249,20
,,
ROI_2,250,11
,,
ROI_2,251,21
,,
ROI_2,252,22
,,
ROI_2,253,23
,,
ROI_2,254,22
,,
ROI_2,255,1382
,,
ROI_3,0,83565
,,
ROI_3,1,568
,,
ROI_3,2,374
,,
ROI_3,3,280
,,
ROI_3,4,269
,,
ROI_3,5,232
,,
ROI_3,6,199
,,
ROI_3,7,159
,,
ROI_3,8,180
,,
ROI_3,9,129
,,
ROI_3,10,123
,,
ROI_3,11,100
,,
ROI_3,12,107
,,
ROI_3,13,88
,,
ROI_3,14,81
,,
ROI_3,15,74
,,
ROI_3,16,84
,,
ROI_3,17,88
,,
ROI_3,18,86
,,
ROI_3,19,62
,,
ROI_3,20,65
,,
ROI_3,21,64
,,
ROI_3,22,55
,,
ROI_3,23,61
,,
ROI_3,24,46
,,
ROI_3,25,59
,,
ROI_3,26,40
,,
ROI_3,27,46
,,
ROI_3,28,57
,,
ROI_3,29,58
,,
ROI_3,30,37
,,
ROI_3,31,45
,,
ROI_3,32,44
,,
ROI_3,33,41
,,
ROI_3,34,36
,,
ROI_3,35,46
,,
ROI_3,36,44
,,
ROI_3,37,30
,,
ROI_3,38,28
,,
ROI_3,39,33
,,
ROI_3,40,23
,,
ROI_3,41,28
,,
ROI_3,42,23
,,
ROI_3,43,26
,,
ROI_3,44,30
,,
ROI_3,45,14
,,
ROI_3,46,25
,,
ROI_3,47,23
,,
ROI_3,48,30
,,
ROI_3,49,17
,,
ROI_3,50,21
,,
ROI_3,51,22
,,
ROI_3,52,18
,,
ROI_3,53,17
,,
ROI_3,54,17
,,
ROI_3,55,24
,,
ROI_3,56,20
,,
ROI_3,57,18
,,
ROI_3,58,11
,,
ROI_3,59,20
,,
ROI_3,60,10
,,
ROI_3,61,9
,,
ROI_3,62,15
,,
ROI_3,63,10
,,
ROI_3,64,20
,,
ROI_3,65,12
,,
ROI_3,66,11
,,
ROI_3,67,4
,,
ROI_3,68,10
,,
ROI_3,69,10
,,
ROI_3,70,12
,,
ROI_3,71,15
,,
ROI_3,72,8
,,
ROI_3,73,13
,,
ROI_3,74,10
,,
ROI_3,75,6
,,
ROI_3,76,7
,,
ROI_3,77,8
,,
ROI_3,78,11
,,
ROI_3,79,10
,,
ROI_3,80,5
,,
ROI_3,81,8
,,
ROI_3,82,11
,,
ROI_3,83,10
,,
ROI_3,84,6
,,
ROI_3,85,7
,,
ROI_3,86,11
,,
ROI_3,87,7
,,
ROI_3,88,13
,,
ROI_3,89,14
,,
ROI_3,90,18
,,
ROI_3,91,7
,,
ROI_3,92,5
,,
ROI_3,93,7
,,
ROI_3,94,8
,,
ROI_3,95,9
,,
ROI_3,96,7
,,
ROI_3,97,9
,,
ROI_3,98,10
,,
ROI_3,99,7
,,
ROI_3,100,3
,,
ROI_3,101,9
,,
ROI_3,102,6
,,
ROI_3,103,8
,,
ROI_3,104,10
,,
ROI_3,105,4
,,
ROI_3,106,4
,,
ROI_3,107,4
,,
ROI_3,108,3
,,
ROI_3,109,6
,,
ROI_3,110,3
,,
ROI_3,111,6
,,
ROI_3,112,8
,,
ROI_3,113,6
,,
ROI_3,114,3
,,
ROI_3,115,3
,,
ROI_3,116,2
,,
ROI_3,117,6
,,
ROI_3,118,4
,,
ROI_3,119,6
,,
ROI_3,120,4
,,
ROI_3,121,1
,,
ROI_3,122,6
,,
ROI_3,123,8
,,
ROI_3,124,4
,,
ROI_3,125,5
,,
ROI_3,126,7
,,
ROI_3,127,5
,,
ROI_3,128,6
,,
ROI_3,129,2
,,
ROI_3,130,4
,,
ROI_3,131,7
,,
ROI_3,132,4
,,
ROI_3,133,3
,,
ROI_3,134,2
,,
ROI_3,135,4
,,
ROI_3,136,3
,,
ROI_3,137,3
,,
ROI_3,138,2
,,
ROI_3,139,0
,,
ROI_3,140,5
,,
ROI_3,141,4
,,
ROI_3,142,3
,,
ROI_3,143,3
,,
ROI_3,144,5
,,
ROI_3,145,5
,,
ROI_3,146,2
,,
ROI_3,147,4
,,
ROI_3,148,3
,,
ROI_3,149,2
,,
ROI_3,150,2
,,
ROI_3,151,1
,,
ROI_3,152,1
,,
ROI_3,153,1
,,
ROI_3,154,4
,,
ROI_3,155,1
,,
ROI_3,156,2
,,
ROI_3,157,1
,,
ROI_3,158,4
,,
ROI_3,159,3
,,
ROI_3,160,3
,,
ROI_3,161,3
,,
ROI_3,162,0
,,
ROI_3,163,4
,,
ROI_3,164,1
,,
ROI_3,165,1
,,
ROI_3,166,0
,,
ROI_3,167,0
,,
ROI_3,168,1
,,
ROI_3,169,1
,,
ROI_3,170,1
,,
ROI_3,171,2
,,
ROI_3,172,0
,,
ROI_3,173,0
,,
ROI_3,174,1
,,
ROI_3,175,1
,,
ROI_3,176,2
,,
ROI_3,177,1
,,
ROI_3,178,2
,,
ROI_3,179,1
,,
ROI_3,180,1
,,
ROI_3,181,1
,,
ROI_3,182,0
,,
ROI_3,183,0
,,
ROI_3,184,2
,,
ROI_3,185,2
,,
ROI_3,186,1
,,
ROI_3,187,2
,,
ROI_3,188,3
,,
ROI_3,189,3
,,
ROI_3,190,0
,,
ROI_3,191,1
,,
ROI_3,192,2
,,
ROI_3,193,1
,,
ROI_3,194,0
,,
ROI_3,195,0
,,
ROI_3,196,0
,,
ROI_3,197,1
,,
ROI_3,198,0
,,
ROI_3,199,2
,,
ROI_3,200,0
,,
ROI_3,201,1
,,
ROI_3,202,0
,,
ROI_3,203,3
,,
ROI_3,204,0
,,
ROI_3,205,1
,,
ROI_3,206,0
,,
ROI_3,207,0
,,
ROI_3,208,1
,,
ROI_3,209,0
,,
ROI_3,210,0
,,
ROI_3,211,2
,,
ROI_3,212,1
,,
ROI_3,213,2
,,
ROI_3,214,3
,,
ROI_3,215,2
,,
ROI_3,216,1
,,
ROI_3,217,0
,,
ROI_3,218,2
,,
ROI_3,219,1
,,
ROI_3,220,1
,,
ROI_3,221,0
,,
ROI_3,222,0
,,
ROI_3,223,0
,,
ROI_3,224,0
,,
ROI_3,225,0
,,
ROI_3,226,1
,,
ROI_3,227,2
,,
ROI_3,228,1
,,
ROI_3,229,0
,,
ROI_3,230,0
,,
ROI_3,231,1
,,
ROI_3,232,0
,,
ROI_3,233,0
,,
ROI_3,234,1
,,
ROI_3,235,0
,,
ROI_3,236,0
,,
ROI_3,237,0
,,
ROI_3,238,2
,,
ROI_3,239,0
,,
ROI_3,240,0
,,
ROI_3,241,0
,,
ROI_3,242,1
,,
ROI_3,243,0
,,
ROI_3,244,0
,,
ROI_3,245,1
,,
ROI_3,246,1
,,
ROI_3,247,1
,,
ROI_3,248,0
,,
ROI_3,249,0
,,
ROI_3,250,0
,,
ROI_3,251,1
,,
ROI_3,252,0
,,
ROI_3,253,1
,,
ROI_3,254,0
,,
ROI_3,255,40
,,
ROI_4,0,5376
,,
ROI_4,1,523
,,
ROI_4,2,401
,,
ROI_4,3,409
,,
ROI_4,4,360
,,
ROI_4,5,366
,,
ROI_4,6,316
,,
ROI_4,7,273
,,
ROI_4,8,282
,,
ROI_4,9,232
,,
ROI_4,10,237
,,
ROI_4,11,192
,,
ROI_4,12,184
,,
ROI_4,13,168
,,
ROI_4,14,174
,,
ROI_4,15,136
,,
ROI_4,16,158
,,
ROI_4,17,130
,,
ROI_4,18,164
,,
ROI_4,19,134
,,
ROI_4,20,139
,,
ROI_4,21,111
,,
ROI_4,22,115
,,
ROI_4,23,103
,,
ROI_4,24,81
,,
ROI_4,25,117
,,
ROI_4,26,113
,,
ROI_4,27,109
,,
ROI_4,28,70
,,
ROI_4,29,109
,,
ROI_4,30,105
,,
ROI_4,31,91
,,
ROI_4,32,94
,,
ROI_4,33,95
,,
ROI_4,34,84
,,
ROI_4,35,89
,,
ROI_4,36,65
,,
ROI_4,37,65
,,
ROI_4,38,102
,,
ROI_4,39,77
,,
ROI_4,40,73
,,
ROI_4,41,73
,,
ROI_4,42,84
,,
ROI_4,43,51
,,
ROI_4,44,71
,,
ROI_4,45,49
,,
ROI_4,46,66
,,
ROI_4,47,56
,,
ROI_4,48,62
,,
ROI_4,49,63
,,
ROI_4,50,62
,,
ROI_4,51,54
,,
ROI_4,52,43
,,
ROI_4,53,46
,,
ROI_4,54,49
,,
ROI_4,55,54
,,
ROI_4,56,48
,,
ROI_4,57,49
,,
ROI_4,58,40
,,
ROI_4,59,42
,,
ROI_4,60,36
,,
ROI_4,61,42
,,
ROI_4,62,49
,,
ROI_4,63,42
,,
ROI_4,64,38
,,
ROI_4,65,40
,,
ROI_4,66,47
,,
ROI_4,67,41
,,
ROI_4,68,62
,,
ROI_4,69,22
,,
ROI_4,70,41
,,
ROI_4,71,30
,,
ROI_4,72,32
,,
ROI_4,73,25
,,
ROI_4,74,41
,,
ROI_4,75,26
,,
ROI_4,76,27
,,
ROI_4,77,33
,,
ROI_4,78,48
,,
ROI_4,79,32
,,
ROI_4,80,37
,,
ROI_4,81,41
,,
ROI_4,82,32
,,
ROI_4,83,29
,,
ROI_4,84,37
,,
ROI_4,85,35
,,
ROI_4,86,29
,,
ROI_4,87,25
,,
ROI_4,88,25
,,
ROI_4,89,27
,,
ROI_4,90,30
,,
ROI_4,91,25
,,
ROI_4,92,23
,,
ROI_4,93,21
,,
ROI_4,94,29
,,
ROI_4,95,29
,,
ROI_4,96,27
,,
ROI_4,97,32
,,
ROI_4,98,25
,,
ROI_4,99,23
,,
ROI_4,100,22
,,
ROI_4,101,24
,,
ROI_4,102,21
,,
ROI_4,103,27
,,
ROI_4,104,22
,,
ROI_4,105,15
,,
ROI_4,106,19
,,
ROI_4,107,21
,,
ROI_4,108,17
,,
ROI_4,109,16
,,
ROI_4,110,27
,,
ROI_4,111,22
,,
ROI_4,112,18
,,
ROI_4,113,21
,,
ROI_4,114,14
,,
ROI_4,115,22
,,
ROI_4,116,21
,,
ROI_4,117,26
,,
ROI_4,118,10
,,
ROI_4,119,25
,,
ROI_4,120,17
,,
ROI_4,121,16
,,
ROI_4,122,17
,,
ROI_4,123,12
,,
ROI_4,124,17
,,
ROI_4,125,16
,,
ROI_4,126,17
,,
ROI_4,127,18
,,
ROI_4,128,22
,,
ROI_4,129,16
,,
ROI_4,130,16
,,
ROI_4,131,16
,,
ROI_4,132,13
,,
ROI_4,133,5
,,
ROI_4,134,11
,,
ROI_4,135,15
,,
ROI_4,136,14
,,
ROI_4,137,18
,,
ROI_4,138,10
,,
ROI_4,139,13
,,
ROI_4,140,9
,,
ROI_4,141,19
,,
ROI_4,142,14
,,
ROI_4,143,19
,,
ROI_4,144,14
,,
ROI_4,145,18
,,
ROI_4,146,11
,,
ROI_4,147,15
,,
ROI_4,148,18
,,
ROI_4,149,7
,,
ROI_4,150,8
,,
ROI_4,151,13
,,
ROI_4,152,11
,,
ROI_4,153,11
,,
ROI_4,154,9
,,
ROI_4,155,14
,,
ROI_4,156,13
,,
ROI_4,157,12
,,
ROI_4,158,10
,,
ROI_4,159,10
,,
ROI_4,160,10
,,
ROI_4,161,9
,,
ROI_4,162,8
,,
ROI_4,163,6
,,
ROI_4,164,9
,,
ROI_4,165,14
,,
ROI_4,166,4
,,
ROI_4,167,11
,,
ROI_4,168,8
,,
ROI_4,169,11
,,
ROI_4,170,6
,,
ROI_4,171,9
,,
ROI_4,172,11
,,
ROI_4,173,3
,,
ROI_4,174,13
,,
ROI_4,175,7
,,
ROI_4,176,9
,,
ROI_4,177,11
,,
ROI_4,178,11
,,
ROI_4,179,6
,,
ROI_4,180,8
,,
ROI_4,181,9
,,
ROI_4,182,5
,,
ROI_4,183,6
,,
ROI_4,184,14
,,
ROI_4,185,7
,,
ROI_4,186,10
,,
ROI_4,187,5
,,
ROI_4,188,4
,,
ROI_4,189,9
,,
ROI_4,190,9
,,
ROI_4,191,5
,,
ROI_4,192,9
,,
ROI_4,193,5
,,
ROI_4,194,4
,,
ROI_4,195,7
,,
ROI_4,196,11
,,
ROI_4,197,6
,,
ROI_4,198,6
,,
ROI_4,199,3
,,
ROI_4,200,5
,,
ROI_4,201,6
,,
ROI_4,202,8
,,
ROI_4,203,4
,,
ROI_4,204,6
,,
ROI_4,205,9
,,
ROI_4,206,4
,,
ROI_4,207,5
,,
ROI_4,208,4
,,
ROI_4,209,7
,,
ROI_4,210,5
,,
ROI_4,211,3
,,
ROI_4,212,9
,,
ROI_4,213,6
,,
ROI_4,214,7
,,
ROI_4,215,3
,,
ROI_4,216,5
,,
ROI_4,217,6
,,
ROI_4,218,7
,,
ROI_4,219,7
,,
ROI_4,220,5
,,
ROI_4,221,8
,,
ROI_4,222,3
,,
ROI_4,223,5
,,
ROI_4,224,4
,,
ROI_4,225,7
,,
ROI_4,226,2
,,
ROI_4,227,8
,,
ROI_4,228,2
,,
ROI_4,229,5
,,
ROI_4,230,8
,,
ROI_4,231,4
,,
ROI_4,232,5
,,
ROI_4,233,5
,,
ROI_4,234,5
,,
ROI_4,235,3
,,
ROI_4,236,6
,,
ROI_4,237,5
,,
ROI_4,238,2
,,
ROI_4,239,3
,,
ROI_4,240,3
,,
ROI_4,241,1
,,
ROI_4,242,3
,,
ROI_4,243,3
,,
ROI_4,244,3
,,
ROI_4,245,6
,,
ROI_4,246,5
,,
ROI_4,247,2
,,
ROI_4,248,4
,,
ROI_4,249,4
,,
ROI_4,250,4
,,
ROI_4,251,3
,,
ROI_4,252,11
,,
ROI_4,253,3
,,
ROI_4,254,6
,,
ROI_4,255,385
,,
ROI_5,0,1932
,,
ROI_5,1,24
,,
ROI_5,2,8
,,
ROI_5,3,8
,,
ROI_5,4,3
,,
ROI_5,5,6
,,
ROI_5,6,4
,,
ROI_5,7,6
,,
ROI_5,8,4
,,
ROI_5,9,2
,,
ROI_5,10,1
,,
ROI_5,11,3
,,
ROI_5,12,3
,,
ROI_5,13,0
,,
ROI_5,14,3
,,
ROI_5,15,1
,,
ROI_5,16,0
,,
ROI_5,17,1
,,
ROI_5,18,4
,,
ROI_5,19,0
,,
ROI_5,20,0
,,
ROI_5,21,2
,,
ROI_5,22,2
,,
ROI_5,23,1
,,
ROI_5,24,0
,,
ROI_5,25,2
,,
ROI_5,26,0
,,
ROI_5,27,0
,,
ROI_5,28,4
,,
ROI_5,29,1
,,
ROI_5,30,1
,,
ROI_5,31,0
,,
ROI_5,32,1
,,
ROI_5,33,1
,,
ROI_5,34,1
,,
ROI_5,35,0
,,
ROI_5,36,0
,,
ROI_5,37,0
,,
ROI_5,38,1
,,
ROI_5,39,0
,,
ROI_5,40,0
,,
ROI_5,41,1
,,
ROI_5,42,0
,,
ROI_5,43,0
,,
ROI_5,44,0
,,
ROI_5,45,0
,,
ROI_5,46,1
,,
ROI_5,47,0
,,
ROI_5,48,1
,,
ROI_5,49,0
,,
ROI_5,50,1
,,
ROI_5,51,0
,,
ROI_5,52,1
,,
ROI_5,53,0
,,
ROI_5,54,0
,,
ROI_5,55,1
,,
ROI_5,56,0
,,
ROI_5,57,0
,,
ROI_5,58,0
,,
ROI_5,59,0
,,
ROI_5,60,0
,,
ROI_5,61,0
,,
ROI_5,62,0
,,
ROI_5,63,0
,,
ROI_5,64,0
,,
ROI_5,65,0
,,
ROI_5,66,0
,,
ROI_5,67,0
,,
ROI_5,68,0
,,
ROI_5,69,0
,,
ROI_5,70,1
,,
ROI_5,71,0
,,
ROI_5,72,1
,,
ROI_5,73,0
,,
ROI_5,74,0
,,
ROI_5,75,0
,,
ROI_5,76,0
,,
ROI_5,77,0
,,
ROI_5,78,1
,,
ROI_5,79,0
,,
ROI_5,80,0
,,
ROI_5,81,0
,,
ROI_5,82,0
,,
ROI_5,83,1
,,
ROI_5,84,0
,,
ROI_5,85,0
,,
ROI_5,86,0
,,
ROI_5,87,0
,,
ROI_5,88,0
,,
ROI_5,89,0
,,
ROI_5,90,0
,,
ROI_5,91,0
,,
ROI_5,92,0
,,
ROI_5,93,0
,,
ROI_5,94,0
,,
ROI_5,95,0
,,
ROI_5,96,0
,,
ROI_5,97,0
,,
ROI_5,98,0
,,
ROI_5,99,0
,,
ROI_5,100,0
,,
ROI_5,101,0
,,
ROI_5,102,0
,,
ROI_5,103,0
,,
ROI_5,104,0
,,
ROI_5,105,0
,,
ROI_5,106,0
,,
ROI_5,107,0
,,
ROI_5,108,0
,,
ROI_5,109,0
,,
ROI_5,110,0
,,
ROI_5,111,0
,,
ROI_5,112,0
,,
ROI_5,113,0
,,
ROI_5,114,0
,,
ROI_5,115,0
,,
ROI_5,116,0
,,
ROI_5,117,0
,,
ROI_5,118,0
,,
ROI_5,119,0
,,
ROI_5,120,0
,,
ROI_5,121,0
,,
ROI_5,122,0
,,
ROI_5,123,0
,,
ROI_5,124,0
,,
ROI_5,125,0
,,
ROI_5,126,0
,,
ROI_5,127,0
,,
ROI_5,128,0
,,
ROI_5,129,0
,,
ROI_5,130,0
,,
ROI_5,131,0
,,
ROI_5,132,0
,,
ROI_5,133,0
,,
ROI_5,134,0
,,
ROI_5,135,0
,,
ROI_5,136,0
,,
ROI_5,137,0
,,
ROI_5,138,0
,,
ROI_5,139,0
,,
ROI_5,140,0
,,
ROI_5,141,0
,,
ROI_5,142,0
,,
ROI_5,143,0
,,
ROI_5,144,0
,,
ROI_5,145,0
,,
ROI_5,146,0
,,
ROI_5,147,0
,,
ROI_5,148,0
,,
ROI_5,149,0
,,
ROI_5,150,0
,,
ROI_5,151,0
,,
ROI_5,152,0
,,
ROI_5,153,0
,,
ROI_5,154,0
,,
ROI_5,155,0
,,
ROI_5,156,0
,,
ROI_5,157,0
,,
ROI_5,158,0
,,
ROI_5,159,0
,,
ROI_5,160,0
,,
ROI_5,161,0
,,
ROI_5,162,0
,,
ROI_5,163,0
,,
ROI_5,164,0
,,
ROI_5,165,0
,,
ROI_5,166,0
,,
ROI_5,167,0
,,
ROI_5,168,0
,,
ROI_5,169,0
,,
ROI_5,170,0
,,
ROI_5,171,0
,,
ROI_5,172,0
,,
ROI_5,173,0
,,
ROI_5,174,0
,,
ROI_5,175,0
,,
ROI_5,176,0
,,
ROI_5,177,0
,,
ROI_5,178,0
,,
ROI_5,179,0
,,
ROI_5,180,0
,,
ROI_5,181,0
,,
ROI_5,182,0
,,
ROI_5,183,0
,,
ROI_5,184,0
,,
ROI_5,185,0
,,
ROI_5,186,0
,,
ROI_5,187,0
,,
ROI_5,188,0
,,
ROI_5,189,0
,,
ROI_5,190,0
,,
ROI_5,191,0
,,
ROI_5,192,0
,,
ROI_5,193,0
,,
ROI_5,194,0
,,
ROI_5,195,0
,,
ROI_5,196,0
,,
ROI_5,197,0
,,
ROI_5,198,0
,,
ROI_5,199,0
,,
ROI_5,200,0
,,
ROI_5,201,0
,,
ROI_5,202,0
,,
ROI_5,203,0
,,
ROI_5,204,0
,,
ROI_5,205,0
,,
ROI_5,206,0
,,
ROI_5,207,0
,,
ROI_5,208,0
,,
ROI_5,209,0
,,
ROI_5,210,0
,,
ROI_5,211,0
,,
ROI_5,212,0
,,
ROI_5,213,0
,,
ROI_5,214,0
,,
ROI_5,215,0
,,
ROI_5,216,0
,,
ROI_5,217,0
,,
ROI_5,218,0
,,
ROI_5,219,0
,,
ROI_5,220,0
,,
ROI_5,221,0
,,
ROI_5,222,0
,,
ROI_5,223,0
,,
ROI_5,224,0
,,
ROI_5,225,0
,,
ROI_5,226,0
,,
ROI_5,227,0
,,
ROI_5,228,0
,,
ROI_5,229,0
,,
ROI_5,230,0
,,
ROI_5,231,0
,,
ROI_5,232,0
,,
ROI_5,233,0
,,
ROI_5,234,0
,,
ROI_5,235,0
,,
ROI_5,236,0
,,
ROI_5,237,0
,,
ROI_5,238,0
,,
ROI_5,239,0
,,
ROI_5,240,0
,,
ROI_5,241,0
,,
ROI_5,242,0
,,
ROI_5,243,0
,,
ROI_5,244,0
,,
ROI_5,245,0
,,
ROI_5,246,0
,,
ROI_5,247,0
,,
ROI_5,248,0
,,
ROI_5,249,0
,,
ROI_5,250,0
,,
ROI_5,251,0
,,
ROI_5,252,0
,,
ROI_5,253,0
,,
ROI_5,254,0
,,
ROI_5,255,0
,,
ROI_6,0,402
,,
ROI_6,1,32
,,
ROI_6,2,25
,,
ROI_6,3,14
,,
ROI_6,4,14
,,
ROI_6,5,18
,,
ROI_6,6,19
,,
ROI_6,7,10
,,
ROI_6,8,11
,,
ROI_6,9,10
,,
ROI_6,10,8
,,
ROI_6,11,16
,,
ROI_6,12,8
,,
ROI_6,13,10
,,
ROI_6,14,6
,,
ROI_6,15,7
,,
ROI_6,16,9
,,
ROI_6,17,8
,,
ROI_6,18,10
,,
ROI_6,19,6
,,
ROI_6,20,6
,,
ROI_6,21,7
,,
ROI_6,22,7
,,
ROI_6,23,7
,,
ROI_6,24,13
,,
ROI_6,25,8
,,
ROI_6,26,9
,,
ROI_6,27,11
,,
ROI_6,28,4
,,
ROI_6,29,6
,,
ROI_6,30,6
,,
ROI_6,31,2
,,
ROI_6,32,6
,,
ROI_6,33,6
,,
ROI_6,34,4
,,
ROI_6,35,7
,,
ROI_6,36,6
,,
ROI_6,37,5
,,
ROI_6,38,4
,,
ROI_6,39,3
,,
ROI_6,40,3
,,
ROI_6,41,1
,,
ROI_6,42,2
,,
ROI_6,43,2
,,
ROI_6,44,7
,,
ROI_6,45,4
,,
ROI_6,46,3
,,
ROI_6,47,1
,,
ROI_6,48,2
,,
ROI_6,49,5
,,
ROI_6,50,4
,,
ROI_6,51,5
,,
ROI_6,52,2
,,
ROI_6,53,4
,,
ROI_6,54,2
,,
ROI_6,55,2
,,
ROI_6,56,0
,,
ROI_6,57,2
,,
ROI_6,58,0
,,
ROI_6,59,2
,,
ROI_6,60,2
,,
ROI_6,61,2
,,
ROI_6,62,0
,,
ROI_6,63,2
,,
ROI_6,64,3
,,
ROI_6,65,4
,,
ROI_6,66,4
,,
ROI_6,67,1
,,
ROI_6,68,0
,,
ROI_6,69,2
,,
ROI_6,70,2
,,
ROI_6,71,0
,,
ROI_6,72,2
,,
ROI_6,73,0
,,
ROI_6,74,2
,,
ROI_6,75,3
,,
ROI_6,76,0
,,
ROI_6,77,2
,,
ROI_6,78,0
,,
ROI_6,79,3
,,
ROI_6,80,1
,,
ROI_6,81,1
,,
ROI_6,82,1
,,
ROI_6,83,1
,,
ROI_6,84,0
,,
ROI_6,85,3
,,
ROI_6,86,2
,,
ROI_6,87,0
,,
ROI_6,88,0
,,
ROI_6,89,1
,,
ROI_6,90,2
,,
ROI_6,91,0
,,
ROI_6,92,0
,,
ROI_6,93,2
,,
ROI_6,94,1
,,
ROI_6,95,2
,,
ROI_6,96,4
,,
ROI_6,97,2
,,
ROI_6,98,1
,,
ROI_6,99,1
,,
ROI_6,100,0
,,
ROI_6,101,0
,,
ROI_6,102,0
,,
ROI_6,103,2
,,
ROI_6,104,0
,,
ROI_6,105,0
,,
ROI_6,106,1
,,
ROI_6,107,0
,,
ROI_6,108,1
,,
ROI_6,109,0
,,
ROI_6,110,2
,,
ROI_6,111,0
,,
ROI_6,112,1
,,
ROI_6,113,2
,,
ROI_6,114,0
,,
ROI_6,115,1
,,
ROI_6,116,1
,,
ROI_6,117,1
,,
ROI_6,118,2
,,
ROI_6,119,2
,,
ROI_6,120,1
,,
ROI_6,121,0
,,
ROI_6,122,0
,,
ROI_6,123,0
,,
ROI_6,124,0
,,
ROI_6,125,0
,,
ROI_6,126,0
,,
ROI_6,127,1
,,
ROI_6,128,1
,,
ROI_6,129,0
,,
ROI_6,130,2
,,
ROI_6,131,0
,,
ROI_6,132,0
,,
ROI_6,133,0
,,
ROI_6,134,1
,,
ROI_6,135,1
,,
ROI_6,136,1
,,
ROI_6,137,1
,,
ROI_6,138,0
,,
ROI_6,139,2
,,
ROI_6,140,0
,,
ROI_6,141,0
,,
ROI_6,142,1
,,
ROI_6,143,0
,,
ROI_6,144,0
,,
ROI_6,145,0
,,
ROI_6,146,0
,,
ROI_6,147,0
,,
ROI_6,148,0
,,
ROI_6,149,0
,,
ROI_6,150,0
,,
ROI_6,151,3
,,
ROI_6,152,0
,,
ROI_6,153,0
,,
ROI_6,154,0
,,
ROI_6,155,0
,,
ROI_6,156,0
,,
ROI_6,157,0
,,
ROI_6,158,0
,,
ROI_6,159,0
,,
ROI_6,160,1
,,
ROI_6,161,1
,,
ROI_6,162,2
,,
ROI_6,163,0
,,
ROI_6,164,0
,,
ROI_6,165,1
,,
ROI_6,166,0
,,
ROI_6,167,0
,,
ROI_6,168,0
,,
ROI_6,169,0
,,
ROI_6,170,0
,,
ROI_6,171,1
,,
ROI_6,172,1
,,
ROI_6,173,1
,,
ROI_6,174,0
,,
ROI_6,175,1
,,
ROI_6,176,0
,,
ROI_6,177,0
,,
ROI_6,178,1
,,
ROI_6,179,2
,,
ROI_6,180,1
,,
ROI_6,181,0
,,
ROI_6,182,1
,,
ROI_6,183,0
,,
ROI_6,184,1
,,
ROI_6,185,0
,,
ROI_6,186,0
,,
ROI_6,187,1
,,
ROI_6,188,0
,,
ROI_6,189,0
,,
ROI_6,190,1
,,
ROI_6,191,1
,,
ROI_6,192,0
,,
ROI_6,193,0
,,
ROI_6,194,0
,,
ROI_6,195,0
,,
ROI_6,196,0
,,
ROI_6,197,0
,,
ROI_6,198,0
,,
ROI_6,199,0
,,
ROI_6,200,0
,,
ROI_6,201,0
,,
ROI_6,202,0
,,
ROI_6,203,0
,,
ROI_6,204,0
,,
ROI_6,205,1
,,
ROI_6,206,0
,,
ROI_6,207,0
,,
ROI_6,208,0
,,
ROI_6,209,0
,,
ROI_6,210,0
,,
ROI_6,211,0
,,
ROI_6,212,0
,,
ROI_6,213,0
,,
ROI_6,214,1
,,
ROI_6,215,0
,,
ROI_6,216,0
,,
ROI_6,217,0
,,
ROI_6,218,0
,,
ROI_6,219,0
,,
ROI_6,220,0
,,
ROI_6,221,0
,,
ROI_6,222,0
,,
ROI_6,223,0
,,
ROI_6,224,1
,,
ROI_6,225,1
,,
ROI_6,226,0
,,
ROI_6,227,0
,,
ROI_6,228,2
,,
ROI_6,229,1
,,
ROI_6,230,0
,,
ROI_6,231,0
,,
ROI_6,232,0
,,
ROI_6,233,1
,,
ROI_6,234,0
,,
ROI_6,235,0
,,
ROI_6,236,0
,,
ROI_6,237,0
,,
ROI_6,238,0
,,
ROI_6,239,0
,,
ROI_6,240,1
,,
ROI_6,241,1
,,
ROI_6,242,0
,,
ROI_6,243,0
,,
ROI_6,244,0
,,
ROI_6,245,0
,,
ROI_6,246,0
,,
ROI_6,247,0
,,
ROI_6,248,0
,,
ROI_6,249,0
,,
ROI_6,250,0
,,
ROI_6,251,0
,,
ROI_6,252,0
,,
ROI_6,253,0
,,
ROI_6,254,0
,,
ROI_6,255,0
,,
ROI_7,0,5694
,,
ROI_7,1,353
,,
ROI_7,2,263
,,
ROI_7,3,216
,,
ROI_7,4,202
,,
ROI_7,5,187
,,
ROI_7,6,157
,,
ROI_7,7,152
,,
ROI_7,8,148
,,
ROI_7,9,126
,,
ROI_7,10,121
,,
ROI_7,11,112
,,
ROI_7,12,132
,,
ROI_7,13,101
,,
ROI_7,14,94
,,
ROI_7,15,81
,,
ROI_7,16,106
,,
ROI_7,17,83
,,
ROI_7,18,81
,,
ROI_7,19,96
,,
ROI_7,20,92
,,
ROI_7,21,56
,,
ROI_7,22,76
,,
ROI_7,23,74
,,
ROI_7,24,66
,,
ROI_7,25,62
,,
ROI_7,26,73
,,
ROI_7,27,77
,,
ROI_7,28,54
,,
ROI_7,29,79
,,
ROI_7,30,51
,,
ROI_7,31,65
,,
ROI_7,32,46
,,
ROI_7,33,41
,,
ROI_7,34,57
,,
ROI_7,35,56
,,
ROI_7,36,49
,,
ROI_7,37,54
,,
ROI_7,38,42
,,
ROI_7,39,34
,,
ROI_7,40,48
,,
ROI_7,41,38
,,
ROI_7,42,48
,,
ROI_7,43,36
,,
ROI_7,44,43
,,
ROI_7,45,44
,,
ROI_7,46,42
,,
ROI_7,47,33
,,
ROI_7,48,40
,,
ROI_7,49,38
,,
ROI_7,50,30
,,
ROI_7,51,23
,,
ROI_7,52,33
,,
ROI_7,53,39
,,
ROI_7,54,36
,,
ROI_7,55,27
,,
ROI_7,56,41
,,
ROI_7,57,22
,,
ROI_7,58,28
,,
ROI_7,59,34
,,
ROI_7,60,21
,,
ROI_7,61,25
,,
ROI_7,62,31
,,
ROI_7,63,34
,,
ROI_7,64,25
,,
ROI_7,65,20
,,
ROI_7,66,31
,,
ROI_7,67,19
,,
ROI_7,68,26
,,
ROI_7,69,27
,,
ROI_7,70,30
,,
ROI_7,71,16
,,
ROI_7,72,22
,,
ROI_7,73,25
,,
ROI_7,74,20
,,
ROI_7,75,17
,,
ROI_7,76,29
,,
ROI_7,77,26
,,
ROI_7,78,18
,,
ROI_7,79,26
,,
ROI_7,80,18
,,
ROI_7,81,27
,,
ROI_7,82,24
,,
ROI_7,83,22
,,
ROI_7,84,27
,,
ROI_7,85,24
,,
ROI_7,86,16
,,
ROI_7,87,18
,,
ROI_7,88,15
,,
ROI_7,89,15
,,
ROI_7,90,19
,,
ROI_7,91,17
,,
ROI_7,92,14
,,
ROI_7,93,17
,,
ROI_7,94,17
,,
ROI_7,95,13
,,
ROI_7,96,14
,,
ROI_7,97,12
,,
ROI_7,98,20
,,
ROI_7,99,14
,,
ROI_7,100,17
,,
ROI_7,101,14
,,
ROI_7,102,17
,,
ROI_7,103,9
,,
ROI_7,104,20
,,
ROI_7,105,18
,,
ROI_7,106,5
,,
ROI_7,107,15
,,
ROI_7,108,12
,,
ROI_7,109,14
,,
ROI_7,110,16
,,
ROI_7,111,16
,,
ROI_7,112,13
,,
ROI_7,113,8
,,
ROI_7,114,12
,,
ROI_7,115,4
,,
ROI_7,116,17
,,
ROI_7,117,16
,,
ROI_7,118,9
,,
ROI_7,119,8
,,
ROI_7,120,6
,,
ROI_7,121,8
,,
ROI_7,122,12
,,
ROI_7,123,11
,,
ROI_7,124,7
,,
ROI_7,125,12
,,
ROI_7,126,10
,,
ROI_7,127,10
,,
ROI_7,128,10
,,
ROI_7,129,2
,,
ROI_7,130,8
,,
ROI_7,131,13
,,
ROI_7,132,4
,,
ROI_7,133,8
,,
ROI_7,134,11
,,
ROI_7,135,7
,,
ROI_7,136,9
,,
ROI_7,137,8
,,
ROI_7,138,8
,,
ROI_7,139,4
,,
ROI_7,140,9
,,
ROI_7,141,4
,,
ROI_7,142,6
,,
ROI_7,143,6
,,
ROI_7,144,7
,,
ROI_7,145,6
,,
ROI_7,146,9
,,
ROI_7,147,7
,,
ROI_7,148,7
,,
ROI_7,149,8
,,
ROI_7,150,7
,,
ROI_7,151,4
,,
ROI_7,152,6
,,
ROI_7,153,5
,,
ROI_7,154,9
,,
ROI_7,155,6
,,
ROI_7,156,7
,,
ROI_7,157,6
,,
ROI_7,158,7
,,
ROI_7,159,9
,,
ROI_7,160,13
,,
ROI_7,161,7
,,
ROI_7,162,1
,,
ROI_7,163,12
,,
ROI_7,164,6
,,
ROI_7,165,3
,,
ROI_7,166,5
,,
ROI_7,167,6
,,
ROI_7,168,5
,,
ROI_7,169,11
,,
ROI_7,170,6
,,
ROI_7,171,1
,,
ROI_7,172,8
,,
ROI_7,173,2
,,
ROI_7,174,0
,,
ROI_7,175,2
,,
ROI_7,176,7
,,
ROI_7,177,3
,,
ROI_7,178,6
,,
ROI_7,179,2
,,
ROI_7,180,4
,,
ROI_7,181,3
,,
ROI_7,182,4
,,
ROI_7,183,3
,,
ROI_7,184,5
,,
ROI_7,185,1
,,
ROI_7,186,7
,,
ROI_7,187,4
,,
ROI_7,188,1
,,
ROI_7,189,8
,,
ROI_7,190,2
,,
ROI_7,191,4
,,
ROI_7,192,3
,,
ROI_7,193,3
,,
ROI_7,194,5
,,
ROI_7,195,5
,,
ROI_7,196,1
,,
ROI_7,197,4
,,
ROI_7,198,7
,,
ROI_7,199,3
,,
ROI_7,200,2
,,
ROI_7,201,5
,,
ROI_7,202,1
,,
ROI_7,203,3
,,
ROI_7,204,3
,,
ROI_7,205,3
,,
ROI_7,206,5
,,
ROI_7,207,4
,,
ROI_7,208,2
,,
ROI_7,209,3
,,
ROI_7,210,1
,,
ROI_7,211,5
,,
ROI_7,212,2
,,
ROI_7,213,0
,,
ROI_7,214,1
,,
ROI_7,215,5
,,
ROI_7,216,9
,,
ROI_7,217,4
,,
ROI_7,218,5
,,
ROI_7,219,3
,,
ROI_7,220,0
,,
ROI_7,221,0
,,
ROI_7,222,2
,,
ROI_7,223,4
,,
ROI_7,224,3
,,
ROI_7,225,2
,,
ROI_7,226,3
,,
ROI_7,227,2
,,
ROI_7,228,2
,,
ROI_7,229,1
,,
ROI_7,230,3
,,
ROI_7,231,3
,,
ROI_7,232,0
,,
ROI_7,233,3
,,
ROI_7,234,1
,,
ROI_7,235,1
,,
ROI_7,236,2
,,
ROI_7,237,4
,,
ROI_7,238,4
,,
ROI_7,239,2
,,
ROI_7,240,2
,,
ROI_7,241,2
,,
ROI_7,242,2
,,
ROI_7,243,3
,,
ROI_7,244,1
,,
ROI_7,245,0
,,
ROI_7,246,0
,,
ROI_7,247,1
,,
ROI_7,248,2
,,
ROI_7,249,2
,,
ROI_7,250,0
,,
ROI_7,251,3
,,
ROI_7,252,1
,,
ROI_7,253,4
,,
ROI_7,254,1
,,
ROI_7,255,195
,,
ROI_8,0,1233
,,
ROI_8,1,37
,,
ROI_8,2,26
,,
ROI_8,3,20
,,
ROI_8,4,13
,,
ROI_8,5,18
,,
ROI_8,6,22
,,
ROI_8,7,16
,,
ROI_8,8,14
,,
ROI_8,9,10
,,
ROI_8,10,12
,,
ROI_8,11,12
,,
ROI_8,12,11
,,
ROI_8,13,3
,,
ROI_8,14,13
,,
ROI_8,15,11
,,
ROI_8,16,5
,,
ROI_8,17,10
,,
ROI_8,18,10
,,
ROI_8,19,9
,,
ROI_8,20,6
,,
ROI_8,21,5
,,
ROI_8,22,8
,,
ROI_8,23,7
,,
ROI_8,24,8
,,
ROI_8,25,3
,,
ROI_8,26,5
,,
ROI_8,27,5
,,
ROI_8,28,4
,,
ROI_8,29,8
,,
ROI_8,30,5
,,
ROI_8,31,6
,,
ROI_8,32,3
,,
ROI_8,33,5
,,
ROI_8,34,3
,,
ROI_8,35,1
,,
ROI_8,36,5
,,
ROI_8,37,2
,,
ROI_8,38,8
,,
ROI_8,39,6
,,
ROI_8,40,3
,,
ROI_8,41,0
,,
ROI_8,42,2
,,
ROI_8,43,2
,,
ROI_8,44,0
,,
ROI_8,45,0
,,
ROI_8,46,4
,,
ROI_8,47,4
,,
ROI_8,48,4
,,
ROI_8,49,4
,,
ROI_8,50,2
,,
ROI_8,51,1
,,
ROI_8,52,1
,,
ROI_8,53,4
,,
ROI_8,54,2
,,
ROI_8,55,2
,,
ROI_8,56,1
,,
ROI_8,57,1
,,
ROI_8,58,2
,,
ROI_8,59,1
,,
ROI_8,60,2
,,
ROI_8,61,3
,,
ROI_8,62,2
,,
ROI_8,63,1
,,
ROI_8,64,5
,,
ROI_8,65,1
,,
ROI_8,66,0
,,
ROI_8,67,2
,,
ROI_8,68,1
,,
ROI_8,69,2
,,
ROI_8,70,3
,,
ROI_8,71,2
,,
ROI_8,72,4
,,
ROI_8,73,0
,,
ROI_8,74,1
,,
ROI_8,75,2
,,
ROI_8,76,0
,,
ROI_8,77,0
,,
ROI_8,78,1
,,
ROI_8,79,1
,,
ROI_8,80,1
,,
ROI_8,81,2
,,
ROI_8,82,4
,,
ROI_8,83,2
,,
ROI_8,84,0
,,
ROI_8,85,1
,,
ROI_8,86,0
,,
ROI_8,87,2
,,
ROI_8,88,0
,,
ROI_8,89,2
,,
ROI_8,90,0
,,
ROI_8,91,2
,,
ROI_8,92,1
,,
ROI_8,93,0
,,
ROI_8,94,0
,,
ROI_8,95,0
,,
ROI_8,96,0
,,
ROI_8,97,1
,,
ROI_8,98,3
,,
ROI_8,99,0
,,
ROI_8,100,0
,,
ROI_8,101,0
,,
ROI_8,102,1
,,
ROI_8,103,2
,,
ROI_8,104,1
,,
ROI_8,105,2
,,
ROI_8,106,0
,,
ROI_8,107,1
,,
ROI_8,108,0
,,
ROI_8,109,2
,,
ROI_8,110,0
,,
ROI_8,111,0
,,
ROI_8,112,0
,,
ROI_8,113,0
,,
ROI_8,114,1
,,
ROI_8,115,0
,,
ROI_8,116,0
,,
ROI_8,117,0
,,
ROI_8,118,0
,,
ROI_8,119,1
,,
ROI_8,120,2
,,
ROI_8,121,2
,,
ROI_8,122,0
,,
ROI_8,123,0
,,
ROI_8,124,1
,,
ROI_8,125,0
,,
ROI_8,126,2
,,
ROI_8,127,0
,,
ROI_8,128,0
,,
ROI_8,129,0
,,
ROI_8,130,1
,,
ROI_8,131,1
,,
ROI_8,132,0
,,
ROI_8,133,0
,,
ROI_8,134,2
,,
ROI_8,135,0
,,
ROI_8,136,1
,,
ROI_8,137,0
,,
ROI_8,138,1
,,
ROI_8,139,0
,,
ROI_8,140,0
,,
ROI_8,141,0
,,
ROI_8,142,0
,,
ROI_8,143,0
,,
ROI_8,144,0
,,
ROI_8,145,0
,,
ROI_8,146,0
,,
ROI_8,147,2
,,
ROI_8,148,0
,,
ROI_8,149,0
,,
ROI_8,150,0
,,
ROI_8,151,0
,,
ROI_8,152,0
,,
ROI_8,153,0
,,
ROI_8,154,0
,,
ROI_8,155,0
,,
ROI_8,156,0
,,
ROI_8,157,0
,,
ROI_8,158,0
,,
ROI_8,159,0
,,
ROI_8,160,0
,,
ROI_8,161,0
,,
ROI_8,162,0
,,
ROI_8,163,0
,,
ROI_8,164,0
,,
ROI_8,165,0
,,
ROI_8,166,0
,,
ROI_8,167,0
,,
ROI_8,168,0
,,
ROI_8,169,0
,,
ROI_8,170,0
,,
ROI_8,171,0
,,
ROI_8,172,0
,,
ROI_8,173,0
,,
ROI_8,174,0
,,
ROI_8,175,0
,,
ROI_8,176,0
,,
ROI_8,177,0
,,
ROI_8,178,0
,,
ROI_8,179,0
,,
ROI_8,180,0
,,
ROI_8,181,0
,,
ROI_8,182,0
,,
ROI_8,183,0
,,
ROI_8,184,0
,,
ROI_8,185,0
,,
ROI_8,186,0
,,
ROI_8,187,0
,,
ROI_8,188,0
,,
ROI_8,189,0
,,
ROI_8,190,0
,,
ROI_8,191,0
,,
ROI_8,192,0
,,
ROI_8,193,0
,,
ROI_8,194,0
,,
ROI_8,195,0
,,
ROI_8,196,0
,,
ROI_8,197,0
,,
ROI_8,198,0
,,
ROI_8,199,0
,,
ROI_8,200,0
,,
ROI_8,201,0
,,
ROI_8,202,0
,,
ROI_8,203,0
,,
ROI_8,204,0
,,
ROI_8,205,0
,,
ROI_8,206,0
,,
ROI_8,207,0
,,
ROI_8,208,0
,,
ROI_8,209,0
,,
ROI_8,210,0
,,
ROI_8,211,0
,,
ROI_8,212,0
,,
ROI_8,213,0
,,
ROI_8,214,0
,,
ROI_8,215,0
,,
ROI_8,216,0
,,
ROI_8,217,0
,,
ROI_8,218,0
,,
ROI_8,219,0
,,
ROI_8,220,0
,,
ROI_8,221,0
,,
ROI_8,222,0
,,
ROI_8,223,0
,,
ROI_8,224,0
,,
ROI_8,225,0
,,
ROI_8,226,0
,,
ROI_8,227,0
,,
ROI_8,228,0
,,
ROI_8,229,0
,,
ROI_8,230,0
,,
ROI_8,231,0
,,
ROI_8,232,0
,,
ROI_8,233,0
,,
ROI_8,234,0
,,
ROI_8,235,0
,,
ROI_8,236,0
,,
ROI_8,237,0
,,
ROI_8,238,0
,,
ROI_8,239,0
,,
ROI_8,240,0
,,
ROI_8,241,0
,,
ROI_8,242,0
,,
ROI_8,243,0
,,
ROI_8,244,0
,,
ROI_8,245,0
,,
ROI_8,246,0
,,
ROI_8,247,0
,,
ROI_8,248,0
,,
ROI_8,249,0
,,
ROI_8,250,0
,,
ROI_8,251,0
,,
ROI_8,252,0
,,
ROI_8,253,0
,,
ROI_8,254,0
,,
ROI_8,255,0
,,
ROI_9,0,812
,,
ROI_9,1,33
,,
ROI_9,2,27
,,
ROI_9,3,20
,,
ROI_9,4,24
,,
ROI_9,5,16
,,
ROI_9,6,19
,,
ROI_9,7,17
,,
ROI_9,8,23
,,
ROI_9,9,14
,,
ROI_9,10,15
,,
ROI_9,11,16
,,
ROI_9,12,13
,,
ROI_9,13,13
,,
ROI_9,14,12
,,
ROI_9,15,8
,,
ROI_9,16,16
,,
ROI_9,17,15
,,
ROI_9,18,9
,,
ROI_9,19,8
,,
ROI_9,20,12
,,
ROI_9,21,6
,,
ROI_9,22,5
,,
ROI_9,23,8
,,
ROI_9,24,8
,,
ROI_9,25,7
,,
ROI_9,26,7
,,
ROI_9,27,8
,,
ROI_9,28,6
,,
ROI_9,29,9
,,
ROI_9,30,7
,,
ROI_9,31,6
,,
ROI_9,32,10
,,
ROI_9,33,5
,,
ROI_9,34,3
,,
ROI_9,35,8
,,
ROI_9,36,3
,,
ROI_9,37,5
,,
ROI_9,38,4
,,
ROI_9,39,6
,,
ROI_9,40,4
,,
ROI_9,41,7
,,
ROI_9,42,2
,,
ROI_9,43,5
,,
ROI_9,44,3
,,
ROI_9,45,2
,,
ROI_9,46,1
,,
ROI_9,47,1
,,
ROI_9,48,5
,,
ROI_9,49,6
,,
ROI_9,50,4
,,
ROI_9,51,2
,,
ROI_9,52,6
,,
ROI_9,53,4
,,
ROI_9,54,5
,,
ROI_9,55,4
,,
ROI_9,56,3
,,
ROI_9,57,3
,,
ROI_9,58,2
,,
ROI_9,59,4
,,
ROI_9,60,0
,,
ROI_9,61,4
,,
ROI_9,62,8
,,
ROI_9,63,7
,,
ROI_9,64,1
,,
ROI_9,65,5
,,
ROI_9,66,2
,,
ROI_9,67,6
,,
ROI_9,68,2
,,
ROI_9,69,1
,,
ROI_9,70,1
,,
ROI_9,71,1
,,
ROI_9,72,3
,,
ROI_9,73,1
,,
ROI_9,74,2
,,
ROI_9,75,3
,,
ROI_9,76,2
,,
ROI_9,77,0
,,
ROI_9,78,3
,,
ROI_9,79,2
,,
ROI_9,80,3
,,
ROI_9,81,4
,,
ROI_9,82,4
,,
ROI_9,83,5
,,
ROI_9,84,4
,,
ROI_9,85,4
,,
ROI_9,86,2
,,
ROI_9,87,3
,,
ROI_9,88,1
,,
ROI_9,89,0
,,
ROI_9,90,1
,,
ROI_9,91,3
,,
ROI_9,92,2
,,
ROI_9,93,3
,,
ROI_9,94,1
,,
ROI_9,95,1
,,
ROI_9,96,0
,,
ROI_9,97,4
,,
ROI_9,98,3
,,
ROI_9,99,2
,,
ROI_9,100,3
,,
ROI_9,101,1
,,
ROI_9,102,0
,,
ROI_9,103,2
,,
ROI_9,104,3
,,
ROI_9,105,0
,,
ROI_9,106,2
,,
ROI_9,107,0
,,
ROI_9,108,2
,,
ROI_9,109,5
,,
ROI_9,110,1
,,
ROI_9,111,1
,,
ROI_9,112,2
,,
ROI_9,113,0
,,
ROI_9,114,2
,,
ROI_9,115,1
,,
ROI_9,116,2
,,
ROI_9,117,1
,,
ROI_9,118,1
,,
ROI_9,119,0
,,
ROI_9,120,1
,,
ROI_9,121,2
,,
ROI_9,122,1
,,
ROI_9,123,0
,,
ROI_9,124,0
,,
ROI_9,125,1
,,
ROI_9,126,0
,,
ROI_9,127,1
,,
ROI_9,128,1
,,
ROI_9,129,0
,,
ROI_9,130,1
,,
ROI_9,131,1
,,
ROI_9,132,0
,,
ROI_9,133,0
,,
ROI_9,134,0
,,
ROI_9,135,0
,,
ROI_9,136,1
,,
ROI_9,137,0
,,
ROI_9,138,0
,,
ROI_9,139,0
,,
ROI_9,140,0
,,
ROI_9,141,0
,,
ROI_9,142,0
,,
ROI_9,143,0
,,
ROI_9,144,0
,,
ROI_9,145,0
,,
ROI_9,146,0
,,
ROI_9,147,2
,,
ROI_9,148,2
,,
ROI_9,149,0
,,
ROI_9,150,0
,,
ROI_9,151,1
,,
ROI_9,152,0
,,
ROI_9,153,0
,,
ROI_9,154,1
,,
ROI_9,155,0
,,
ROI_9,156,0
,,
ROI_9,157,0
,,
ROI_9,158,1
,,
ROI_9,159,0
,,
ROI_9,160,0
,,
ROI_9,161,0
,,
ROI_9,162,0
,,
ROI_9,163,0
,,
ROI_9,164,0
,,
ROI_9,165,0
,,
ROI_9,166,0
,,
ROI_9,167,1
,,
ROI_9,168,0
,,
ROI_9,169,0
,,
ROI_9,170,0
,,
ROI_9,171,1
,,
ROI_9,172,0
,,
ROI_9,173,0
,,
ROI_9,174,0
,,
ROI_9,175,0
,,
ROI_9,176,0
,,
ROI_9,177,0
,,
ROI_9,178,0
,,
ROI_9,179,1
,,
ROI_9,180,0
,,
ROI_9,181,0
,,
ROI_9,182,0
,,
ROI_9,183,0
,,
ROI_9,184,0
,,
ROI_9,185,0
,,
ROI_9,186,0
,,
ROI_9,187,0
,,
ROI_9,188,0
,,
ROI_9,189,0
,,
ROI_9,190,1
,,
ROI_9,191,0
,,
ROI_9,192,0
,,
ROI_9,193,2
,,
ROI_9,194,0
,,
ROI_9,195,0
,,
ROI_9,196,0
,,
ROI_9,197,0
,,
ROI_9,198,0
,,
ROI_9,199,0
,,
ROI_9,200,0
,,
ROI_9,201,0
,,
ROI_9,202,0
,,
ROI_9,203,0
,,
ROI_9,204,1
,,
ROI_9,205,0
,,
ROI_9,206,1
,,
ROI_9,207,0
,,
ROI_9,208,0
,,
ROI_9,209,0
,,
ROI_9,210,0
,,
ROI_9,211,0
,,
ROI_9,212,0
,,
ROI_9,213,0
,,
ROI_9,214,0
,,
ROI_9,215,0
,,
ROI_9,216,0
,,
ROI_9,217,0
,,
ROI_9,218,0
,,
ROI_9,219,1
,,
ROI_9,220,1
,,
ROI_9,221,0
,,
ROI_9,222,0
,,
ROI_9,223,1
,,
ROI_9,224,0
,,
ROI_9,225,0
,,
ROI_9,226,0
,,
ROI_9,227,0
,,
ROI_9,228,0
,,
ROI_9,229,1
,,
ROI_9,230,0
,,
ROI_9,231,0
,,
ROI_9,232,0
,,
ROI_9,233,0
,,
ROI_9,234,0
,,
ROI_9,235,0
,,
ROI_9,236,0
,,
ROI_9,237,0
,,
ROI_9,238,0
,,
ROI_9,239,0
,,
ROI_9,240,0
,,
ROI_9,241,1
,,
ROI_9,242,0
,,
ROI_9,243,0
,,
ROI_9,244,0
,,
ROI_9,245,0
,,
ROI_9,246,1
,,
ROI_9,247,1
,,
ROI_9,248,1
,,
ROI_9,249,0
,,
ROI_9,250,0
,,
ROI_9,251,0
,,
ROI_9,252,0
,,
ROI_9,253,0
,,
ROI_9,254,0
,,
ROI_9,255,7
,,
ROI_10,0,14355
,,
ROI_10,1,331
,,
ROI_10,2,233
,,
ROI_10,3,232
,,
ROI_10,4,190
,,
ROI_10,5,176
,,
ROI_10,6,167
,,
ROI_10,7,136
,,
ROI_10,8,136
,,
ROI_10,9,119
,,
ROI_10,10,137
,,
ROI_10,11,91
,,
ROI_10,12,86
,,
ROI_10,13,81
,,
ROI_10,14,107
,,
ROI_10,15,75
,,
ROI_10,16,87
,,
ROI_10,17,63
,,
ROI_10,18,78
,,
ROI_10,19,63
,,
ROI_10,20,60
,,
ROI_10,21,58
,,
ROI_10,22,44
,,
ROI_10,23,60
,,
ROI_10,24,54
,,
ROI_10,25,55
,,
ROI_10,26,56
,,
ROI_10,27,56
,,
ROI_10,28,44
,,
ROI_10,29,39
,,
ROI_10,30,46
,,
ROI_10,31,44
,,
ROI_10,32,39
,,
ROI_10,33,37
,,
ROI_10,34,35
,,
ROI_10,35,34
,,
ROI_10,36,34
,,
ROI_10,37,36
,,
ROI_10,38,43
,,
ROI_10,39,29
,,
ROI_10,40,33
,,
ROI_10,41,36
,,
ROI_10,42,36
,,
ROI_10,43,25
,,
ROI_10,44,34
,,
ROI_10,45,32
,,
ROI_10,46,24
,,
ROI_10,47,25
,,
ROI_10,48,33
,,
ROI_10,49,24
,,
ROI_10,50,23
,,
ROI_10,51,32
,,
ROI_10,52,24
,,
ROI_10,53,25
,,
ROI_10,54,19
,,
ROI_10,55,27
,,
ROI_10,56,22
,,
ROI_10,57,35
,,
ROI_10,58,24
,,
ROI_10,59,26
,,
ROI_10,60,19
,,
ROI_10,61,27
,,
ROI_10,62,24
,,
ROI_10,63,23
,,
ROI_10,64,19
,,
ROI_10,65,21
,,
ROI_10,66,14
,,
ROI_10,67,16
,,
ROI_10,68,23
,,
ROI_10,69,10
,,
ROI_10,70,16
,,
ROI_10,71,17
,,
ROI_10,72,19
,,
ROI_10,73,11
,,
ROI_10,74,17
,,
ROI_10,75,17
,,
ROI_10,76,14
,,
ROI_10,77,18
,,
ROI_10,78,7
,,
ROI_10,79,12
,,
ROI_10,80,12
,,
ROI_10,81,12
,,
ROI_10,82,22
,,
ROI_10,83,21
,,
ROI_10,84,10
,,
ROI_10,85,13
,,
ROI_10,86,21
,,
ROI_10,87,11
,,
ROI_10,88,17
,,
ROI_10,89,12
,,
ROI_10,90,12
,,
ROI_10,91,10
,,
ROI_10,92,8
,,
ROI_10,93,7
,,
ROI_10,94,16
,,
ROI_10,95,12
,,
ROI_10,96,11
,,
ROI_10,97,12
,,
ROI_10,98,13
,,
ROI_10,99,8
,,
ROI_10,100,10
,,
ROI_10,101,9
,,
ROI_10,102,9
,,
ROI_10,103,11
,,
ROI_10,104,11
,,
ROI_10,105,10
,,
ROI_10,106,11
,,
ROI_10,107,6
,,
ROI_10,108,7
,,
ROI_10,109,5
,,
ROI_10,110,4
,,
ROI_10,111,6
,,
ROI_10,112,7
,,
ROI_10,113,16
,,
ROI_10,114,6
,,
ROI_10,115,5
,,
ROI_10,116,9
,,
ROI_10,117,11
,,
ROI_10,118,5
,,
ROI_10,119,8
,,
ROI_10,120,6
,,
ROI_10,121,9
,,
ROI_10,122,8
,,
ROI_10,123,5
,,
ROI_10,124,8
,,
ROI_10,125,12
,,
ROI_10,126,7
,,
ROI_10,127,5
,,
ROI_10,128,11
,,
ROI_10,129,9
,,
ROI_10,130,8
,,
ROI_10,131,2
,,
ROI_10,132,2
,,
ROI_10,133,10
,,
ROI_10,134,7
,,
ROI_10,135,8
,,
ROI_10,136,11
,,
ROI_10,137,9
,,
ROI_10,138,4
,,
ROI_10,139,7
,,
ROI_10,140,6
,,
ROI_10,141,6
,,
ROI_10,142,6
,,
ROI_10,143,7
,,
ROI_10,144,5
,,
ROI_10,145,11
,,
ROI_10,146,7
,,
ROI_10,147,5
,,
ROI_10,148,4
,,
ROI_10,149,8
,,
ROI_10,150,9
,,
ROI_10,151,3
,,
ROI_10,152,6
,,
ROI_10,153,5
,,
ROI_10,154,2
,,
ROI_10,155,2
,,
ROI_10,156,7
,,
ROI_10,157,2
,,
ROI_10,158,6
,,
ROI_10,159,6
,,
ROI_10,160,8
,,
ROI_10,161,6
,,
ROI_10,162,6
,,
ROI_10,163,8
,,
ROI_10,164,5
,,
ROI_10,165,5
,,
ROI_10,166,6
,,
ROI_10,167,0
,,
ROI_10,168,1
,,
ROI_10,169,3
,,
ROI_10,170,3
,,
ROI_10,171,6
,,
ROI_10,172,1
,,
ROI_10,173,6
,,
ROI_10,174,3
,,
ROI_10,175,4
,,
ROI_10,176,2
,,
ROI_10,177,4
,,
ROI_10,178,4
,,
ROI_10,179,2
,,
ROI_10,180,8
,,
ROI_10,181,1
,,
ROI_10,182,3
,,
ROI_10,183,4
,,
ROI_10,184,4
,,
ROI_10,185,8
,,
ROI_10,186,3
,,
ROI_10,187,4
,,
ROI_10,188,2
,,
ROI_10,189,4
,,
ROI_10,190,2
,,
ROI_10,191,1
,,
ROI_10,192,0
,,
ROI_10,193,9
,,
ROI_10,194,3
,,
ROI_10,195,2
,,
ROI_10,196,1
,,
ROI_10,197,2
,,
ROI_10,198,3
,,
ROI_10,199,3
,,
ROI_10,200,2
,,
ROI_10,201,2
,,
ROI_10,202,2
,,
ROI_10,203,0
,,
ROI_10,204,1
,,
ROI_10,205,3
,,
ROI_10,206,5
,,
ROI_10,207,0
,,
ROI_10,208,8
,,
ROI_10,209,4
,,
ROI_10,210,1
,,
ROI_10,211,1
,,
ROI_10,212,3
,,
ROI_10,213,2
,,
ROI_10,214,4
,,
ROI_10,215,1
,,
ROI_10,216,2
,,
ROI_10,217,1
,,
ROI_10,218,1
,,
ROI_10,219,4
,,
ROI_10,220,2
,,
ROI_10,221,5
,,
ROI_10,222,3
,,
ROI_10,223,0
,,
ROI_10,224,9
,,
ROI_10,225,1
,,
ROI_10,226,2
,,
ROI_10,227,2
,,
ROI_10,228,1
,,
ROI_10,229,4
,,
ROI_10,230,3
,,
ROI_10,231,2
,,
ROI_10,232,1
,,
ROI_10,233,5
,,
ROI_10,234,2
,,
ROI_10,235,2
,,
ROI_10,236,3
,,
ROI_10,237,4
,,
ROI_10,238,0
,,
ROI_10,239,5
,,
ROI_10,240,1
,,
ROI_10,241,5
,,
ROI_10,242,4
,,
ROI_10,243,0
,,
ROI_10,244,3
,,
ROI_10,245,2
,,
ROI_10,246,3
,,
ROI_10,247,2
,,
ROI_10,248,1
,,
ROI_10,249,2
,,
ROI_10,250,4
,,
ROI_10,251,3
,,
ROI_10,252,3
,,
ROI_10,253,3
,,
ROI_10,254,3
,,
ROI_10,255,452
,,
ROI_11,0,4292
,,
ROI_11,1,677
,,
ROI_11,2,693
,,
ROI_11,3,661
,,
ROI_11,4,530
,,
ROI_11,5,549
,,
ROI_11,6,468
,,
ROI_11,7,451
,,
ROI_11,8,436
,,
ROI_11,9,340
,,
ROI_11,10,358
,,
ROI_11,11,305
,,
ROI_11,12,307
,,
ROI_11,13,249
,,
ROI_11,14,257
,,
ROI_11,15,194
,,
ROI_11,16,226
,,
ROI_11,17,196
,,
ROI_11,18,205
,,
ROI_11,19,191
,,
ROI_11,20,181
,,
ROI_11,21,180
,,
ROI_11,22,131
,,
ROI_11,23,150
,,
ROI_11,24,127
,,
ROI_11,25,172
,,
ROI_11,26,123
,,
ROI_11,27,148
,,
ROI_11,28,134
,,
ROI_11,29,148
,,
ROI_11,30,119
,,
ROI_11,31,126
,,
ROI_11,32,102
,,
ROI_11,33,119
,,
ROI_11,34,93
,,
ROI_11,35,99
,,
ROI_11,36,81
,,
ROI_11,37,97
,,
ROI_11,38,96
,,
ROI_11,39,57
,,
ROI_11,40,95
,,
ROI_11,41,77
,,
ROI_11,42,96
,,
ROI_11,43,69
,,
ROI_11,44,62
,,
ROI_11,45,72
,,
ROI_11,46,69
,,
ROI_11,47,59
,,
ROI_11,48,53
,,
ROI_11,49,52
,,
ROI_11,50,59
,,
ROI_11,51,72
,,
ROI_11,52,53
,,
ROI_11,53,60
,,
ROI_11,54,51
,,
ROI_11,55,62
,,
ROI_11,56,48
,,
ROI_11,57,40
,,
ROI_11,58,43
,,
ROI_11,59,45
,,
ROI_11,60,49
,,
ROI_11,61,47
,,
ROI_11,62,43
,,
ROI_11,63,46
,,
ROI_11,64,32
,,
ROI_11,65,37
,,
ROI_11,66,42
,,
ROI_11,67,48
,,
ROI_11,68,24
,,
ROI_11,69,28
,,
ROI_11,70,49
,,
ROI_11,71,37
,,
ROI_11,72,36
,,
ROI_11,73,29
,,
ROI_11,74,41
,,
ROI_11,75,25
,,
ROI_11,76,32
,,
ROI_11,77,19
,,
ROI_11,78,33
,,
ROI_11,79,40
,,
ROI_11,80,26
,,
ROI_11,81,26
,,
ROI_11,82,27
,,
ROI_11,83,27
,,
ROI_11,84,18
,,
ROI_11,85,20
,,
ROI_11,86,26
,,
ROI_11,87,24
,,
ROI_11,88,26
,,
ROI_11,89,24
,,
ROI_11,90,32
,,
ROI_11,91,25
,,
ROI_11,92,22
,,
ROI_11,93,17
,,
ROI_11,94,27
,,
ROI_11,95,28
,,
ROI_11,96,16
,,
ROI_11,97,21
,,
ROI_11,98,18
,,
ROI_11,99,16
,,
ROI_11,100,24
,,
ROI_11,101,21
,,
ROI_11,102,16
,,
ROI_11,103,15
,,
ROI_11,104,21
,,
ROI_11,105,19
,,
ROI_11,106,18
,,
ROI_11,107,21
,,
ROI_11,108,17
,,
ROI_11,109,14
,,
ROI_11,110,9
,,
ROI_11,111,14
,,
ROI_11,112,14
,,
ROI_11,113,11
,,
ROI_11,114,11
,,
ROI_11,115,16
,,
ROI_11,116,17
,,
ROI_11,117,17
,,
ROI_11,118,17
,,
ROI_11,119,17
,,
ROI_11,120,15
,,
ROI_11,121,19
,,
ROI_11,122,13
,,
ROI_11,123,13
,,
ROI_11,124,19
,,
ROI_11,125,15
,,
ROI_11,126,12
,,
ROI_11,127,15
,,
ROI_11,128,16
,,
ROI_11,129,10
,,
ROI_11,130,8
,,
ROI_11,131,14
,,
ROI_11,132,18
,,
ROI_11,133,12
,,
ROI_11,134,14
,,
ROI_11,135,12
,,
ROI_11,136,15
,,
ROI_11,137,15
,,
ROI_11,138,15
,,
ROI_11,139,17
,,
ROI_11,140,11
,,
ROI_11,141,11
,,
ROI_11,142,10
,,
ROI_11,143,14
,,
ROI_11,144,9
,,
ROI_11,145,9
,,
ROI_11,146,9
,,
ROI_11,147,12
,,
ROI_11,148,7
,,
ROI_11,149,12
,,
ROI_11,150,10
,,
ROI_11,151,12
,,
ROI_11,152,9
,,
ROI_11,153,7
,,
ROI_11,154,12
,,
ROI_11,155,8
,,
ROI_11,156,12
,,
ROI_11,157,15
,,
ROI_11,158,17
,,
ROI_11,159,15
,,
ROI_11,160,8
,,
ROI_11,161,8
,,
ROI_11,162,11
,,
ROI_11,163,8
,,
ROI_11,164,13
,,
ROI_11,165,11
,,
ROI_11,166,13
,,
ROI_11,167,7
,,
ROI_11,168,7
,,
ROI_11,169,6
,,
ROI_11,170,12
,,
ROI_11,171,6
,,
ROI_11,172,8
,,
ROI_11,173,9
,,
ROI_11,174,7
,,
ROI_11,175,5
,,
ROI_11,176,6
,,
ROI_11,177,10
,,
ROI_11,178,9
,,
ROI_11,179,8
,,
ROI_11,180,10
,,
ROI_11,181,6
,,
ROI_11,182,8
,,
ROI_11,183,4
,,
ROI_11,184,4
,,
ROI_11,185,6
,,
ROI_11,186,9
,,
ROI_11,187,12
,,
ROI_11,188,3
,,
ROI_11,189,7
,,
ROI_11,190,8
,,
ROI_11,191,4
,,
ROI_11,192,7
,,
ROI_11,193,7
,,
ROI_11,194,5
,,
ROI_11,195,6
,,
ROI_11,196,5
,,
ROI_11,197,6
,,
ROI_11,198,8
,,
ROI_11,199,5
,,
ROI_11,200,6
,,
ROI_11,201,13
,,
ROI_11,202,3
,,
ROI_11,203,6
,,
ROI_11,204,5
,,
ROI_11,205,10
,,
ROI_11,206,6
,,
ROI_11,207,5
,,
ROI_11,208,9
,,
ROI_11,209,3
,,
ROI_11,210,5
,,
ROI_11,211,5
,,
ROI_11,212,4
,,
ROI_11,213,5
,,
ROI_11,214,9
,,
ROI_11,215,3
,,
ROI_11,216,5
,,
ROI_11,217,5
,,
ROI_11,218,6
,,
ROI_11,219,0
,,
ROI_11,220,5
,,
ROI_11,221,3
,,
ROI_11,222,2
,,
ROI_11,223,5
,,
ROI_11,224,4
,,
ROI_11,225,5
,,
ROI_11,226,6
,,
ROI_11,227,6
,,
ROI_11,228,6
,,
ROI_11,229,3
,,
ROI_11,230,8
,,
ROI_11,231,6
,,
ROI_11,232,6
,,
ROI_11,233,1
,,
ROI_11,234,5
,,
ROI_11,235,5
,,
ROI_11,236,3
,,
ROI_11,237,4
,,
ROI_11,238,2
,,
ROI_11,239,3
,,
ROI_11,240,2
,,
ROI_11,241,2
,,
ROI_11,242,3
,,
ROI_11,243,4
,,
ROI_11,244,2
,,
ROI_11,245,2
,,
ROI_11,246,6
,,
ROI_11,247,5
,,
ROI_11,248,9
,,
ROI_11,249,3
,,
ROI_11,250,4
,,
ROI_11,251,0
,,
ROI_11,252,3
,,
ROI_11,253,4
,,
ROI_11,254,3
,,
ROI_11,255,307
,,
ROI_12,0,28619
,,
ROI_12,1,1241
,,
ROI_12,2,929
,,
ROI_12,3,792
,,
ROI_12,4,607
,,
ROI_12,5,619
,,
ROI_12,6,511
,,
ROI_12,7,454
,,
ROI_12,8,513
,,
ROI_12,9,356
,,
ROI_12,10,366
,,
ROI_12,11,293
,,
ROI_12,12,263
,,
ROI_12,13,260
,,
ROI_12,14,257
,,
ROI_12,15,186
,,
ROI_12,16,223
,,
ROI_12,17,143
,,
ROI_12,18,170
,,
ROI_12,19,142
,,
ROI_12,20,169
,,
ROI_12,21,141
,,
ROI_12,22,128
,,
ROI_12,23,145
,,
ROI_12,24,111
,,
ROI_12,25,94
,,
ROI_12,26,106
,,
ROI_12,27,99
,,
ROI_12,28,113
,,
ROI_12,29,102
,,
ROI_12,30,89
,,
ROI_12,31,104
,,
ROI_12,32,84
,,
ROI_12,33,91
,,
ROI_12,34,56
,,
ROI_12,35,70
,,
ROI_12,36,80
,,
ROI_12,37,50
,,
ROI_12,38,64
,,
ROI_12,39,53
,,
ROI_12,40,63
,,
ROI_12,41,55
,,
ROI_12,42,47
,,
ROI_12,43,56
,,
ROI_12,44,57
,,
ROI_12,45,58
,,
ROI_12,46,43
,,
ROI_12,47,33
,,
ROI_12,48,39
,,
ROI_12,49,46
,,
ROI_12,50,40
,,
ROI_12,51,49
,,
ROI_12,52,34
,,
ROI_12,53,37
,,
ROI_12,54,27
,,
ROI_12,55,41
,,
ROI_12,56,27
,,
ROI_12,57,31
,,
ROI_12,58,27
,,
ROI_12,59,39
,,
ROI_12,60,44
,,
ROI_12,61,35
,,
ROI_12,62,25
,,
ROI_12,63,33
,,
ROI_12,64,20
,,
ROI_12,65,16
,,
ROI_12,66,24
,,
ROI_12,67,16
,,
ROI_12,68,26
,,
ROI_12,69,19
,,
ROI_12,70,26
,,
ROI_12,71,22
,,
ROI_12,72,27
,,
ROI_12,73,17
,,
ROI_12,74,26
,,
ROI_12,75,25
,,
ROI_12,76,23
,,
ROI_12,77,23
,,
ROI_12,78,21
,,
ROI_12,79,21
,,
ROI_12,80,16
,,
ROI_12,81,13
,,
ROI_12,82,19
,,
ROI_12,83,20
,,
ROI_12,84,20
,,
ROI_12,85,18
,,
ROI_12,86,12
,,
ROI_12,87,13
,,
ROI_12,88,18
,,
ROI_12,89,3
,,
ROI_12,90,17
,,
ROI_12,91,26
,,
ROI_12,92,18
,,
ROI_12,93,13
,,
ROI_12,94,12
,,
ROI_12,95,8
,,
ROI_12,96,14
,,
ROI_12,97,15
,,
ROI_12,98,12
,,
ROI_12,99,10
,,
ROI_12,100,14
,,
ROI_12,101,10
,,
ROI_12,102,13
,,
ROI_12,103,11
,,
ROI_12,104,10
,,
ROI_12,105,10
,,
ROI_12,106,4
,,
ROI_12,107,9
,,
ROI_12,108,7
,,
ROI_12,109,11
,,
ROI_12,110,7
,,
ROI_12,111,11
,,
ROI_12,112,10
,,
ROI_12,113,7
,,
ROI_12,114,14
,,
ROI_12,115,3
,,
ROI_12,116,8
,,
ROI_12,117,8
,,
ROI_12,118,9
,,
ROI_12,119,9
,,
ROI_12,120,11
,,
ROI_12,121,9
,,
ROI_12,122,5
,,
ROI_12,123,13
,,
ROI_12,124,16
,,
ROI_12,125,5
,,
ROI_12,126,6
,,
ROI_12,127,9
,,
ROI_12,128,7
,,
ROI_12,129,4
,,
ROI_12,130,7
,,
ROI_12,131,11
,,
ROI_12,132,5
,,
ROI_12,133,5
,,
ROI_12,134,5
,,
ROI_12,135,8
,,
ROI_12,136,6
,,
ROI_12,137,7
,,
ROI_12,138,5
,,
ROI_12,139,6
,,
ROI_12,140,9
,,
ROI_12,141,4
,,
ROI_12,142,7
,,
ROI_12,143,4
,,
ROI_12,144,10
,,
ROI_12,145,4
,,
ROI_12,146,7
,,
ROI_12,147,7
,,
ROI_12,148,3
,,
ROI_12,149,0
,,
ROI_12,150,3
,,
ROI_12,151,5
,,
ROI_12,152,4
,,
ROI_12,153,7
,,
ROI_12,154,3
,,
ROI_12,155,8
,,
ROI_12,156,4
,,
ROI_12,157,2
,,
ROI_12,158,5
,,
ROI_12,159,5
,,
ROI_12,160,6
,,
ROI_12,161,7
,,
ROI_12,162,4
,,
ROI_12,163,4
,,
ROI_12,164,9
,,
ROI_12,165,2
,,
ROI_12,166,4
,,
ROI_12,167,3
,,
ROI_12,168,9
,,
ROI_12,169,3
,,
ROI_12,170,4
,,
ROI_12,171,8
,,
ROI_12,172,4
,,
ROI_12,173,7
,,
ROI_12,174,2
,,
ROI_12,175,1
,,
ROI_12,176,3
,,
ROI_12,177,1
,,
ROI_12,178,6
,,
ROI_12,179,7
,,
ROI_12,180,4
,,
ROI_12,181,4
,,
ROI_12,182,3
,,
ROI_12,183,4
,,
ROI_12,184,4
,,
ROI_12,185,3
,,
ROI_12,186,2
,,
ROI_12,187,5
,,
ROI_12,188,3
,,
ROI_12,189,3
,,
ROI_12,190,5
,,
ROI_12,191,5
,,
ROI_12,192,2
,,
ROI_12,193,1
,,
ROI_12,194,6
,,
ROI_12,195,0
,,
ROI_12,196,2
,,
ROI_12,197,1
,,
ROI_12,198,5
,,
ROI_12,199,1
,,
ROI_12,200,0
,,
ROI_12,201,4
,,
ROI_12,202,3
,,
ROI_12,203,3
,,
ROI_12,204,2
,,
ROI_12,205,6
,,
ROI_12,206,5
,,
ROI_12,207,7
,,
ROI_12,208,4
,,
ROI_12,209,0
,,
ROI_12,210,2
,,
ROI_12,211,3
,,
ROI_12,212,3
,,
ROI_12,213,2
,,
ROI_12,214,5
,,
ROI_12,215,0
,,
ROI_12,216,1
,,
ROI_12,217,2
,,
ROI_12,218,4
,,
ROI_12,219,2
,,
ROI_12,220,1
,,
ROI_12,221,1
,,
ROI_12,222,2
,,
ROI_12,223,1
,,
ROI_12,224,4
,,
ROI_12,225,6
,,
ROI_12,226,4
,,
ROI_12,227,3
,,
ROI_12,228,2
,,
ROI_12,229,3
,,
ROI_12,230,0
,,
ROI_12,231,2
,,
ROI_12,232,1
,,
ROI_12,233,3
,,
ROI_12,234,1
,,
ROI_12,235,0
,,
ROI_12,236,3
,,
ROI_12,237,2
,,
ROI_12,238,2
,,
ROI_12,239,3
,,
ROI_12,240,0
,,
ROI_12,241,1
,,
ROI_12,242,0
,,
ROI_12,243,3
,,
ROI_12,244,4
,,
ROI_12,245,4
,,
ROI_12,246,1
,,
ROI_12,247,3
,,
ROI_12,248,3
,,
ROI_12,249,4
,,
ROI_12,250,2
,,
ROI_12,251,1
,,
ROI_12,252,2
,,
ROI_12,253,5
,,
ROI_12,254,3
,,
ROI_12,255,292
,,
ROI_13,0,1944
,,
ROI_13,1,9
,,
ROI_13,2,0
,,
ROI_13,3,2
,,
ROI_13,4,1
,,
ROI_13,5,2
,,
ROI_13,6,0
,,
ROI_13,7,1
,,
ROI_13,8,0
,,
ROI_13,9,0
,,
ROI_13,10,1
,,
ROI_13,11,0
,,
ROI_13,12,1
,,
ROI_13,13,0
,,
ROI_13,14,0
,,
ROI_13,15,0
,,
ROI_13,16,0
,,
ROI_13,17,0
,,
ROI_13,18,0
,,
ROI_13,19,0
,,
ROI_13,20,0
,,
ROI_13,21,0
,,
ROI_13,22,0
,,
ROI_13,23,0
,,
ROI_13,24,0
,,
ROI_13,25,0
,,
ROI_13,26,0
,,
ROI_13,27,0
,,
ROI_13,28,0
,,
ROI_13,29,0
,,
ROI_13,30,0
,,
ROI_13,31,0
,,
ROI_13,32,0
,,
ROI_13,33,0
,,
ROI_13,34,0
,,
ROI_13,35,0
,,
ROI_13,36,0
,,
ROI_13,37,0
,,
ROI_13,38,0
,,
ROI_13,39,0
,,
ROI_13,40,0
,,
ROI_13,41,0
,,
ROI_13,42,0
,,
ROI_13,43,0
,,
ROI_13,44,0
,,
ROI_13,45,0
,,
ROI_13,46,0
,,
ROI_13,47,0
,,
ROI_13,48,0
,,
ROI_13,49,0
,,
ROI_13,50,0
,,
ROI_13,51,0
,,
ROI_13,52,0
,,
ROI_13,53,0
,,
ROI_13,54,0
,,
ROI_13,55,0
,,
ROI_13,56,0
,,
ROI_13,57,0
,,
ROI_13,58,0
,,
ROI_13,59,0
,,
ROI_13,60,0
,,
ROI_13,61,0
,,
ROI_13,62,0
,,
ROI_13,63,0
,,
ROI_13,64,0
,,
ROI_13,65,0
,,
ROI_13,66,0
,,
ROI_13,67,0
,,
ROI_13,68,0
,,
ROI_13,69,0
,,
ROI_13,70,0
,,
ROI_13,71,0
,,
ROI_13,72,0
,,
ROI_13,73,0
,,
ROI_13,74,0
,,
ROI_13,75,0
,,
ROI_13,76,0
,,
ROI_13,77,0
,,
ROI_13,78,0
,,
ROI_13,79,0
,,
ROI_13,80,0
,,
ROI_13,81,0
,,
ROI_13,82,0
,,
ROI_13,83,0
,,
ROI_13,84,0
,,
ROI_13,85,0
,,
ROI_13,86,0
,,
ROI_13,87,0
,,
ROI_13,88,0
,,
ROI_13,89,0
,,
ROI_13,90,0
,,
ROI_13,91,0
,,
ROI_13,92,0
,,
ROI_13,93,0
,,
ROI_13,94,0
,,
ROI_13,95,0
,,
ROI_13,96,0
,,
ROI_13,97,0
,,
ROI_13,98,0
,,
ROI_13,99,0
,,
ROI_13,100,0
,,
ROI_13,101,0
,,
ROI_13,102,0
,,
ROI_13,103,0
,,
ROI_13,104,0
,,
ROI_13,105,0
,,
ROI_13,106,0
,,
ROI_13,107,0
,,
ROI_13,108,0
,,
ROI_13,109,0
,,
ROI_13,110,0
,,
ROI_13,111,0
,,
ROI_13,112,0
,,
ROI_13,113,0
,,
ROI_13,114,0
,,
ROI_13,115,0
,,
ROI_13,116,0
,,
ROI_13,117,0
,,
ROI_13,118,0
,,
ROI_13,119,0
,,
ROI_13,120,0
,,
ROI_13,121,0
,,
ROI_13,122,0
,,
ROI_13,123,0
,,
ROI_13,124,0
,,
ROI_13,125,0
,,
ROI_13,126,0
,,
ROI_13,127,0
,,
ROI_13,128,0
,,
ROI_13,129,0
,,
ROI_13,130,0
,,
ROI_13,131,0
,,
ROI_13,132,0
,,
ROI_13,133,0
,,
ROI_13,134,0
,,
ROI_13,135,0
,,
ROI_13,136,0
,,
ROI_13,137,0
,,
ROI_13,138,0
,,
ROI_13,139,0
,,
ROI_13,140,0
,,
ROI_13,141,0
,,
ROI_13,142,0
,,
ROI_13,143,0
,,
ROI_13,144,0
,,
ROI_13,145,0
,,
ROI_13,146,0
,,
ROI_13,147,0
,,
ROI_13,148,0
,,
ROI_13,149,0
,,
ROI_13,150,0
,,
ROI_13,151,0
,,
ROI_13,152,0
,,
ROI_13,153,0
,,
ROI_13,154,0
,,
ROI_13,155,0
,,
ROI_13,156,0
,,
ROI_13,157,0
,,
ROI_13,158,0
,,
ROI_13,159,0
,,
ROI_13,160,0
,,
ROI_13,161,0
,,
ROI_13,162,0
,,
ROI_13,163,0
,,
ROI_13,164,0
,,
ROI_13,165,0
,,
ROI_13,166,0
,,
ROI_13,167,0
,,
ROI_13,168,0
,,
ROI_13,169,0
,,
ROI_13,170,0
,,
ROI_13,171,0
,,
ROI_13,172,0
,,
ROI_13,173,0
,,
ROI_13,174,0
,,
ROI_13,175,0
,,
ROI_13,176,0
,,
ROI_13,177,0
,,
ROI_13,178,0
,,
ROI_13,179,0
,,
ROI_13,180,0
,,
ROI_13,181,0
,,
ROI_13,182,0
,,
ROI_13,183,0
,,
ROI_13,184,0
,,
ROI_13,185,0
,,
ROI_13,186,0
,,
ROI_13,187,0
,,
ROI_13,188,0
,,
ROI_13,189,0
,,
ROI_13,190,0
,,
ROI_13,191,0
,,
ROI_13,192,0
,,
ROI_13,193,0
,,
ROI_13,194,0
,,
ROI_13,195,0
,,
ROI_13,196,0
,,
ROI_13,197,0
,,
ROI_13,198,0
,,
ROI_13,199,0
,,
ROI_13,200,0
,,
ROI_13,201,0
,,
ROI_13,202,0
,,
ROI_13,203,0
,,
ROI_13,204,0
,,
ROI_13,205,0
,,
ROI_13,206,0
,,
ROI_13,207,0
,,
ROI_13,208,0
,,
ROI_13,209,0
,,
ROI_13,210,0
,,
ROI_13,211,0
,,
ROI_13,212,0
,,
ROI_13,213,0
,,
ROI_13,214,0
,,
ROI_13,215,0
,,
ROI_13,216,0
,,
ROI_13,217,0
,,
ROI_13,218,0
,,
ROI_13,219,0
,,
ROI_13,220,0
,,
ROI_13,221,0
,,
ROI_13,222,0
,,
ROI_13,223,0
,,
ROI_13,224,0
,,
ROI_13,225,0
,,
ROI_13,226,0
,,
ROI_13,227,0
,,
ROI_13,228,0
,,
ROI_13,229,0
,,
ROI_13,230,0
,,
ROI_13,231,0
,,
ROI_13,232,0
,,
ROI_13,233,0
,,
ROI_13,234,0
,,
ROI_13,235,0
,,
ROI_13,236,0
,,
ROI_13,237,0
,,
ROI_13,238,0
,,
ROI_13,239,0
,,
ROI_13,240,0
,,
ROI_13,241,0
,,
ROI_13,242,0
,,
ROI_13,243,0
,,
ROI_13,244,0
,,
ROI_13,245,0
,,
ROI_13,246,0
,,
ROI_13,247,0
,,
ROI_13,248,0
,,
ROI_13,249,0
,,
ROI_13,250,0
,,
ROI_13,251,0
,,
ROI_13,252,0
,,
ROI_13,253,0
,,
ROI_13,254,0
,,
ROI_13,255,0
,,
ROI_14,0,341
,,
ROI_14,1,7
,,
ROI_14,2,2
,,
ROI_14,3,6
,,
ROI_14,4,1
,,
ROI_14,5,4
,,
ROI_14,6,5
,,
ROI_14,7,3
,,
ROI_14,8,2
,,
ROI_14,9,1
,,
ROI_14,10,2
,,
ROI_14,11,1
,,
ROI_14,12,2
,,
ROI_14,13,0
,,
ROI_14,14,1
,,
ROI_14,15,1
,,
ROI_14,16,2
,,
ROI_14,17,0
,,
ROI_14,18,1
,,
ROI_14,19,0
,,
ROI_14,20,1
,,
ROI_14,21,1
,,
ROI_14,22,0
,,
ROI_14,23,1
,,
ROI_14,24,1
,,
ROI_14,25,0
,,
ROI_14,26,1
,,
ROI_14,27,0
,,
ROI_14,28,0
,,
ROI_14,29,0
,,
ROI_14,30,1
,,
ROI_14,31,0
,,
ROI_14,32,0
,,
ROI_14,33,0
,,
ROI_14,34,1
,,
ROI_14,35,0
,,
ROI_14,36,0
,,
ROI_14,37,0
,,
ROI_14,38,0
,,
ROI_14,39,0
,,
ROI_14,40,0
,,
ROI_14,41,0
,,
ROI_14,42,0
,,
ROI_14,43,0
,,
ROI_14,44,0
,,
ROI_14,45,0
,,
ROI_14,46,0
,,
ROI_14,47,0
,,
ROI_14,48,0
,,
ROI_14,49,0
,,
ROI_14,50,0
,,
ROI_14,51,0
,,
ROI_14,52,0
,,
ROI_14,53,0
,,
ROI_14,54,0
,,
ROI_14,55,0
,,
ROI_14,56,0
,,
ROI_14,57,0
,,
ROI_14,58,0
,,
ROI_14,59,0
,,
ROI_14,60,0
,,
ROI_14,61,0
,,
ROI_14,62,0
,,
ROI_14,63,0
,,
ROI_14,64,0
,,
ROI_14,65,0
,,
ROI_14,66,0
,,
ROI_14,67,0
,,
ROI_14,68,0
,,
ROI_14,69,0
,,
ROI_14,70,0
,,
ROI_14,71,0
,,
ROI_14,72,0
,,
ROI_14,73,0
,,
ROI_14,74,0
,,
ROI_14,75,0
,,
ROI_14,76,0
,,
ROI_14,77,0
,,
ROI_14,78,0
,,
ROI_14,79,0
,,
ROI_14,80,0
,,
ROI_14,81,0
,,
ROI_14,82,0
,,
ROI_14,83,0
,,
ROI_14,84,0
,,
ROI_14,85,0
,,
ROI_14,86,0
,,
ROI_14,87,0
,,
ROI_14,88,0
,,
ROI_14,89,0
,,
ROI_14,90,0
,,
ROI_14,91,0
,,
ROI_14,92,0
,,
ROI_14,93,0
,,
ROI_14,94,0
,,
ROI_14,95,0
,,
ROI_14,96,0
,,
ROI_14,97,0
,,
ROI_14,98,0
,,
ROI_14,99,0
,,
ROI_14,100,0
,,
ROI_14,101,0
,,
ROI_14,102,0
,,
ROI_14,103,0
,,
ROI_14,104,0
,,
ROI_14,105,0
,,
ROI_14,106,0
,,
ROI_14,107,0
,,
ROI_14,108,0
,,
ROI_14,109,0
,,
ROI_14,110,0
,,
ROI_14,111,0
,,
ROI_14,112,0
,,
ROI_14,113,0
,,
ROI_14,114,0
,,
ROI_14,115,0
,,
ROI_14,116,0
,,
ROI_14,117,0
,,
ROI_14,118,0
,,
ROI_14,119,0
,,
ROI_14,120,0
,,
ROI_14,121,0
,,
ROI_14,122,0
,,
ROI_14,123,0
,,
ROI_14,124,0
,,
ROI_14,125,0
,,
ROI_14,126,0
,,
ROI_14,127,0
,,
ROI_14,128,0
,,
ROI_14,129,0
,,
ROI_14,130,0
,,
ROI_14,131,0
,,
ROI_14,132,0
,,
ROI_14,133,0
,,
ROI_14,134,0
,,
ROI_14,135,0
,,
ROI_14,136,0
,,
ROI_14,137,0
,,
ROI_14,138,0
,,
ROI_14,139,0
,,
ROI_14,140,0
,,
ROI_14,141,0
,,
ROI_14,142,0
,,
ROI_14,143,0
,,
ROI_14,144,0
,,
ROI_14,145,0
,,
ROI_14,146,0
,,
ROI_14,147,0
,,
ROI_14,148,0
,,
ROI_14,149,0
,,
ROI_14,150,0
,,
ROI_14,151,0
,,
ROI_14,152,0
,,
ROI_14,153,0
,,
ROI_14,154,0
,,
ROI_14,155,0
,,
ROI_14,156,0
,,
ROI_14,157,0
,,
ROI_14,158,0
,,
ROI_14,159,0
,,
ROI_14,160,0
,,
ROI_14,161,0
,,
ROI_14,162,0
,,
ROI_14,163,0
,,
ROI_14,164,0
,,
ROI_14,165,0
,,
ROI_14,166,0
,,
ROI_14,167,0
,,
ROI_14,168,0
,,
ROI_14,169,0
,,
ROI_14,170,0
,,
ROI_14,171,0
,,
ROI_14,172,0
,,
ROI_14,173,0
,,
ROI_14,174,0
,,
ROI_14,175,0
,,
ROI_14,176,0
,,
ROI_14,177,0
,,
ROI_14,178,0
,,
ROI_14,179,0
,,
ROI_14,180,0
,,
ROI_14,181,0
,,
ROI_14,182,0
,,
ROI_14,183,0
,,
ROI_14,184,0
,,
ROI_14,185,0
,,
ROI_14,186,0
,,
ROI_14,187,0
,,
ROI_14,188,0
,,
ROI_14,189,0
,,
ROI_14,190,0
,,
ROI_14,191,0
,,
ROI_14,192,0
,,
ROI_14,193,0
,,
ROI_14,194,0
,,
ROI_14,195,0
,,
ROI_14,196,0
,,
ROI_14,197,0
,,
ROI_14,198,0
,,
ROI_14,199,0
,,
ROI_14,200,0
,,
ROI_14,201,0
,,
ROI_14,202,0
,,
ROI_14,203,0
,,
ROI_14,204,0
,,
ROI_14,205,0
,,
ROI_14,206,0
,,
ROI_14,207,0
,,
ROI_14,208,0
,,
ROI_14,209,0
,,
ROI_14,210,0
,,
ROI_14,211,0
,,
ROI_14,212,0
,,
ROI_14,213,0
,,
ROI_14,214,0
,,
ROI_14,215,0
,,
ROI_14,216,0
,,
ROI_14,217,0
,,
ROI_14,218,0
,,
ROI_14,219,0
,,
ROI_14,220,0
,,
ROI_14,221,0
,,
ROI_14,222,0
,,
ROI_14,223,0
,,
ROI_14,224,0
,,
ROI_14,225,0
,,
ROI_14,226,0
,,
ROI_14,227,0
,,
ROI_14,228,0
,,
ROI_14,229,0
,,
ROI_14,230,0
,,
ROI_14,231,0
,,
ROI_14,232,0
,,
ROI_14,233,0
,,
ROI_14,234,0
,,
ROI_14,235,0
,,
ROI_14,236,0
,,
ROI_14,237,0
,,
ROI_14,238,0
,,
ROI_14,239,0
,,
ROI_14,240,0
,,
ROI_14,241,0
,,
ROI_14,242,0
,,
ROI_14,243,0
,,
ROI_14,244,0
,,
ROI_14,245,0
,,
ROI_14,246,0
,,
ROI_14,247,0
,,
ROI_14,248,0
,,
ROI_14,249,0
,,
ROI_14,250,0
,,
ROI_14,251,0
,,
ROI_14,252,0
,,
ROI_14,253,0
,,
ROI_14,254,0
,,
ROI_14,255,0
,,
ROI_15,0,676
,,
ROI_15,1,55
,,
ROI_15,2,41
,,
ROI_15,3,35
,,
ROI_15,4,31
,,
ROI_15,5,22
,,
ROI_15,6,18
,,
ROI_15,7,17
,,
ROI_15,8,27
,,
ROI_15,9,22
,,
ROI_15,10,14
,,
ROI_15,11,14
,,
ROI_15,12,18
,,
ROI_15,13,11
,,
ROI_15,14,8
,,
ROI_15,15,11
,,
ROI_15,16,8
,,
ROI_15,17,5
,,
ROI_15,18,10
,,
ROI_15,19,4
,,
ROI_15,20,7
,,
ROI_15,21,4
,,
ROI_15,22,5
,,
ROI_15,23,2
,,
ROI_15,24,7
,,
ROI_15,25,2
,,
ROI_15,26,4
,,
ROI_15,27,3
,,
ROI_15,28,2
,,
ROI_15,29,3
,,
ROI_15,30,2
,,
ROI_15,31,8
,,
ROI_15,32,2
,,
ROI_15,33,3
,,
ROI_15,34,1
,,
ROI_15,35,1
,,
ROI_15,36,2
,,
ROI_15,37,1
,,
ROI_15,38,3
,,
ROI_15,39,3
,,
ROI_15,40,4
,,
ROI_15,41,0
,,
ROI_15,42,2
,,
ROI_15,43,1
,,
ROI_15,44,1
,,
ROI_15,45,2
,,
ROI_15,46,1
,,
ROI_15,47,0
,,
ROI_15,48,2
,,
ROI_15,49,2
,,
ROI_15,50,2
,,
ROI_15,51,3
,,
ROI_15,52,1
,,
ROI_15,53,3
,,
ROI_15,54,3
,,
ROI_15,55,0
,,
ROI_15,56,1
,,
ROI_15,57,0
,,
ROI_15,58,3
,,
ROI_15,59,1
,,
ROI_15,60,2
,,
ROI_15,61,0
,,
ROI_15,62,1
,,
ROI_15,63,1
,,
ROI_15,64,0
,,
ROI_15,65,1
,,
ROI_15,66,1
,,
ROI_15,67,4
,,
ROI_15,68,0
,,
ROI_15,69,1
,,
ROI_15,70,0
,,
ROI_15,71,0
,,
ROI_15,72,0
,,
ROI_15,73,2
,,
ROI_15,74,3
,,
ROI_15,75,2
,,
ROI_15,76,2
,,
ROI_15,77,2
,,
ROI_15,78,1
,,
ROI_15,79,2
,,
ROI_15,80,1
,,
ROI_15,81,2
,,
ROI_15,82,4
,,
ROI_15,83,0
,,
ROI_15,84,0
,,
ROI_15,85,0
,,
ROI_15,86,0
,,
ROI_15,87,3
,,
ROI_15,88,2
,,
ROI_15,89,1
,,
ROI_15,90,0
,,
ROI_15,91,0
,,
ROI_15,92,0
,,
ROI_15,93,1
,,
ROI_15,94,1
,,
ROI_15,95,0
,,
ROI_15,96,0
,,
ROI_15,97,0
,,
ROI_15,98,1
,,
ROI_15,99,0
,,
ROI_15,100,0
,,
ROI_15,101,0
,,
ROI_15,102,2
,,
ROI_15,103,0
,,
ROI_15,104,0
,,
ROI_15,105,1
,,
ROI_15,106,0
,,
ROI_15,107,0
,,
ROI_15,108,2
,,
ROI_15,109,0
,,
ROI_15,110,0
,,
ROI_15,111,1
,,
ROI_15,112,0
,,
ROI_15,113,0
,,
ROI_15,114,0
,,
ROI_15,115,0
,,
ROI_15,116,1
,,
ROI_15,117,0
,,
ROI_15,118,0
,,
ROI_15,119,1
,,
ROI_15,120,1
,,
ROI_15,121,1
,,
ROI_15,122,0
,,
ROI_15,123,0
,,
ROI_15,124,0
,,
ROI_15,125,0
,,
ROI_15,126,0
,,
ROI_15,127,0
,,
ROI_15,128,0
,,
ROI_15,129,0
,,
ROI_15,130,1
,,
ROI_15,131,0
,,
ROI_15,132,0
,,
ROI_15,133,0
,,
ROI_15,134,0
,,
ROI_15,135,0
,,
ROI_15,136,0
,,
ROI_15,137,0
,,
ROI_15,138,0
,,
ROI_15,139,1
,,
ROI_15,140,0
,,
ROI_15,141,0
,,
ROI_15,142,0
,,
ROI_15,143,0
,,
ROI_15,144,0
,,
ROI_15,145,0
,,
ROI_15,146,0
,,
ROI_15,147,0
,,
ROI_15,148,0
,,
ROI_15,149,0
,,
ROI_15,150,0
,,
ROI_15,151,0
,,
ROI_15,152,0
,,
ROI_15,153,0
,,
ROI_15,154,0
,,
ROI_15,155,0
,,
ROI_15,156,0
,,
ROI_15,157,0
,,
ROI_15,158,0
,,
ROI_15,159,0
,,
ROI_15,160,0
,,
ROI_15,161,0
,,
ROI_15,162,0
,,
ROI_15,163,0
,,
ROI_15,164,0
,,
ROI_15,165,0
,,
ROI_15,166,0
,,
ROI_15,167,0
,,
ROI_15,168,0
,,
ROI_15,169,0
,,
ROI_15,170,0
,,
ROI_15,171,0
,,
ROI_15,172,0
,,
ROI_15,173,0
,,
ROI_15,174,0
,,
ROI_15,175,0
,,
ROI_15,176,0
,,
ROI_15,177,0
,,
ROI_15,178,0
,,
ROI_15,179,0
,,
ROI_15,180,0
,,
ROI_15,181,0
,,
ROI_15,182,0
,,
ROI_15,183,0
,,
ROI_15,184,0
,,
ROI_15,185,0
,,
ROI_15,186,0
,,
ROI_15,187,0
,,
ROI_15,188,0
,,
ROI_15,189,0
,,
ROI_15,190,0
,,
ROI_15,191,0
,,
ROI_15,192,0
,,
ROI_15,193,0
,,
ROI_15,194,0
,,
ROI_15,195,0
,,
ROI_15,196,0
,,
ROI_15,197,0
,,
ROI_15,198,0
,,
ROI_15,199,0
,,
ROI_15,200,0
,,
ROI_15,201,0
,,
ROI_15,202,0
,,
ROI_15,203,0
,,
ROI_15,204,0
,,
ROI_15,205,0
,,
ROI_15,206,0
,,
ROI_15,207,0
,,
ROI_15,208,0
,,
ROI_15,209,0
,,
ROI_15,210,0
,,
ROI_15,211,0
,,
ROI_15,212,0
,,
ROI_15,213,0
,,
ROI_15,214,0
,,
ROI_15,215,0
,,
ROI_15,216,0
,,
ROI_15,217,0
,,
ROI_15,218,0
,,
ROI_15,219,0
,,
ROI_15,220,0
,,
ROI_15,221,0
,,
ROI_15,222,0
,,
ROI_15,223,0
,,
ROI_15,224,0
,,
ROI_15,225,0
,,
ROI_15,226,0
,,
ROI_15,227,0
,,
ROI_15,228,0
,,
ROI_15,229,0
,,
ROI_15,230,0
,,
ROI_15,231,0
,,
ROI_15,232,0
,,
ROI_15,233,0
,,
ROI_15,234,0
,,
ROI_15,235,0
,,
ROI_15,236,0
,,
ROI_15,237,0
,,
ROI_15,238,0
,,
ROI_15,239,0
,,
ROI_15,240,0
,,
ROI_15,241,0
,,
ROI_15,242,0
,,
ROI_15,243,0
,,
ROI_15,244,0
,,
ROI_15,245,0
,,
ROI_15,246,0
,,
ROI_15,247,0
,,
ROI_15,248,0
,,
ROI_15,249,0
,,
ROI_15,250,0
,,
ROI_15,251,0
,,
ROI_15,252,0
,,
ROI_15,253,0
,,
ROI_15,254,0
,,
ROI_15,255,0
,,
ROI_16,0,287
,,
ROI_16,1,48
,,
ROI_16,2,40
,,
ROI_16,3,35
,,
ROI_16,4,42
,,
ROI_16,5,31
,,
ROI_16,6,43
,,
ROI_16,7,36
,,
ROI_16,8,32
,,
ROI_16,9,29
,,
ROI_16,10,21
,,
ROI_16,11,27
,,
ROI_16,12,24
,,
ROI_16,13,21
,,
ROI_16,14,27
,,
ROI_16,15,17
,,
ROI_16,16,20
,,
ROI_16,17,15
,,
ROI_16,18,28
,,
ROI_16,19,11
,,
ROI_16,20,22
,,
ROI_16,21,23
,,
ROI_16,22,21
,,
ROI_16,23,20
,,
ROI_16,24,15
,,
ROI_16,25,17
,,
ROI_16,26,20
,,
ROI_16,27,17
,,
ROI_16,28,11
,,
ROI_16,29,18
,,
ROI_16,30,11
,,
ROI_16,31,12
,,
ROI_16,32,12
,,
ROI_16,33,15
,,
ROI_16,34,9
,,
ROI_16,35,9
,,
ROI_16,36,10
,,
ROI_16,37,10
,,
ROI_16,38,11
,,
ROI_16,39,9
,,
ROI_16,40,11
,,
ROI_16,41,9
,,
ROI_16,42,11
,,
ROI_16,43,3
,,
ROI_16,44,6
,,
ROI_16,45,3
,,
ROI_16,46,11
,,
ROI_16,47,9
,,
ROI_16,48,4
,,
ROI_16,49,10
,,
ROI_16,50,9
,,
ROI_16,51,11
,,
ROI_16,52,9
,,
ROI_16,53,5
,,
ROI_16,54,9
,,
ROI_16,55,5
,,
ROI_16,56,11
,,
ROI_16,57,6
,,
ROI_16,58,9
,,
ROI_16,59,9
,,
ROI_16,60,6
,,
ROI_16,61,9
,,
ROI_16,62,3
,,
ROI_16,63,4
,,
ROI_16,64,5
,,
ROI_16,65,3
,,
ROI_16,66,6
,,
ROI_16,67,5
,,
ROI_16,68,3
,,
ROI_16,69,7
,,
ROI_16,70,6
,,
ROI_16,71,5
,,
ROI_16,72,3
,,
ROI_16,73,5
,,
ROI_16,74,5
,,
ROI_16,75,4
,,
ROI_16,76,6
,,
ROI_16,77,6
,,
ROI_16,78,2
,,
ROI_16,79,6
,,
ROI_16,80,3
,,
ROI_16,81,5
,,
ROI_16,82,4
,,
ROI_16,83,5
,,
ROI_16,84,3
,,
ROI_16,85,1
,,
ROI_16,86,7
,,
ROI_16,87,5
,,
ROI_16,88,1
,,
ROI_16,89,5
,,
ROI_16,90,4
,,
ROI_16,91,3
,,
ROI_16,92,5
,,
ROI_16,93,2
,,
ROI_16,94,7
,,
ROI_16,95,2
,,
ROI_16,96,5
,,
ROI_16,97,3
,,
ROI_16,98,2
,,
ROI_16,99,4
,,
ROI_16,100,5
,,
ROI_16,101,2
,,
ROI_16,102,3
,,
ROI_16,103,1
,,
ROI_16,104,3
,,
ROI_16,105,1
,,
ROI_16,106,4
,,
ROI_16,107,1
,,
ROI_16,108,1
,,
ROI_16,109,2
,,
ROI_16,110,3
,,
ROI_16,111,4
,,
ROI_16,112,4
,,
ROI_16,113,2
,,
ROI_16,114,3
,,
ROI_16,115,3
,,
ROI_16,116,4
,,
ROI_16,117,5
,,
ROI_16,118,0
,,
ROI_16,119,4
,,
ROI_16,120,3
,,
ROI_16,121,1
,,
ROI_16,122,4
,,
ROI_16,123,1
,,
ROI_16,124,3
,,
ROI_16,125,2
,,
ROI_16,126,2
,,
ROI_16,127,2
,,
ROI_16,128,3
,,
ROI_16,129,4
,,
ROI_16,130,1
,,
ROI_16,131,0
,,
ROI_16,132,1
,,
ROI_16,133,2
,,
ROI_16,134,4
,,
ROI_16,135,0
,,
ROI_16,136,5
,,
ROI_16,137,4
,,
ROI_16,138,1
,,
ROI_16,139,1
,,
ROI_16,140,1
,,
ROI_16,141,3
,,
ROI_16,142,2
,,
ROI_16,143,3
,,
ROI_16,144,0
,,
ROI_16,145,4
,,
ROI_16,146,1
,,
ROI_16,147,0
,,
ROI_16,148,1
,,
ROI_16,149,2
,,
ROI_16,150,4
,,
ROI_16,151,2
,,
ROI_16,152,1
,,
ROI_16,153,2
,,
ROI_16,154,4
,,
ROI_16,155,2
,,
ROI_16,156,1
,,
ROI_16,157,2
,,
ROI_16,158,3
,,
ROI_16,159,3
,,
ROI_16,160,3
,,
ROI_16,161,1
,,
ROI_16,162,3
,,
ROI_16,163,1
,,
ROI_16,164,2
,,
ROI_16,165,0
,,
ROI_16,166,1
,,
ROI_16,167,2
,,
ROI_16,168,3
,,
ROI_16,169,2
,,
ROI_16,170,1
,,
ROI_16,171,2
,,
ROI_16,172,1
,,
ROI_16,173,1
,,
ROI_16,174,1
,,
ROI_16,175,1
,,
ROI_16,176,1
,,
ROI_16,177,2
,,
ROI_16,178,1
,,
ROI_16,179,0
,,
ROI_16,180,0
,,
ROI_16,181,1
,,
ROI_16,182,0
,,
ROI_16,183,0
,,
ROI_16,184,0
,,
ROI_16,185,0
,,
ROI_16,186,0
,,
ROI_16,187,1
,,
ROI_16,188,2
,,
ROI_16,189,1
,,
ROI_16,190,1
,,
ROI_16,191,0
,,
ROI_16,192,1
,,
ROI_16,193,1
,,
ROI_16,194,3
,,
ROI_16,195,1
,,
ROI_16,196,0
,,
ROI_16,197,2
,,
ROI_16,198,2
,,
ROI_16,199,0
,,
ROI_16,200,0
,,
ROI_16,201,0
,,
ROI_16,202,1
,,
ROI_16,203,1
,,
ROI_16,204,1
,,
ROI_16,205,2
,,
ROI_16,206,0
,,
ROI_16,207,0
,,
ROI_16,208,1
,,
ROI_16,209,1
,,
ROI_16,210,0
,,
ROI_16,211,0
,,
ROI_16,212,3
,,
ROI_16,213,0
,,
ROI_16,214,0
,,
ROI_16,215,0
,,
ROI_16,216,0
,,
ROI_16,217,2
,,
ROI_16,218,2
,,
ROI_16,219,0
,,
ROI_16,220,0
,,
ROI_16,221,1
,,
ROI_16,222,0
,,
ROI_16,223,2
,,
ROI_16,224,2
,,
ROI_16,225,1
,,
ROI_16,226,1
,,
ROI_16,227,1
,,
ROI_16,228,0
,,
ROI_16,229,1
,,
ROI_16,230,2
,,
ROI_16,231,0
,,
ROI_16,232,0
,,
ROI_16,233,0
,,
ROI_16,234,0
,,
ROI_16,235,0
,,
ROI_16,236,0
,,
ROI_16,237,0
,,
ROI_16,238,0
,,
ROI_16,239,0
,,
ROI_16,240,2
,,
ROI_16,241,2
,,
ROI_16,242,0
,,
ROI_16,243,0
,,
ROI_16,244,1
,,
ROI_16,245,1
,,
ROI_16,246,1
,,
ROI_16,247,2
,,
ROI_16,248,2
,,
ROI_16,249,0
,,
ROI_16,250,1
,,
ROI_16,251,1
,,
ROI_16,252,0
,,
ROI_16,253,0
,,
ROI_16,254,0
,,
ROI_16,255,45
,,
ROI_17,0,5602
,,
ROI_17,1,19
,,
ROI_17,2,15
,,
ROI_17,3,6
,,
ROI_17,4,10
,,
ROI_17,5,5
,,
ROI_17,6,6
,,
ROI_17,7,4
,,
ROI_17,8,5
,,
ROI_17,9,6
,,
ROI_17,10,2
,,
ROI_17,11,2
,,
ROI_17,12,2
,,
ROI_17,13,2
,,
ROI_17,14,1
,,
ROI_17,15,1
,,
ROI_17,16,1
,,
ROI_17,17,2
,,
ROI_17,18,1
,,
ROI_17,19,0
,,
ROI_17,20,2
,,
ROI_17,21,1
,,
ROI_17,22,0
,,
ROI_17,23,0
,,
ROI_17,24,0
,,
ROI_17,25,0
,,
ROI_17,26,0
,,
ROI_17,27,0
,,
ROI_17,28,0
,,
ROI_17,29,0
,,
ROI_17,30,0
,,
ROI_17,31,0
,,
ROI_17,32,0
,,
ROI_17,33,0
,,
ROI_17,34,0
,,
ROI_17,35,0
,,
ROI_17,36,0
,,
ROI_17,37,0
,,
ROI_17,38,0
,,
ROI_17,39,0
,,
ROI_17,40,0
,,
ROI_17,41,0
,,
ROI_17,42,0
,,
ROI_17,43,0
,,
ROI_17,44,0
,,
ROI_17,45,0
,,
ROI_17,46,0
,,
ROI_17,47,0
,,
ROI_17,48,0
,,
ROI_17,49,0
,,
ROI_17,50,0
,,
ROI_17,51,0
,,
ROI_17,52,0
,,
ROI_17,53,0
,,
ROI_17,54,0
,,
ROI_17,55,0
,,
ROI_17,56,0
,,
ROI_17,57,0
,,
ROI_17,58,0
,,
ROI_17,59,0
,,
ROI_17,60,0
,,
ROI_17,61,0
,,
ROI_17,62,0
,,
ROI_17,63,0
,,
ROI_17,64,0
,,
ROI_17,65,0
,,
ROI_17,66,0
,,
ROI_17,67,0
,,
ROI_17,68,0
,,
ROI_17,69,0
,,
ROI_17,70,0
,,
ROI_17,71,0
,,
ROI_17,72,0
,,
ROI_17,73,0
,,
ROI_17,74,0
,,
ROI_17,75,0
,,
ROI_17,76,0
,,
ROI_17,77,0
,,
ROI_17,78,0
,,
ROI_17,79,0
,,
ROI_17,80,0
,,
ROI_17,81,0
,,
ROI_17,82,0
,,
ROI_17,83,0
,,
ROI_17,84,0
,,
ROI_17,85,0
,,
ROI_17,86,0
,,
ROI_17,87,0
,,
ROI_17,88,0
,,
ROI_17,89,0
,,
ROI_17,90,0
,,
ROI_17,91,0
,,
ROI_17,92,0
,,
ROI_17,93,0
,,
ROI_17,94,0
,,
ROI_17,95,0
,,
ROI_17,96,0
,,
ROI_17,97,0
,,
ROI_17,98,0
,,
ROI_17,99,0
,,
ROI_17,100,0
,,
ROI_17,101,0
,,
ROI_17,102,0
,,
ROI_17,103,0
,,
ROI_17,104,0
,,
ROI_17,105,0
,,
ROI_17,106,0
,,
ROI_17,107,0
,,
ROI_17,108,0
,,
ROI_17,109,0
,,
ROI_17,110,0
,,
ROI_17,111,0
,,
ROI_17,112,0
,,
ROI_17,113,0
,,
ROI_17,114,0
,,
ROI_17,115,0
,,
ROI_17,116,0
,,
ROI_17,117,0
,,
ROI_17,118,0
,,
ROI_17,119,0
,,
ROI_17,120,0
,,
ROI_17,121,0
,,
ROI_17,122,0
,,
ROI_17,123,0
,,
ROI_17,124,0
,,
ROI_17,125,0
,,
ROI_17,126,0
,,
ROI_17,127,0
,,
ROI_17,128,0
,,
ROI_17,129,0
,,
ROI_17,130,0
,,
ROI_17,131,0
,,
ROI_17,132,0
,,
ROI_17,133,0
,,
ROI_17,134,0
,,
ROI_17,135,0
,,
ROI_17,136,0
,,
ROI_17,137,0
,,
ROI_17,138,0
,,
ROI_17,139,0
,,
ROI_17,140,0
,,
ROI_17,141,0
,,
ROI_17,142,0
,,
ROI_17,143,0
,,
ROI_17,144,0
,,
ROI_17,145,0
,,
ROI_17,146,0
,,
ROI_17,147,0
,,
ROI_17,148,0
,,
ROI_17,149,0
,,
ROI_17,150,0
,,
ROI_17,151,0
,,
ROI_17,152,0
,,
ROI_17,153,0
,,
ROI_17,154,0
,,
ROI_17,155,0
,,
ROI_17,156,0
,,
ROI_17,157,0
,,
ROI_17,158,0
,,
ROI_17,159,0
,,
ROI_17,160,0
,,
ROI_17,161,0
,,
ROI_17,162,0
,,
ROI_17,163,0
,,
ROI_17,164,0
,,
ROI_17,165,0
,,
ROI_17,166,0
,,
ROI_17,167,0
,,
ROI_17,168,0
,,
ROI_17,169,0
,,
ROI_17,170,0
,,
ROI_17,171,0
,,
ROI_17,172,0
,,
ROI_17,173,0
,,
ROI_17,174,0
,,
ROI_17,175,0
,,
ROI_17,176,0
,,
ROI_17,177,0
,,
ROI_17,178,0
,,
ROI_17,179,0
,,
ROI_17,180,0
,,
ROI_17,181,0
,,
ROI_17,182,0
,,
ROI_17,183,0
,,
ROI_17,184,0
,,
ROI_17,185,0
,,
ROI_17,186,0
,,
ROI_17,187,0
,,
ROI_17,188,0
,,
ROI_17,189,0
,,
ROI_17,190,0
,,
ROI_17,191,0
,,
ROI_17,192,0
,,
ROI_17,193,0
,,
ROI_17,194,0
,,
ROI_17,195,0
,,
ROI_17,196,0
,,
ROI_17,197,0
,,
ROI_17,198,0
,,
ROI_17,199,0
,,
ROI_17,200,0
,,
ROI_17,201,0
,,
ROI_17,202,0
,,
ROI_17,203,0
,,
ROI_17,204,0
,,
ROI_17,205,0
,,
ROI_17,206,0
,,
ROI_17,207,0
,,
ROI_17,208,0
,,
ROI_17,209,0
,,
ROI_17,210,0
,,
ROI_17,211,0
,,
ROI_17,212,0
,,
ROI_17,213,0
,,
ROI_17,214,0
,,
ROI_17,215,0
,,
ROI_17,216,0
,,
ROI_17,217,0
,,
ROI_17,218,0
,,
ROI_17,219,0
,,
ROI_17,220,0
,,
ROI_17,221,0
,,
ROI_17,222,0
,,
ROI_17,223,0
,,
ROI_17,224,0
,,
ROI_17,225,0
,,
ROI_17,226,0
,,
ROI_17,227,0
,,
ROI_17,228,0
,,
ROI_17,229,0
,,
ROI_17,230,0
,,
ROI_17,231,0
,,
ROI_17,232,0
,,
ROI_17,233,0
,,
ROI_17,234,0
,,
ROI_17,235,0
,,
ROI_17,236,0
,,
ROI_17,237,0
,,
ROI_17,238,0
,,
ROI_17,239,0
,,
ROI_17,240,0
,,
ROI_17,241,0
,,
ROI_17,242,0
,,
ROI_17,243,0
,,
ROI_17,244,0
,,
ROI_17,245,0
,,
ROI_17,246,0
,,
ROI_17,247,0
,,
ROI_17,248,0
,,
ROI_17,249,0
,,
ROI_17,250,0
,,
ROI_17,251,0
,,
ROI_17,252,0
,,
ROI_17,253,0
,,
ROI_17,254,0
,,
ROI_17,255,0
,,
ROI_18,0,6553
,,
ROI_18,1,935
,,
ROI_18,2,669
,,
ROI_18,3,624
,,
ROI_18,4,475
,,
ROI_18,5,485
,,
ROI_18,6,444
,,
ROI_18,7,408
,,
ROI_18,8,416
,,
ROI_18,9,314
,,
ROI_18,10,349
,,
ROI_18,11,275
,,
ROI_18,12,291
,,
ROI_18,13,235
,,
ROI_18,14,239
,,
ROI_18,15,208
,,
ROI_18,16,234
,,
ROI_18,17,169
,,
ROI_18,18,188
,,
ROI_18,19,158
,,
ROI_18,20,145
,,
ROI_18,21,158
,,
ROI_18,22,137
,,
ROI_18,23,156
,,
ROI_18,24,123
,,
ROI_18,25,127
,,
ROI_18,26,120
,,
ROI_18,27,124
,,
ROI_18,28,102
,,
ROI_18,29,122
,,
ROI_18,30,87
,,
ROI_18,31,96
,,
ROI_18,32,83
,,
ROI_18,33,90
,,
ROI_18,34,76
,,
ROI_18,35,91
,,
ROI_18,36,94
,,
ROI_18,37,61
,,
ROI_18,38,83
,,
ROI_18,39,65
,,
ROI_18,40,72
,,
ROI_18,41,44
,,
ROI_18,42,55
,,
ROI_18,43,56
,,
ROI_18,44,56
,,
ROI_18,45,53
,,
ROI_18,46,61
,,
ROI_18,47,49
,,
ROI_18,48,41
,,
ROI_18,49,43
,,
ROI_18,50,50
,,
ROI_18,51,39
,,
ROI_18,52,36
,,
ROI_18,53,37
,,
ROI_18,54,38
,,
ROI_18,55,49
,,
ROI_18,56,29
,,
ROI_18,57,36
,,
ROI_18,58,34
,,
ROI_18,59,34
,,
ROI_18,60,28
,,
ROI_18,61,28
,,
ROI_18,62,32
,,
ROI_18,63,22
,,
ROI_18,64,27
,,
ROI_18,65,27
,,
ROI_18,66,24
,,
ROI_18,67,28
,,
ROI_18,68,30
,,
ROI_18,69,23
,,
ROI_18,70,17
,,
ROI_18,71,21
,,
ROI_18,72,26
,,
ROI_18,73,12
,,
ROI_18,74,29
,,
ROI_18,75,16
,,
ROI_18,76,19
,,
ROI_18,77,25
,,
ROI_18,78,20
,,
ROI_18,79,19
,,
ROI_18,80,19
,,
ROI_18,81,13
,,
ROI_18,82,24
,,
ROI_18,83,13
,,
ROI_18,84,12
,,
ROI_18,85,18
,,
ROI_18,86,19
,,
ROI_18,87,22
,,
ROI_18,88,13
,,
ROI_18,89,23
,,
ROI_18,90,15
,,
ROI_18,91,19
,,
ROI_18,92,12
,,
ROI_18,93,11
,,
ROI_18,94,9
,,
ROI_18,95,15
,,
ROI_18,96,13
,,
ROI_18,97,5
,,
ROI_18,98,9
,,
ROI_18,99,10
,,
ROI_18,100,9
,,
ROI_18,101,11
,,
ROI_18,102,12
,,
ROI_18,103,10
,,
ROI_18,104,8
,,
ROI_18,105,6
,,
ROI_18,106,10
,,
ROI_18,107,9
,,
ROI_18,108,9
,,
ROI_18,109,8
,,
ROI_18,110,8
,,
ROI_18,111,13
,,
ROI_18,112,10
,,
ROI_18,113,7
,,
ROI_18,114,13
,,
ROI_18,115,7
,,
ROI_18,116,6
,,
ROI_18,117,6
,,
ROI_18,118,12
,,
ROI_18,119,8
,,
ROI_18,120,9
,,
ROI_18,121,4
,,
ROI_18,122,11
,,
ROI_18,123,9
,,
ROI_18,124,10
,,
ROI_18,125,4
,,
ROI_18,126,9
,,
ROI_18,127,7
,,
ROI_18,128,9
,,
ROI_18,129,0
,,
ROI_18,130,5
,,
ROI_18,131,4
,,
ROI_18,132,7
,,
ROI_18,133,1
,,
ROI_18,134,7
,,
ROI_18,135,4
,,
ROI_18,136,2
,,
ROI_18,137,5
,,
ROI_18,138,3
,,
ROI_18,139,5
,,
ROI_18,140,2
,,
ROI_18,141,0
,,
ROI_18,142,4
,,
ROI_18,143,3
,,
ROI_18,144,1
,,
ROI_18,145,3
,,
ROI_18,146,3
,,
ROI_18,147,3
,,
ROI_18,148,2
,,
ROI_18,149,2
,,
ROI_18,150,3
,,
ROI_18,151,1
,,
ROI_18,152,3
,,
ROI_18,153,3
,,
ROI_18,154,3
,,
ROI_18,155,1
,,
ROI_18,156,3
,,
ROI_18,157,4
,,
ROI_18,158,3
,,
ROI_18,159,1
,,
ROI_18,160,2
,,
ROI_18,161,0
,,
ROI_18,162,4
,,
ROI_18,163,0
,,
ROI_18,164,1
,,
ROI_18,165,4
,,
ROI_18,166,2
,,
ROI_18,167,0
,,
ROI_18,168,2
,,
ROI_18,169,1
,,
ROI_18,170,2
,,
ROI_18,171,3
,,
ROI_18,172,2
,,
ROI_18,173,4
,,
ROI_18,174,0
,,
ROI_18,175,1
,,
ROI_18,176,1
,,
ROI_18,177,2
,,
ROI_18,178,1
,,
ROI_18,179,1
,,
ROI_18,180,1
,,
ROI_18,181,1
,,
ROI_18,182,0
,,
ROI_18,183,0
,,
ROI_18,184,1
,,
ROI_18,185,0
,,
ROI_18,186,0
,,
ROI_18,187,1
,,
ROI_18,188,0
,,
ROI_18,189,0
,,
ROI_18,190,1
,,
ROI_18,191,0
,,
ROI_18,192,1
,,
ROI_18,193,1
,,
ROI_18,194,1
,,
ROI_18,195,2
,,
ROI_18,196,0
,,
ROI_18,197,0
,,
ROI_18,198,1
,,
ROI_18,199,1
,,
ROI_18,200,1
,,
ROI_18,201,0
,,
ROI_18,202,0
,,
ROI_18,203,0
,,
ROI_18,204,0
,,
ROI_18,205,0
,,
ROI_18,206,0
,,
ROI_18,207,0
,,
ROI_18,208,0
,,
ROI_18,209,0
,,
ROI_18,210,2
,,
ROI_18,211,0
,,
ROI_18,212,0
,,
ROI_18,213,1
,,
ROI_18,214,1
,,
ROI_18,215,0
,,
ROI_18,216,1
,,
ROI_18,217,0
,,
ROI_18,218,1
,,
ROI_18,219,0
,,
ROI_18,220,0
,,
ROI_18,221,0
,,
ROI_18,222,1
,,
ROI_18,223,0
,,
ROI_18,224,0
,,
ROI_18,225,2
,,
ROI_18,226,1
,,
ROI_18,227,0
,,
ROI_18,228,1
,,
ROI_18,229,0
,,
ROI_18,230,0
,,
ROI_18,231,0
,,
ROI_18,232,0
,,
ROI_18,233,0
,,
ROI_18,234,0
,,
ROI_18,235,0
,,
ROI_18,236,0
,,
ROI_18,237,0
,,
ROI_18,238,0
,,
ROI_18,239,0
,,
ROI_18,240,0
,,
ROI_18,241,0
,,
ROI_18,242,0
,,
ROI_18,243,0
,,
ROI_18,244,0
,,
ROI_18,245,0
,,
ROI_18,246,0
,,
ROI_18,247,0
,,
ROI_18,248,0
,,
ROI_18,249,0
,,
ROI_18,250,0
,,
ROI_18,251,0
,,
ROI_18,252,1
,,
ROI_18,253,1
,,
ROI_18,254,0
,,
ROI_18,255,3
,,
ROI_19,0,4212
,,
ROI_19,1,358
,,
ROI_19,2,287
,,
ROI_19,3,254
,,
ROI_19,4,234
,,
ROI_19,5,182
,,
ROI_19,6,176
,,
ROI_19,7,158
,,
ROI_19,8,159
,,
ROI_19,9,140
,,
ROI_19,10,126
,,
ROI_19,11,87
,,
ROI_19,12,90
,,
ROI_19,13,85
,,
ROI_19,14,87
,,
ROI_19,15,80
,,
ROI_19,16,93
,,
ROI_19,17,60
,,
ROI_19,18,72
,,
ROI_19,19,60
,,
ROI_19,20,60
,,
ROI_19,21,49
,,
ROI_19,22,51
,,
ROI_19,23,42
,,
ROI_19,24,34
,,
ROI_19,25,32
,,
ROI_19,26,37
,,
ROI_19,27,39
,,
ROI_19,28,33
,,
ROI_19,29,29
,,
ROI_19,30,38
,,
ROI_19,31,34
,,
ROI_19,32,29
,,
ROI_19,33,36
,,
ROI_19,34,25
,,
ROI_19,35,21
,,
ROI_19,36,26
,,
ROI_19,37,30
,,
ROI_19,38,27
,,
ROI_19,39,17
,,
ROI_19,40,25
,,
ROI_19,41,16
,,
ROI_19,42,19
,,
ROI_19,43,16
,,
ROI_19,44,15
,,
ROI_19,45,21
,,
ROI_19,46,13
,,
ROI_19,47,20
,,
ROI_19,48,20
,,
ROI_19,49,20
,,
ROI_19,50,13
,,
ROI_19,51,21
,,
ROI_19,52,13
,,
ROI_19,53,18
,,
ROI_19,54,22
,,
ROI_19,55,9
,,
ROI_19,56,18
,,
ROI_19,57,12
,,
ROI_19,58,9
,,
ROI_19,59,17
,,
ROI_19,60,17
,,
ROI_19,61,14
,,
ROI_19,62,17
,,
ROI_19,63,20
,,
ROI_19,64,27
,,
ROI_19,65,13
,,
ROI_19,66,15
,,
ROI_19,67,11
,,
ROI_19,68,18
,,
ROI_19,69,8
,,
ROI_19,70,12
,,
ROI_19,71,14
,,
ROI_19,72,10
,,
ROI_19,73,17
,,
ROI_19,74,12
,,
ROI_19,75,11
,,
ROI_19,76,8
,,
ROI_19,77,19
,,
ROI_19,78,12
,,
ROI_19,79,11
,,
ROI_19,80,8
,,
ROI_19,81,14
,,
ROI_19,82,13
,,
ROI_19,83,12
,,
ROI_19,84,12
,,
ROI_19,85,13
,,
ROI_19,86,10
,,
ROI_19,87,10
,,
ROI_19,88,9
,,
ROI_19,89,9
,,
ROI_19,90,5
,,
ROI_19,91,8
,,
ROI_19,92,2
,,
ROI_19,93,6
,,
ROI_19,94,15
,,
ROI_19,95,8
,,
ROI_19,96,7
,,
ROI_19,97,4
,,
ROI_19,98,11
,,
ROI_19,99,8
,,
ROI_19,100,9
,,
ROI_19,101,9
,,
ROI_19,102,8
,,
ROI_19,103,9
,,
ROI_19,104,10
,,
ROI_19,105,10
,,
ROI_19,106,9
,,
ROI_19,107,7
,,
ROI_19,108,9
,,
ROI_19,109,4
,,
ROI_19,110,5
,,
ROI_19,111,5
,,
ROI_19,112,7
,,
ROI_19,113,5
,,
ROI_19,114,3
,,
ROI_19,115,5
,,
ROI_19,116,3
,,
ROI_19,117,7
,,
ROI_19,118,9
,,
ROI_19,119,13
,,
ROI_19,120,7
,,
ROI_19,121,5
,,
ROI_19,122,7
,,
ROI_19,123,9
,,
ROI_19,124,5
,,
ROI_19,125,3
,,
ROI_19,126,10
,,
ROI_19,127,0
,,
ROI_19,128,6
,,
ROI_19,129,3
,,
ROI_19,130,9
,,
ROI_19,131,4
,,
ROI_19,132,6
,,
ROI_19,133,4
,,
ROI_19,134,8
,,
ROI_19,135,3
,,
ROI_19,136,7
,,
ROI_19,137,6
,,
ROI_19,138,6
,,
ROI_19,139,8
,,
ROI_19,140,6
,,
ROI_19,141,10
,,
ROI_19,142,11
,,
ROI_19,143,7
,,
ROI_19,144,4
,,
ROI_19,145,8
,,
ROI_19,146,8
,,
ROI_19,147,8
,,
ROI_19,148,0
,,
ROI_19,149,4
,,
ROI_19,150,7
,,
ROI_19,151,7
,,
ROI_19,152,8
,,
ROI_19,153,8
,,
ROI_19,154,7
,,
ROI_19,155,3
,,
ROI_19,156,3
,,
ROI_19,157,3
,,
ROI_19,158,4
,,
ROI_19,159,4
,,
ROI_19,160,2
,,
ROI_19,161,6
,,
ROI_19,162,9
,,
ROI_19,163,7
,,
ROI_19,164,5
,,
ROI_19,165,7
,,
ROI_19,166,4
,,
ROI_19,167,3
,,
ROI_19,168,5
,,
ROI_19,169,5
,,
ROI_19,170,7
,,
ROI_19,171,7
,,
ROI_19,172,11
,,
ROI_19,173,3
,,
ROI_19,174,7
,,
ROI_19,175,3
,,
ROI_19,176,8
,,
ROI_19,177,3
,,
ROI_19,178,4
,,
ROI_19,179,5
,,
ROI_19,180,4
,,
ROI_19,181,2
,,
ROI_19,182,1
,,
ROI_19,183,1
,,
ROI_19,184,1
,,
ROI_19,185,7
,,
ROI_19,186,3
,,
ROI_19,187,1
,,
ROI_19,188,6
,,
ROI_19,189,4
,,
ROI_19,190,2
,,
ROI_19,191,2
,,
ROI_19,192,5
,,
ROI_19,193,2
,,
ROI_19,194,3
,,
ROI_19,195,8
,,
ROI_19,196,4
,,
ROI_19,197,2
,,
ROI_19,198,3
,,
ROI_19,199,3
,,
ROI_19,200,3
,,
ROI_19,201,5
,,
ROI_19,202,2
,,
ROI_19,203,2
,,
ROI_19,204,1
,,
ROI_19,205,3
,,
ROI_19,206,1
,,
ROI_19,207,3
,,
ROI_19,208,4
,,
ROI_19,209,6
,,
ROI_19,210,3
,,
ROI_19,211,2
,,
ROI_19,212,2
,,
ROI_19,213,2
,,
ROI_19,214,1
,,
ROI_19,215,5
,,
ROI_19,216,2
,,
ROI_19,217,4
,,
ROI_19,218,4
,,
ROI_19,219,1
,,
ROI_19,220,4
,,
ROI_19,221,5
,,
ROI_19,222,0
,,
ROI_19,223,3
,,
ROI_19,224,6
,,
ROI_19,225,0
,,
ROI_19,226,4
,,
ROI_19,227,2
,,
ROI_19,228,5
,,
ROI_19,229,2
,,
ROI_19,230,3
,,
ROI_19,231,2
,,
ROI_19,232,3
,,
ROI_19,233,6
,,
ROI_19,234,2
,,
ROI_19,235,3
,,
ROI_19,236,3
,,
ROI_19,237,5
,,
ROI_19,238,3
,,
ROI_19,239,1
,,
ROI_19,240,1
,,
ROI_19,241,3
,,
ROI_19,242,0
,,
ROI_19,243,3
,,
ROI_19,244,1
,,
ROI_19,245,1
,,
ROI_19,246,2
,,
ROI_19,247,1
,,
ROI_19,248,1
,,
ROI_19,249,0
,,
ROI_19,250,2
,,
ROI_19,251,3
,,
ROI_19,252,2
,,
ROI_19,253,2
,,
ROI_19,254,3
,,
ROI_19,255,201
,,
ROI_20,0,32637
,,
ROI_20,1,2202
,,
ROI_20,2,1597
,,
ROI_20,3,1489
,,
ROI_20,4,1182
,,
ROI_20,5,1125
,,
ROI_20,6,937
,,
ROI_20,7,834
,,
ROI_20,8,848
,,
ROI_20,9,693
,,
ROI_20,10,679
,,
ROI_20,11,613
,,
ROI_20,12,579
,,
ROI_20,13,525
,,
ROI_20,14,505
,,
ROI_20,15,432
,,
ROI_20,16,468
,,
ROI_20,17,386
,,
ROI_20,18,433
,,
ROI_20,19,339
,,
ROI_20,20,378
,,
ROI_20,21,310
,,
ROI_20,22,328
,,
ROI_20,23,324
,,
ROI_20,24,268
,,
ROI_20,25,322
,,
ROI_20,26,275
,,
ROI_20,27,278
,,
ROI_20,28,251
,,
ROI_20,29,233
,,
ROI_20,30,255
,,
ROI_20,31,235
,,
ROI_20,32,219
,,
ROI_20,33,214
,,
ROI_20,34,177
,,
ROI_20,35,211
,,
ROI_20,36,205
,,
ROI_20,37,176
,,
ROI_20,38,174
,,
ROI_20,39,170
,,
ROI_20,40,191
,,
ROI_20,41,153
,,
ROI_20,42,160
,,
ROI_20,43,132
,,
ROI_20,44,157
,,
ROI_20,45,138
,,
ROI_20,46,164
,,
ROI_20,47,144
,,
ROI_20,48,141
,,
ROI_20,49,107
,,
ROI_20,50,136
,,
ROI_20,51,137
,,
ROI_20,52,128
,,
ROI_20,53,136
,,
ROI_20,54,113
,,
ROI_20,55,123
,,
ROI_20,56,92
,,
ROI_20,57,112
,,
ROI_20,58,101
,,
ROI_20,59,123
,,
ROI_20,60,89
,,
ROI_20,61,110
,,
ROI_20,62,104
,,
ROI_20,63,109
,,
ROI_20,64,108
,,
ROI_20,65,94
,,
ROI_20,66,112
,,
ROI_20,67,72
,,
ROI_20,68,124
,,
ROI_20,69,92
,,
ROI_20,70,95
,,
ROI_20,71,78
,,
ROI_20,72,95
,,
ROI_20,73,79
,,
ROI_20,74,89
,,
ROI_20,75,73
,,
ROI_20,76,106
,,
ROI_20,77,86
,,
ROI_20,78,77
,,
ROI_20,79,97
,,
ROI_20,80,90
,,
ROI_20,81,67
,,
ROI_20,82,72
,,
ROI_20,83,79
,,
ROI_20,84,64
,,
ROI_20,85,74
,,
ROI_20,86,68
,,
ROI_20,87,65
,,
ROI_20,88,57
,,
ROI_20,89,79
,,
ROI_20,90,60
,,
ROI_20,91,76
,,
ROI_20,92,57
,,
ROI_20,93,52
,,
ROI_20,94,79
,,
ROI_20,95,62
,,
ROI_20,96,47
,,
ROI_20,97,54
,,
ROI_20,98,60
,,
ROI_20,99,59
,,
ROI_20,100,57
,,
ROI_20,101,53
,,
ROI_20,102,60
,,
ROI_20,103,52
,,
ROI_20,104,65
,,
ROI_20,105,46
,,
ROI_20,106,59
,,
ROI_20,107,64
,,
ROI_20,108,47
,,
ROI_20,109,62
,,
ROI_20,110,40
,,
ROI_20,111,57
,,
ROI_20,112,58
,,
ROI_20,113,54
,,
ROI_20,114,38
,,
ROI_20,115,41
,,
ROI_20,116,56
,,
ROI_20,117,55
,,
ROI_20,118,45
,,
ROI_20,119,43
,,
ROI_20,120,47
,,
ROI_20,121,38
,,
ROI_20,122,54
,,
ROI_20,123,47
,,
ROI_20,124,40
,,
ROI_20,125,43
,,
ROI_20,126,43
,,
ROI_20,127,47
,,
ROI_20,128,49
,,
ROI_20,129,39
,,
ROI_20,130,32
,,
ROI_20,131,34
,,
ROI_20,132,37
,,
ROI_20,133,37
,,
ROI_20,134,34
,,
ROI_20,135,53
,,
ROI_20,136,38
,,
ROI_20,137,41
,,
ROI_20,138,29
,,
ROI_20,139,24
,,
ROI_20,140,31
,,
ROI_20,141,35
,,
ROI_20,142,45
,,
ROI_20,143,37
,,
ROI_20,144,33
,,
ROI_20,145,33
,,
ROI_20,146,40
,,
ROI_20,147,40
,,
ROI_20,148,36
,,
ROI_20,149,32
,,
ROI_20,150,25
,,
ROI_20,151,30
,,
ROI_20,152,34
,,
ROI_20,153,32
,,
ROI_20,154,21
,,
ROI_20,155,25
,,
ROI_20,156,25
,,
ROI_20,157,30
,,
ROI_20,158,30
,,
ROI_20,159,31
,,
ROI_20,160,27
,,
ROI_20,161,30
,,
ROI_20,162,35
,,
ROI_20,163,30
,,
ROI_20,164,25
,,
ROI_20,165,17
,,
ROI_20,166,26
,,
ROI_20,167,33
,,
ROI_20,168,26
,,
ROI_20,169,20
,,
ROI_20,170,25
,,
ROI_20,171,24
,,
ROI_20,172,29
,,
ROI_20,173,32
,,
ROI_20,174,14
,,
ROI_20,175,20
,,
ROI_20,176,20
,,
ROI_20,177,23
,,
ROI_20,178,24
,,
ROI_20,179,21
,,
ROI_20,180,16
,,
ROI_20,181,21
,,
ROI_20,182,20
,,
ROI_20,183,23
,,
ROI_20,184,21
,,
ROI_20,185,27
,,
ROI_20,186,25
,,
ROI_20,187,21
,,
ROI_20,188,28
,,
ROI_20,189,15
,,
ROI_20,190,31
,,
ROI_20,191,26
,,
ROI_20,192,19
,,
ROI_20,193,18
,,
ROI_20,194,21
,,
ROI_20,195,15
,,
ROI_20,196,23
,,
ROI_20,197,24
,,
ROI_20,198,21
,,
ROI_20,199,21
,,
ROI_20,200,19
,,
ROI_20,201,22
,,
ROI_20,202,24
,,
ROI_20,203,22
,,
ROI_20,204,12
,,
ROI_20,205,25
,,
ROI_20,206,18
,,
ROI_20,207,23
,,
ROI_20,208,22
,,
ROI_20,209,20
,,
ROI_20,210,22
,,
ROI_20,211,17
,,
ROI_20,212,13
,,
ROI_20,213,15
,,
ROI_20,214,19
,,
ROI_20,215,16
,,
ROI_20,216,15
,,
ROI_20,217,14
,,
ROI_20,218,18
,,
ROI_20,219,16
,,
ROI_20,220,17
,,
ROI_20,221,12
,,
ROI_20,222,17
,,
ROI_20,223,11
,,
ROI_20,224,24
,,
ROI_20,225,13
,,
ROI_20,226,17
,,
ROI_20,227,10
,,
ROI_20,228,13
,,
ROI_20,229,13
,,
ROI_20,230,19
,,
ROI_20,231,30
,,
ROI_20,232,15
,,
ROI_20,233,18
,,
ROI_20,234,19
,,
ROI_20,235,17
,,
ROI_20,236,13
,,
ROI_20,237,10
,,
ROI_20,238,11
,,
ROI_20,239,19
,,
ROI_20,240,17
,,
ROI_20,241,10
,,
ROI_20,242,9
,,
ROI_20,243,13
,,
ROI_20,244,19
,,
ROI_20,245,9
,,
ROI_20,246,16
,,
ROI_20,247,10
,,
ROI_20,248,21
,,
ROI_20,249,5
,,
ROI_20,250,16
,,
ROI_20,251,13
,,
ROI_20,252,11
,,
ROI_20,253,19
,,
ROI_20,254,25
,,
ROI_20,255,1932
,,
ROI_21,0,34289
,,
ROI_21,1,260
,,
ROI_21,2,185
,,
ROI_21,3,137
,,
ROI_21,4,118
,,
ROI_21,5,93
,,
ROI_21,6,85
,,
ROI_21,7,83
,,
ROI_21,8,71
,,
ROI_21,9,73
,,
ROI_21,10,77
,,
ROI_21,11,57
,,
ROI_21,12,38
,,
ROI_21,13,43
,,
ROI_21,14,44
,,
ROI_21,15,34
,,
ROI_21,16,43
,,
ROI_21,17,41
,,
ROI_21,18,42
,,
ROI_21,19,29
,,
ROI_21,20,27
,,
ROI_21,21,18
,,
ROI_21,22,29
,,
ROI_21,23,27
,,
ROI_21,24,21
,,
ROI_21,25,14
,,
ROI_21,26,23
,,
ROI_21,27,28
,,
ROI_21,28,10
,,
ROI_21,29,19
,,
ROI_21,30,19
,,
ROI_21,31,17
,,
ROI_21,32,13
,,
ROI_21,33,15
,,
ROI_21,34,19
,,
ROI_21,35,21
,,
ROI_21,36,17
,,
ROI_21,37,8
,,
ROI_21,38,13
,,
ROI_21,39,15
,,
ROI_21,40,12
,,
ROI_21,41,13
,,
ROI_21,42,13
,,
ROI_21,43,12
,,
ROI_21,44,23
,,
ROI_21,45,13
,,
ROI_21,46,10
,,
ROI_21,47,10
,,
ROI_21,48,13
,,
ROI_21,49,13
,,
ROI_21,50,11
,,
ROI_21,51,11
,,
ROI_21,52,10
,,
ROI_21,53,9
,,
ROI_21,54,8
,,
ROI_21,55,14
,,
ROI_21,56,7
,,
ROI_21,57,5
,,
ROI_21,58,5
,,
ROI_21,59,8
,,
ROI_21,60,10
,,
ROI_21,61,10
,,
ROI_21,62,7
,,
ROI_21,63,6
,,
ROI_21,64,5
,,
ROI_21,65,4
,,
ROI_21,66,7
,,
ROI_21,67,6
,,
ROI_21,68,7
,,
ROI_21,69,8
,,
ROI_21,70,3
,,
ROI_21,71,5
,,
ROI_21,72,5
,,
ROI_21,73,5
,,
ROI_21,74,8
,,
ROI_21,75,8
,,
ROI_21,76,4
,,
ROI_21,77,2
,,
ROI_21,78,3
,,
ROI_21,79,3
,,
ROI_21,80,5
,,
ROI_21,81,2
,,
ROI_21,82,8
,,
ROI_21,83,5
,,
ROI_21,84,2
,,
ROI_21,85,6
,,
ROI_21,86,3
,,
ROI_21,87,6
,,
ROI_21,88,3
,,
ROI_21,89,5
,,
ROI_21,90,2
,,
ROI_21,91,3
,,
ROI_21,92,4
,,
ROI_21,93,4
,,
ROI_21,94,7
,,
ROI_21,95,7
,,
ROI_21,96,1
,,
ROI_21,97,4
,,
ROI_21,98,1
,,
ROI_21,99,3
,,
ROI_21,100,7
,,
ROI_21,101,1
,,
ROI_21,102,3
,,
ROI_21,103,3
,,
ROI_21,104,4
,,
ROI_21,105,4
,,
ROI_21,106,2
,,
ROI_21,107,5
,,
ROI_21,108,4
,,
ROI_21,109,4
,,
ROI_21,110,2
,,
ROI_21,111,1
,,
ROI_21,112,1
,,
ROI_21,113,2
,,
ROI_21,114,3
,,
ROI_21,115,1
,,
ROI_21,116,2
,,
ROI_21,117,2
,,
ROI_21,118,3
,,
ROI_21,119,5
,,
ROI_21,120,0
,,
ROI_21,121,1
,,
ROI_21,122,3
,,
ROI_21,123,0
,,
ROI_21,124,6
,,
ROI_21,125,3
,,
ROI_21,126,1
,,
ROI_21,127,5
,,
ROI_21,128,1
,,
ROI_21,129,5
,,
ROI_21,130,4
,,
ROI_21,131,3
,,
ROI_21,132,3
,,
ROI_21,133,1
,,
ROI_21,134,3
,,
ROI_21,135,0
,,
ROI_21,136,3
,,
ROI_21,137,3
,,
ROI_21,138,2
,,
ROI_21,139,0
,,
ROI_21,140,2
,,
ROI_21,141,3
,,
ROI_21,142,1
,,
ROI_21,143,3
,,
ROI_21,144,2
,,
ROI_21,145,1
,,
ROI_21,146,2
,,
ROI_21,147,0
,,
ROI_21,148,2
,,
ROI_21,149,3
,,
ROI_21,150,1
,,
ROI_21,151,1
,,
ROI_21,152,1
,,
ROI_21,153,1
,,
ROI_21,154,3
,,
ROI_21,155,1
,,
ROI_21,156,2
,,
ROI_21,157,2
,,
ROI_21,158,2
,,
ROI_21,159,1
,,
ROI_21,160,3
,,
ROI_21,161,4
,,
ROI_21,162,1
,,
ROI_21,163,3
,,
ROI_21,164,0
,,
ROI_21,165,3
,,
ROI_21,166,3
,,
ROI_21,167,2
,,
ROI_21,168,1
,,
ROI_21,169,3
,,
ROI_21,170,0
,,
ROI_21,171,1
,,
ROI_21,172,2
,,
ROI_21,173,2
,,
ROI_21,174,3
,,
ROI_21,175,4
,,
ROI_21,176,0
,,
ROI_21,177,1
,,
ROI_21,178,2
,,
ROI_21,179,2
,,
ROI_21,180,0
,,
ROI_21,181,2
,,
ROI_21,182,1
,,
ROI_21,183,1
,,
ROI_21,184,2
,,
ROI_21,185,1
,,
ROI_21,186,1
,,
ROI_21,187,2
,,
ROI_21,188,3
,,
ROI_21,189,1
,,
ROI_21,190,0
,,
ROI_21,191,2
,,
ROI_21,192,0
,,
ROI_21,193,2
,,
ROI_21,194,1
,,
ROI_21,195,1
,,
ROI_21,196,0
,,
ROI_21,197,0
,,
ROI_21,198,0
,,
ROI_21,199,1
,,
ROI_21,200,2
,,
ROI_21,201,2
,,
ROI_21,202,0
,,
ROI_21,203,0
,,
ROI_21,204,1
,,
ROI_21,205,0
,,
ROI_21,206,1
,,
ROI_21,207,3
,,
ROI_21,208,0
,,
ROI_21,209,1
,,
ROI_21,210,2
,,
ROI_21,211,1
,,
ROI_21,212,0
,,
ROI_21,213,1
,,
ROI_21,214,3
,,
ROI_21,215,0
,,
ROI_21,216,0
,,
ROI_21,217,0
,,
ROI_21,218,1
,,
ROI_21,219,1
,,
ROI_21,220,0
,,
ROI_21,221,1
,,
ROI_21,222,1
,,
ROI_21,223,1
,,
ROI_21,224,1
,,
ROI_21,225,2
,,
ROI_21,226,2
,,
ROI_21,227,1
,,
ROI_21,228,0
,,
ROI_21,229,1
,,
ROI_21,230,3
,,
ROI_21,231,2
,,
ROI_21,232,1
,,
ROI_21,233,0
,,
ROI_21,234,1
,,
ROI_21,235,3
,,
ROI_21,236,0
,,
ROI_21,237,1
,,
ROI_21,238,0
,,
ROI_21,239,0
,,
ROI_21,240,1
,,
ROI_21,241,2
,,
ROI_21,242,0
,,
ROI_21,243,2
,,
ROI_21,244,0
,,
ROI_21,245,0
,,
ROI_21,246,0
,,
ROI_21,247,1
,,
ROI_21,248,0
,,
ROI_21,249,0
,,
ROI_21,250,1
,,
ROI_21,251,1
,,
ROI_21,252,1
,,
ROI_21,253,2
,,
ROI_21,254,1
,,
ROI_21,255,76
,,
ROI_22,0,411
,,
ROI_22,1,41
,,
ROI_22,2,37
,,
ROI_22,3,31
,,
ROI_22,4,25
,,
ROI_22,5,23
,,
ROI_22,6,15
,,
ROI_22,7,17
,,
ROI_22,8,12
,,
ROI_22,9,10
,,
ROI_22,10,13
,,
ROI_22,11,7
,,
ROI_22,12,11
,,
ROI_22,13,10
,,
ROI_22,14,9
,,
ROI_22,15,4
,,
ROI_22,16,16
,,
ROI_22,17,10
,,
ROI_22,18,10
,,
ROI_22,19,8
,,
ROI_22,20,4
,,
ROI_22,21,9
,,
ROI_22,22,10
,,
ROI_22,23,7
,,
ROI_22,24,6
,,
ROI_22,25,7
,,
ROI_22,26,6
,,
ROI_22,27,6
,,
ROI_22,28,9
,,
ROI_22,29,8
,,
ROI_22,30,4
,,
ROI_22,31,8
,,
ROI_22,32,8
,,
ROI_22,33,5
,,
ROI_22,34,4
,,
ROI_22,35,6
,,
ROI_22,36,7
,,
ROI_22,37,5
,,
ROI_22,38,6
,,
ROI_22,39,6
,,
ROI_22,40,5
,,
ROI_22,41,9
,,
ROI_22,42,7
,,
ROI_22,43,7
,,
ROI_22,44,5
,,
ROI_22,45,8
,,
ROI_22,46,2
,,
ROI_22,47,3
,,
ROI_22,48,4
,,
ROI_22,49,3
,,
ROI_22,50,2
,,
ROI_22,51,4
,,
ROI_22,52,7
,,
ROI_22,53,5
,,
ROI_22,54,6
,,
ROI_22,55,2
,,
ROI_22,56,10
,,
ROI_22,57,4
,,
ROI_22,58,6
,,
ROI_22,59,2
,,
ROI_22,60,10
,,
ROI_22,61,5
,,
ROI_22,62,3
,,
ROI_22,63,5
,,
ROI_22,64,6
,,
ROI_22,65,4
,,
ROI_22,66,6
,,
ROI_22,67,1
,,
ROI_22,68,3
,,
ROI_22,69,2
,,
ROI_22,70,7
,,
ROI_22,71,4
,,
ROI_22,72,5
,,
ROI_22,73,4
,,
ROI_22,74,3
,,
ROI_22,75,5
,,
ROI_22,76,2
,,
ROI_22,77,3
,,
ROI_22,78,5
,,
ROI_22,79,2
,,
ROI_22,80,5
,,
ROI_22,81,2
,,
ROI_22,82,1
,,
ROI_22,83,0
,,
ROI_22,84,4
,,
ROI_22,85,7
,,
ROI_22,86,5
,,
ROI_22,87,3
,,
ROI_22,88,1
,,
ROI_22,89,4
,,
ROI_22,90,2
,,
ROI_22,91,3
,,
ROI_22,92,3
,,
ROI_22,93,6
,,
ROI_22,94,3
,,
ROI_22,95,0
,,
ROI_22,96,3
,,
ROI_22,97,2
,,
ROI_22,98,2
,,
ROI_22,99,4
,,
ROI_22,100,5
,,
ROI_22,101,1
,,
ROI_22,102,4
,,
ROI_22,103,3
,,
ROI_22,104,3
,,
ROI_22,105,0
,,
ROI_22,106,0
,,
ROI_22,107,2
,,
ROI_22,108,0
,,
ROI_22,109,4
,,
ROI_22,110,0
,,
ROI_22,111,4
,,
ROI_22,112,0
,,
ROI_22,113,2
,,
ROI_22,114,3
,,
ROI_22,115,2
,,
ROI_22,116,3
,,
ROI_22,117,4
,,
ROI_22,118,1
,,
ROI_22,119,1
,,
ROI_22,120,1
,,
ROI_22,121,2
,,
ROI_22,122,4
,,
ROI_22,123,3
,,
ROI_22,124,2
,,
ROI_22,125,3
,,
ROI_22,126,2
,,
ROI_22,127,1
,,
ROI_22,128,1
,,
ROI_22,129,1
,,
ROI_22,130,4
,,
ROI_22,131,5
,,
ROI_22,132,0
,,
ROI_22,133,0
,,
ROI_22,134,2
,,
ROI_22,135,1
,,
ROI_22,136,2
,,
ROI_22,137,2
,,
ROI_22,138,5
,,
ROI_22,139,0
,,
ROI_22,140,4
,,
ROI_22,141,2
,,
ROI_22,142,2
,,
ROI_22,143,2
,,
ROI_22,144,5
,,
ROI_22,145,0
,,
ROI_22,146,1
,,
ROI_22,147,0
,,
ROI_22,148,3
,,
ROI_22,149,0
,,
ROI_22,150,1
,,
ROI_22,151,1
,,
ROI_22,152,3
,,
ROI_22,153,1
,,
ROI_22,154,4
,,
ROI_22,155,2
,,
ROI_22,156,1
,,
ROI_22,157,1
,,
ROI_22,158,2
,,
ROI_22,159,0
,,
ROI_22,160,1
,,
ROI_22,161,3
,,
ROI_22,162,1
,,
ROI_22,163,1
,,
ROI_22,164,0
,,
ROI_22,165,1
,,
ROI_22,166,0
,,
ROI_22,167,2
,,
ROI_22,168,1
,,
ROI_22,169,0
,,
ROI_22,170,0
,,
ROI_22,171,3
,,
ROI_22,172,1
,,
ROI_22,173,1
,,
ROI_22,174,0
,,
ROI_22,175,1
,,
ROI_22,176,0
,,
ROI_22,177,0
,,
ROI_22,178,0
,,
ROI_22,179,1
,,
ROI_22,180,3
,,
ROI_22,181,3
,,
ROI_22,182,1
,,
ROI_22,183,1
,,
ROI_22,184,1
,,
ROI_22,185,1
,,
ROI_22,186,1
,,
ROI_22,187,0
,,
ROI_22,188,1
,,
ROI_22,189,1
,,
ROI_22,190,0
,,
ROI_22,191,1
,,
ROI_22,192,1
,,
ROI_22,193,2
,,
ROI_22,194,0
,,
ROI_22,195,0
,,
ROI_22,196,1
,,
ROI_22,197,1
,,
ROI_22,198,2
,,
ROI_22,199,2
,,
ROI_22,200,1
,,
ROI_22,201,2
,,
ROI_22,202,0
,,
ROI_22,203,0
,,
ROI_22,204,1
,,
ROI_22,205,0
,,
ROI_22,206,1
,,
ROI_22,207,1
,,
ROI_22,208,1
,,
ROI_22,209,1
,,
ROI_22,210,0
,,
ROI_22,211,0
,,
ROI_22,212,1
,,
ROI_22,213,1
,,
ROI_22,214,1
,,
ROI_22,215,0
,,
ROI_22,216,0
,,
ROI_22,217,1
,,
ROI_22,218,0
,,
ROI_22,219,0
,,
ROI_22,220,0
,,
ROI_22,221,0
,,
ROI_22,222,0
,,
ROI_22,223,1
,,
ROI_22,224,0
,,
ROI_22,225,0
,,
ROI_22,226,0
,,
ROI_22,227,2
,,
ROI_22,228,0
,,
ROI_22,229,0
,,
ROI_22,230,1
,,
ROI_22,231,2
,,
ROI_22,232,0
,,
ROI_22,233,0
,,
ROI_22,234,0
,,
ROI_22,235,0
,,
ROI_22,236,1
,,
ROI_22,237,1
,,
ROI_22,238,0
,,
ROI_22,239,0
,,
ROI_22,240,1
,,
ROI_22,241,0
,,
ROI_22,242,0
,,
ROI_22,243,0
,,
ROI_22,244,0
,,
ROI_22,245,0
,,
ROI_22,246,0
,,
ROI_22,247,1
,,
ROI_22,248,2
,,
ROI_22,249,0
,,
ROI_22,250,0
,,
ROI_22,251,0
,,
ROI_22,252,0
,,
ROI_22,253,1
,,
ROI_22,254,0
,,
ROI_22,255,12
,,
ROI_23,0,12727
,,
ROI_23,1,1099
,,
ROI_23,2,812
,,
ROI_23,3,713
,,
ROI_23,4,556
,,
ROI_23,5,476
,,
ROI_23,6,457
,,
ROI_23,7,409
,,
ROI_23,8,413
,,
ROI_23,9,377
,,
ROI_23,10,384
,,
ROI_23,11,340
,,
ROI_23,12,307
,,
ROI_23,13,270
,,
ROI_23,14,253
,,
ROI_23,15,199
,,
ROI_23,16,220
,,
ROI_23,17,217
,,
ROI_23,18,189
,,
ROI_23,19,183
,,
ROI_23,20,192
,,
ROI_23,21,171
,,
ROI_23,22,156
,,
ROI_23,23,177
,,
ROI_23,24,112
,,
ROI_23,25,177
,,
ROI_23,26,133
,,
ROI_23,27,150
,,
ROI_23,28,136
,,
ROI_23,29,136
,,
ROI_23,30,101
,,
ROI_23,31,95
,,
ROI_23,32,91
,,
ROI_23,33,116
,,
ROI_23,34,99
,,
ROI_23,35,108
,,
ROI_23,36,92
,,
ROI_23,37,77
,,
ROI_23,38,85
,,
ROI_23,39,99
,,
ROI_23,40,98
,,
ROI_23,41,74
,,
ROI_23,42,93
,,
ROI_23,43,68
,,
ROI_23,44,76
,,
ROI_23,45,74
,,
ROI_23,46,79
,,
ROI_23,47,73
,,
ROI_23,48,78
,,
ROI_23,49,75
,,
ROI_23,50,60
,,
ROI_23,51,66
,,
ROI_23,52,68
,,
ROI_23,53,61
,,
ROI_23,54,55
,,
ROI_23,55,67
,,
ROI_23,56,52
,,
ROI_23,57,50
,,
ROI_23,58,44
,,
ROI_23,59,50
,,
ROI_23,60,57
,,
ROI_23,61,48
,,
ROI_23,62,43
,,
ROI_23,63,52
,,
ROI_23,64,45
,,
ROI_23,65,41
,,
ROI_23,66,36
,,
ROI_23,67,45
,,
ROI_23,68,36
,,
ROI_23,69,37
,,
ROI_23,70,37
,,
ROI_23,71,32
,,
ROI_23,72,39
,,
ROI_23,73,32
,,
ROI_23,74,35
,,
ROI_23,75,37
,,
ROI_23,76,30
,,
ROI_23,77,22
,,
ROI_23,78,29
,,
ROI_23,79,38
,,
ROI_23,80,21
,,
ROI_23,81,33
,,
ROI_23,82,31
,,
ROI_23,83,21
,,
ROI_23,84,24
,,
ROI_23,85,27
,,
ROI_23,86,21
,,
ROI_23,87,27
,,
ROI_23,88,22
,,
ROI_23,89,27
,,
ROI_23,90,21
,,
ROI_23,91,24
,,
ROI_23,92,31
,,
ROI_23,93,30
,,
ROI_23,94,20
,,
ROI_23,95,31
,,
ROI_23,96,25
,,
ROI_23,97,26
,,
ROI_23,98,16
,,
ROI_23,99,26
,,
ROI_23,100,18
,,
ROI_23,101,15
,,
ROI_23,102,19
,,
ROI_23,103,19
,,
ROI_23,104,27
,,
ROI_23,105,21
,,
ROI_23,106,20
,,
ROI_23,107,20
,,
ROI_23,108,12
,,
ROI_23,109,27
,,
ROI_23,110,13
,,
ROI_23,111,17
,,
ROI_23,112,12
,,
ROI_23,113,18
,,
ROI_23,114,12
,,
ROI_23,115,14
,,
ROI_23,116,15
,,
ROI_23,117,12
,,
ROI_23,118,14
,,
ROI_23,119,18
,,
ROI_23,120,11
,,
ROI_23,121,19
,,
ROI_23,122,21
,,
ROI_23,123,13
,,
ROI_23,124,18
,,
ROI_23,125,15
,,
ROI_23,126,12
,,
ROI_23,127,15
,,
ROI_23,128,9
,,
ROI_23,129,19
,,
ROI_23,130,19
,,
ROI_23,131,9
,,
ROI_23,132,12
,,
ROI_23,133,13
,,
ROI_23,134,14
,,
ROI_23,135,17
,,
ROI_23,136,13
,,
ROI_23,137,11
,,
ROI_23,138,10
,,
ROI_23,139,9
,,
ROI_23,140,6
,,
ROI_23,141,11
,,
ROI_23,142,11
,,
ROI_23,143,17
,,
ROI_23,144,9
,,
ROI_23,145,6
,,
ROI_23,146,8
,,
ROI_23,147,12
,,
ROI_23,148,6
,,
ROI_23,149,7
,,
ROI_23,150,8
,,
ROI_23,151,7
,,
ROI_23,152,16
,,
ROI_23,153,9
,,
ROI_23,154,12
,,
ROI_23,155,6
,,
ROI_23,156,11
,,
ROI_23,157,3
,,
ROI_23,158,4
,,
ROI_23,159,10
,,
ROI_23,160,9
,,
ROI_23,161,10
,,
ROI_23,162,5
,,
ROI_23,163,6
,,
ROI_23,164,10
,,
ROI_23,165,13
,,
ROI_23,166,4
,,
ROI_23,167,12
,,
ROI_23,168,11
,,
ROI_23,169,4
,,
ROI_23,170,4
,,
ROI_23,171,13
,,
ROI_23,172,5
,,
ROI_23,173,5
,,
ROI_23,174,7
,,
ROI_23,175,7
,,
ROI_23,176,6
,,
ROI_23,177,8
,,
ROI_23,178,3
,,
ROI_23,179,5
,,
ROI_23,180,7
,,
ROI_23,181,8
,,
ROI_23,182,6
,,
ROI_23,183,2
,,
ROI_23,184,12
,,
ROI_23,185,6
,,
ROI_23,186,4
,,
ROI_23,187,11
,,
ROI_23,188,10
,,
ROI_23,189,7
,,
ROI_23,190,7
,,
ROI_23,191,2
,,
ROI_23,192,6
,,
ROI_23,193,6
,,
ROI_23,194,8
,,
ROI_23,195,3
,,
ROI_23,196,4
,,
ROI_23,197,4
,,
ROI_23,198,7
,,
ROI_23,199,3
,,
ROI_23,200,9
,,
ROI_23,201,4
,,
ROI_23,202,6
,,
ROI_23,203,3
,,
ROI_23,204,5
,,
ROI_23,205,3
,,
ROI_23,206,4
,,
ROI_23,207,3
,,
ROI_23,208,8
,,
ROI_23,209,8
,,
ROI_23,210,5
,,
ROI_23,211,6
,,
ROI_23,212,6
,,
ROI_23,213,3
,,
ROI_23,214,6
,,
ROI_23,215,0
,,
ROI_23,216,9
,,
ROI_23,217,6
,,
ROI_23,218,3
,,
ROI_23,219,4
,,
ROI_23,220,5
,,
ROI_23,221,2
,,
ROI_23,222,6
,,
ROI_23,223,0
,,
ROI_23,224,5
,,
ROI_23,225,4
,,
ROI_23,226,5
,,
ROI_23,227,5
,,
ROI_23,228,3
,,
ROI_23,229,4
,,
ROI_23,230,1
,,
ROI_23,231,0
,,
ROI_23,232,3
,,
ROI_23,233,5
,,
ROI_23,234,1
,,
ROI_23,235,2
,,
ROI_23,236,4
,,
ROI_23,237,2
,,
ROI_23,238,3
,,
ROI_23,239,2
,,
ROI_23,240,3
,,
ROI_23,241,2
,,
ROI_23,242,0
,,
ROI_23,243,2
,,
ROI_23,244,3
,,
ROI_23,245,4
,,
ROI_23,246,5
,,
ROI_23,247,6
,,
ROI_23,248,2
,,
ROI_23,249,7
,,
ROI_23,250,5
,,
ROI_23,251,5
,,
ROI_23,252,1
,,
ROI_23,253,1
,,
ROI_23,254,5
,,
ROI_23,255,280
,,
ROI_24,0,383
,,
ROI_24,1,95
,,
ROI_24,2,59
,,
ROI_24,3,47
,,
ROI_24,4,32
,,
ROI_24,5,33
,,
ROI_24,6,16
,,
ROI_24,7,24
,,
ROI_24,8,26
,,
ROI_24,9,10
,,
ROI_24,10,12
,,
ROI_24,11,16
,,
ROI_24,12,10
,,
ROI_24,13,7
,,
ROI_24,14,11
,,
ROI_24,15,5
,,
ROI_24,16,11
,,
ROI_24,17,9
,,
ROI_24,18,11
,,
ROI_24,19,3
,,
ROI_24,20,6
,,
ROI_24,21,5
,,
ROI_24,22,2
,,
ROI_24,23,3
,,
ROI_24,24,3
,,
ROI_24,25,5
,,
ROI_24,26,2
,,
ROI_24,27,7
,,
ROI_24,28,4
,,
ROI_24,29,2
,,
ROI_24,30,4
,,
ROI_24,31,2
,,
ROI_24,32,3
,,
ROI_24,33,3
,,
ROI_24,34,1
,,
ROI_24,35,1
,,
ROI_24,36,2
,,
ROI_24,37,1
,,
ROI_24,38,5
,,
ROI_24,39,0
,,
ROI_24,40,0
,,
ROI_24,41,0
,,
ROI_24,42,1
,,
ROI_24,43,0
,,
ROI_24,44,0
,,
ROI_24,45,0
,,
ROI_24,46,0
,,
ROI_24,47,0
,,
ROI_24,48,0
,,
ROI_24,49,0
,,
ROI_24,50,1
,,
ROI_24,51,0
,,
ROI_24,52,0
,,
ROI_24,53,0
,,
ROI_24,54,1
,,
ROI_24,55,0
,,
ROI_24,56,0
,,
ROI_24,57,0
,,
ROI_24,58,0
,,
ROI_24,59,1
,,
ROI_24,60,0
,,
ROI_24,61,0
,,
ROI_24,62,0
,,
ROI_24,63,0
,,
ROI_24,64,0
,,
ROI_24,65,0
,,
ROI_24,66,0
,,
ROI_24,67,0
,,
ROI_24,68,0
,,
ROI_24,69,0
,,
ROI_24,70,0
,,
ROI_24,71,0
,,
ROI_24,72,0
,,
ROI_24,73,0
,,
ROI_24,74,0
,,
ROI_24,75,0
,,
ROI_24,76,0
,,
ROI_24,77,0
,,
ROI_24,78,0
,,
ROI_24,79,0
,,
ROI_24,80,0
,,
ROI_24,81,0
,,
ROI_24,82,0
,,
ROI_24,83,0
,,
ROI_24,84,0
,,
ROI_24,85,0
,,
ROI_24,86,0
,,
ROI_24,87,0
,,
ROI_24,88,0
,,
ROI_24,89,0
,,
ROI_24,90,0
,,
ROI_24,91,0
,,
ROI_24,92,0
,,
ROI_24,93,0
,,
ROI_24,94,0
,,
ROI_24,95,0
,,
ROI_24,96,0
,,
ROI_24,97,0
,,
ROI_24,98,0
,,
ROI_24,99,0
,,
ROI_24,100,0
,,
ROI_24,101,0
,,
ROI_24,102,0
,,
ROI_24,103,0
,,
ROI_24,104,0
,,
ROI_24,105,0
,,
ROI_24,106,0
,,
ROI_24,107,0
,,
ROI_24,108,0
,,
ROI_24,109,0
,,
ROI_24,110,0
,,
ROI_24,111,0
,,
ROI_24,112,0
,,
ROI_24,113,0
,,
ROI_24,114,0
,,
ROI_24,115,0
,,
ROI_24,116,0
,,
ROI_24,117,0
,,
ROI_24,118,0
,,
ROI_24,119,0
,,
ROI_24,120,0
,,
ROI_24,121,0
,,
ROI_24,122,0
,,
ROI_24,123,0
,,
ROI_24,124,0
,,
ROI_24,125,0
,,
ROI_24,126,0
,,
ROI_24,127,0
,,
ROI_24,128,0
,,
ROI_24,129,0
,,
ROI_24,130,0
,,
ROI_24,131,0
,,
ROI_24,132,0
,,
ROI_24,133,0
,,
ROI_24,134,0
,,
ROI_24,135,0
,,
ROI_24,136,0
,,
ROI_24,137,0
,,
ROI_24,138,0
,,
ROI_24,139,0
,,
ROI_24,140,0
,,
ROI_24,141,0
,,
ROI_24,142,0
,,
ROI_24,143,0
,,
ROI_24,144,0
,,
ROI_24,145,0
,,
ROI_24,146,0
,,
ROI_24,147,0
,,
ROI_24,148,0
,,
ROI_24,149,0
,,
ROI_24,150,0
,,
ROI_24,151,0
,,
ROI_24,152,0
,,
ROI_24,153,0
,,
ROI_24,154,0
,,
ROI_24,155,0
,,
ROI_24,156,0
,,
ROI_24,157,0
,,
ROI_24,158,0
,,
ROI_24,159,0
,,
ROI_24,160,0
,,
ROI_24,161,0
,,
ROI_24,162,0
,,
ROI_24,163,0
,,
ROI_24,164,0
,,
ROI_24,165,0
,,
ROI_24,166,0
,,
ROI_24,167,0
,,
ROI_24,168,0
,,
ROI_24,169,0
,,
ROI_24,170,0
,,
ROI_24,171,0
,,
ROI_24,172,0
,,
ROI_24,173,0
,,
ROI_24,174,0
,,
ROI_24,175,0
,,
ROI_24,176,0
,,
ROI_24,177,0
,,
ROI_24,178,0
,,
ROI_24,179,0
,,
ROI_24,180,0
,,
ROI_24,181,0
,,
ROI_24,182,0
,,
ROI_24,183,0
,,
ROI_24,184,0
,,
ROI_24,185,0
,,
ROI_24,186,0
,,
ROI_24,187,0
,,
ROI_24,188,0
,,
ROI_24,189,0
,,
ROI_24,190,0
,,
ROI_24,191,0
,,
ROI_24,192,0
,,
ROI_24,193,0
,,
ROI_24,194,0
,,
ROI_24,195,0
,,
ROI_24,196,0
,,
ROI_24,197,0
,,
ROI_24,198,0
,,
ROI_24,199,0
,,
ROI_24,200,0
,,
ROI_24,201,0
,,
ROI_24,202,0
,,
ROI_24,203,0
,,
ROI_24,204,0
,,
ROI_24,205,0
,,
ROI_24,206,0
,,
ROI_24,207,0
,,
ROI_24,208,0
,,
ROI_24,209,0
,,
ROI_24,210,0
,,
ROI_24,211,0
,,
ROI_24,212,0
,,
ROI_24,213,0
,,
ROI_24,214,0
,,
ROI_24,215,0
,,
ROI_24,216,0
,,
ROI_24,217,0
,,
ROI_24,218,0
,,
ROI_24,219,0
,,
ROI_24,220,0
,,
ROI_24,221,0
,,
ROI_24,222,0
,,
ROI_24,223,0
,,
ROI_24,224,0
,,
ROI_24,225,0
,,
ROI_24,226,0
,,
ROI_24,227,0
,,
ROI_24,228,0
,,
ROI_24,229,0
,,
ROI_24,230,0
,,
ROI_24,231,0
,,
ROI_24,232,0
,,
ROI_24,233,0
,,
ROI_24,234,0
,,
ROI_24,235,0
,,
ROI_24,236,0
,,
ROI_24,237,0
,,
ROI_24,238,0
,,
ROI_24,239,0
,,
ROI_24,240,0
,,
ROI_24,241,0
,,
ROI_24,242,0
,,
ROI_24,243,0
,,
ROI_24,244,0
,,
ROI_24,245,0
,,
ROI_24,246,0
,,
ROI_24,247,0
,,
ROI_24,248,0
,,
ROI_24,249,0
,,
ROI_24,250,0
,,
ROI_24,251,0
,,
ROI_24,252,0
,,
ROI_24,253,0
,,
ROI_24,254,0
,,
ROI_24,255,0
,,
ROI_25,0,3634
,,
ROI_25,1,247
,,
ROI_25,2,186
,,
ROI_25,3,176
,,
ROI_25,4,170
,,
ROI_25,5,150
,,
ROI_25,6,124
,,
ROI_25,7,111
,,
ROI_25,8,129
,,
ROI_25,9,105
,,
ROI_25,10,88
,,
ROI_25,11,81
,,
ROI_25,12,74
,,
ROI_25,13,63
,,
ROI_25,14,67
,,
ROI_25,15,57
,,
ROI_25,16,59
,,
ROI_25,17,39
,,
ROI_25,18,41
,,
ROI_25,19,46
,,
ROI_25,20,41
,,
ROI_25,21,40
,,
ROI_25,22,32
,,
ROI_25,23,46
,,
ROI_25,24,31
,,
ROI_25,25,44
,,
ROI_25,26,35
,,
ROI_25,27,36
,,
ROI_25,28,32
,,
ROI_25,29,45
,,
ROI_25,30,37
,,
ROI_25,31,32
,,
ROI_25,32,30
,,
ROI_25,33,40
,,
ROI_25,34,29
,,
ROI_25,35,32
,,
ROI_25,36,22
,,
ROI_25,37,33
,,
ROI_25,38,21
,,
ROI_25,39,23
,,
ROI_25,40,19
,,
ROI_25,41,33
,,
ROI_25,42,21
,,
ROI_25,43,20
,,
ROI_25,44,27
,,
ROI_25,45,14
,,
ROI_25,46,20
,,
ROI_25,47,18
,,
ROI_25,48,17
,,
ROI_25,49,17
,,
ROI_25,50,20
,,
ROI_25,51,14
,,
ROI_25,52,20
,,
ROI_25,53,18
,,
ROI_25,54,18
,,
ROI_25,55,23
,,
ROI_25,56,13
,,
ROI_25,57,16
,,
ROI_25,58,18
,,
ROI_25,59,17
,,
ROI_25,60,20
,,
ROI_25,61,19
,,
ROI_25,62,9
,,
ROI_25,63,22
,,
ROI_25,64,18
,,
ROI_25,65,15
,,
ROI_25,66,8
,,
ROI_25,67,22
,,
ROI_25,68,15
,,
ROI_25,69,10
,,
ROI_25,70,11
,,
ROI_25,71,13
,,
ROI_25,72,15
,,
ROI_25,73,14
,,
ROI_25,74,10
,,
ROI_25,75,5
,,
ROI_25,76,15
,,
ROI_25,77,16
,,
ROI_25,78,11
,,
ROI_25,79,9
,,
ROI_25,80,11
,,
ROI_25,81,7
,,
ROI_25,82,6
,,
ROI_25,83,16
,,
ROI_25,84,14
,,
ROI_25,85,13
,,
ROI_25,86,10
,,
ROI_25,87,12
,,
ROI_25,88,9
,,
ROI_25,89,12
,,
ROI_25,90,9
,,
ROI_25,91,7
,,
ROI_25,92,10
,,
ROI_25,93,11
,,
ROI_25,94,9
,,
ROI_25,95,5
,,
ROI_25,96,15
,,
ROI_25,97,10
,,
ROI_25,98,5
,,
ROI_25,99,13
,,
ROI_25,100,14
,,
ROI_25,101,12
,,
ROI_25,102,7
,,
ROI_25,103,7
,,
ROI_25,104,9
,,
ROI_25,105,6
,,
ROI_25,106,11
,,
ROI_25,107,5
,,
ROI_25,108,5
,,
ROI_25,109,7
,,
ROI_25,110,9
,,
ROI_25,111,11
,,
ROI_25,112,11
,,
ROI_25,113,8
,,
ROI_25,114,6
,,
ROI_25,115,13
,,
ROI_25,116,11
,,
ROI_25,117,8
,,
ROI_25,118,3
,,
ROI_25,119,12
,,
ROI_25,120,10
,,
ROI_25,121,10
,,
ROI_25,122,7
,,
ROI_25,123,8
,,
ROI_25,124,9
,,
ROI_25,125,3
,,
ROI_25,126,5
,,
ROI_25,127,7
,,
ROI_25,128,6
,,
ROI_25,129,8
,,
ROI_25,130,3
,,
ROI_25,131,4
,,
ROI_25,132,10
,,
ROI_25,133,4
,,
ROI_25,134,2
,,
ROI_25,135,4
,,
ROI_25,136,7
,,
ROI_25,137,11
,,
ROI_25,138,6
,,
ROI_25,139,6
,,
ROI_25,140,3
,,
ROI_25,141,6
,,
ROI_25,142,7
,,
ROI_25,143,2
,,
ROI_25,144,2
,,
ROI_25,145,6
,,
ROI_25,146,6
,,
ROI_25,147,4
,,
ROI_25,148,5
,,
ROI_25,149,3
,,
ROI_25,150,10
,,
ROI_25,151,4
,,
ROI_25,152,5
,,
ROI_25,153,4
,,
ROI_25,154,5
,,
ROI_25,155,7
,,
ROI_25,156,4
,,
ROI_25,157,3
,,
ROI_25,158,5
,,
ROI_25,159,4
,,
ROI_25,160,9
,,
ROI_25,161,4
,,
ROI_25,162,6
,,
ROI_25,163,4
,,
ROI_25,164,3
,,
ROI_25,165,4
,,
ROI_25,166,3
,,
ROI_25,167,5
,,
ROI_25,168,4
,,
ROI_25,169,5
,,
ROI_25,170,4
,,
ROI_25,171,6
,,
ROI_25,172,5
,,
ROI_25,173,5
,,
ROI_25,174,6
,,
ROI_25,175,5
,,
ROI_25,176,5
,,
ROI_25,177,2
,,
ROI_25,178,9
,,
ROI_25,179,4
,,
ROI_25,180,4
,,
ROI_25,181,4
,,
ROI_25,182,8
,,
ROI_25,183,2
,,
ROI_25,184,4
,,
ROI_25,185,5
,,
ROI_25,186,0
,,
ROI_25,187,7
,,
ROI_25,188,4
,,
ROI_25,189,6
,,
ROI_25,190,5
,,
ROI_25,191,4
,,
ROI_25,192,0
,,
ROI_25,193,6
,,
ROI_25,194,4
,,
ROI_25,195,4
,,
ROI_25,196,3
,,
ROI_25,197,2
,,
ROI_25,198,2
,,
ROI_25,199,2
,,
ROI_25,200,6
,,
ROI_25,201,3
,,
ROI_25,202,1
,,
ROI_25,203,2
,,
ROI_25,204,3
,,
ROI_25,205,1
,,
ROI_25,206,4
,,
ROI_25,207,2
,,
ROI_25,208,2
,,
ROI_25,209,0
,,
ROI_25,210,4
,,
ROI_25,211,1
,,
ROI_25,212,2
,,
ROI_25,213,1
,,
ROI_25,214,4
,,
ROI_25,215,6
,,
ROI_25,216,4
,,
ROI_25,217,3
,,
ROI_25,218,1
,,
ROI_25,219,3
,,
ROI_25,220,1
,,
ROI_25,221,1
,,
ROI_25,222,1
,,
ROI_25,223,6
,,
ROI_25,224,1
,,
ROI_25,225,2
,,
ROI_25,226,1
,,
ROI_25,227,3
,,
ROI_25,228,2
,,
ROI_25,229,0
,,
ROI_25,230,2
,,
ROI_25,231,1
,,
ROI_25,232,1
,,
ROI_25,233,4
,,
ROI_25,234,0
,,
ROI_25,235,1
,,
ROI_25,236,0
,,
ROI_25,237,1
,,
ROI_25,238,2
,,
ROI_25,239,2
,,
ROI_25,240,3
,,
ROI_25,241,2
,,
ROI_25,242,1
,,
ROI_25,243,2
,,
ROI_25,244,1
,,
ROI_25,245,0
,,
ROI_25,246,2
,,
ROI_25,247,0
,,
ROI_25,248,1
,,
ROI_25,249,3
,,
ROI_25,250,3
,,
ROI_25,251,4
,,
ROI_25,252,2
,,
ROI_25,253,1
,,
ROI_25,254,1
,,
ROI_25,255,143
,,
ROI_26,0,3572
,,
ROI_26,1,182
,,
ROI_26,2,162
,,
ROI_26,3,125
,,
ROI_26,4,127
,,
ROI_26,5,91
,,
ROI_26,6,103
,,
ROI_26,7,68
,,
ROI_26,8,82
,,
ROI_26,9,72
,,
ROI_26,10,65
,,
ROI_26,11,43
,,
ROI_26,12,43
,,
ROI_26,13,50
,,
ROI_26,14,42
,,
ROI_26,15,35
,,
ROI_26,16,37
,,
ROI_26,17,29
,,
ROI_26,18,26
,,
ROI_26,19,34
,,
ROI_26,20,27
,,
ROI_26,21,29
,,
ROI_26,22,16
,,
ROI_26,23,15
,,
ROI_26,24,9
,,
ROI_26,25,20
,,
ROI_26,26,12
,,
ROI_26,27,9
,,
ROI_26,28,9
,,
ROI_26,29,16
,,
ROI_26,30,14
,,
ROI_26,31,6
,,
ROI_26,32,7
,,
ROI_26,33,7
,,
ROI_26,34,10
,,
ROI_26,35,7
,,
ROI_26,36,7
,,
ROI_26,37,5
,,
ROI_26,38,5
,,
ROI_26,39,5
,,
ROI_26,40,10
,,
ROI_26,41,3
,,
ROI_26,42,12
,,
ROI_26,43,6
,,
ROI_26,44,9
,,
ROI_26,45,6
,,
ROI_26,46,2
,,
ROI_26,47,6
,,
ROI_26,48,4
,,
ROI_26,49,4
,,
ROI_26,50,4
,,
ROI_26,51,2
,,
ROI_26,52,3
,,
ROI_26,53,7
,,
ROI_26,54,2
,,
ROI_26,55,3
,,
ROI_26,56,3
,,
ROI_26,57,4
,,
ROI_26,58,4
,,
ROI_26,59,3
,,
ROI_26,60,2
,,
ROI_26,61,4
,,
ROI_26,62,3
,,
ROI_26,63,2
,,
ROI_26,64,4
,,
ROI_26,65,2
,,
ROI_26,66,1
,,
ROI_26,67,5
,,
ROI_26,68,3
,,
ROI_26,69,4
,,
ROI_26,70,5
,,
ROI_26,71,5
,,
ROI_26,72,5
,,
ROI_26,73,1
,,
ROI_26,74,4
,,
ROI_26,75,4
,,
ROI_26,76,1
,,
ROI_26,77,1
,,
ROI_26,78,4
,,
ROI_26,79,4
,,
ROI_26,80,4
,,
ROI_26,81,3
,,
ROI_26,82,1
,,
ROI_26,83,4
,,
ROI_26,84,4
,,
ROI_26,85,1
,,
ROI_26,86,3
,,
ROI_26,87,1
,,
ROI_26,88,5
,,
ROI_26,89,4
,,
ROI_26,90,4
,,
ROI_26,91,4
,,
ROI_26,92,4
,,
ROI_26,93,0
,,
ROI_26,94,0
,,
ROI_26,95,1
,,
ROI_26,96,0
,,
ROI_26,97,3
,,
ROI_26,98,4
,,
ROI_26,99,0
,,
ROI_26,100,2
,,
ROI_26,101,2
,,
ROI_26,102,4
,,
ROI_26,103,1
,,
ROI_26,104,1
,,
ROI_26,105,3
,,
ROI_26,106,4
,,
ROI_26,107,2
,,
ROI_26,108,2
,,
ROI_26,109,0
,,
ROI_26,110,0
,,
ROI_26,111,2
,,
ROI_26,112,2
,,
ROI_26,113,3
,,
ROI_26,114,3
,,
ROI_26,115,4
,,
ROI_26,116,1
,,
ROI_26,117,5
,,
ROI_26,118,2
,,
ROI_26,119,0
,,
ROI_26,120,2
,,
ROI_26,121,0
,,
ROI_26,122,1
,,
ROI_26,123,1
,,
ROI_26,124,4
,,
ROI_26,125,5
,,
ROI_26,126,1
,,
ROI_26,127,2
,,
ROI_26,128,3
,,
ROI_26,129,1
,,
ROI_26,130,2
,,
ROI_26,131,2
,,
ROI_26,132,1
,,
ROI_26,133,0
,,
ROI_26,134,0
,,
ROI_26,135,0
,,
ROI_26,136,2
,,
ROI_26,137,3
,,
ROI_26,138,1
,,
ROI_26,139,1
,,
ROI_26,140,0
,,
ROI_26,141,1
,,
ROI_26,142,1
,,
ROI_26,143,3
,,
ROI_26,144,0
,,
ROI_26,145,1
,,
ROI_26,146,0
,,
ROI_26,147,2
,,
ROI_26,148,0
,,
ROI_26,149,0
,,
ROI_26,150,2
,,
ROI_26,151,0
,,
ROI_26,152,1
,,
ROI_26,153,0
,,
ROI_26,154,0
,,
ROI_26,155,0
,,
ROI_26,156,2
,,
ROI_26,157,1
,,
ROI_26,158,0
,,
ROI_26,159,0
,,
ROI_26,160,0
,,
ROI_26,161,0
,,
ROI_26,162,0
,,
ROI_26,163,0
,,
ROI_26,164,1
,,
ROI_26,165,1
,,
ROI_26,166,0
,,
ROI_26,167,2
,,
ROI_26,168,0
,,
ROI_26,169,1
,,
ROI_26,170,0
,,
ROI_26,171,0
,,
ROI_26,172,0
,,
ROI_26,173,0
,,
ROI_26,174,0
,,
ROI_26,175,0
,,
ROI_26,176,0
,,
ROI_26,177,0
,,
ROI_26,178,0
,,
ROI_26,179,2
,,
ROI_26,180,0
,,
ROI_26,181,2
,,
ROI_26,182,0
,,
ROI_26,183,1
,,
ROI_26,184,0
,,
ROI_26,185,1
,,
ROI_26,186,0
,,
ROI_26,187,0
,,
ROI_26,188,0
,,
ROI_26,189,0
,,
ROI_26,190,1
,,
ROI_26,191,0
,,
ROI_26,192,0
,,
ROI_26,193,0
,,
ROI_26,194,0
,,
ROI_26,195,0
,,
ROI_26,196,0
,,
ROI_26,197,1
,,
ROI_26,198,0
,,
ROI_26,199,0
,,
ROI_26,200,0
,,
ROI_26,201,0
,,
ROI_26,202,0
,,
ROI_26,203,0
,,
ROI_26,204,1
,,
ROI_26,205,0
,,
ROI_26,206,0
,,
ROI_26,207,0
,,
ROI_26,208,0
,,
ROI_26,209,1
,,
ROI_26,210,1
,,
ROI_26,211,1
,,
ROI_26,212,1
,,
ROI_26,213,0
,,
ROI_26,214,1
,,
ROI_26,215,0
,,
ROI_26,216,0
,,
ROI_26,217,1
,,
ROI_26,218,1
,,
ROI_26,219,0
,,
ROI_26,220,0
,,
ROI_26,221,1
,,
ROI_26,222,0
,,
ROI_26,223,0
,,
ROI_26,224,0
,,
ROI_26,225,0
,,
ROI_26,226,0
,,
ROI_26,227,0
,,
ROI_26,228,0
,,
ROI_26,229,0
,,
ROI_26,230,0
,,
ROI_26,231,0
,,
ROI_26,232,0
,,
ROI_26,233,0
,,
ROI_26,234,0
,,
ROI_26,235,0
,,
ROI_26,236,0
,,
ROI_26,237,0
,,
ROI_26,238,0
,,
ROI_26,239,0
,,
ROI_26,240,0
,,
ROI_26,241,0
,,
ROI_26,242,1
,,
ROI_26,243,0
,,
ROI_26,244,0
,,
ROI_26,245,0
,,
ROI_26,246,0
,,
ROI_26,247,1
,,
ROI_26,248,0
,,
ROI_26,249,0
,,
ROI_26,250,0
,,
ROI_26,251,1
,,
ROI_26,252,0
,,
ROI_26,253,1
,,
ROI_26,254,0
,,
ROI_26,255,7
,,
ROI_27,0,53721
,,
ROI_27,1,1803
,,
ROI_27,2,1229
,,
ROI_27,3,1116
,,
ROI_27,4,920
,,
ROI_27,5,839
,,
ROI_27,6,640
,,
ROI_27,7,652
,,
ROI_27,8,635
,,
ROI_27,9,539
,,
ROI_27,10,489
,,
ROI_27,11,451
,,
ROI_27,12,444
,,
ROI_27,13,411
,,
ROI_27,14,401
,,
ROI_27,15,369
,,
ROI_27,16,389
,,
ROI_27,17,298
,,
ROI_27,18,355
,,
ROI_27,19,274
,,
ROI_27,20,327
,,
ROI_27,21,283
,,
ROI_27,22,238
,,
ROI_27,23,263
,,
ROI_27,24,247
,,
ROI_27,25,264
,,
ROI_27,26,211
,,
ROI_27,27,229
,,
ROI_27,28,183
,,
ROI_27,29,213
,,
ROI_27,30,235
,,
ROI_27,31,190
,,
ROI_27,32,196
,,
ROI_27,33,191
,,
ROI_27,34,175
,,
ROI_27,35,165
,,
ROI_27,36,157
,,
ROI_27,37,157
,,
ROI_27,38,143
,,
ROI_27,39,112
,,
ROI_27,40,143
,,
ROI_27,41,129
,,
ROI_27,42,124
,,
ROI_27,43,140
,,
ROI_27,44,111
,,
ROI_27,45,114
,,
ROI_27,46,107
,,
ROI_27,47,120
,,
ROI_27,48,111
,,
ROI_27,49,104
,,
ROI_27,50,98
,,
ROI_27,51,118
,,
ROI_27,52,105
,,
ROI_27,53,106
,,
ROI_27,54,78
,,
ROI_27,55,94
,,
ROI_27,56,76
,,
ROI_27,57,89
,,
ROI_27,58,82
,,
ROI_27,59,106
,,
ROI_27,60,82
,,
ROI_27,61,76
,,
ROI_27,62,85
,,
ROI_27,63,88
,,
ROI_27,64,66
,,
ROI_27,65,72
,,
ROI_27,66,71
,,
ROI_27,67,65
,,
ROI_27,68,69
,,
ROI_27,69,57
,,
ROI_27,70,48
,,
ROI_27,71,44
,,
ROI_27,72,49
,,
ROI_27,73,41
,,
ROI_27,74,54
,,
ROI_27,75,58
,,
ROI_27,76,62
,,
ROI_27,77,41
,,
ROI_27,78,46
,,
ROI_27,79,49
,,
ROI_27,80,49
,,
ROI_27,81,49
,,
ROI_27,82,57
,,
ROI_27,83,71
,,
ROI_27,84,55
,,
ROI_27,85,49
,,
ROI_27,86,42
,,
ROI_27,87,46
,,
ROI_27,88,39
,,
ROI_27,89,45
,,
ROI_27,90,52
,,
ROI_27,91,44
,,
ROI_27,92,41
,,
ROI_27,93,40
,,
ROI_27,94,34
,,
ROI_27,95,39
,,
ROI_27,96,26
,,
ROI_27,97,27
,,
ROI_27,98,47
,,
ROI_27,99,39
,,
ROI_27,100,32
,,
ROI_27,101,34
,,
ROI_27,102,30
,,
ROI_27,103,29
,,
ROI_27,104,38
,,
ROI_27,105,30
,,
ROI_27,106,37
,,
ROI_27,107,31
,,
ROI_27,108,39
,,
ROI_27,109,35
,,
ROI_27,110,25
,,
ROI_27,111,41
,,
ROI_27,112,23
,,
ROI_27,113,30
,,
ROI_27,114,36
,,
ROI_27,115,38
,,
ROI_27,116,28
,,
ROI_27,117,25
,,
ROI_27,118,23
,,
ROI_27,119,38
,,
ROI_27,120,23
,,
ROI_27,121,19
,,
ROI_27,122,21
,,
ROI_27,123,28
,,
ROI_27,124,30
,,
ROI_27,125,23
,,
ROI_27,126,32
,,
ROI_27,127,25
,,
ROI_27,128,28
,,
ROI_27,129,17
,,
ROI_27,130,15
,,
ROI_27,131,19
,,
ROI_27,132,26
,,
ROI_27,133,22
,,
ROI_27,134,23
,,
ROI_27,135,22
,,
ROI_27,136,16
,,
ROI_27,137,24
,,
ROI_27,138,25
,,
ROI_27,139,14
,,
ROI_27,140,13
,,
ROI_27,141,18
,,
ROI_27,142,24
,,
ROI_27,143,26
,,
ROI_27,144,22
,,
ROI_27,145,19
,,
ROI_27,146,12
,,
ROI_27,147,17
,,
ROI_27,148,16
,,
ROI_27,149,21
,,
ROI_27,150,17
,,
ROI_27,151,19
,,
ROI_27,152,15
,,
ROI_27,153,15
,,
ROI_27,154,17
,,
ROI_27,155,17
,,
ROI_27,156,13
,,
ROI_27,157,14
,,
ROI_27,158,21
,,
ROI_27,159,11
,,
ROI_27,160,17
,,
ROI_27,161,14
,,
ROI_27,162,18
,,
ROI_27,163,9
,,
ROI_27,164,11
,,
ROI_27,165,15
,,
ROI_27,166,8
,,
ROI_27,167,15
,,
ROI_27,168,13
,,
ROI_27,169,15
,,
ROI_27,170,11
,,
ROI_27,171,23
,,
ROI_27,172,12
,,
ROI_27,173,15
,,
ROI_27,174,19
,,
ROI_27,175,16
,,
ROI_27,176,12
,,
ROI_27,177,10
,,
ROI_27,178,12
,,
ROI_27,179,15
,,
ROI_27,180,17
,,
ROI_27,181,11
,,
ROI_27,182,11
,,
ROI_27,183,10
,,
ROI_27,184,12
,,
ROI_27,185,5
,,
ROI_27,186,17
,,
ROI_27,187,9
,,
ROI_27,188,5
,,
ROI_27,189,9
,,
ROI_27,190,12
,,
ROI_27,191,9
,,
ROI_27,192,9
,,
ROI_27,193,10
,,
ROI_27,194,8
,,
ROI_27,195,12
,,
ROI_27,196,16
,,
ROI_27,197,16
,,
ROI_27,198,11
,,
ROI_27,199,6
,,
ROI_27,200,6
,,
ROI_27,201,10
,,
ROI_27,202,5
,,
ROI_27,203,11
,,
ROI_27,204,9
,,
ROI_27,205,13
,,
ROI_27,206,12
,,
ROI_27,207,4
,,
ROI_27,208,6
,,
ROI_27,209,8
,,
ROI_27,210,5
,,
ROI_27,211,6
,,
ROI_27,212,8
,,
ROI_27,213,3
,,
ROI_27,214,5
,,
ROI_27,215,9
,,
ROI_27,216,11
,,
ROI_27,217,9
,,
ROI_27,218,10
,,
ROI_27,219,9
,,
ROI_27,220,7
,,
ROI_27,221,13
,,
ROI_27,222,5
,,
ROI_27,223,8
,,
ROI_27,224,7
,,
ROI_27,225,3
,,
ROI_27,226,4
,,
ROI_27,227,11
,,
ROI_27,228,9
,,
ROI_27,229,2
,,
ROI_27,230,10
,,
ROI_27,231,8
,,
ROI_27,232,6
,,
ROI_27,233,0
,,
ROI_27,234,9
,,
ROI_27,235,4
,,
ROI_27,236,11
,,
ROI_27,237,4
,,
ROI_27,238,2
,,
ROI_27,239,8
,,
ROI_27,240,5
,,
ROI_27,241,2
,,
ROI_27,242,3
,,
ROI_27,243,1
,,
ROI_27,244,6
,,
ROI_27,245,6
,,
ROI_27,246,5
,,
ROI_27,247,6
,,
ROI_27,248,4
,,
ROI_27,249,3
,,
ROI_27,250,12
,,
ROI_27,251,7
,,
ROI_27,252,7
,,
ROI_27,253,4
,,
ROI_27,254,9
,,
ROI_27,255,565
,,
ROI_28,0,11417
,,
ROI_28,1,427
,,
ROI_28,2,238
,,
ROI_28,3,208
,,
ROI_28,4,123
,,
ROI_28,5,125
,,
ROI_28,6,97
,,
ROI_28,7,76
,,
ROI_28,8,76
,,
ROI_28,9,67
,,
ROI_28,10,67
,,
ROI_28,11,50
,,
ROI_28,12,60
,,
ROI_28,13,32
,,
ROI_28,14,31
,,
ROI_28,15,33
,,
ROI_28,16,31
,,
ROI_28,17,30
,,
ROI_28,18,44
,,
ROI_28,19,31
,,
ROI_28,20,28
,,
ROI_28,21,19
,,
ROI_28,22,21
,,
ROI_28,23,22
,,
ROI_28,24,24
,,
ROI_28,25,22
,,
ROI_28,26,25
,,
ROI_28,27,22
,,
ROI_28,28,15
,,
ROI_28,29,19
,,
ROI_28,30,19
,,
ROI_28,31,13
,,
ROI_28,32,14
,,
ROI_28,33,10
,,
ROI_28,34,10
,,
ROI_28,35,16
,,
ROI_28,36,16
,,
ROI_28,37,12
,,
ROI_28,38,15
,,
ROI_28,39,10
,,
ROI_28,40,12
,,
ROI_28,41,9
,,
ROI_28,42,6
,,
ROI_28,43,7
,,
ROI_28,44,12
,,
ROI_28,45,9
,,
ROI_28,46,6
,,
ROI_28,47,7
,,
ROI_28,48,10
,,
ROI_28,49,8
,,
ROI_28,50,8
,,
ROI_28,51,9
,,
ROI_28,52,8
,,
ROI_28,53,6
,,
ROI_28,54,1
,,
ROI_28,55,8
,,
ROI_28,56,3
,,
ROI_28,57,8
,,
ROI_28,58,7
,,
ROI_28,59,7
,,
ROI_28,60,6
,,
ROI_28,61,7
,,
ROI_28,62,6
,,
ROI_28,63,7
,,
ROI_28,64,6
,,
ROI_28,65,6
,,
ROI_28,66,7
,,
ROI_28,67,4
,,
ROI_28,68,6
,,
ROI_28,69,2
,,
ROI_28,70,2
,,
ROI_28,71,2
,,
ROI_28,72,6
,,
ROI_28,73,6
,,
ROI_28,74,9
,,
ROI_28,75,1
,,
ROI_28,76,6
,,
ROI_28,77,5
,,
ROI_28,78,4
,,
ROI_28,79,4
,,
ROI_28,80,5
,,
ROI_28,81,2
,,
ROI_28,82,6
,,
ROI_28,83,2
,,
ROI_28,84,4
,,
ROI_28,85,4
,,
ROI_28,86,3
,,
ROI_28,87,6
,,
ROI_28,88,5
,,
ROI_28,89,5
,,
ROI_28,90,4
,,
ROI_28,91,6
,,
ROI_28,92,2
,,
ROI_28,93,2
,,
ROI_28,94,0
,,
ROI_28,95,0
,,
ROI_28,96,2
,,
ROI_28,97,2
,,
ROI_28,98,1
,,
ROI_28,99,3
,,
ROI_28,100,3
,,
ROI_28,101,4
,,
ROI_28,102,4
,,
ROI_28,103,2
,,
ROI_28,104,1
,,
ROI_28,105,3
,,
ROI_28,106,3
,,
ROI_28,107,1
,,
ROI_28,108,1
,,
ROI_28,109,6
,,
ROI_28,110,2
,,
ROI_28,111,3
,,
ROI_28,112,4
,,
ROI_28,113,0
,,
ROI_28,114,2
,,
ROI_28,115,3
,,
ROI_28,116,2
,,
ROI_28,117,5
,,
ROI_28,118,4
,,
ROI_28,119,3
,,
ROI_28,120,1
,,
ROI_28,121,3
,,
ROI_28,122,2
,,
ROI_28,123,0
,,
ROI_28,124,2
,,
ROI_28,125,3
,,
ROI_28,126,1
,,
ROI_28,127,2
,,
ROI_28,128,1
,,
ROI_28,129,4
,,
ROI_28,130,2
,,
ROI_28,131,0
,,
ROI_28,132,2
,,
ROI_28,133,4
,,
ROI_28,134,1
,,
ROI_28,135,1
,,
ROI_28,136,1
,,
ROI_28,137,3
,,
ROI_28,138,0
,,
ROI_28,139,1
,,
ROI_28,140,1
,,
ROI_28,141,1
,,
ROI_28,142,1
,,
ROI_28,143,1
,,
ROI_28,144,2
,,
ROI_28,145,0
,,
ROI_28,146,4
,,
ROI_28,147,1
,,
ROI_28,148,1
,,
ROI_28,149,2
,,
ROI_28,150,3
,,
ROI_28,151,2
,,
ROI_28,152,1
,,
ROI_28,153,1
,,
ROI_28,154,2
,,
ROI_28,155,1
,,
ROI_28,156,1
,,
ROI_28,157,0
,,
ROI_28,158,2
,,
ROI_28,159,2
,,
ROI_28,160,1
,,
ROI_28,161,2
,,
ROI_28,162,2
,,
ROI_28,163,2
,,
ROI_28,164,2
,,
ROI_28,165,1
,,
ROI_28,166,2
,,
ROI_28,167,0
,,
ROI_28,168,2
,,
ROI_28,169,2
,,
ROI_28,170,0
,,
ROI_28,171,1
,,
ROI_28,172,3
,,
ROI_28,173,1
,,
ROI_28,174,0
,,
ROI_28,175,0
,,
ROI_28,176,2
,,
ROI_28,177,1
,,
ROI_28,178,0
,,
ROI_28,179,0
,,
ROI_28,180,0
,,
ROI_28,181,0
,,
ROI_28,182,0
,,
ROI_28,183,3
,,
ROI_28,184,1
,,
ROI_28,185,1
,,
ROI_28,186,1
,,
ROI_28,187,1
,,
ROI_28,188,2
,,
ROI_28,189,1
,,
ROI_28,190,1
,,
ROI_28,191,0
,,
ROI_28,192,4
,,
ROI_28,193,1
,,
ROI_28,194,1
,,
ROI_28,195,1
,,
ROI_28,196,2
,,
ROI_28,197,1
,,
ROI_28,198,0
,,
ROI_28,199,2
,,
ROI_28,200,0
,,
ROI_28,201,1
,,
ROI_28,202,1
,,
ROI_28,203,0
,,
ROI_28,204,1
,,
ROI_28,205,1
,,
ROI_28,206,2
,,
ROI_28,207,1
,,
ROI_28,208,1
,,
ROI_28,209,2
,,
ROI_28,210,1
,,
ROI_28,211,1
,,
ROI_28,212,0
,,
ROI_28,213,0
,,
ROI_28,214,1
,,
ROI_28,215,1
,,
ROI_28,216,2
,,
ROI_28,217,1
,,
ROI_28,218,1
,,
ROI_28,219,0
,,
ROI_28,220,0
,,
ROI_28,221,1
,,
ROI_28,222,0
,,
ROI_28,223,1
,,
ROI_28,224,0
,,
ROI_28,225,1
,,
ROI_28,226,1
,,
ROI_28,227,0
,,
ROI_28,228,0
,,
ROI_28,229,2
,,
ROI_28,230,1
,,
ROI_28,231,1
,,
ROI_28,232,1
,,
ROI_28,233,0
,,
ROI_28,234,0
,,
ROI_28,235,1
,,
ROI_28,236,1
,,
ROI_28,237,1
,,
ROI_28,238,1
,,
ROI_28,239,0
,,
ROI_28,240,1
,,
ROI_28,241,1
,,
ROI_28,242,0
,,
ROI_28,243,1
,,
ROI_28,244,0
,,
ROI_28,245,0
,,
ROI_28,246,1
,,
ROI_28,247,0
,,
ROI_28,248,2
,,
ROI_28,249,0
,,
ROI_28,250,0
,,
ROI_28,251,0
,,
ROI_28,252,0
,,
ROI_28,253,2
,,
ROI_28,254,1
,,
ROI_28,255,51
,,
ROI_29,0,6006
,,
ROI_29,1,80
,,
ROI_29,2,44
,,
ROI_29,3,42
,,
ROI_29,4,29
,,
ROI_29,5,36
,,
ROI_29,6,25
,,
ROI_29,7,23
,,
ROI_29,8,19
,,
ROI_29,9,24
,,
ROI_29,10,21
,,
ROI_29,11,19
,,
ROI_29,12,12
,,
ROI_29,13,10
,,
ROI_29,14,16
,,
ROI_29,15,19
,,
ROI_29,16,10
,,
ROI_29,17,14
,,
ROI_29,18,17
,,
ROI_29,19,8
,,
ROI_29,20,8
,,
ROI_29,21,11
,,
ROI_29,22,9
,,
ROI_29,23,7
,,
ROI_29,24,4
,,
ROI_29,25,6
,,
ROI_29,26,4
,,
ROI_29,27,5
,,
ROI_29,28,9
,,
ROI_29,29,6
,,
ROI_29,30,4
,,
ROI_29,31,6
,,
ROI_29,32,5
,,
ROI_29,33,6
,,
ROI_29,34,5
,,
ROI_29,35,3
,,
ROI_29,36,1
,,
ROI_29,37,8
,,
ROI_29,38,5
,,
ROI_29,39,4
,,
ROI_29,40,5
,,
ROI_29,41,2
,,
ROI_29,42,2
,,
ROI_29,43,2
,,
ROI_29,44,1
,,
ROI_29,45,2
,,
ROI_29,46,1
,,
ROI_29,47,0
,,
ROI_29,48,6
,,
ROI_29,49,6
,,
ROI_29,50,2
,,
ROI_29,51,4
,,
ROI_29,52,0
,,
ROI_29,53,1
,,
ROI_29,54,1
,,
ROI_29,55,2
,,
ROI_29,56,6
,,
ROI_29,57,4
,,
ROI_29,58,1
,,
ROI_29,59,2
,,
ROI_29,60,3
,,
ROI_29,61,2
,,
ROI_29,62,1
,,
ROI_29,63,3
,,
ROI_29,64,1
,,
ROI_29,65,4
,,
ROI_29,66,1
,,
ROI_29,67,1
,,
ROI_29,68,0
,,
ROI_29,69,4
,,
ROI_29,70,2
,,
ROI_29,71,4
,,
ROI_29,72,1
,,
ROI_29,73,1
,,
ROI_29,74,3
,,
ROI_29,75,2
,,
ROI_29,76,3
,,
ROI_29,77,1
,,
ROI_29,78,2
,,
ROI_29,79,3
,,
ROI_29,80,0
,,
ROI_29,81,0
,,
ROI_29,82,1
,,
ROI_29,83,0
,,
ROI_29,84,1
,,
ROI_29,85,0
,,
ROI_29,86,4
,,
ROI_29,87,1
,,
ROI_29,88,0
,,
ROI_29,89,2
,,
ROI_29,90,2
,,
ROI_29,91,0
,,
ROI_29,92,0
,,
ROI_29,93,1
,,
ROI_29,94,2
,,
ROI_29,95,4
,,
ROI_29,96,3
,,
ROI_29,97,1
,,
ROI_29,98,1
,,
ROI_29,99,0
,,
ROI_29,100,2
,,
ROI_29,101,1
,,
ROI_29,102,0
,,
ROI_29,103,0
,,
ROI_29,104,0
,,
ROI_29,105,3
,,
ROI_29,106,1
,,
ROI_29,107,0
,,
ROI_29,108,1
,,
ROI_29,109,1
,,
ROI_29,110,0
,,
ROI_29,111,0
,,
ROI_29,112,1
,,
ROI_29,113,0
,,
ROI_29,114,0
,,
ROI_29,115,0
,,
ROI_29,116,0
,,
ROI_29,117,0
,,
ROI_29,118,0
,,
ROI_29,119,0
,,
ROI_29,120,1
,,
ROI_29,121,0
,,
ROI_29,122,3
,,
ROI_29,123,0
,,
ROI_29,124,0
,,
ROI_29,125,0
,,
ROI_29,126,0
,,
ROI_29,127,2
,,
ROI_29,128,1
,,
ROI_29,129,1
,,
ROI_29,130,1
,,
ROI_29,131,1
,,
ROI_29,132,1
,,
ROI_29,133,2
,,
ROI_29,134,1
,,
ROI_29,135,0
,,
ROI_29,136,0
,,
ROI_29,137,5
,,
ROI_29,138,2
,,
ROI_29,139,1
,,
ROI_29,140,0
,,
ROI_29,141,0
,,
ROI_29,142,1
,,
ROI_29,143,1
,,
ROI_29,144,0
,,
ROI_29,145,0
,,
ROI_29,146,0
,,
ROI_29,147,0
,,
ROI_29,148,0
,,
ROI_29,149,0
,,
ROI_29,150,1
,,
ROI_29,151,2
,,
ROI_29,152,0
,,
ROI_29,153,2
,,
ROI_29,154,0
,,
ROI_29,155,1
,,
ROI_29,156,0
,,
ROI_29,157,0
,,
ROI_29,158,1
,,
ROI_29,159,0
,,
ROI_29,160,0
,,
ROI_29,161,0
,,
ROI_29,162,0
,,
ROI_29,163,0
,,
ROI_29,164,1
,,
ROI_29,165,0
,,
ROI_29,166,1
,,
ROI_29,167,3
,,
ROI_29,168,1
,,
ROI_29,169,0
,,
ROI_29,170,0
,,
ROI_29,171,0
,,
ROI_29,172,1
,,
ROI_29,173,0
,,
ROI_29,174,0
,,
ROI_29,175,0
,,
ROI_29,176,1
,,
ROI_29,177,0
,,
ROI_29,178,1
,,
ROI_29,179,0
,,
ROI_29,180,1
,,
ROI_29,181,0
,,
ROI_29,182,0
,,
ROI_29,183,0
,,
ROI_29,184,0
,,
ROI_29,185,1
,,
ROI_29,186,0
,,
ROI_29,187,0
,,
ROI_29,188,0
,,
ROI_29,189,0
,,
ROI_29,190,1
,,
ROI_29,191,0
,,
ROI_29,192,0
,,
ROI_29,193,0
,,
ROI_29,194,1
,,
ROI_29,195,0
,,
ROI_29,196,0
,,
ROI_29,197,0
,,
ROI_29,198,0
,,
ROI_29,199,0
,,
ROI_29,200,0
,,
ROI_29,201,0
,,
ROI_29,202,0
,,
ROI_29,203,0
,,
ROI_29,204,0
,,
ROI_29,205,1
,,
ROI_29,206,0
,,
ROI_29,207,0
,,
ROI_29,208,1
,,
ROI_29,209,0
,,
ROI_29,210,1
,,
ROI_29,211,1
,,
ROI_29,212,0
,,
ROI_29,213,1
,,
ROI_29,214,1
,,
ROI_29,215,0
,,
ROI_29,216,0
,,
ROI_29,217,0
,,
ROI_29,218,0
,,
ROI_29,219,0
,,
ROI_29,220,0
,,
ROI_29,221,0
,,
ROI_29,222,0
,,
ROI_29,223,0
,,
ROI_29,224,1
,,
ROI_29,225,1
,,
ROI_29,226,0
,,
ROI_29,227,1
,,
ROI_29,228,0
,,
ROI_29,229,0
,,
ROI_29,230,0
,,
ROI_29,231,0
,,
ROI_29,232,1
,,
ROI_29,233,0
,,
ROI_29,234,0
,,
ROI_29,235,1
,,
ROI_29,236,0
,,
ROI_29,237,0
,,
ROI_29,238,0
,,
ROI_29,239,0
,,
ROI_29,240,0
,,
ROI_29,241,0
,,
ROI_29,242,1
,,
ROI_29,243,0
,,
ROI_29,244,0
,,
ROI_29,245,0
,,
ROI_29,246,0
,,
ROI_29,247,0
,,
ROI_29,248,0
,,
ROI_29,249,0
,,
ROI_29,250,0
,,
ROI_29,251,0
,,
ROI_29,252,0
,,
ROI_29,253,0
,,
ROI_29,254,0
,,
ROI_29,255,19
,,
ROI_30,0,1015
,,
ROI_30,1,40
,,
ROI_30,2,37
,,
ROI_30,3,39
,,
ROI_30,4,24
,,
ROI_30,5,28
,,
ROI_30,6,27
,,
ROI_30,7,32
,,
ROI_30,8,22
,,
ROI_30,9,15
,,
ROI_30,10,23
,,
ROI_30,11,23
,,
ROI_30,12,28
,,
ROI_30,13,17
,,
ROI_30,14,17
,,
ROI_30,15,13
,,
ROI_30,16,21
,,
ROI_30,17,13
,,
ROI_30,18,19
,,
ROI_30,19,12
,,
ROI_30,20,13
,,
ROI_30,21,14
,,
ROI_30,22,15
,,
ROI_30,23,11
,,
ROI_30,24,12
,,
ROI_30,25,12
,,
ROI_30,26,10
,,
ROI_30,27,10
,,
ROI_30,28,13
,,
ROI_30,29,14
,,
ROI_30,30,5
,,
ROI_30,31,8
,,
ROI_30,32,8
,,
ROI_30,33,10
,,
ROI_30,34,9
,,
ROI_30,35,10
,,
ROI_30,36,10
,,
ROI_30,37,13
,,
ROI_30,38,6
,,
ROI_30,39,7
,,
ROI_30,40,10
,,
ROI_30,41,12
,,
ROI_30,42,12
,,
ROI_30,43,9
,,
ROI_30,44,10
,,
ROI_30,45,4
,,
ROI_30,46,8
,,
ROI_30,47,8
,,
ROI_30,48,7
,,
ROI_30,49,12
,,
ROI_30,50,8
,,
ROI_30,51,5
,,
ROI_30,52,6
,,
ROI_30,53,9
,,
ROI_30,54,6
,,
ROI_30,55,7
,,
ROI_30,56,6
,,
ROI_30,57,10
,,
ROI_30,58,5
,,
ROI_30,59,6
,,
ROI_30,60,7
,,
ROI_30,61,7
,,
ROI_30,62,7
,,
ROI_30,63,6
,,
ROI_30,64,7
,,
ROI_30,65,4
,,
ROI_30,66,4
,,
ROI_30,67,11
,,
ROI_30,68,3
,,
ROI_30,69,4
,,
ROI_30,70,4
,,
ROI_30,71,6
,,
ROI_30,72,6
,,
ROI_30,73,4
,,
ROI_30,74,3
,,
ROI_30,75,5
,,
ROI_30,76,6
,,
ROI_30,77,3
,,
ROI_30,78,6
,,
ROI_30,79,2
,,
ROI_30,80,4
,,
ROI_30,81,4
,,
ROI_30,82,4
,,
ROI_30,83,4
,,
ROI_30,84,0
,,
ROI_30,85,3
,,
ROI_30,86,4
,,
ROI_30,87,4
,,
ROI_30,88,2
,,
ROI_30,89,7
,,
ROI_30,90,1
,,
ROI_30,91,7
,,
ROI_30,92,4
,,
ROI_30,93,3
,,
ROI_30,94,7
,,
ROI_30,95,3
,,
ROI_30,96,6
,,
ROI_30,97,2
,,
ROI_30,98,4
,,
ROI_30,99,9
,,
ROI_30,100,2
,,
ROI_30,101,4
,,
ROI_30,102,4
,,
ROI_30,103,1
,,
ROI_30,104,2
,,
ROI_30,105,1
,,
ROI_30,106,5
,,
ROI_30,107,4
,,
ROI_30,108,4
,,
ROI_30,109,3
,,
ROI_30,110,5
,,
ROI_30,111,5
,,
ROI_30,112,9
,,
ROI_30,113,1
,,
ROI_30,114,3
,,
ROI_30,115,6
,,
ROI_30,116,2
,,
ROI_30,117,4
,,
ROI_30,118,3
,,
ROI_30,119,1
,,
ROI_30,120,1
,,
ROI_30,121,0
,,
ROI_30,122,3
,,
ROI_30,123,3
,,
ROI_30,124,3
,,
ROI_30,125,2
,,
ROI_30,126,3
,,
ROI_30,127,4
,,
ROI_30,128,1
,,
ROI_30,129,1
,,
ROI_30,130,4
,,
ROI_30,131,2
,,
ROI_30,132,1
,,
ROI_30,133,3
,,
ROI_30,134,2
,,
ROI_30,135,4
,,
ROI_30,136,4
,,
ROI_30,137,2
,,
ROI_30,138,1
,,
ROI_30,139,4
,,
ROI_30,140,4
,,
ROI_30,141,1
,,
ROI_30,142,2
,,
ROI_30,143,5
,,
ROI_30,144,2
,,
ROI_30,145,3
,,
ROI_30,146,1
,,
ROI_30,147,3
,,
ROI_30,148,1
,,
ROI_30,149,1
,,
ROI_30,150,1
,,
ROI_30,151,2
,,
ROI_30,152,3
,,
ROI_30,153,1
,,
ROI_30,154,2
,,
ROI_30,155,1
,,
ROI_30,156,7
,,
ROI_30,157,2
,,
ROI_30,158,2
,,
ROI_30,159,2
,,
ROI_30,160,2
,,
ROI_30,161,1
,,
ROI_30,162,1
,,
ROI_30,163,1
,,
ROI_30,164,3
,,
ROI_30,165,0
,,
ROI_30,166,2
,,
ROI_30,167,2
,,
ROI_30,168,4
,,
ROI_30,169,1
,,
ROI_30,170,1
,,
ROI_30,171,0
,,
ROI_30,172,3
,,
ROI_30,173,2
,,
ROI_30,174,2
,,
ROI_30,175,1
,,
ROI_30,176,2
,,
ROI_30,177,2
,,
ROI_30,178,2
,,
ROI_30,179,2
,,
ROI_30,180,3
,,
ROI_30,181,3
,,
ROI_30,182,2
,,
ROI_30,183,2
,,
ROI_30,184,3
,,
ROI_30,185,2
,,
ROI_30,186,4
,,
ROI_30,187,2
,,
ROI_30,188,0
,,
ROI_30,189,0
,,
ROI_30,190,1
,,
ROI_30,191,0
,,
ROI_30,192,3
,,
ROI_30,193,2
,,
ROI_30,194,0
,,
ROI_30,195,2
,,
ROI_30,196,0
,,
ROI_30,197,3
,,
ROI_30,198,2
,,
ROI_30,199,0
,,
ROI_30,200,2
,,
ROI_30,201,0
,,
ROI_30,202,0
,,
ROI_30,203,1
,,
ROI_30,204,0
,,
ROI_30,205,1
,,
ROI_30,206,0
,,
ROI_30,207,0
,,
ROI_30,208,1
,,
ROI_30,209,0
,,
ROI_30,210,0
,,
ROI_30,211,1
,,
ROI_30,212,2
,,
ROI_30,213,2
,,
ROI_30,214,5
,,
ROI_30,215,1
,,
ROI_30,216,3
,,
ROI_30,217,0
,,
ROI_30,218,1
,,
ROI_30,219,3
,,
ROI_30,220,1
,,
ROI_30,221,2
,,
ROI_30,222,2
,,
ROI_30,223,2
,,
ROI_30,224,1
,,
ROI_30,225,1
,,
ROI_30,226,1
,,
ROI_30,227,2
,,
ROI_30,228,1
,,
ROI_30,229,0
,,
ROI_30,230,2
,,
ROI_30,231,1
,,
ROI_30,232,2
,,
ROI_30,233,2
,,
ROI_30,234,1
,,
ROI_30,235,1
,,
ROI_30,236,1
,,
ROI_30,237,1
,,
ROI_30,238,1
,,
ROI_30,239,1
,,
ROI_30,240,5
,,
ROI_30,241,0
,,
ROI_30,242,2
,,
ROI_30,243,0
,,
ROI_30,244,3
,,
ROI_30,245,1
,,
ROI_30,246,1
,,
ROI_30,247,0
,,
ROI_30,248,1
,,
ROI_30,249,1
,,
ROI_30,250,3
,,
ROI_30,251,1
,,
ROI_30,252,1
,,
ROI_30,253,1
,,
ROI_30,254,3
,,
ROI_30,255,135
,,
ROI_31,0,2963
,,
ROI_31,1,311
,,
ROI_31,2,217
,,
ROI_31,3,206
,,
ROI_31,4,181
,,
ROI_31,5,173
,,
ROI_31,6,126
,,
ROI_31,7,121
,,
ROI_31,8,128
,,
ROI_31,9,107
,,
ROI_31,10,121
,,
ROI_31,11,80
,,
ROI_31,12,92
,,
ROI_31,13,86
,,
ROI_31,14,87
,,
ROI_31,15,64
,,
ROI_31,16,78
,,
ROI_31,17,81
,,
ROI_31,18,66
,,
ROI_31,19,55
,,
ROI_31,20,64
,,
ROI_31,21,61
,,
ROI_31,22,53
,,
ROI_31,23,73
,,
ROI_31,24,53
,,
ROI_31,25,53
,,
ROI_31,26,52
,,
ROI_31,27,57
,,
ROI_31,28,52
,,
ROI_31,29,46
,,
ROI_31,30,42
,,
ROI_31,31,42
,,
ROI_31,32,33
,,
ROI_31,33,40
,,
ROI_31,34,36
,,
ROI_31,35,33
,,
ROI_31,36,39
,,
ROI_31,37,24
,,
ROI_31,38,41
,,
ROI_31,39,35
,,
ROI_31,40,39
,,
ROI_31,41,29
,,
ROI_31,42,31
,,
ROI_31,43,27
,,
ROI_31,44,42
,,
ROI_31,45,29
,,
ROI_31,46,46
,,
ROI_31,47,35
,,
ROI_31,48,32
,,
ROI_31,49,37
,,
ROI_31,50,32
,,
ROI_31,51,19
,,
ROI_31,52,36
,,
ROI_31,53,24
,,
ROI_31,54,24
,,
ROI_31,55,31
,,
ROI_31,56,23
,,
ROI_31,57,27
,,
ROI_31,58,17
,,
ROI_31,59,18
,,
ROI_31,60,25
,,
ROI_31,61,16
,,
ROI_31,62,33
,,
ROI_31,63,15
,,
ROI_31,64,18
,,
ROI_31,65,22
,,
ROI_31,66,23
,,
ROI_31,67,12
,,
ROI_31,68,19
,,
ROI_31,69,16
,,
ROI_31,70,16
,,
ROI_31,71,14
,,
ROI_31,72,15
,,
ROI_31,73,13
,,
ROI_31,74,17
,,
ROI_31,75,13
,,
ROI_31,76,10
,,
ROI_31,77,14
,,
ROI_31,78,10
,,
ROI_31,79,11
,,
ROI_31,80,12
,,
ROI_31,81,9
,,
ROI_31,82,13
,,
ROI_31,83,7
,,
ROI_31,84,9
,,
ROI_31,85,8
,,
ROI_31,86,7
,,
ROI_31,87,8
,,
ROI_31,88,7
,,
ROI_31,89,6
,,
ROI_31,90,11
,,
ROI_31,91,7
,,
ROI_31,92,15
,,
ROI_31,93,11
,,
ROI_31,94,18
,,
ROI_31,95,12
,,
ROI_31,96,5
,,
ROI_31,97,15
,,
ROI_31,98,9
,,
ROI_31,99,7
,,
ROI_31,100,8
,,
ROI_31,101,8
,,
ROI_31,102,9
,,
ROI_31,103,10
,,
ROI_31,104,9
,,
ROI_31,105,6
,,
ROI_31,106,10
,,
ROI_31,107,3
,,
ROI_31,108,5
,,
ROI_31,109,8
,,
ROI_31,110,5
,,
ROI_31,111,2
,,
ROI_31,112,6
,,
ROI_31,113,11
,,
ROI_31,114,5
,,
ROI_31,115,8
,,
ROI_31,116,11
,,
ROI_31,117,7
,,
ROI_31,118,6
,,
ROI_31,119,9
,,
ROI_31,120,10
,,
ROI_31,121,5
,,
ROI_31,122,4
,,
ROI_31,123,7
,,
ROI_31,124,10
,,
ROI_31,125,8
,,
ROI_31,126,6
,,
ROI_31,127,5
,,
ROI_31,128,5
,,
ROI_31,129,8
,,
ROI_31,130,4
,,
ROI_31,131,6
,,
ROI_31,132,7
,,
ROI_31,133,8
,,
ROI_31,134,9
,,
ROI_31,135,7
,,
ROI_31,136,5
,,
ROI_31,137,4
,,
ROI_31,138,8
,,
ROI_31,139,4
,,
ROI_31,140,3
,,
ROI_31,141,8
,,
ROI_31,142,3
,,
ROI_31,143,6
,,
ROI_31,144,6
,,
ROI_31,145,7
,,
ROI_31,146,5
,,
ROI_31,147,4
,,
ROI_31,148,5
,,
ROI_31,149,3
,,
ROI_31,150,3
,,
ROI_31,151,4
,,
ROI_31,152,6
,,
ROI_31,153,6
,,
ROI_31,154,5
,,
ROI_31,155,3
,,
ROI_31,156,3
,,
ROI_31,157,6
,,
ROI_31,158,1
,,
ROI_31,159,5
,,
ROI_31,160,4
,,
ROI_31,161,6
,,
ROI_31,162,4
,,
ROI_31,163,6
,,
ROI_31,164,0
,,
ROI_31,165,5
,,
ROI_31,166,5
,,
ROI_31,167,7
,,
ROI_31,168,4
,,
ROI_31,169,5
,,
ROI_31,170,6
,,
ROI_31,171,1
,,
ROI_31,172,5
,,
ROI_31,173,4
,,
ROI_31,174,3
,,
ROI_31,175,2
,,
ROI_31,176,1
,,
ROI_31,177,5
,,
ROI_31,178,1
,,
ROI_31,179,4
,,
ROI_31,180,1
,,
ROI_31,181,3
,,
ROI_31,182,3
,,
ROI_31,183,1
,,
ROI_31,184,2
,,
ROI_31,185,4
,,
ROI_31,186,2
,,
ROI_31,187,2
,,
ROI_31,188,2
,,
ROI_31,189,0
,,
ROI_31,190,1
,,
ROI_31,191,3
,,
ROI_31,192,5
,,
ROI_31,193,5
,,
ROI_31,194,0
,,
ROI_31,195,0
,,
ROI_31,196,1
,,
ROI_31,197,2
,,
ROI_31,198,1
,,
ROI_31,199,2
,,
ROI_31,200,3
,,
ROI_31,201,1
,,
ROI_31,202,2
,,
ROI_31,203,2
,,
ROI_31,204,5
,,
ROI_31,205,2
,,
ROI_31,206,3
,,
ROI_31,207,3
,,
ROI_31,208,3
,,
ROI_31,209,4
,,
ROI_31,210,2
,,
ROI_31,211,2
,,
ROI_31,212,4
,,
ROI_31,213,0
,,
ROI_31,214,1
,,
ROI_31,215,1
,,
ROI_31,216,3
,,
ROI_31,217,2
,,
ROI_31,218,0
,,
ROI_31,219,1
,,
ROI_31,220,4
,,
ROI_31,221,1
,,
ROI_31,222,2
,,
ROI_31,223,2
,,
ROI_31,224,1
,,
ROI_31,225,2
,,
ROI_31,226,2
,,
ROI_31,227,2
,,
ROI_31,228,1
,,
ROI_31,229,3
,,
ROI_31,230,2
,,
ROI_31,231,3
,,
ROI_31,232,1
,,
ROI_31,233,4
,,
ROI_31,234,0
,,
ROI_31,235,4
,,
ROI_31,236,1
,,
ROI_31,237,0
,,
ROI_31,238,0
,,
ROI_31,239,1
,,
ROI_31,240,0
,,
ROI_31,241,0
,,
ROI_31,242,1
,,
ROI_31,243,1
,,
ROI_31,244,3
,,
ROI_31,245,1
,,
ROI_31,246,0
,,
ROI_31,247,0
,,
ROI_31,248,0
,,
ROI_31,249,1
,,
ROI_31,250,0
,,
ROI_31,251,1
,,
ROI_31,252,1
,,
ROI_31,253,2
,,
ROI_31,254,6
,,
ROI_31,255,227
,,
ROI_32,0,6898
,,
ROI_32,1,1146
,,
ROI_32,2,970
,,
ROI_32,3,931
,,
ROI_32,4,792
,,
ROI_32,5,778
,,
ROI_32,6,632
,,
ROI_32,7,510
,,
ROI_32,8,549
,,
ROI_32,9,446
,,
ROI_32,10,447
,,
ROI_32,11,369
,,
ROI_32,12,345
,,
ROI_32,13,284
,,
ROI_32,14,291
,,
ROI_32,15,292
,,
ROI_32,16,288
,,
ROI_32,17,218
,,
ROI_32,18,244
,,
ROI_32,19,189
,,
ROI_32,20,192
,,
ROI_32,21,200
,,
ROI_32,22,169
,,
ROI_32,23,182
,,
ROI_32,24,145
,,
ROI_32,25,184
,,
ROI_32,26,152
,,
ROI_32,27,164
,,
ROI_32,28,146
,,
ROI_32,29,134
,,
ROI_32,30,121
,,
ROI_32,31,142
,,
ROI_32,32,125
,,
ROI_32,33,112
,,
ROI_32,34,99
,,
ROI_32,35,109
,,
ROI_32,36,94
,,
ROI_32,37,89
,,
ROI_32,38,109
,,
ROI_32,39,92
,,
ROI_32,40,109
,,
ROI_32,41,87
,,
ROI_32,42,78
,,
ROI_32,43,78
,,
ROI_32,44,65
,,
ROI_32,45,88
,,
ROI_32,46,80
,,
ROI_32,47,72
,,
ROI_32,48,63
,,
ROI_32,49,64
,,
ROI_32,50,70
,,
ROI_32,51,68
,,
ROI_32,52,54
,,
ROI_32,53,63
,,
ROI_32,54,58
,,
ROI_32,55,44
,,
ROI_32,56,67
,,
ROI_32,57,51
,,
ROI_32,58,43
,,
ROI_32,59,49
,,
ROI_32,60,49
,,
ROI_32,61,52
,,
ROI_32,62,44
,,
ROI_32,63,54
,,
ROI_32,64,41
,,
ROI_32,65,40
,,
ROI_32,66,49
,,
ROI_32,67,39
,,
ROI_32,68,49
,,
ROI_32,69,41
,,
ROI_32,70,46
,,
ROI_32,71,52
,,
ROI_32,72,40
,,
ROI_32,73,41
,,
ROI_32,74,55
,,
ROI_32,75,32
,,
ROI_32,76,40
,,
ROI_32,77,29
,,
ROI_32,78,29
,,
ROI_32,79,32
,,
ROI_32,80,24
,,
ROI_32,81,31
,,
ROI_32,82,38
,,
ROI_32,83,30
,,
ROI_32,84,22
,,
ROI_32,85,29
,,
ROI_32,86,33
,,
ROI_32,87,23
,,
ROI_32,88,26
,,
ROI_32,89,29
,,
ROI_32,90,20
,,
ROI_32,91,27
,,
ROI_32,92,22
,,
ROI_32,93,21
,,
ROI_32,94,25
,,
ROI_32,95,16
,,
ROI_32,96,22
,,
ROI_32,97,28
,,
ROI_32,98,25
,,
ROI_32,99,15
,,
ROI_32,100,23
,,
ROI_32,101,22
,,
ROI_32,102,18
,,
ROI_32,103,20
,,
ROI_32,104,22
,,
ROI_32,105,24
,,
ROI_32,106,26
,,
ROI_32,107,11
,,
ROI_32,108,27
,,
ROI_32,109,23
,,
ROI_32,110,16
,,
ROI_32,111,25
,,
ROI_32,112,17
,,
ROI_32,113,16
,,
ROI_32,114,18
,,
ROI_32,115,16
,,
ROI_32,116,7
,,
ROI_32,117,26
,,
ROI_32,118,7
,,
ROI_32,119,21
,,
ROI_32,120,18
,,
ROI_32,121,22
,,
ROI_32,122,18
,,
ROI_32,123,15
,,
ROI_32,124,19
,,
ROI_32,125,16
,,
ROI_32,126,17
,,
ROI_32,127,11
,,
ROI_32,128,20
,,
ROI_32,129,15
,,
ROI_32,130,22
,,
ROI_32,131,9
,,
ROI_32,132,18
,,
ROI_32,133,18
,,
ROI_32,134,19
,,
ROI_32,135,12
,,
ROI_32,136,16
,,
ROI_32,137,16
,,
ROI_32,138,10
,,
ROI_32,139,10
,,
ROI_32,140,9
,,
ROI_32,141,14
,,
ROI_32,142,12
,,
ROI_32,143,12
,,
ROI_32,144,13
,,
ROI_32,145,8
,,
ROI_32,146,17
,,
ROI_32,147,10
,,
ROI_32,148,7
,,
ROI_32,149,14
,,
ROI_32,150,13
,,
ROI_32,151,11
,,
ROI_32,152,18
,,
ROI_32,153,15
,,
ROI_32,154,7
,,
ROI_32,155,8
,,
ROI_32,156,12
,,
ROI_32,157,12
,,
ROI_32,158,9
,,
ROI_32,159,10
,,
ROI_32,160,11
,,
ROI_32,161,6
,,
ROI_32,162,11
,,
ROI_32,163,6
,,
ROI_32,164,8
,,
ROI_32,165,7
,,
ROI_32,166,10
,,
ROI_32,167,17
,,
ROI_32,168,8
,,
ROI_32,169,6
,,
ROI_32,170,6
,,
ROI_32,171,15
,,
ROI_32,172,8
,,
ROI_32,173,10
,,
ROI_32,174,11
,,
ROI_32,175,8
,,
ROI_32,176,12
,,
ROI_32,177,7
,,
ROI_32,178,9
,,
ROI_32,179,6
,,
ROI_32,180,16
,,
ROI_32,181,6
,,
ROI_32,182,8
,,
ROI_32,183,9
,,
ROI_32,184,10
,,
ROI_32,185,4
,,
ROI_32,186,8
,,
ROI_32,187,6
,,
ROI_32,188,6
,,
ROI_32,189,6
,,
ROI_32,190,5
,,
ROI_32,191,8
,,
ROI_32,192,5
,,
ROI_32,193,4
,,
ROI_32,194,10
,,
ROI_32,195,13
,,
ROI_32,196,5
,,
ROI_32,197,8
,,
ROI_32,198,5
,,
ROI_32,199,6
,,
ROI_32,200,7
,,
ROI_32,201,4
,,
ROI_32,202,4
,,
ROI_32,203,3
,,
ROI_32,204,1
,,
ROI_32,205,6
,,
ROI_32,206,8
,,
ROI_32,207,8
,,
ROI_32,208,8
,,
ROI_32,209,2
,,
ROI_32,210,4
,,
ROI_32,211,5
,,
ROI_32,212,4
,,
ROI_32,213,8
,,
ROI_32,214,8
,,
ROI_32,215,4
,,
ROI_32,216,8
,,
ROI_32,217,8
,,
ROI_32,218,4
,,
ROI_32,219,6
,,
ROI_32,220,5
,,
ROI_32,221,3
,,
ROI_32,222,3
,,
ROI_32,223,7
,,
ROI_32,224,7
,,
ROI_32,225,9
,,
ROI_32,226,11
,,
ROI_32,227,6
,,
ROI_32,228,7
,,
ROI_32,229,9
,,
ROI_32,230,3
,,
ROI_32,231,1
,,
ROI_32,232,6
,,
ROI_32,233,0
,,
ROI_32,234,7
,,
ROI_32,235,2
,,
ROI_32,236,3
,,
ROI_32,237,4
,,
ROI_32,238,3
,,
ROI_32,239,7
,,
ROI_32,240,1
,,
ROI_32,241,3
,,
ROI_32,242,5
,,
ROI_32,243,2
,,
ROI_32,244,6
,,
ROI_32,245,6
,,
ROI_32,246,5
,,
ROI_32,247,3
,,
ROI_32,248,1
,,
ROI_32,249,4
,,
ROI_32,250,3
,,
ROI_32,251,1
,,
ROI_32,252,4
,,
ROI_32,253,5
,,
ROI_32,254,10
,,
ROI_32,255,411
,,
ROI_33,0,1314
,,
ROI_33,1,1
,,
ROI_33,2,0
,,
ROI_33,3,0
,,
ROI_33,4,0
,,
ROI_33,5,0
,,
ROI_33,6,0
,,
ROI_33,7,0
,,
ROI_33,8,0
,,
ROI_33,9,0
,,
ROI_33,10,0
,,
ROI_33,11,0
,,
ROI_33,12,0
,,
ROI_33,13,0
,,
ROI_33,14,0
,,
ROI_33,15,0
,,
ROI_33,16,0
,,
ROI_33,17,0
,,
ROI_33,18,0
,,
ROI_33,19,0
,,
ROI_33,20,0
,,
ROI_33,21,0
,,
ROI_33,22,0
,,
ROI_33,23,0
,,
ROI_33,24,0
,,
ROI_33,25,0
,,
ROI_33,26,0
,,
ROI_33,27,0
,,
ROI_33,28,0
,,
ROI_33,29,0
,,
ROI_33,30,0
,,
ROI_33,31,0
,,
ROI_33,32,0
,,
ROI_33,33,0
,,
ROI_33,34,0
,,
ROI_33,35,0
,,
ROI_33,36,0
,,
ROI_33,37,0
,,
ROI_33,38,0
,,
ROI_33,39,0
,,
ROI_33,40,0
,,
ROI_33,41,0
,,
ROI_33,42,0
,,
ROI_33,43,0
,,
ROI_33,44,0
,,
ROI_33,45,0
,,
ROI_33,46,0
,,
ROI_33,47,0
,,
ROI_33,48,0
,,
ROI_33,49,0
,,
ROI_33,50,0
,,
ROI_33,51,0
,,
ROI_33,52,0
,,
ROI_33,53,0
,,
ROI_33,54,0
,,
ROI_33,55,0
,,
ROI_33,56,0
,,
ROI_33,57,0
,,
ROI_33,58,0
,,
ROI_33,59,0
,,
ROI_33,60,0
,,
ROI_33,61,0
,,
ROI_33,62,0
,,
ROI_33,63,0
,,
ROI_33,64,0
,,
ROI_33,65,0
,,
ROI_33,66,0
,,
ROI_33,67,0
,,
ROI_33,68,0
,,
ROI_33,69,0
,,
ROI_33,70,0
,,
ROI_33,71,0
,,
ROI_33,72,0
,,
ROI_33,73,0
,,
ROI_33,74,0
,,
ROI_33,75,0
,,
ROI_33,76,0
,,
ROI_33,77,0
,,
ROI_33,78,0
,,
ROI_33,79,0
,,
ROI_33,80,0
,,
ROI_33,81,0
,,
ROI_33,82,0
,,
ROI_33,83,0
,,
ROI_33,84,0
,,
ROI_33,85,0
,,
ROI_33,86,0
,,
ROI_33,87,0
,,
ROI_33,88,0
,,
ROI_33,89,0
,,
ROI_33,90,0
,,
ROI_33,91,0
,,
ROI_33,92,0
,,
ROI_33,93,0
,,
ROI_33,94,0
,,
ROI_33,95,0
,,
ROI_33,96,0
,,
ROI_33,97,0
,,
ROI_33,98,0
,,
ROI_33,99,0
,,
ROI_33,100,0
,,
ROI_33,101,0
,,
ROI_33,102,0
,,
ROI_33,103,0
,,
ROI_33,104,0
,,
ROI_33,105,0
,,
ROI_33,106,0
,,
ROI_33,107,0
,,
ROI_33,108,0
,,
ROI_33,109,0
,,
ROI_33,110,0
,,
ROI_33,111,0
,,
ROI_33,112,0
,,
ROI_33,113,0
,,
ROI_33,114,0
,,
ROI_33,115,0
,,
ROI_33,116,0
,,
ROI_33,117,0
,,
ROI_33,118,0
,,
ROI_33,119,0
,,
ROI_33,120,0
,,
ROI_33,121,0
,,
ROI_33,122,0
,,
ROI_33,123,0
,,
ROI_33,124,0
,,
ROI_33,125,0
,,
ROI_33,126,0
,,
ROI_33,127,0
,,
ROI_33,128,0
,,
ROI_33,129,0
,,
ROI_33,130,0
,,
ROI_33,131,0
,,
ROI_33,132,0
,,
ROI_33,133,0
,,
ROI_33,134,0
,,
ROI_33,135,0
,,
ROI_33,136,0
,,
ROI_33,137,0
,,
ROI_33,138,0
,,
ROI_33,139,0
,,
ROI_33,140,0
,,
ROI_33,141,0
,,
ROI_33,142,0
,,
ROI_33,143,0
,,
ROI_33,144,0
,,
ROI_33,145,0
,,
ROI_33,146,0
,,
ROI_33,147,0
,,
ROI_33,148,0
,,
ROI_33,149,0
,,
ROI_33,150,0
,,
ROI_33,151,0
,,
ROI_33,152,0
,,
ROI_33,153,0
,,
ROI_33,154,0
,,
ROI_33,155,0
,,
ROI_33,156,0
,,
ROI_33,157,0
,,
ROI_33,158,0
,,
ROI_33,159,0
,,
ROI_33,160,0
,,
ROI_33,161,0
,,
ROI_33,162,0
,,
ROI_33,163,0
,,
ROI_33,164,0
,,
ROI_33,165,0
,,
ROI_33,166,0
,,
ROI_33,167,0
,,
ROI_33,168,0
,,
ROI_33,169,0
,,
ROI_33,170,0
,,
ROI_33,171,0
,,
ROI_33,172,0
,,
ROI_33,173,0
,,
ROI_33,174,0
,,
ROI_33,175,0
,,
ROI_33,176,0
,,
ROI_33,177,0
,,
ROI_33,178,0
,,
ROI_33,179,0
,,
ROI_33,180,0
,,
ROI_33,181,0
,,
ROI_33,182,0
,,
ROI_33,183,0
,,
ROI_33,184,0
,,
ROI_33,185,0
,,
ROI_33,186,0
,,
ROI_33,187,0
,,
ROI_33,188,0
,,
ROI_33,189,0
,,
ROI_33,190,0
,,
ROI_33,191,0
,,
ROI_33,192,0
,,
ROI_33,193,0
,,
ROI_33,194,0
,,
ROI_33,195,0
,,
ROI_33,196,0
,,
ROI_33,197,0
,,
ROI_33,198,0
,,
ROI_33,199,0
,,
ROI_33,200,0
,,
ROI_33,201,0
,,
ROI_33,202,0
,,
ROI_33,203,0
,,
ROI_33,204,0
,,
ROI_33,205,0
,,
ROI_33,206,0
,,
ROI_33,207,0
,,
ROI_33,208,0
,,
ROI_33,209,0
,,
ROI_33,210,0
,,
ROI_33,211,0
,,
ROI_33,212,0
,,
ROI_33,213,0
,,
ROI_33,214,0
,,
ROI_33,215,0
,,
ROI_33,216,0
,,
ROI_33,217,0
,,
ROI_33,218,0
,,
ROI_33,219,0
,,
ROI_33,220,0
,,
ROI_33,221,0
,,
ROI_33,222,0
,,
ROI_33,223,0
,,
ROI_33,224,0
,,
ROI_33,225,0
,,
ROI_33,226,0
,,
ROI_33,227,0
,,
ROI_33,228,0
,,
ROI_33,229,0
,,
ROI_33,230,0
,,
ROI_33,231,0
,,
ROI_33,232,0
,,
ROI_33,233,0
,,
ROI_33,234,0
,,
ROI_33,235,0
,,
ROI_33,236,0
,,
ROI_33,237,0
,,
ROI_33,238,0
,,
ROI_33,239,0
,,
ROI_33,240,0
,,
ROI_33,241,0
,,
ROI_33,242,0
,,
ROI_33,243,0
,,
ROI_33,244,0
,,
ROI_33,245,0
,,
ROI_33,246,0
,,
ROI_33,247,0
,,
ROI_33,248,0
,,
ROI_33,249,0
,,
ROI_33,250,0
,,
ROI_33,251,0
,,
ROI_33,252,0
,,
ROI_33,253,0
,,
ROI_33,254,0
,,
ROI_33,255,0
,,
ROI_34,0,3564
,,
ROI_34,1,143
,,
ROI_34,2,99
,,
ROI_34,3,75
,,
ROI_34,4,78
,,
ROI_34,5,62
,,
ROI_34,6,54
,,
ROI_34,7,48
,,
ROI_34,8,49
,,
ROI_34,9,50
,,
ROI_34,10,56
,,
ROI_34,11,43
,,
ROI_34,12,47
,,
ROI_34,13,50
,,
ROI_34,14,43
,,
ROI_34,15,42
,,
ROI_34,16,32
,,
ROI_34,17,38
,,
ROI_34,18,36
,,
ROI_34,19,34
,,
ROI_34,20,42
,,
ROI_34,21,32
,,
ROI_34,22,30
,,
ROI_34,23,25
,,
ROI_34,24,17
,,
ROI_34,25,37
,,
ROI_34,26,22
,,
ROI_34,27,29
,,
ROI_34,28,25
,,
ROI_34,29,26
,,
ROI_34,30,25
,,
ROI_34,31,25
,,
ROI_34,32,17
,,
ROI_34,33,19
,,
ROI_34,34,19
,,
ROI_34,35,26
,,
ROI_34,36,18
,,
ROI_34,37,15
,,
ROI_34,38,14
,,
ROI_34,39,19
,,
ROI_34,40,16
,,
ROI_34,41,16
,,
ROI_34,42,19
,,
ROI_34,43,14
,,
ROI_34,44,12
,,
ROI_34,45,10
,,
ROI_34,46,12
,,
ROI_34,47,8
,,
ROI_34,48,14
,,
ROI_34,49,14
,,
ROI_34,50,16
,,
ROI_34,51,7
,,
ROI_34,52,16
,,
ROI_34,53,13
,,
ROI_34,54,10
,,
ROI_34,55,16
,,
ROI_34,56,9
,,
ROI_34,57,9
,,
ROI_34,58,9
,,
ROI_34,59,16
,,
ROI_34,60,13
,,
ROI_34,61,8
,,
ROI_34,62,8
,,
ROI_34,63,7
,,
ROI_34,64,11
,,
ROI_34,65,8
,,
ROI_34,66,7
,,
ROI_34,67,9
,,
ROI_34,68,10
,,
ROI_34,69,11
,,
ROI_34,70,14
,,
ROI_34,71,11
,,
ROI_34,72,9
,,
ROI_34,73,7
,,
ROI_34,74,6
,,
ROI_34,75,7
,,
ROI_34,76,4
,,
ROI_34,77,9
,,
ROI_34,78,8
,,
ROI_34,79,9
,,
ROI_34,80,10
,,
ROI_34,81,6
,,
ROI_34,82,3
,,
ROI_34,83,11
,,
ROI_34,84,8
,,
ROI_34,85,8
,,
ROI_34,86,3
,,
ROI_34,87,10
,,
ROI_34,88,11
,,
ROI_34,89,7
,,
ROI_34,90,12
,,
ROI_34,91,6
,,
ROI_34,92,12
,,
ROI_34,93,9
,,
ROI_34,94,6
,,
ROI_34,95,4
,,
ROI_34,96,4
,,
ROI_34,97,4
,,
ROI_34,98,4
,,
ROI_34,99,5
,,
ROI_34,100,7
,,
ROI_34,101,4
,,
ROI_34,102,4
,,
ROI_34,103,5
,,
ROI_34,104,3
,,
ROI_34,105,7
,,
ROI_34,106,6
,,
ROI_34,107,4
,,
ROI_34,108,5
,,
ROI_34,109,3
,,
ROI_34,110,8
,,
ROI_34,111,9
,,
ROI_34,112,9
,,
ROI_34,113,6
,,
ROI_34,114,5
,,
ROI_34,115,9
,,
ROI_34,116,6
,,
ROI_34,117,5
,,
ROI_34,118,6
,,
ROI_34,119,4
,,
ROI_34,120,1
,,
ROI_34,121,3
,,
ROI_34,122,3
,,
ROI_34,123,6
,,
ROI_34,124,1
,,
ROI_34,125,1
,,
ROI_34,126,3
,,
ROI_34,127,3
,,
ROI_34,128,7
,,
ROI_34,129,7
,,
ROI_34,130,3
,,
ROI_34,131,5
,,
ROI_34,132,6
,,
ROI_34,133,5
,,
ROI_34,134,3
,,
ROI_34,135,9
,,
ROI_34,136,2
,,
ROI_34,137,3
,,
ROI_34,138,7
,,
ROI_34,139,5
,,
ROI_34,140,2
,,
ROI_34,141,4
,,
ROI_34,142,3
,,
ROI_34,143,2
,,
ROI_34,144,4
,,
ROI_34,145,3
,,
ROI_34,146,2
,,
ROI_34,147,4
,,
ROI_34,148,4
,,
ROI_34,149,7
,,
ROI_34,150,4
,,
ROI_34,151,4
,,
ROI_34,152,3
,,
ROI_34,153,3
,,
ROI_34,154,3
,,
ROI_34,155,1
,,
ROI_34,156,0
,,
ROI_34,157,3
,,
ROI_34,158,3
,,
ROI_34,159,2
,,
ROI_34,160,1
,,
ROI_34,161,3
,,
ROI_34,162,1
,,
ROI_34,163,3
,,
ROI_34,164,3
,,
ROI_34,165,7
,,
ROI_34,166,2
,,
ROI_34,167,4
,,
ROI_34,168,1
,,
ROI_34,169,2
,,
ROI_34,170,1
,,
ROI_34,171,5
,,
ROI_34,172,0
,,
ROI_34,173,5
,,
ROI_34,174,1
,,
ROI_34,175,5
,,
ROI_34,176,4
,,
ROI_34,177,7
,,
ROI_34,178,3
,,
ROI_34,179,3
,,
ROI_34,180,1
,,
ROI_34,181,5
,,
ROI_34,182,5
,,
ROI_34,183,4
,,
ROI_34,184,1
,,
ROI_34,185,4
,,
ROI_34,186,6
,,
ROI_34,187,3
,,
ROI_34,188,5
,,
ROI_34,189,5
,,
ROI_34,190,3
,,
ROI_34,191,5
,,
ROI_34,192,2
,,
ROI_34,193,5
,,
ROI_34,194,6
,,
ROI_34,195,3
,,
ROI_34,196,2
,,
ROI_34,197,3
,,
ROI_34,198,2
,,
ROI_34,199,3
,,
ROI_34,200,3
,,
ROI_34,201,3
,,
ROI_34,202,2
,,
ROI_34,203,6
,,
ROI_34,204,1
,,
ROI_34,205,2
,,
ROI_34,206,4
,,
ROI_34,207,3
,,
ROI_34,208,4
,,
ROI_34,209,1
,,
ROI_34,210,3
,,
ROI_34,211,3
,,
ROI_34,212,2
,,
ROI_34,213,2
,,
ROI_34,214,6
,,
ROI_34,215,0
,,
ROI_34,216,2
,,
ROI_34,217,5
,,
ROI_34,218,5
,,
ROI_34,219,2
,,
ROI_34,220,2
,,
ROI_34,221,4
,,
ROI_34,222,1
,,
ROI_34,223,3
,,
ROI_34,224,0
,,
ROI_34,225,2
,,
ROI_34,226,5
,,
ROI_34,227,6
,,
ROI_34,228,6
,,
ROI_34,229,2
,,
ROI_34,230,4
,,
ROI_34,231,4
,,
ROI_34,232,2
,,
ROI_34,233,3
,,
ROI_34,234,2
,,
ROI_34,235,2
,,
ROI_34,236,1
,,
ROI_34,237,1
,,
ROI_34,238,6
,,
ROI_34,239,2
,,
ROI_34,240,3
,,
ROI_34,241,4
,,
ROI_34,242,1
,,
ROI_34,243,1
,,
ROI_34,244,2
,,
ROI_34,245,3
,,
ROI_34,246,0
,,
ROI_34,247,1
,,
ROI_34,248,3
,,
ROI_34,249,1
,,
ROI_34,250,2
,,
ROI_34,251,2
,,
ROI_34,252,2
,,
ROI_34,253,3
,,
ROI_34,254,2
,,
ROI_34,255,210
,,
ROI_35,0,7630
,,
ROI_35,1,225
,,
ROI_35,2,142
,,
ROI_35,3,114
,,
ROI_35,4,86
,,
ROI_35,5,67
,,
ROI_35,6,47
,,
ROI_35,7,53
,,
ROI_35,8,58
,,
ROI_35,9,56
,,
ROI_35,10,46
,,
ROI_35,11,34
,,
ROI_35,12,32
,,
ROI_35,13,26
,,
ROI_35,14,22
,,
ROI_35,15,27
,,
ROI_35,16,25
,,
ROI_35,17,27
,,
ROI_35,18,15
,,
ROI_35,19,32
,,
ROI_35,20,20
,,
ROI_35,21,17
,,
ROI_35,22,22
,,
ROI_35,23,13
,,
ROI_35,24,14
,,
ROI_35,25,10
,,
ROI_35,26,10
,,
ROI_35,27,12
,,
ROI_35,28,10
,,
ROI_35,29,12
,,
ROI_35,30,9
,,
ROI_35,31,11
,,
ROI_35,32,8
,,
ROI_35,33,7
,,
ROI_35,34,7
,,
ROI_35,35,8
,,
ROI_35,36,9
,,
ROI_35,37,5
,,
ROI_35,38,9
,,
ROI_35,39,4
,,
ROI_35,40,3
,,
ROI_35,41,3
,,
ROI_35,42,5
,,
ROI_35,43,4
,,
ROI_35,44,6
,,
ROI_35,45,1
,,
ROI_35,46,6
,,
ROI_35,47,3
,,
ROI_35,48,1
,,
ROI_35,49,9
,,
ROI_35,50,6
,,
ROI_35,51,5
,,
ROI_35,52,4
,,
ROI_35,53,5
,,
ROI_35,54,1
,,
ROI_35,55,4
,,
ROI_35,56,3
,,
ROI_35,57,5
,,
ROI_35,58,4
,,
ROI_35,59,10
,,
ROI_35,60,3
,,
ROI_35,61,4
,,
ROI_35,62,3
,,
ROI_35,63,2
,,
ROI_35,64,0
,,
ROI_35,65,1
,,
ROI_35,66,5
,,
ROI_35,67,2
,,
ROI_35,68,3
,,
ROI_35,69,0
,,
ROI_35,70,2
,,
ROI_35,71,2
,,
ROI_35,72,4
,,
ROI_35,73,0
,,
ROI_35,74,3
,,
ROI_35,75,1
,,
ROI_35,76,3
,,
ROI_35,77,0
,,
ROI_35,78,0
,,
ROI_35,79,6
,,
ROI_35,80,1
,,
ROI_35,81,1
,,
ROI_35,82,2
,,
ROI_35,83,0
,,
ROI_35,84,2
,,
ROI_35,85,4
,,
ROI_35,86,2
,,
ROI_35,87,1
,,
ROI_35,88,2
,,
ROI_35,89,3
,,
ROI_35,90,6
,,
ROI_35,91,4
,,
ROI_35,92,2
,,
ROI_35,93,0
,,
ROI_35,94,1
,,
ROI_35,95,4
,,
ROI_35,96,3
,,
ROI_35,97,2
,,
ROI_35,98,1
,,
ROI_35,99,1
,,
ROI_35,100,3
,,
ROI_35,101,0
,,
ROI_35,102,1
,,
ROI_35,103,1
,,
ROI_35,104,3
,,
ROI_35,105,3
,,
ROI_35,106,0
,,
ROI_35,107,2
,,
ROI_35,108,3
,,
ROI_35,109,2
,,
ROI_35,110,0
,,
ROI_35,111,0
,,
ROI_35,112,1
,,
ROI_35,113,2
,,
ROI_35,114,3
,,
ROI_35,115,3
,,
ROI_35,116,2
,,
ROI_35,117,2
,,
ROI_35,118,3
,,
ROI_35,119,3
,,
ROI_35,120,2
,,
ROI_35,121,3
,,
ROI_35,122,2
,,
ROI_35,123,0
,,
ROI_35,124,3
,,
ROI_35,125,1
,,
ROI_35,126,0
,,
ROI_35,127,2
,,
ROI_35,128,1
,,
ROI_35,129,2
,,
ROI_35,130,2
,,
ROI_35,131,2
,,
ROI_35,132,0
,,
ROI_35,133,2
,,
ROI_35,134,0
,,
ROI_35,135,1
,,
ROI_35,136,0
,,
ROI_35,137,3
,,
ROI_35,138,1
,,
ROI_35,139,2
,,
ROI_35,140,0
,,
ROI_35,141,2
,,
ROI_35,142,2
,,
ROI_35,143,2
,,
ROI_35,144,0
,,
ROI_35,145,2
,,
ROI_35,146,0
,,
ROI_35,147,1
,,
ROI_35,148,2
,,
ROI_35,149,1
,,
ROI_35,150,1
,,
ROI_35,151,1
,,
ROI_35,152,0
,,
ROI_35,153,1
,,
ROI_35,154,1
,,
ROI_35,155,1
,,
ROI_35,156,0
,,
ROI_35,157,0
,,
ROI_35,158,0
,,
ROI_35,159,1
,,
ROI_35,160,0
,,
ROI_35,161,1
,,
ROI_35,162,1
,,
ROI_35,163,3
,,
ROI_35,164,1
,,
ROI_35,165,1
,,
ROI_35,166,1
,,
ROI_35,167,0
,,
ROI_35,168,0
,,
ROI_35,169,1
,,
ROI_35,170,1
,,
ROI_35,171,0
,,
ROI_35,172,1
,,
ROI_35,173,0
,,
ROI_35,174,2
,,
ROI_35,175,1
,,
ROI_35,176,0
,,
ROI_35,177,4
,,
ROI_35,178,1
,,
ROI_35,179,0
,,
ROI_35,180,1
,,
ROI_35,181,0
,,
ROI_35,182,1
,,
ROI_35,183,2
,,
ROI_35,184,0
,,
ROI_35,185,3
,,
ROI_35,186,0
,,
ROI_35,187,1
,,
ROI_35,188,0
,,
ROI_35,189,1
,,
ROI_35,190,0
,,
ROI_35,191,1
,,
ROI_35,192,0
,,
ROI_35,193,0
,,
ROI_35,194,0
,,
ROI_35,195,1
,,
ROI_35,196,1
,,
ROI_35,197,1
,,
ROI_35,198,0
,,
ROI_35,199,1
,,
ROI_35,200,1
,,
ROI_35,201,1
,,
ROI_35,202,0
,,
ROI_35,203,0
,,
ROI_35,204,0
,,
ROI_35,205,1
,,
ROI_35,206,0
,,
ROI_35,207,0
,,
ROI_35,208,0
,,
ROI_35,209,0
,,
ROI_35,210,1
,,
ROI_35,211,0
,,
ROI_35,212,2
,,
ROI_35,213,0
,,
ROI_35,214,0
,,
ROI_35,215,1
,,
ROI_35,216,2
,,
ROI_35,217,1
,,
ROI_35,218,0
,,
ROI_35,219,1
,,
ROI_35,220,2
,,
ROI_35,221,2
,,
ROI_35,222,0
,,
ROI_35,223,1
,,
ROI_35,224,0
,,
ROI_35,225,0
,,
ROI_35,226,0
,,
ROI_35,227,2
,,
ROI_35,228,2
,,
ROI_35,229,1
,,
ROI_35,230,0
,,
ROI_35,231,0
,,
ROI_35,232,0
,,
ROI_35,233,0
,,
ROI_35,234,1
,,
ROI_35,235,2
,,
ROI_35,236,0
,,
ROI_35,237,0
,,
ROI_35,238,1
,,
ROI_35,239,1
,,
ROI_35,240,1
,,
ROI_35,241,0
,,
ROI_35,242,0
,,
ROI_35,243,2
,,
ROI_35,244,0
,,
ROI_35,245,1
,,
ROI_35,246,0
,,
ROI_35,247,0
,,
ROI_35,248,0
,,
ROI_35,249,0
,,
ROI_35,250,1
,,
ROI_35,251,1
,,
ROI_35,252,1
,,
ROI_35,253,1
,,
ROI_35,254,2
,,
ROI_35,255,84
,,
ROI_36,0,5381
,,
ROI_36,1,343
,,
ROI_36,2,193
,,
ROI_36,3,193
,,
ROI_36,4,151
,,
ROI_36,5,155
,,
ROI_36,6,108
,,
ROI_36,7,132
,,
ROI_36,8,113
,,
ROI_36,9,97
,,
ROI_36,10,99
,,
ROI_36,11,79
,,
ROI_36,12,77
,,
ROI_36,13,57
,,
ROI_36,14,93
,,
ROI_36,15,63
,,
ROI_36,16,69
,,
ROI_36,17,61
,,
ROI_36,18,78
,,
ROI_36,19,62
,,
ROI_36,20,78
,,
ROI_36,21,63
,,
ROI_36,22,54
,,
ROI_36,23,74
,,
ROI_36,24,38
,,
ROI_36,25,66
,,
ROI_36,26,69
,,
ROI_36,27,60
,,
ROI_36,28,57
,,
ROI_36,29,57
,,
ROI_36,30,49
,,
ROI_36,31,47
,,
ROI_36,32,43
,,
ROI_36,33,50
,,
ROI_36,34,44
,,
ROI_36,35,35
,,
ROI_36,36,37
,,
ROI_36,37,35
,,
ROI_36,38,33
,,
ROI_36,39,44
,,
ROI_36,40,40
,,
ROI_36,41,28
,,
ROI_36,42,28
,,
ROI_36,43,29
,,
ROI_36,44,38
,,
ROI_36,45,36
,,
ROI_36,46,30
,,
ROI_36,47,39
,,
ROI_36,48,29
,,
ROI_36,49,30
,,
ROI_36,50,26
,,
ROI_36,51,23
,,
ROI_36,52,29
,,
ROI_36,53,28
,,
ROI_36,54,25
,,
ROI_36,55,16
,,
ROI_36,56,28
,,
ROI_36,57,20
,,
ROI_36,58,18
,,
ROI_36,59,18
,,
ROI_36,60,19
,,
ROI_36,61,20
,,
ROI_36,62,18
,,
ROI_36,63,19
,,
ROI_36,64,26
,,
ROI_36,65,16
,,
ROI_36,66,18
,,
ROI_36,67,8
,,
ROI_36,68,25
,,
ROI_36,69,26
,,
ROI_36,70,18
,,
ROI_36,71,16
,,
ROI_36,72,24
,,
ROI_36,73,19
,,
ROI_36,74,12
,,
ROI_36,75,18
,,
ROI_36,76,13
,,
ROI_36,77,14
,,
ROI_36,78,13
,,
ROI_36,79,14
,,
ROI_36,80,15
,,
ROI_36,81,21
,,
ROI_36,82,12
,,
ROI_36,83,17
,,
ROI_36,84,10
,,
ROI_36,85,23
,,
ROI_36,86,10
,,
ROI_36,87,13
,,
ROI_36,88,14
,,
ROI_36,89,11
,,
ROI_36,90,20
,,
ROI_36,91,15
,,
ROI_36,92,23
,,
ROI_36,93,9
,,
ROI_36,94,11
,,
ROI_36,95,9
,,
ROI_36,96,18
,,
ROI_36,97,15
,,
ROI_36,98,14
,,
ROI_36,99,14
,,
ROI_36,100,20
,,
ROI_36,101,9
,,
ROI_36,102,11
,,
ROI_36,103,8
,,
ROI_36,104,10
,,
ROI_36,105,9
,,
ROI_36,106,12
,,
ROI_36,107,11
,,
ROI_36,108,9
,,
ROI_36,109,12
,,
ROI_36,110,12
,,
ROI_36,111,14
,,
ROI_36,112,12
,,
ROI_36,113,5
,,
ROI_36,114,14
,,
ROI_36,115,5
,,
ROI_36,116,10
,,
ROI_36,117,9
,,
ROI_36,118,7
,,
ROI_36,119,12
,,
ROI_36,120,3
,,
ROI_36,121,11
,,
ROI_36,122,15
,,
ROI_36,123,8
,,
ROI_36,124,8
,,
ROI_36,125,5
,,
ROI_36,126,9
,,
ROI_36,127,4
,,
ROI_36,128,4
,,
ROI_36,129,10
,,
ROI_36,130,3
,,
ROI_36,131,9
,,
ROI_36,132,6
,,
ROI_36,133,8
,,
ROI_36,134,11
,,
ROI_36,135,13
,,
ROI_36,136,2
,,
ROI_36,137,8
,,
ROI_36,138,5
,,
ROI_36,139,9
,,
ROI_36,140,6
,,
ROI_36,141,4
,,
ROI_36,142,4
,,
ROI_36,143,11
,,
ROI_36,144,1
,,
ROI_36,145,6
,,
ROI_36,146,8
,,
ROI_36,147,15
,,
ROI_36,148,5
,,
ROI_36,149,8
,,
ROI_36,150,4
,,
ROI_36,151,6
,,
ROI_36,152,6
,,
ROI_36,153,3
,,
ROI_36,154,6
,,
ROI_36,155,8
,,
ROI_36,156,6
,,
ROI_36,157,8
,,
ROI_36,158,13
,,
ROI_36,159,8
,,
ROI_36,160,8
,,
ROI_36,161,6
,,
ROI_36,162,9
,,
ROI_36,163,2
,,
ROI_36,164,3
,,
ROI_36,165,5
,,
ROI_36,166,6
,,
ROI_36,167,6
,,
ROI_36,168,7
,,
ROI_36,169,7
,,
ROI_36,170,5
,,
ROI_36,171,1
,,
ROI_36,172,5
,,
ROI_36,173,5
,,
ROI_36,174,2
,,
ROI_36,175,1
,,
ROI_36,176,8
,,
ROI_36,177,4
,,
ROI_36,178,1
,,
ROI_36,179,3
,,
ROI_36,180,6
,,
ROI_36,181,7
,,
ROI_36,182,5
,,
ROI_36,183,1
,,
ROI_36,184,3
,,
ROI_36,185,1
,,
ROI_36,186,6
,,
ROI_36,187,1
,,
ROI_36,188,6
,,
ROI_36,189,3
,,
ROI_36,190,7
,,
ROI_36,191,6
,,
ROI_36,192,3
,,
ROI_36,193,6
,,
ROI_36,194,1
,,
ROI_36,195,2
,,
ROI_36,196,3
,,
ROI_36,197,3
,,
ROI_36,198,1
,,
ROI_36,199,1
,,
ROI_36,200,4
,,
ROI_36,201,1
,,
ROI_36,202,4
,,
ROI_36,203,2
,,
ROI_36,204,1
,,
ROI_36,205,4
,,
ROI_36,206,1
,,
ROI_36,207,2
,,
ROI_36,208,1
,,
ROI_36,209,3
,,
ROI_36,210,2
,,
ROI_36,211,5
,,
ROI_36,212,4
,,
ROI_36,213,1
,,
ROI_36,214,1
,,
ROI_36,215,2
,,
ROI_36,216,7
,,
ROI_36,217,5
,,
ROI_36,218,2
,,
ROI_36,219,4
,,
ROI_36,220,3
,,
ROI_36,221,5
,,
ROI_36,222,2
,,
ROI_36,223,8
,,
ROI_36,224,2
,,
ROI_36,225,6
,,
ROI_36,226,3
,,
ROI_36,227,3
,,
ROI_36,228,2
,,
ROI_36,229,3
,,
ROI_36,230,2
,,
ROI_36,231,0
,,
ROI_36,232,3
,,
ROI_36,233,0
,,
ROI_36,234,3
,,
ROI_36,235,3
,,
ROI_36,236,1
,,
ROI_36,237,1
,,
ROI_36,238,2
,,
ROI_36,239,0
,,
ROI_36,240,3
,,
ROI_36,241,3
,,
ROI_36,242,2
,,
ROI_36,243,1
,,
ROI_36,244,3
,,
ROI_36,245,4
,,
ROI_36,246,1
,,
ROI_36,247,0
,,
ROI_36,248,5
,,
ROI_36,249,4
,,
ROI_36,250,3
,,
ROI_36,251,2
,,
ROI_36,252,1
,,
ROI_36,253,1
,,
ROI_36,254,1
,,
ROI_36,255,345
,,
ROI_37,0,3640
,,
ROI_37,1,59
,,
ROI_37,2,24
,,
ROI_37,3,27
,,
ROI_37,4,19
,,
ROI_37,5,22
,,
ROI_37,6,29
,,
ROI_37,7,16
,,
ROI_37,8,6
,,
ROI_37,9,16
,,
ROI_37,10,13
,,
ROI_37,11,12
,,
ROI_37,12,14
,,
ROI_37,13,9
,,
ROI_37,14,9
,,
ROI_37,15,10
,,
ROI_37,16,11
,,
ROI_37,17,5
,,
ROI_37,18,9
,,
ROI_37,19,17
,,
ROI_37,20,7
,,
ROI_37,21,3
,,
ROI_37,22,8
,,
ROI_37,23,3
,,
ROI_37,24,11
,,
ROI_37,25,6
,,
ROI_37,26,5
,,
ROI_37,27,7
,,
ROI_37,28,5
,,
ROI_37,29,6
,,
ROI_37,30,5
,,
ROI_37,31,5
,,
ROI_37,32,4
,,
ROI_37,33,7
,,
ROI_37,34,4
,,
ROI_37,35,5
,,
ROI_37,36,7
,,
ROI_37,37,6
,,
ROI_37,38,4
,,
ROI_37,39,9
,,
ROI_37,40,2
,,
ROI_37,41,6
,,
ROI_37,42,7
,,
ROI_37,43,2
,,
ROI_37,44,7
,,
ROI_37,45,1
,,
ROI_37,46,3
,,
ROI_37,47,6
,,
ROI_37,48,4
,,
ROI_37,49,4
,,
ROI_37,50,2
,,
ROI_37,51,6
,,
ROI_37,52,5
,,
ROI_37,53,2
,,
ROI_37,54,2
,,
ROI_37,55,2
,,
ROI_37,56,1
,,
ROI_37,57,5
,,
ROI_37,58,6
,,
ROI_37,59,5
,,
ROI_37,60,2
,,
ROI_37,61,4
,,
ROI_37,62,0
,,
ROI_37,63,2
,,
ROI_37,64,5
,,
ROI_37,65,2
,,
ROI_37,66,8
,,
ROI_37,67,3
,,
ROI_37,68,2
,,
ROI_37,69,2
,,
ROI_37,70,4
,,
ROI_37,71,2
,,
ROI_37,72,8
,,
ROI_37,73,0
,,
ROI_37,74,2
,,
ROI_37,75,1
,,
ROI_37,76,4
,,
ROI_37,77,0
,,
ROI_37,78,5
,,
ROI_37,79,5
,,
ROI_37,80,3
,,
ROI_37,81,0
,,
ROI_37,82,2
,,
ROI_37,83,1
,,
ROI_37,84,2
,,
ROI_37,85,1
,,
ROI_37,86,1
,,
ROI_37,87,6
,,
ROI_37,88,5
,,
ROI_37,89,5
,,
ROI_37,90,4
,,
ROI_37,91,2
,,
ROI_37,92,6
,,
ROI_37,93,1
,,
ROI_37,94,1
,,
ROI_37,95,4
,,
ROI_37,96,2
,,
ROI_37,97,1
,,
ROI_37,98,1
,,
ROI_37,99,2
,,
ROI_37,100,2
,,
ROI_37,101,4
,,
ROI_37,102,2
,,
ROI_37,103,2
,,
ROI_37,104,2
,,
ROI_37,105,0
,,
ROI_37,106,1
,,
ROI_37,107,0
,,
ROI_37,108,3
,,
ROI_37,109,3
,,
ROI_37,110,1
,,
ROI_37,111,3
,,
ROI_37,112,2
,,
ROI_37,113,1
,,
ROI_37,114,1
,,
ROI_37,115,1
,,
ROI_37,116,2
,,
ROI_37,117,2
,,
ROI_37,118,1
,,
ROI_37,119,2
,,
ROI_37,120,3
,,
ROI_37,121,0
,,
ROI_37,122,2
,,
ROI_37,123,2
,,
ROI_37,124,2
,,
ROI_37,125,1
,,
ROI_37,126,1
,,
ROI_37,127,1
,,
ROI_37,128,2
,,
ROI_37,129,4
,,
ROI_37,130,6
,,
ROI_37,131,4
,,
ROI_37,132,3
,,
ROI_37,133,2
,,
ROI_37,134,0
,,
ROI_37,135,0
,,
ROI_37,136,0
,,
ROI_37,137,2
,,
ROI_37,138,3
,,
ROI_37,139,2
,,
ROI_37,140,2
,,
ROI_37,141,1
,,
ROI_37,142,2
,,
ROI_37,143,3
,,
ROI_37,144,2
,,
ROI_37,145,1
,,
ROI_37,146,3
,,
ROI_37,147,5
,,
ROI_37,148,1
,,
ROI_37,149,3
,,
ROI_37,150,1
,,
ROI_37,151,0
,,
ROI_37,152,5
,,
ROI_37,153,2
,,
ROI_37,154,4
,,
ROI_37,155,2
,,
ROI_37,156,3
,,
ROI_37,157,2
,,
ROI_37,158,1
,,
ROI_37,159,3
,,
ROI_37,160,1
,,
ROI_37,161,1
,,
ROI_37,162,3
,,
ROI_37,163,1
,,
ROI_37,164,1
,,
ROI_37,165,4
,,
ROI_37,166,1
,,
ROI_37,167,2
,,
ROI_37,168,3
,,
ROI_37,169,1
,,
ROI_37,170,2
,,
ROI_37,171,0
,,
ROI_37,172,2
,,
ROI_37,173,3
,,
ROI_37,174,1
,,
ROI_37,175,1
,,
ROI_37,176,2
,,
ROI_37,177,6
,,
ROI_37,178,4
,,
ROI_37,179,4
,,
ROI_37,180,1
,,
ROI_37,181,0
,,
ROI_37,182,2
,,
ROI_37,183,1
,,
ROI_37,184,0
,,
ROI_37,185,2
,,
ROI_37,186,1
,,
ROI_37,187,2
,,
ROI_37,188,1
,,
ROI_37,189,2
,,
ROI_37,190,1
,,
ROI_37,191,2
,,
ROI_37,192,3
,,
ROI_37,193,1
,,
ROI_37,194,2
,,
ROI_37,195,1
,,
ROI_37,196,2
,,
ROI_37,197,2
,,
ROI_37,198,2
,,
ROI_37,199,1
,,
ROI_37,200,2
,,
ROI_37,201,1
,,
ROI_37,202,0
,,
ROI_37,203,1
,,
ROI_37,204,2
,,
ROI_37,205,1
,,
ROI_37,206,2
,,
ROI_37,207,2
,,
ROI_37,208,1
,,
ROI_37,209,3
,,
ROI_37,210,3
,,
ROI_37,211,0
,,
ROI_37,212,2
,,
ROI_37,213,0
,,
ROI_37,214,3
,,
ROI_37,215,1
,,
ROI_37,216,1
,,
ROI_37,217,2
,,
ROI_37,218,1
,,
ROI_37,219,0
,,
ROI_37,220,2
,,
ROI_37,221,2
,,
ROI_37,222,3
,,
ROI_37,223,1
,,
ROI_37,224,0
,,
ROI_37,225,1
,,
ROI_37,226,1
,,
ROI_37,227,1
,,
ROI_37,228,2
,,
ROI_37,229,1
,,
ROI_37,230,0
,,
ROI_37,231,1
,,
ROI_37,232,1
,,
ROI_37,233,3
,,
ROI_37,234,0
,,
ROI_37,235,1
,,
ROI_37,236,1
,,
ROI_37,237,2
,,
ROI_37,238,1
,,
ROI_37,239,1
,,
ROI_37,240,1
,,
ROI_37,241,1
,,
ROI_37,242,3
,,
ROI_37,243,0
,,
ROI_37,244,1
,,
ROI_37,245,3
,,
ROI_37,246,0
,,
ROI_37,247,0
,,
ROI_37,248,0
,,
ROI_37,249,1
,,
ROI_37,250,2
,,
ROI_37,251,3
,,
ROI_37,252,0
,,
ROI_37,253,0
,,
ROI_37,254,1
,,
ROI_37,255,279
,,
ROI_38,0,8424
,,
ROI_38,1,75
,,
ROI_38,2,40
,,
ROI_38,3,24
,,
ROI_38,4,17
,,
ROI_38,5,24
,,
ROI_38,6,21
,,
ROI_38,7,16
,,
ROI_38,8,17
,,
ROI_38,9,10
,,
ROI_38,10,13
,,
ROI_38,11,11
,,
ROI_38,12,16
,,
ROI_38,13,7
,,
ROI_38,14,10
,,
ROI_38,15,13
,,
ROI_38,16,9
,,
ROI_38,17,10
,,
ROI_38,18,3
,,
ROI_38,19,6
,,
ROI_38,20,10
,,
ROI_38,21,8
,,
ROI_38,22,4
,,
ROI_38,23,2
,,
ROI_38,24,6
,,
ROI_38,25,8
,,
ROI_38,26,9
,,
ROI_38,27,8
,,
ROI_38,28,5
,,
ROI_38,29,5
,,
ROI_38,30,5
,,
ROI_38,31,9
,,
ROI_38,32,5
,,
ROI_38,33,5
,,
ROI_38,34,2
,,
ROI_38,35,6
,,
ROI_38,36,7
,,
ROI_38,37,4
,,
ROI_38,38,1
,,
ROI_38,39,2
,,
ROI_38,40,2
,,
ROI_38,41,5
,,
ROI_38,42,3
,,
ROI_38,43,1
,,
ROI_38,44,4
,,
ROI_38,45,2
,,
ROI_38,46,4
,,
ROI_38,47,5
,,
ROI_38,48,7
,,
ROI_38,49,0
,,
ROI_38,50,2
,,
ROI_38,51,1
,,
ROI_38,52,1
,,
ROI_38,53,2
,,
ROI_38,54,4
,,
ROI_38,55,2
,,
ROI_38,56,3
,,
ROI_38,57,4
,,
ROI_38,58,1
,,
ROI_38,59,2
,,
ROI_38,60,1
,,
ROI_38,61,3
,,
ROI_38,62,1
,,
ROI_38,63,2
,,
ROI_38,64,2
,,
ROI_38,65,2
,,
ROI_38,66,2
,,
ROI_38,67,0
,,
ROI_38,68,0
,,
ROI_38,69,1
,,
ROI_38,70,1
,,
ROI_38,71,0
,,
ROI_38,72,2
,,
ROI_38,73,2
,,
ROI_38,74,0
,,
ROI_38,75,0
,,
ROI_38,76,2
,,
ROI_38,77,1
,,
ROI_38,78,0
,,
ROI_38,79,1
,,
ROI_38,80,0
,,
ROI_38,81,0
,,
ROI_38,82,1
,,
ROI_38,83,0
,,
ROI_38,84,1
,,
ROI_38,85,1
,,
ROI_38,86,1
,,
ROI_38,87,0
,,
ROI_38,88,0
,,
ROI_38,89,0
,,
ROI_38,90,0
,,
ROI_38,91,0
,,
ROI_38,92,0
,,
ROI_38,93,0
,,
ROI_38,94,1
,,
ROI_38,95,0
,,
ROI_38,96,1
,,
ROI_38,97,1
,,
ROI_38,98,1
,,
ROI_38,99,1
,,
ROI_38,100,1
,,
ROI_38,101,0
,,
ROI_38,102,0
,,
ROI_38,103,0
,,
ROI_38,104,0
,,
ROI_38,105,0
,,
ROI_38,106,0
,,
ROI_38,107,0
,,
ROI_38,108,0
,,
ROI_38,109,0
,,
ROI_38,110,0
,,
ROI_38,111,0
,,
ROI_38,112,0
,,
ROI_38,113,0
,,
ROI_38,114,0
,,
ROI_38,115,1
,,
ROI_38,116,0
,,
ROI_38,117,0
,,
ROI_38,118,1
,,
ROI_38,119,1
,,
ROI_38,120,0
,,
ROI_38,121,0
,,
ROI_38,122,0
,,
ROI_38,123,0
,,
ROI_38,124,0
,,
ROI_38,125,0
,,
ROI_38,126,1
,,
ROI_38,127,0
,,
ROI_38,128,0
,,
ROI_38,129,0
,,
ROI_38,130,0
,,
ROI_38,131,1
,,
ROI_38,132,1
,,
ROI_38,133,0
,,
ROI_38,134,0
,,
ROI_38,135,0
,,
ROI_38,136,0
,,
ROI_38,137,0
,,
ROI_38,138,0
,,
ROI_38,139,0
,,
ROI_38,140,1
,,
ROI_38,141,1
,,
ROI_38,142,1
,,
ROI_38,143,0
,,
ROI_38,144,0
,,
ROI_38,145,0
,,
ROI_38,146,0
,,
ROI_38,147,0
,,
ROI_38,148,0
,,
ROI_38,149,1
,,
ROI_38,150,0
,,
ROI_38,151,0
,,
ROI_38,152,0
,,
ROI_38,153,1
,,
ROI_38,154,0
,,
ROI_38,155,0
,,
ROI_38,156,0
,,
ROI_38,157,0
,,
ROI_38,158,0
,,
ROI_38,159,0
,,
ROI_38,160,0
,,
ROI_38,161,0
,,
ROI_38,162,1
,,
ROI_38,163,0
,,
ROI_38,164,0
,,
ROI_38,165,1
,,
ROI_38,166,0
,,
ROI_38,167,0
,,
ROI_38,168,0
,,
ROI_38,169,0
,,
ROI_38,170,0
,,
ROI_38,171,0
,,
ROI_38,172,0
,,
ROI_38,173,0
,,
ROI_38,174,0
,,
ROI_38,175,0
,,
ROI_38,176,0
,,
ROI_38,177,0
,,
ROI_38,178,0
,,
ROI_38,179,0
,,
ROI_38,180,0
,,
ROI_38,181,1
,,
ROI_38,182,0
,,
ROI_38,183,0
,,
ROI_38,184,0
,,
ROI_38,185,0
,,
ROI_38,186,0
,,
ROI_38,187,0
,,
ROI_38,188,1
,,
ROI_38,189,0
,,
ROI_38,190,0
,,
ROI_38,191,0
,,
ROI_38,192,0
,,
ROI_38,193,0
,,
ROI_38,194,0
,,
ROI_38,195,0
,,
ROI_38,196,0
,,
ROI_38,197,0
,,
ROI_38,198,0
,,
ROI_38,199,0
,,
ROI_38,200,0
,,
ROI_38,201,0
,,
ROI_38,202,0
,,
ROI_38,203,0
,,
ROI_38,204,0
,,
ROI_38,205,0
,,
ROI_38,206,0
,,
ROI_38,207,0
,,
ROI_38,208,0
,,
ROI_38,209,0
,,
ROI_38,210,0
,,
ROI_38,211,0
,,
ROI_38,212,0
,,
ROI_38,213,0
,,
ROI_38,214,0
,,
ROI_38,215,0
,,
ROI_38,216,0
,,
ROI_38,217,0
,,
ROI_38,218,0
,,
ROI_38,219,0
,,
ROI_38,220,0
,,
ROI_38,221,0
,,
ROI_38,222,0
,,
ROI_38,223,0
,,
ROI_38,224,0
,,
ROI_38,225,0
,,
ROI_38,226,0
,,
ROI_38,227,0
,,
ROI_38,228,0
,,
ROI_38,229,0
,,
ROI_38,230,0
,,
ROI_38,231,0
,,
ROI_38,232,0
,,
ROI_38,233,0
,,
ROI_38,234,0
,,
ROI_38,235,0
,,
ROI_38,236,0
,,
ROI_38,237,0
,,
ROI_38,238,0
,,
ROI_38,239,0
,,
ROI_38,240,0
,,
ROI_38,241,0
,,
ROI_38,242,0
,,
ROI_38,243,0
,,
ROI_38,244,0
,,
ROI_38,245,0
,,
ROI_38,246,0
,,
ROI_38,247,0
,,
ROI_38,248,0
,,
ROI_38,249,0
,,
ROI_38,250,0
,,
ROI_38,251,0
,,
ROI_38,252,0
,,
ROI_38,253,0
,,
ROI_38,254,0
,,
ROI_38,255,0
,,
ROI_39,0,1250
,,
ROI_39,1,27
,,
ROI_39,2,11
,,
ROI_39,3,5
,,
ROI_39,4,4
,,
ROI_39,5,5
,,
ROI_39,6,3
,,
ROI_39,7,2
,,
ROI_39,8,2
,,
ROI_39,9,2
,,
ROI_39,10,1
,,
ROI_39,11,2
,,
ROI_39,12,3
,,
ROI_39,13,3
,,
ROI_39,14,0
,,
ROI_39,15,0
,,
ROI_39,16,0
,,
ROI_39,17,3
,,
ROI_39,18,2
,,
ROI_39,19,1
,,
ROI_39,20,1
,,
ROI_39,21,0
,,
ROI_39,22,0
,,
ROI_39,23,0
,,
ROI_39,24,0
,,
ROI_39,25,0
,,
ROI_39,26,0
,,
ROI_39,27,0
,,
ROI_39,28,0
,,
ROI_39,29,0
,,
ROI_39,30,0
,,
ROI_39,31,0
,,
ROI_39,32,0
,,
ROI_39,33,0
,,
ROI_39,34,0
,,
ROI_39,35,0
,,
ROI_39,36,0
,,
ROI_39,37,0
,,
ROI_39,38,0
,,
ROI_39,39,0
,,
ROI_39,40,0
,,
ROI_39,41,0
,,
ROI_39,42,0
,,
ROI_39,43,0
,,
ROI_39,44,0
,,
ROI_39,45,0
,,
ROI_39,46,0
,,
ROI_39,47,0
,,
ROI_39,48,0
,,
ROI_39,49,0
,,
ROI_39,50,0
,,
ROI_39,51,0
,,
ROI_39,52,0
,,
ROI_39,53,0
,,
ROI_39,54,0
,,
ROI_39,55,0
,,
ROI_39,56,0
,,
ROI_39,57,0
,,
ROI_39,58,0
,,
ROI_39,59,0
,,
ROI_39,60,0
,,
ROI_39,61,0
,,
ROI_39,62,0
,,
ROI_39,63,0
,,
ROI_39,64,0
,,
ROI_39,65,0
,,
ROI_39,66,0
,,
ROI_39,67,0
,,
ROI_39,68,0
,,
ROI_39,69,0
,,
ROI_39,70,0
,,
ROI_39,71,0
,,
ROI_39,72,0
,,
ROI_39,73,0
,,
ROI_39,74,0
,,
ROI_39,75,0
,,
ROI_39,76,0
,,
ROI_39,77,0
,,
ROI_39,78,0
,,
ROI_39,79,0
,,
ROI_39,80,0
,,
ROI_39,81,0
,,
ROI_39,82,0
,,
ROI_39,83,0
,,
ROI_39,84,0
,,
ROI_39,85,0
,,
ROI_39,86,0
,,
ROI_39,87,0
,,
ROI_39,88,0
,,
ROI_39,89,0
,,
ROI_39,90,0
,,
ROI_39,91,0
,,
ROI_39,92,0
,,
ROI_39,93,0
,,
ROI_39,94,0
,,
ROI_39,95,0
,,
ROI_39,96,0
,,
ROI_39,97,0
,,
ROI_39,98,0
,,
ROI_39,99,0
,,
ROI_39,100,0
,,
ROI_39,101,0
,,
ROI_39,102,0
,,
ROI_39,103,0
,,
ROI_39,104,0
,,
ROI_39,105,0
,,
ROI_39,106,0
,,
ROI_39,107,0
,,
ROI_39,108,0
,,
ROI_39,109,0
,,
ROI_39,110,0
,,
ROI_39,111,0
,,
ROI_39,112,0
,,
ROI_39,113,0
,,
ROI_39,114,0
,,
ROI_39,115,0
,,
ROI_39,116,0
,,
ROI_39,117,0
,,
ROI_39,118,0
,,
ROI_39,119,0
,,
ROI_39,120,0
,,
ROI_39,121,0
,,
ROI_39,122,0
,,
ROI_39,123,0
,,
ROI_39,124,0
,,
ROI_39,125,0
,,
ROI_39,126,0
,,
ROI_39,127,0
,,
ROI_39,128,0
,,
ROI_39,129,0
,,
ROI_39,130,0
,,
ROI_39,131,0
,,
ROI_39,132,0
,,
ROI_39,133,0
,,
ROI_39,134,0
,,
ROI_39,135,0
,,
ROI_39,136,0
,,
ROI_39,137,0
,,
ROI_39,138,0
,,
ROI_39,139,0
,,
ROI_39,140,0
,,
ROI_39,141,0
,,
ROI_39,142,0
,,
ROI_39,143,0
,,
ROI_39,144,0
,,
ROI_39,145,0
,,
ROI_39,146,0
,,
ROI_39,147,0
,,
ROI_39,148,0
,,
ROI_39,149,0
,,
ROI_39,150,0
,,
ROI_39,151,0
,,
ROI_39,152,0
,,
ROI_39,153,0
,,
ROI_39,154,0
,,
ROI_39,155,0
,,
ROI_39,156,0
,,
ROI_39,157,0
,,
ROI_39,158,0
,,
ROI_39,159,0
,,
ROI_39,160,0
,,
ROI_39,161,0
,,
ROI_39,162,0
,,
ROI_39,163,0
,,
ROI_39,164,0
,,
ROI_39,165,0
,,
ROI_39,166,0
,,
ROI_39,167,0
,,
ROI_39,168,0
,,
ROI_39,169,0
,,
ROI_39,170,0
,,
ROI_39,171,0
,,
ROI_39,172,0
,,
ROI_39,173,0
,,
ROI_39,174,0
,,
ROI_39,175,0
,,
ROI_39,176,0
,,
ROI_39,177,0
,,
ROI_39,178,0
,,
ROI_39,179,0
,,
ROI_39,180,0
,,
ROI_39,181,0
,,
ROI_39,182,0
,,
ROI_39,183,0
,,
ROI_39,184,0
,,
ROI_39,185,0
,,
ROI_39,186,0
,,
ROI_39,187,0
,,
ROI_39,188,0
,,
ROI_39,189,0
,,
ROI_39,190,0
,,
ROI_39,191,0
,,
ROI_39,192,0
,,
ROI_39,193,0
,,
ROI_39,194,0
,,
ROI_39,195,0
,,
ROI_39,196,0
,,
ROI_39,197,0
,,
ROI_39,198,0
,,
ROI_39,199,0
,,
ROI_39,200,0
,,
ROI_39,201,0
,,
ROI_39,202,0
,,
ROI_39,203,0
,,
ROI_39,204,0
,,
ROI_39,205,0
,,
ROI_39,206,0
,,
ROI_39,207,0
,,
ROI_39,208,0
,,
ROI_39,209,0
,,
ROI_39,210,0
,,
ROI_39,211,0
,,
ROI_39,212,0
,,
ROI_39,213,0
,,
ROI_39,214,0
,,
ROI_39,215,0
,,
ROI_39,216,0
,,
ROI_39,217,0
,,
ROI_39,218,0
,,
ROI_39,219,0
,,
ROI_39,220,0
,,
ROI_39,221,0
,,
ROI_39,222,0
,,
ROI_39,223,0
,,
ROI_39,224,0
,,
ROI_39,225,0
,,
ROI_39,226,0
,,
ROI_39,227,0
,,
ROI_39,228,0
,,
ROI_39,229,0
,,
ROI_39,230,0
,,
ROI_39,231,0
,,
ROI_39,232,0
,,
ROI_39,233,0
,,
ROI_39,234,0
,,
ROI_39,235,0
,,
ROI_39,236,0
,,
ROI_39,237,0
,,
ROI_39,238,0
,,
ROI_39,239,0
,,
ROI_39,240,0
,,
ROI_39,241,0
,,
ROI_39,242,0
,,
ROI_39,243,0
,,
ROI_39,244,0
,,
ROI_39,245,0
,,
ROI_39,246,0
,,
ROI_39,247,0
,,
ROI_39,248,0
,,
ROI_39,249,0
,,
ROI_39,250,0
,,
ROI_39,251,0
,,
ROI_39,252,0
,,
ROI_39,253,0
,,
ROI_39,254,0
,,
ROI_39,255,0
,,
ROI_40,0,3583
,,
ROI_40,1,217
,,
ROI_40,2,143
,,
ROI_40,3,132
,,
ROI_40,4,99
,,
ROI_40,5,99
,,
ROI_40,6,75
,,
ROI_40,7,64
,,
ROI_40,8,70
,,
ROI_40,9,63
,,
ROI_40,10,58
,,
ROI_40,11,55
,,
ROI_40,12,52
,,
ROI_40,13,36
,,
ROI_40,14,48
,,
ROI_40,15,42
,,
ROI_40,16,45
,,
ROI_40,17,45
,,
ROI_40,18,44
,,
ROI_40,19,36
,,
ROI_40,20,35
,,
ROI_40,21,43
,,
ROI_40,22,39
,,
ROI_40,23,25
,,
ROI_40,24,18
,,
ROI_40,25,27
,,
ROI_40,26,28
,,
ROI_40,27,21
,,
ROI_40,28,16
,,
ROI_40,29,31
,,
ROI_40,30,27
,,
ROI_40,31,20
,,
ROI_40,32,28
,,
ROI_40,33,26
,,
ROI_40,34,15
,,
ROI_40,35,14
,,
ROI_40,36,18
,,
ROI_40,37,20
,,
ROI_40,38,15
,,
ROI_40,39,18
,,
ROI_40,40,20
,,
ROI_40,41,19
,,
ROI_40,42,14
,,
ROI_40,43,10
,,
ROI_40,44,23
,,
ROI_40,45,18
,,
ROI_40,46,10
,,
ROI_40,47,12
,,
ROI_40,48,11
,,
ROI_40,49,17
,,
ROI_40,50,14
,,
ROI_40,51,13
,,
ROI_40,52,11
,,
ROI_40,53,9
,,
ROI_40,54,15
,,
ROI_40,55,10
,,
ROI_40,56,9
,,
ROI_40,57,8
,,
ROI_40,58,5
,,
ROI_40,59,10
,,
ROI_40,60,16
,,
ROI_40,61,11
,,
ROI_40,62,10
,,
ROI_40,63,19
,,
ROI_40,64,8
,,
ROI_40,65,5
,,
ROI_40,66,10
,,
ROI_40,67,12
,,
ROI_40,68,10
,,
ROI_40,69,10
,,
ROI_40,70,11
,,
ROI_40,71,9
,,
ROI_40,72,13
,,
ROI_40,73,6
,,
ROI_40,74,10
,,
ROI_40,75,9
,,
ROI_40,76,13
,,
ROI_40,77,10
,,
ROI_40,78,10
,,
ROI_40,79,7
,,
ROI_40,80,14
,,
ROI_40,81,12
,,
ROI_40,82,4
,,
ROI_40,83,7
,,
ROI_40,84,13
,,
ROI_40,85,7
,,
ROI_40,86,7
,,
ROI_40,87,3
,,
ROI_40,88,10
,,
ROI_40,89,9
,,
ROI_40,90,5
,,
ROI_40,91,8
,,
ROI_40,92,5
,,
ROI_40,93,8
,,
ROI_40,94,12
,,
ROI_40,95,8
,,
ROI_40,96,7
,,
ROI_40,97,8
,,
ROI_40,98,7
,,
ROI_40,99,11
,,
ROI_40,100,9
,,
ROI_40,101,5
,,
ROI_40,102,4
,,
ROI_40,103,13
,,
ROI_40,104,8
,,
ROI_40,105,4
,,
ROI_40,106,4
,,
ROI_40,107,7
,,
ROI_40,108,7
,,
ROI_40,109,8
,,
ROI_40,110,9
,,
ROI_40,111,4
,,
ROI_40,112,4
,,
ROI_40,113,2
,,
ROI_40,114,8
,,
ROI_40,115,7
,,
ROI_40,116,6
,,
ROI_40,117,10
,,
ROI_40,118,10
,,
ROI_40,119,5
,,
ROI_40,120,9
,,
ROI_40,121,10
,,
ROI_40,122,5
,,
ROI_40,123,4
,,
ROI_40,124,10
,,
ROI_40,125,6
,,
ROI_40,126,4
,,
ROI_40,127,12
,,
ROI_40,128,10
,,
ROI_40,129,3
,,
ROI_40,130,9
,,
ROI_40,131,4
,,
ROI_40,132,6
,,
ROI_40,133,3
,,
ROI_40,134,5
,,
ROI_40,135,12
,,
ROI_40,136,5
,,
ROI_40,137,4
,,
ROI_40,138,9
,,
ROI_40,139,8
,,
ROI_40,140,5
,,
ROI_40,141,5
,,
ROI_40,142,7
,,
ROI_40,143,6
,,
ROI_40,144,9
,,
ROI_40,145,10
,,
ROI_40,146,6
,,
ROI_40,147,11
,,
ROI_40,148,6
,,
ROI_40,149,2
,,
ROI_40,150,7
,,
ROI_40,151,10
,,
ROI_40,152,7
,,
ROI_40,153,2
,,
ROI_40,154,11
,,
ROI_40,155,3
,,
ROI_40,156,6
,,
ROI_40,157,3
,,
ROI_40,158,9
,,
ROI_40,159,9
,,
ROI_40,160,8
,,
ROI_40,161,4
,,
ROI_40,162,6
,,
ROI_40,163,4
,,
ROI_40,164,5
,,
ROI_40,165,7
,,
ROI_40,166,6
,,
ROI_40,167,9
,,
ROI_40,168,6
,,
ROI_40,169,10
,,
ROI_40,170,5
,,
ROI_40,171,6
,,
ROI_40,172,6
,,
ROI_40,173,5
,,
ROI_40,174,5
,,
ROI_40,175,10
,,
ROI_40,176,9
,,
ROI_40,177,10
,,
ROI_40,178,4
,,
ROI_40,179,2
,,
ROI_40,180,5
,,
ROI_40,181,5
,,
ROI_40,182,2
,,
ROI_40,183,7
,,
ROI_40,184,6
,,
ROI_40,185,4
,,
ROI_40,186,5
,,
ROI_40,187,5
,,
ROI_40,188,5
,,
ROI_40,189,11
,,
ROI_40,190,8
,,
ROI_40,191,5
,,
ROI_40,192,6
,,
ROI_40,193,6
,,
ROI_40,194,5
,,
ROI_40,195,3
,,
ROI_40,196,6
,,
ROI_40,197,5
,,
ROI_40,198,3
,,
ROI_40,199,4
,,
ROI_40,200,3
,,
ROI_40,201,3
,,
ROI_40,202,2
,,
ROI_40,203,4
,,
ROI_40,204,5
,,
ROI_40,205,4
,,
ROI_40,206,5
,,
ROI_40,207,3
,,
ROI_40,208,0
,,
ROI_40,209,3
,,
ROI_40,210,12
,,
ROI_40,211,2
,,
ROI_40,212,6
,,
ROI_40,213,5
,,
ROI_40,214,6
,,
ROI_40,215,6
,,
ROI_40,216,1
,,
ROI_40,217,9
,,
ROI_40,218,3
,,
ROI_40,219,3
,,
ROI_40,220,6
,,
ROI_40,221,4
,,
ROI_40,222,4
,,
ROI_40,223,3
,,
ROI_40,224,3
,,
ROI_40,225,4
,,
ROI_40,226,5
,,
ROI_40,227,8
,,
ROI_40,228,5
,,
ROI_40,229,4
,,
ROI_40,230,5
,,
ROI_40,231,6
,,
ROI_40,232,2
,,
ROI_40,233,4
,,
ROI_40,234,1
,,
ROI_40,235,3
,,
ROI_40,236,2
,,
ROI_40,237,1
,,
ROI_40,238,8
,,
ROI_40,239,3
,,
ROI_40,240,5
,,
ROI_40,241,1
,,
ROI_40,242,5
,,
ROI_40,243,3
,,
ROI_40,244,3
,,
ROI_40,245,4
,,
ROI_40,246,1
,,
ROI_40,247,2
,,
ROI_40,248,1
,,
ROI_40,249,5
,,
ROI_40,250,0
,,
ROI_40,251,5
,,
ROI_40,252,5
,,
ROI_40,253,5
,,
ROI_40,254,2
,,
ROI_40,255,822
,,
ROI_41,0,4679
,,
ROI_41,1,212
,,
ROI_41,2,151
,,
ROI_41,3,141
,,
ROI_41,4,128
,,
ROI_41,5,132
,,
ROI_41,6,101
,,
ROI_41,7,103
,,
ROI_41,8,87
,,
ROI_41,9,80
,,
ROI_41,10,71
,,
ROI_41,11,59
,,
ROI_41,12,66
,,
ROI_41,13,41
,,
ROI_41,14,46
,,
ROI_41,15,46
,,
ROI_41,16,47
,,
ROI_41,17,44
,,
ROI_41,18,26
,,
ROI_41,19,20
,,
ROI_41,20,30
,,
ROI_41,21,18
,,
ROI_41,22,24
,,
ROI_41,23,40
,,
ROI_41,24,22
,,
ROI_41,25,36
,,
ROI_41,26,25
,,
ROI_41,27,21
,,
ROI_41,28,24
,,
ROI_41,29,27
,,
ROI_41,30,23
,,
ROI_41,31,17
,,
ROI_41,32,14
,,
ROI_41,33,18
,,
ROI_41,34,19
,,
ROI_41,35,19
,,
ROI_41,36,21
,,
ROI_41,37,14
,,
ROI_41,38,15
,,
ROI_41,39,15
,,
ROI_41,40,16
,,
ROI_41,41,15
,,
ROI_41,42,17
,,
ROI_41,43,14
,,
ROI_41,44,17
,,
ROI_41,45,9
,,
ROI_41,46,14
,,
ROI_41,47,12
,,
ROI_41,48,14
,,
ROI_41,49,15
,,
ROI_41,50,15
,,
ROI_41,51,18
,,
ROI_41,52,13
,,
ROI_41,53,16
,,
ROI_41,54,17
,,
ROI_41,55,14
,,
ROI_41,56,18
,,
ROI_41,57,16
,,
ROI_41,58,9
,,
ROI_41,59,21
,,
ROI_41,60,16
,,
ROI_41,61,12
,,
ROI_41,62,9
,,
ROI_41,63,6
,,
ROI_41,64,13
,,
ROI_41,65,11
,,
ROI_41,66,8
,,
ROI_41,67,12
,,
ROI_41,68,10
,,
ROI_41,69,12
,,
ROI_41,70,8
,,
ROI_41,71,7
,,
ROI_41,72,10
,,
ROI_41,73,11
,,
ROI_41,74,7
,,
ROI_41,75,12
,,
ROI_41,76,10
,,
ROI_41,77,6
,,
ROI_41,78,9
,,
ROI_41,79,8
,,
ROI_41,80,6
,,
ROI_41,81,4
,,
ROI_41,82,7
,,
ROI_41,83,5
,,
ROI_41,84,6
,,
ROI_41,85,10
,,
ROI_41,86,12
,,
ROI_41,87,8
,,
ROI_41,88,8
,,
ROI_41,89,5
,,
ROI_41,90,7
,,
ROI_41,91,3
,,
ROI_41,92,4
,,
ROI_41,93,3
,,
ROI_41,94,6
,,
ROI_41,95,5
,,
ROI_41,96,8
,,
ROI_41,97,4
,,
ROI_41,98,2
,,
ROI_41,99,7
,,
ROI_41,100,3
,,
ROI_41,101,1
,,
ROI_41,102,4
,,
ROI_41,103,6
,,
ROI_41,104,6
,,
ROI_41,105,3
,,
ROI_41,106,3
,,
ROI_41,107,3
,,
ROI_41,108,2
,,
ROI_41,109,8
,,
ROI_41,110,1
,,
ROI_41,111,5
,,
ROI_41,112,3
,,
ROI_41,113,3
,,
ROI_41,114,1
,,
ROI_41,115,4
,,
ROI_41,116,2
,,
ROI_41,117,4
,,
ROI_41,118,2
,,
ROI_41,119,4
,,
ROI_41,120,3
,,
ROI_41,121,4
,,
ROI_41,122,1
,,
ROI_41,123,2
,,
ROI_41,124,1
,,
ROI_41,125,4
,,
ROI_41,126,3
,,
ROI_41,127,1
,,
ROI_41,128,3
,,
ROI_41,129,5
,,
ROI_41,130,2
,,
ROI_41,131,1
,,
ROI_41,132,3
,,
ROI_41,133,4
,,
ROI_41,134,4
,,
ROI_41,135,3
,,
ROI_41,136,2
,,
ROI_41,137,2
,,
ROI_41,138,0
,,
ROI_41,139,0
,,
ROI_41,140,0
,,
ROI_41,141,5
,,
ROI_41,142,1
,,
ROI_41,143,4
,,
ROI_41,144,3
,,
ROI_41,145,1
,,
ROI_41,146,3
,,
ROI_41,147,1
,,
ROI_41,148,4
,,
ROI_41,149,3
,,
ROI_41,150,4
,,
ROI_41,151,2
,,
ROI_41,152,1
,,
ROI_41,153,3
,,
ROI_41,154,3
,,
ROI_41,155,0
,,
ROI_41,156,0
,,
ROI_41,157,3
,,
ROI_41,158,3
,,
ROI_41,159,0
,,
ROI_41,160,4
,,
ROI_41,161,2
,,
ROI_41,162,2
,,
ROI_41,163,1
,,
ROI_41,164,0
,,
ROI_41,165,1
,,
ROI_41,166,2
,,
ROI_41,167,1
,,
ROI_41,168,3
,,
ROI_41,169,2
,,
ROI_41,170,2
,,
ROI_41,171,0
,,
ROI_41,172,1
,,
ROI_41,173,0
,,
ROI_41,174,3
,,
ROI_41,175,0
,,
ROI_41,176,2
,,
ROI_41,177,2
,,
ROI_41,178,1
,,
ROI_41,179,2
,,
ROI_41,180,2
,,
ROI_41,181,1
,,
ROI_41,182,1
,,
ROI_41,183,3
,,
ROI_41,184,4
,,
ROI_41,185,1
,,
ROI_41,186,2
,,
ROI_41,187,0
,,
ROI_41,188,1
,,
ROI_41,189,2
,,
ROI_41,190,2
,,
ROI_41,191,2
,,
ROI_41,192,1
,,
ROI_41,193,2
,,
ROI_41,194,2
,,
ROI_41,195,0
,,
ROI_41,196,2
,,
ROI_41,197,2
,,
ROI_41,198,2
,,
ROI_41,199,3
,,
ROI_41,200,0
,,
ROI_41,201,3
,,
ROI_41,202,0
,,
ROI_41,203,1
,,
ROI_41,204,1
,,
ROI_41,205,0
,,
ROI_41,206,1
,,
ROI_41,207,2
,,
ROI_41,208,0
,,
ROI_41,209,2
,,
ROI_41,210,3
,,
ROI_41,211,1
,,
ROI_41,212,0
,,
ROI_41,213,1
,,
ROI_41,214,2
,,
ROI_41,215,1
,,
ROI_41,216,2
,,
ROI_41,217,0
,,
ROI_41,218,2
,,
ROI_41,219,1
,,
ROI_41,220,1
,,
ROI_41,221,2
,,
ROI_41,222,2
,,
ROI_41,223,1
,,
ROI_41,224,1
,,
ROI_41,225,3
,,
ROI_41,226,0
,,
ROI_41,227,1
,,
ROI_41,228,2
,,
ROI_41,229,1
,,
ROI_41,230,1
,,
ROI_41,231,2
,,
ROI_41,232,0
,,
ROI_41,233,0
,,
ROI_41,234,1
,,
ROI_41,235,0
,,
ROI_41,236,1
,,
ROI_41,237,1
,,
ROI_41,238,2
,,
ROI_41,239,3
,,
ROI_41,240,1
,,
ROI_41,241,0
,,
ROI_41,242,0
,,
ROI_41,243,3
,,
ROI_41,244,0
,,
ROI_41,245,1
,,
ROI_41,246,0
,,
ROI_41,247,0
,,
ROI_41,248,0
,,
ROI_41,249,2
,,
ROI_41,250,1
,,
ROI_41,251,0
,,
ROI_41,252,2
,,
ROI_41,253,2
,,
ROI_41,254,2
,,
ROI_41,255,99
,,
ROI_42,0,13517
,,
ROI_42,1,460
,,
ROI_42,2,310
,,
ROI_42,3,292
,,
ROI_42,4,251
,,
ROI_42,5,222
,,
ROI_42,6,176
,,
ROI_42,7,160
,,
ROI_42,8,139
,,
ROI_42,9,128
,,
ROI_42,10,120
,,
ROI_42,11,83
,,
ROI_42,12,100
,,
ROI_42,13,79
,,
ROI_42,14,68
,,
ROI_42,15,65
,,
ROI_42,16,76
,,
ROI_42,17,56
,,
ROI_42,18,56
,,
ROI_42,19,58
,,
ROI_42,20,46
,,
ROI_42,21,55
,,
ROI_42,22,47
,,
ROI_42,23,54
,,
ROI_42,24,40
,,
ROI_42,25,51
,,
ROI_42,26,37
,,
ROI_42,27,51
,,
ROI_42,28,44
,,
ROI_42,29,40
,,
ROI_42,30,38
,,
ROI_42,31,40
,,
ROI_42,32,28
,,
ROI_42,33,28
,,
ROI_42,34,27
,,
ROI_42,35,37
,,
ROI_42,36,29
,,
ROI_42,37,28
,,
ROI_42,38,29
,,
ROI_42,39,30
,,
ROI_42,40,19
,,
ROI_42,41,16
,,
ROI_42,42,22
,,
ROI_42,43,22
,,
ROI_42,44,17
,,
ROI_42,45,19
,,
ROI_42,46,18
,,
ROI_42,47,10
,,
ROI_42,48,26
,,
ROI_42,49,20
,,
ROI_42,50,17
,,
ROI_42,51,16
,,
ROI_42,52,14
,,
ROI_42,53,22
,,
ROI_42,54,18
,,
ROI_42,55,21
,,
ROI_42,56,14
,,
ROI_42,57,11
,,
ROI_42,58,16
,,
ROI_42,59,15
,,
ROI_42,60,15
,,
ROI_42,61,10
,,
ROI_42,62,8
,,
ROI_42,63,9
,,
ROI_42,64,12
,,
ROI_42,65,20
,,
ROI_42,66,12
,,
ROI_42,67,11
,,
ROI_42,68,11
,,
ROI_42,69,12
,,
ROI_42,70,11
,,
ROI_42,71,13
,,
ROI_42,72,9
,,
ROI_42,73,11
,,
ROI_42,74,9
,,
ROI_42,75,11
,,
ROI_42,76,14
,,
ROI_42,77,7
,,
ROI_42,78,14
,,
ROI_42,79,12
,,
ROI_42,80,7
,,
ROI_42,81,5
,,
ROI_42,82,5
,,
ROI_42,83,6
,,
ROI_42,84,7
,,
ROI_42,85,10
,,
ROI_42,86,17
,,
ROI_42,87,5
,,
ROI_42,88,8
,,
ROI_42,89,5
,,
ROI_42,90,6
,,
ROI_42,91,10
,,
ROI_42,92,9
,,
ROI_42,93,7
,,
ROI_42,94,6
,,
ROI_42,95,9
,,
ROI_42,96,11
,,
ROI_42,97,4
,,
ROI_42,98,12
,,
ROI_42,99,6
,,
ROI_42,100,11
,,
ROI_42,101,5
,,
ROI_42,102,6
,,
ROI_42,103,5
,,
ROI_42,104,6
,,
ROI_42,105,2
,,
ROI_42,106,6
,,
ROI_42,107,7
,,
ROI_42,108,8
,,
ROI_42,109,4
,,
ROI_42,110,12
,,
ROI_42,111,6
,,
ROI_42,112,6
,,
ROI_42,113,7
,,
ROI_42,114,6
,,
ROI_42,115,7
,,
ROI_42,116,7
,,
ROI_42,117,9
,,
ROI_42,118,5
,,
ROI_42,119,11
,,
ROI_42,120,5
,,
ROI_42,121,5
,,
ROI_42,122,7
,,
ROI_42,123,5
,,
ROI_42,124,6
,,
ROI_42,125,3
,,
ROI_42,126,4
,,
ROI_42,127,3
,,
ROI_42,128,5
,,
ROI_42,129,3
,,
ROI_42,130,5
,,
ROI_42,131,2
,,
ROI_42,132,2
,,
ROI_42,133,6
,,
ROI_42,134,6
,,
ROI_42,135,9
,,
ROI_42,136,6
,,
ROI_42,137,4
,,
ROI_42,138,7
,,
ROI_42,139,4
,,
ROI_42,140,2
,,
ROI_42,141,6
,,
ROI_42,142,6
,,
ROI_42,143,1
,,
ROI_42,144,2
,,
ROI_42,145,1
,,
ROI_42,146,3
,,
ROI_42,147,6
,,
ROI_42,148,2
,,
ROI_42,149,6
,,
ROI_42,150,4
,,
ROI_42,151,3
,,
ROI_42,152,6
,,
ROI_42,153,2
,,
ROI_42,154,5
,,
ROI_42,155,6
,,
ROI_42,156,0
,,
ROI_42,157,4
,,
ROI_42,158,5
,,
ROI_42,159,1
,,
ROI_42,160,3
,,
ROI_42,161,1
,,
ROI_42,162,5
,,
ROI_42,163,5
,,
ROI_42,164,2
,,
ROI_42,165,4
,,
ROI_42,166,0
,,
ROI_42,167,6
,,
ROI_42,168,2
,,
ROI_42,169,4
,,
ROI_42,170,4
,,
ROI_42,171,5
,,
ROI_42,172,1
,,
ROI_42,173,2
,,
ROI_42,174,2
,,
ROI_42,175,3
,,
ROI_42,176,4
,,
ROI_42,177,4
,,
ROI_42,178,4
,,
ROI_42,179,1
,,
ROI_42,180,2
,,
ROI_42,181,2
,,
ROI_42,182,2
,,
ROI_42,183,3
,,
ROI_42,184,1
,,
ROI_42,185,1
,,
ROI_42,186,2
,,
ROI_42,187,7
,,
ROI_42,188,4
,,
ROI_42,189,2
,,
ROI_42,190,3
,,
ROI_42,191,2
,,
ROI_42,192,0
,,
ROI_42,193,2
,,
ROI_42,194,0
,,
ROI_42,195,5
,,
ROI_42,196,0
,,
ROI_42,197,1
,,
ROI_42,198,2
,,
ROI_42,199,2
,,
ROI_42,200,3
,,
ROI_42,201,2
,,
ROI_42,202,0
,,
ROI_42,203,3
,,
ROI_42,204,2
,,
ROI_42,205,2
,,
ROI_42,206,2
,,
ROI_42,207,1
,,
ROI_42,208,3
,,
ROI_42,209,0
,,
ROI_42,210,2
,,
ROI_42,211,2
,,
ROI_42,212,0
,,
ROI_42,213,2
,,
ROI_42,214,0
,,
ROI_42,215,1
,,
ROI_42,216,0
,,
ROI_42,217,0
,,
ROI_42,218,1
,,
ROI_42,219,0
,,
ROI_42,220,0
,,
ROI_42,221,2
,,
ROI_42,222,2
,,
ROI_42,223,0
,,
ROI_42,224,0
,,
ROI_42,225,2
,,
ROI_42,226,0
,,
ROI_42,227,3
,,
ROI_42,228,0
,,
ROI_42,229,0
,,
ROI_42,230,1
,,
ROI_42,231,2
,,
ROI_42,232,1
,,
ROI_42,233,1
,,
ROI_42,234,0
,,
ROI_42,235,1
,,
ROI_42,236,1
,,
ROI_42,237,1
,,
ROI_42,238,0
,,
ROI_42,239,4
,,
ROI_42,240,1
,,
ROI_42,241,1
,,
ROI_42,242,1
,,
ROI_42,243,3
,,
ROI_42,244,0
,,
ROI_42,245,2
,,
ROI_42,246,0
,,
ROI_42,247,0
,,
ROI_42,248,1
,,
ROI_42,249,1
,,
ROI_42,250,1
,,
ROI_42,251,1
,,
ROI_42,252,1
,,
ROI_42,253,0
,,
ROI_42,254,1
,,
ROI_42,255,175
,,
ROI_43,0,8111
,,
ROI_43,1,364
,,
ROI_43,2,227
,,
ROI_43,3,222
,,
ROI_43,4,162
,,
ROI_43,5,174
,,
ROI_43,6,153
,,
ROI_43,7,145
,,
ROI_43,8,141
,,
ROI_43,9,97
,,
ROI_43,10,106
,,
ROI_43,11,90
,,
ROI_43,12,96
,,
ROI_43,13,72
,,
ROI_43,14,69
,,
ROI_43,15,63
,,
ROI_43,16,61
,,
ROI_43,17,45
,,
ROI_43,18,45
,,
ROI_43,19,49
,,
ROI_43,20,47
,,
ROI_43,21,40
,,
ROI_43,22,39
,,
ROI_43,23,36
,,
ROI_43,24,32
,,
ROI_43,25,34
,,
ROI_43,26,25
,,
ROI_43,27,28
,,
ROI_43,28,32
,,
ROI_43,29,27
,,
ROI_43,30,31
,,
ROI_43,31,28
,,
ROI_43,32,16
,,
ROI_43,33,30
,,
ROI_43,34,17
,,
ROI_43,35,21
,,
ROI_43,36,26
,,
ROI_43,37,21
,,
ROI_43,38,31
,,
ROI_43,39,15
,,
ROI_43,40,24
,,
ROI_43,41,24
,,
ROI_43,42,15
,,
ROI_43,43,19
,,
ROI_43,44,16
,,
ROI_43,45,13
,,
ROI_43,46,17
,,
ROI_43,47,16
,,
ROI_43,48,19
,,
ROI_43,49,14
,,
ROI_43,50,12
,,
ROI_43,51,20
,,
ROI_43,52,18
,,
ROI_43,53,21
,,
ROI_43,54,13
,,
ROI_43,55,7
,,
ROI_43,56,16
,,
ROI_43,57,15
,,
ROI_43,58,14
,,
ROI_43,59,9
,,
ROI_43,60,16
,,
ROI_43,61,18
,,
ROI_43,62,13
,,
ROI_43,63,17
,,
ROI_43,64,14
,,
ROI_43,65,8
,,
ROI_43,66,17
,,
ROI_43,67,8
,,
ROI_43,68,9
,,
ROI_43,69,12
,,
ROI_43,70,12
,,
ROI_43,71,12
,,
ROI_43,72,11
,,
ROI_43,73,10
,,
ROI_43,74,11
,,
ROI_43,75,9
,,
ROI_43,76,9
,,
ROI_43,77,7
,,
ROI_43,78,7
,,
ROI_43,79,16
,,
ROI_43,80,13
,,
ROI_43,81,7
,,
ROI_43,82,12
,,
ROI_43,83,8
,,
ROI_43,84,12
,,
ROI_43,85,13
,,
ROI_43,86,7
,,
ROI_43,87,10
,,
ROI_43,88,9
,,
ROI_43,89,9
,,
ROI_43,90,9
,,
ROI_43,91,6
,,
ROI_43,92,9
,,
ROI_43,93,12
,,
ROI_43,94,7
,,
ROI_43,95,7
,,
ROI_43,96,7
,,
ROI_43,97,4
,,
ROI_43,98,10
,,
ROI_43,99,5
,,
ROI_43,100,11
,,
ROI_43,101,4
,,
ROI_43,102,9
,,
ROI_43,103,7
,,
ROI_43,104,6
,,
ROI_43,105,4
,,
ROI_43,106,10
,,
ROI_43,107,7
,,
ROI_43,108,2
,,
ROI_43,109,10
,,
ROI_43,110,5
,,
ROI_43,111,6
,,
ROI_43,112,5
,,
ROI_43,113,7
,,
ROI_43,114,7
,,
ROI_43,115,6
,,
ROI_43,116,9
,,
ROI_43,117,7
,,
ROI_43,118,9
,,
ROI_43,119,1
,,
ROI_43,120,6
,,
ROI_43,121,4
,,
ROI_43,122,6
,,
ROI_43,123,7
,,
ROI_43,124,4
,,
ROI_43,125,4
,,
ROI_43,126,5
,,
ROI_43,127,5
,,
ROI_43,128,7
,,
ROI_43,129,6
,,
ROI_43,130,2
,,
ROI_43,131,4
,,
ROI_43,132,4
,,
ROI_43,133,2
,,
ROI_43,134,3
,,
ROI_43,135,3
,,
ROI_43,136,5
,,
ROI_43,137,6
,,
ROI_43,138,4
,,
ROI_43,139,0
,,
ROI_43,140,2
,,
ROI_43,141,3
,,
ROI_43,142,0
,,
ROI_43,143,7
,,
ROI_43,144,3
,,
ROI_43,145,6
,,
ROI_43,146,3
,,
ROI_43,147,3
,,
ROI_43,148,6
,,
ROI_43,149,6
,,
ROI_43,150,4
,,
ROI_43,151,5
,,
ROI_43,152,5
,,
ROI_43,153,2
,,
ROI_43,154,3
,,
ROI_43,155,4
,,
ROI_43,156,6
,,
ROI_43,157,1
,,
ROI_43,158,3
,,
ROI_43,159,3
,,
ROI_43,160,1
,,
ROI_43,161,1
,,
ROI_43,162,3
,,
ROI_43,163,1
,,
ROI_43,164,1
,,
ROI_43,165,1
,,
ROI_43,166,2
,,
ROI_43,167,1
,,
ROI_43,168,2
,,
ROI_43,169,5
,,
ROI_43,170,2
,,
ROI_43,171,5
,,
ROI_43,172,3
,,
ROI_43,173,0
,,
ROI_43,174,1
,,
ROI_43,175,2
,,
ROI_43,176,0
,,
ROI_43,177,1
,,
ROI_43,178,1
,,
ROI_43,179,2
,,
ROI_43,180,3
,,
ROI_43,181,1
,,
ROI_43,182,3
,,
ROI_43,183,3
,,
ROI_43,184,2
,,
ROI_43,185,1
,,
ROI_43,186,2
,,
ROI_43,187,2
,,
ROI_43,188,3
,,
ROI_43,189,0
,,
ROI_43,190,2
,,
ROI_43,191,1
,,
ROI_43,192,0
,,
ROI_43,193,3
,,
ROI_43,194,2
,,
ROI_43,195,1
,,
ROI_43,196,3
,,
ROI_43,197,0
,,
ROI_43,198,0
,,
ROI_43,199,2
,,
ROI_43,200,0
,,
ROI_43,201,0
,,
ROI_43,202,0
,,
ROI_43,203,1
,,
ROI_43,204,1
,,
ROI_43,205,3
,,
ROI_43,206,2
,,
ROI_43,207,1
,,
ROI_43,208,2
,,
ROI_43,209,0
,,
ROI_43,210,3
,,
ROI_43,211,2
,,
ROI_43,212,3
,,
ROI_43,213,3
,,
ROI_43,214,0
,,
ROI_43,215,1
,,
ROI_43,216,1
,,
ROI_43,217,3
,,
ROI_43,218,0
,,
ROI_43,219,0
,,
ROI_43,220,2
,,
ROI_43,221,1
,,
ROI_43,222,1
,,
ROI_43,223,1
,,
ROI_43,224,0
,,
ROI_43,225,1
,,
ROI_43,226,1
,,
ROI_43,227,1
,,
ROI_43,228,0
,,
ROI_43,229,1
,,
ROI_43,230,1
,,
ROI_43,231,0
,,
ROI_43,232,1
,,
ROI_43,233,2
,,
ROI_43,234,0
,,
ROI_43,235,0
,,
ROI_43,236,0
,,
ROI_43,237,1
,,
ROI_43,238,1
,,
ROI_43,239,2
,,
ROI_43,240,0
,,
ROI_43,241,1
,,
ROI_43,242,1
,,
ROI_43,243,0
,,
ROI_43,244,2
,,
ROI_43,245,1
,,
ROI_43,246,1
,,
ROI_43,247,1
,,
ROI_43,248,2
,,
ROI_43,249,1
,,
ROI_43,250,0
,,
ROI_43,251,2
,,
ROI_43,252,2
,,
ROI_43,253,1
,,
ROI_43,254,0
,,
ROI_43,255,69
,,
ROI_44,0,19796
,,
ROI_44,1,1055
,,
ROI_44,2,691
,,
ROI_44,3,628
,,
ROI_44,4,527
,,
ROI_44,5,462
,,
ROI_44,6,337
,,
ROI_44,7,323
,,
ROI_44,8,286
,,
ROI_44,9,273
,,
ROI_44,10,258
,,
ROI_44,11,206
,,
ROI_44,12,219
,,
ROI_44,13,181
,,
ROI_44,14,199
,,
ROI_44,15,156
,,
ROI_44,16,149
,,
ROI_44,17,129
,,
ROI_44,18,136
,,
ROI_44,19,117
,,
ROI_44,20,122
,,
ROI_44,21,103
,,
ROI_44,22,91
,,
ROI_44,23,105
,,
ROI_44,24,97
,,
ROI_44,25,96
,,
ROI_44,26,67
,,
ROI_44,27,86
,,
ROI_44,28,52
,,
ROI_44,29,72
,,
ROI_44,30,66
,,
ROI_44,31,74
,,
ROI_44,32,71
,,
ROI_44,33,57
,,
ROI_44,34,57
,,
ROI_44,35,47
,,
ROI_44,36,57
,,
ROI_44,37,45
,,
ROI_44,38,49
,,
ROI_44,39,42
,,
ROI_44,40,39
,,
ROI_44,41,34
,,
ROI_44,42,53
,,
ROI_44,43,47
,,
ROI_44,44,47
,,
ROI_44,45,38
,,
ROI_44,46,47
,,
ROI_44,47,39
,,
ROI_44,48,50
,,
ROI_44,49,36
,,
ROI_44,50,34
,,
ROI_44,51,43
,,
ROI_44,52,31
,,
ROI_44,53,30
,,
ROI_44,54,33
,,
ROI_44,55,36
,,
ROI_44,56,40
,,
ROI_44,57,30
,,
ROI_44,58,27
,,
ROI_44,59,25
,,
ROI_44,60,21
,,
ROI_44,61,43
,,
ROI_44,62,25
,,
ROI_44,63,25
,,
ROI_44,64,11
,,
ROI_44,65,21
,,
ROI_44,66,27
,,
ROI_44,67,19
,,
ROI_44,68,26
,,
ROI_44,69,20
,,
ROI_44,70,31
,,
ROI_44,71,24
,,
ROI_44,72,19
,,
ROI_44,73,15
,,
ROI_44,74,19
,,
ROI_44,75,17
,,
ROI_44,76,27
,,
ROI_44,77,23
,,
ROI_44,78,26
,,
ROI_44,79,21
,,
ROI_44,80,19
,,
ROI_44,81,19
,,
ROI_44,82,23
,,
ROI_44,83,24
,,
ROI_44,84,20
,,
ROI_44,85,21
,,
ROI_44,86,13
,,
ROI_44,87,28
,,
ROI_44,88,17
,,
ROI_44,89,17
,,
ROI_44,90,11
,,
ROI_44,91,19
,,
ROI_44,92,14
,,
ROI_44,93,14
,,
ROI_44,94,16
,,
ROI_44,95,19
,,
ROI_44,96,14
,,
ROI_44,97,15
,,
ROI_44,98,11
,,
ROI_44,99,12
,,
ROI_44,100,12
,,
ROI_44,101,13
,,
ROI_44,102,12
,,
ROI_44,103,12
,,
ROI_44,104,15
,,
ROI_44,105,8
,,
ROI_44,106,11
,,
ROI_44,107,6
,,
ROI_44,108,11
,,
ROI_44,109,14
,,
ROI_44,110,11
,,
ROI_44,111,15
,,
ROI_44,112,9
,,
ROI_44,113,19
,,
ROI_44,114,9
,,
ROI_44,115,7
,,
ROI_44,116,14
,,
ROI_44,117,8
,,
ROI_44,118,12
,,
ROI_44,119,21
,,
ROI_44,120,14
,,
ROI_44,121,7
,,
ROI_44,122,10
,,
ROI_44,123,17
,,
ROI_44,124,16
,,
ROI_44,125,8
,,
ROI_44,126,9
,,
ROI_44,127,9
,,
ROI_44,128,13
,,
ROI_44,129,10
,,
ROI_44,130,7
,,
ROI_44,131,3
,,
ROI_44,132,13
,,
ROI_44,133,5
,,
ROI_44,134,6
,,
ROI_44,135,7
,,
ROI_44,136,3
,,
ROI_44,137,13
,,
ROI_44,138,6
,,
ROI_44,139,8
,,
ROI_44,140,10
,,
ROI_44,141,7
,,
ROI_44,142,9
,,
ROI_44,143,11
,,
ROI_44,144,5
,,
ROI_44,145,4
,,
ROI_44,146,11
,,
ROI_44,147,6
,,
ROI_44,148,5
,,
ROI_44,149,7
,,
ROI_44,150,11
,,
ROI_44,151,3
,,
ROI_44,152,11
,,
ROI_44,153,4
,,
ROI_44,154,5
,,
ROI_44,155,6
,,
ROI_44,156,5
,,
ROI_44,157,6
,,
ROI_44,158,5
,,
ROI_44,159,6
,,
ROI_44,160,11
,,
ROI_44,161,8
,,
ROI_44,162,1
,,
ROI_44,163,3
,,
ROI_44,164,6
,,
ROI_44,165,6
,,
ROI_44,166,9
,,
ROI_44,167,4
,,
ROI_44,168,8
,,
ROI_44,169,9
,,
ROI_44,170,2
,,
ROI_44,171,9
,,
ROI_44,172,4
,,
ROI_44,173,7
,,
ROI_44,174,7
,,
ROI_44,175,5
,,
ROI_44,176,9
,,
ROI_44,177,6
,,
ROI_44,178,0
,,
ROI_44,179,3
,,
ROI_44,180,5
,,
ROI_44,181,7
,,
ROI_44,182,6
,,
ROI_44,183,6
,,
ROI_44,184,2
,,
ROI_44,185,1
,,
ROI_44,186,3
,,
ROI_44,187,11
,,
ROI_44,188,3
,,
ROI_44,189,3
,,
ROI_44,190,3
,,
ROI_44,191,7
,,
ROI_44,192,3
,,
ROI_44,193,3
,,
ROI_44,194,4
,,
ROI_44,195,3
,,
ROI_44,196,3
,,
ROI_44,197,6
,,
ROI_44,198,1
,,
ROI_44,199,1
,,
ROI_44,200,5
,,
ROI_44,201,5
,,
ROI_44,202,3
,,
ROI_44,203,2
,,
ROI_44,204,3
,,
ROI_44,205,6
,,
ROI_44,206,6
,,
ROI_44,207,2
,,
ROI_44,208,1
,,
ROI_44,209,6
,,
ROI_44,210,5
,,
ROI_44,211,2
,,
ROI_44,212,1
,,
ROI_44,213,2
,,
ROI_44,214,3
,,
ROI_44,215,1
,,
ROI_44,216,5
,,
ROI_44,217,0
,,
ROI_44,218,2
,,
ROI_44,219,9
,,
ROI_44,220,1
,,
ROI_44,221,2
,,
ROI_44,222,4
,,
ROI_44,223,2
,,
ROI_44,224,1
,,
ROI_44,225,7
,,
ROI_44,226,3
,,
ROI_44,227,2
,,
ROI_44,228,3
,,
ROI_44,229,2
,,
ROI_44,230,5
,,
ROI_44,231,3
,,
ROI_44,232,3
,,
ROI_44,233,4
,,
ROI_44,234,4
,,
ROI_44,235,2
,,
ROI_44,236,3
,,
ROI_44,237,4
,,
ROI_44,238,2
,,
ROI_44,239,2
,,
ROI_44,240,2
,,
ROI_44,241,2
,,
ROI_44,242,3
,,
ROI_44,243,2
,,
ROI_44,244,3
,,
ROI_44,245,0
,,
ROI_44,246,3
,,
ROI_44,247,3
,,
ROI_44,248,2
,,
ROI_44,249,6
,,
ROI_44,250,1
,,
ROI_44,251,2
,,
ROI_44,252,1
,,
ROI_44,253,3
,,
ROI_44,254,0
,,
ROI_44,255,286
,,
ROI_45,0,10802
,,
ROI_45,1,474
,,
ROI_45,2,297
,,
ROI_45,3,226
,,
ROI_45,4,192
,,
ROI_45,5,153
,,
ROI_45,6,161
,,
ROI_45,7,138
,,
ROI_45,8,130
,,
ROI_45,9,130
,,
ROI_45,10,134
,,
ROI_45,11,86
,,
ROI_45,12,89
,,
ROI_45,13,71
,,
ROI_45,14,84
,,
ROI_45,15,66
,,
ROI_45,16,82
,,
ROI_45,17,69
,,
ROI_45,18,74
,,
ROI_45,19,61
,,
ROI_45,20,70
,,
ROI_45,21,62
,,
ROI_45,22,47
,,
ROI_45,23,64
,,
ROI_45,24,43
,,
ROI_45,25,55
,,
ROI_45,26,41
,,
ROI_45,27,53
,,
ROI_45,28,42
,,
ROI_45,29,44
,,
ROI_45,30,42
,,
ROI_45,31,52
,,
ROI_45,32,40
,,
ROI_45,33,42
,,
ROI_45,34,38
,,
ROI_45,35,43
,,
ROI_45,36,33
,,
ROI_45,37,42
,,
ROI_45,38,34
,,
ROI_45,39,30
,,
ROI_45,40,30
,,
ROI_45,41,32
,,
ROI_45,42,33
,,
ROI_45,43,28
,,
ROI_45,44,18
,,
ROI_45,45,20
,,
ROI_45,46,30
,,
ROI_45,47,34
,,
ROI_45,48,24
,,
ROI_45,49,23
,,
ROI_45,50,21
,,
ROI_45,51,19
,,
ROI_45,52,24
,,
ROI_45,53,22
,,
ROI_45,54,23
,,
ROI_45,55,24
,,
ROI_45,56,22
,,
ROI_45,57,31
,,
ROI_45,58,16
,,
ROI_45,59,17
,,
ROI_45,60,18
,,
ROI_45,61,23
,,
ROI_45,62,18
,,
ROI_45,63,13
,,
ROI_45,64,11
,,
ROI_45,65,18
,,
ROI_45,66,16
,,
ROI_45,67,17
,,
ROI_45,68,18
,,
ROI_45,69,13
,,
ROI_45,70,18
,,
ROI_45,71,11
,,
ROI_45,72,11
,,
ROI_45,73,14
,,
ROI_45,74,14
,,
ROI_45,75,12
,,
ROI_45,76,13
,,
ROI_45,77,11
,,
ROI_45,78,8
,,
ROI_45,79,20
,,
ROI_45,80,7
,,
ROI_45,81,16
,,
ROI_45,82,11
,,
ROI_45,83,27
,,
ROI_45,84,8
,,
ROI_45,85,4
,,
ROI_45,86,12
,,
ROI_45,87,15
,,
ROI_45,88,6
,,
ROI_45,89,15
,,
ROI_45,90,5
,,
ROI_45,91,8
,,
ROI_45,92,10
,,
ROI_45,93,6
,,
ROI_45,94,9
,,
ROI_45,95,14
,,
ROI_45,96,11
,,
ROI_45,97,14
,,
ROI_45,98,11
,,
ROI_45,99,6
,,
ROI_45,100,8
,,
ROI_45,101,11
,,
ROI_45,102,10
,,
ROI_45,103,8
,,
ROI_45,104,11
,,
ROI_45,105,9
,,
ROI_45,106,9
,,
ROI_45,107,10
,,
ROI_45,108,7
,,
ROI_45,109,7
,,
ROI_45,110,5
,,
ROI_45,111,8
,,
ROI_45,112,4
,,
ROI_45,113,11
,,
ROI_45,114,7
,,
ROI_45,115,4
,,
ROI_45,116,8
,,
ROI_45,117,7
,,
ROI_45,118,7
,,
ROI_45,119,4
,,
ROI_45,120,6
,,
ROI_45,121,8
,,
ROI_45,122,9
,,
ROI_45,123,4
,,
ROI_45,124,8
,,
ROI_45,125,6
,,
ROI_45,126,9
,,
ROI_45,127,7
,,
ROI_45,128,8
,,
ROI_45,129,3
,,
ROI_45,130,10
,,
ROI_45,131,2
,,
ROI_45,132,6
,,
ROI_45,133,3
,,
ROI_45,134,5
,,
ROI_45,135,6
,,
ROI_45,136,4
,,
ROI_45,137,6
,,
ROI_45,138,4
,,
ROI_45,139,8
,,
ROI_45,140,2
,,
ROI_45,141,0
,,
ROI_45,142,6
,,
ROI_45,143,8
,,
ROI_45,144,4
,,
ROI_45,145,5
,,
ROI_45,146,1
,,
ROI_45,147,4
,,
ROI_45,148,8
,,
ROI_45,149,4
,,
ROI_45,150,3
,,
ROI_45,151,3
,,
ROI_45,152,3
,,
ROI_45,153,7
,,
ROI_45,154,4
,,
ROI_45,155,4
,,
ROI_45,156,3
,,
ROI_45,157,3
,,
ROI_45,158,4
,,
ROI_45,159,4
,,
ROI_45,160,2
,,
ROI_45,161,1
,,
ROI_45,162,5
,,
ROI_45,163,3
,,
ROI_45,164,3
,,
ROI_45,165,6
,,
ROI_45,166,3
,,
ROI_45,167,1
,,
ROI_45,168,4
,,
ROI_45,169,0
,,
ROI_45,170,4
,,
ROI_45,171,6
,,
ROI_45,172,3
,,
ROI_45,173,0
,,
ROI_45,174,3
,,
ROI_45,175,3
,,
ROI_45,176,3
,,
ROI_45,177,2
,,
ROI_45,178,2
,,
ROI_45,179,3
,,
ROI_45,180,4
,,
ROI_45,181,0
,,
ROI_45,182,2
,,
ROI_45,183,3
,,
ROI_45,184,8
,,
ROI_45,185,2
,,
ROI_45,186,1
,,
ROI_45,187,6
,,
ROI_45,188,1
,,
ROI_45,189,4
,,
ROI_45,190,1
,,
ROI_45,191,5
,,
ROI_45,192,0
,,
ROI_45,193,2
,,
ROI_45,194,4
,,
ROI_45,195,0
,,
ROI_45,196,2
,,
ROI_45,197,2
,,
ROI_45,198,5
,,
ROI_45,199,2
,,
ROI_45,200,3
,,
ROI_45,201,3
,,
ROI_45,202,3
,,
ROI_45,203,3
,,
ROI_45,204,2
,,
ROI_45,205,1
,,
ROI_45,206,2
,,
ROI_45,207,2
,,
ROI_45,208,2
,,
ROI_45,209,2
,,
ROI_45,210,1
,,
ROI_45,211,4
,,
ROI_45,212,3
,,
ROI_45,213,2
,,
ROI_45,214,1
,,
ROI_45,215,1
,,
ROI_45,216,2
,,
ROI_45,217,2
,,
ROI_45,218,2
,,
ROI_45,219,4
,,
ROI_45,220,4
,,
ROI_45,221,1
,,
ROI_45,222,0
,,
ROI_45,223,2
,,
ROI_45,224,1
,,
ROI_45,225,2
,,
ROI_45,226,1
,,
ROI_45,227,2
,,
ROI_45,228,1
,,
ROI_45,229,4
,,
ROI_45,230,5
,,
ROI_45,231,1
,,
ROI_45,232,3
,,
ROI_45,233,4
,,
ROI_45,234,2
,,
ROI_45,235,2
,,
ROI_45,236,2
,,
ROI_45,237,1
,,
ROI_45,238,1
,,
ROI_45,239,2
,,
ROI_45,240,1
,,
ROI_45,241,1
,,
ROI_45,242,3
,,
ROI_45,243,2
,,
ROI_45,244,1
,,
ROI_45,245,0
,,
ROI_45,246,2
,,
ROI_45,247,4
,,
ROI_45,248,3
,,
ROI_45,249,4
,,
ROI_45,250,0
,,
ROI_45,251,1
,,
ROI_45,252,0
,,
ROI_45,253,2
,,
ROI_45,254,5
,,
ROI_45,255,198
,,
ROI_46,0,7762
,,
ROI_46,1,337
,,
ROI_46,2,214
,,
ROI_46,3,185
,,
ROI_46,4,139
,,
ROI_46,5,114
,,
ROI_46,6,95
,,
ROI_46,7,81
,,
ROI_46,8,65
,,
ROI_46,9,59
,,
ROI_46,10,61
,,
ROI_46,11,47
,,
ROI_46,12,58
,,
ROI_46,13,37
,,
ROI_46,14,47
,,
ROI_46,15,18
,,
ROI_46,16,25
,,
ROI_46,17,30
,,
ROI_46,18,28
,,
ROI_46,19,20
,,
ROI_46,20,27
,,
ROI_46,21,14
,,
ROI_46,22,19
,,
ROI_46,23,25
,,
ROI_46,24,22
,,
ROI_46,25,13
,,
ROI_46,26,17
,,
ROI_46,27,20
,,
ROI_46,28,10
,,
ROI_46,29,15
,,
ROI_46,30,12
,,
ROI_46,31,17
,,
ROI_46,32,11
,,
ROI_46,33,11
,,
ROI_46,34,14
,,
ROI_46,35,15
,,
ROI_46,36,13
,,
ROI_46,37,11
,,
ROI_46,38,7
,,
ROI_46,39,14
,,
ROI_46,40,5
,,
ROI_46,41,11
,,
ROI_46,42,7
,,
ROI_46,43,11
,,
ROI_46,44,12
,,
ROI_46,45,9
,,
ROI_46,46,7
,,
ROI_46,47,7
,,
ROI_46,48,6
,,
ROI_46,49,9
,,
ROI_46,50,9
,,
ROI_46,51,14
,,
ROI_46,52,7
,,
ROI_46,53,5
,,
ROI_46,54,4
,,
ROI_46,55,7
,,
ROI_46,56,6
,,
ROI_46,57,13
,,
ROI_46,58,5
,,
ROI_46,59,5
,,
ROI_46,60,11
,,
ROI_46,61,5
,,
ROI_46,62,8
,,
ROI_46,63,10
,,
ROI_46,64,7
,,
ROI_46,65,11
,,
ROI_46,66,6
,,
ROI_46,67,6
,,
ROI_46,68,7
,,
ROI_46,69,3
,,
ROI_46,70,7
,,
ROI_46,71,4
,,
ROI_46,72,5
,,
ROI_46,73,2
,,
ROI_46,74,4
,,
ROI_46,75,4
,,
ROI_46,76,5
,,
ROI_46,77,6
,,
ROI_46,78,1
,,
ROI_46,79,3
,,
ROI_46,80,4
,,
ROI_46,81,3
,,
ROI_46,82,4
,,
ROI_46,83,4
,,
ROI_46,84,3
,,
ROI_46,85,4
,,
ROI_46,86,0
,,
ROI_46,87,4
,,
ROI_46,88,0
,,
ROI_46,89,2
,,
ROI_46,90,1
,,
ROI_46,91,2
,,
ROI_46,92,2
,,
ROI_46,93,4
,,
ROI_46,94,2
,,
ROI_46,95,2
,,
ROI_46,96,7
,,
ROI_46,97,3
,,
ROI_46,98,3
,,
ROI_46,99,4
,,
ROI_46,100,2
,,
ROI_46,101,2
,,
ROI_46,102,3
,,
ROI_46,103,1
,,
ROI_46,104,0
,,
ROI_46,105,1
,,
ROI_46,106,1
,,
ROI_46,107,1
,,
ROI_46,108,7
,,
ROI_46,109,2
,,
ROI_46,110,1
,,
ROI_46,111,3
,,
ROI_46,112,1
,,
ROI_46,113,3
,,
ROI_46,114,3
,,
ROI_46,115,1
,,
ROI_46,116,5
,,
ROI_46,117,2
,,
ROI_46,118,2
,,
ROI_46,119,1
,,
ROI_46,120,1
,,
ROI_46,121,3
,,
ROI_46,122,2
,,
ROI_46,123,2
,,
ROI_46,124,5
,,
ROI_46,125,2
,,
ROI_46,126,2
,,
ROI_46,127,1
,,
ROI_46,128,3
,,
ROI_46,129,2
,,
ROI_46,130,1
,,
ROI_46,131,0
,,
ROI_46,132,1
,,
ROI_46,133,4
,,
ROI_46,134,1
,,
ROI_46,135,2
,,
ROI_46,136,2
,,
ROI_46,137,1
,,
ROI_46,138,0
,,
ROI_46,139,1
,,
ROI_46,140,1
,,
ROI_46,141,1
,,
ROI_46,142,3
,,
ROI_46,143,2
,,
ROI_46,144,1
,,
ROI_46,145,1
,,
ROI_46,146,2
,,
ROI_46,147,1
,,
ROI_46,148,3
,,
ROI_46,149,2
,,
ROI_46,150,0
,,
ROI_46,151,0
,,
ROI_46,152,4
,,
ROI_46,153,4
,,
ROI_46,154,2
,,
ROI_46,155,0
,,
ROI_46,156,1
,,
ROI_46,157,1
,,
ROI_46,158,1
,,
ROI_46,159,2
,,
ROI_46,160,1
,,
ROI_46,161,1
,,
ROI_46,162,1
,,
ROI_46,163,0
,,
ROI_46,164,1
,,
ROI_46,165,1
,,
ROI_46,166,1
,,
ROI_46,167,0
,,
ROI_46,168,1
,,
ROI_46,169,1
,,
ROI_46,170,0
,,
ROI_46,171,1
,,
ROI_46,172,2
,,
ROI_46,173,2
,,
ROI_46,174,0
,,
ROI_46,175,0
,,
ROI_46,176,1
,,
ROI_46,177,1
,,
ROI_46,178,4
,,
ROI_46,179,0
,,
ROI_46,180,1
,,
ROI_46,181,1
,,
ROI_46,182,3
,,
ROI_46,183,1
,,
ROI_46,184,1
,,
ROI_46,185,0
,,
ROI_46,186,1
,,
ROI_46,187,0
,,
ROI_46,188,2
,,
ROI_46,189,0
,,
ROI_46,190,0
,,
ROI_46,191,1
,,
ROI_46,192,0
,,
ROI_46,193,0
,,
ROI_46,194,0
,,
ROI_46,195,2
,,
ROI_46,196,1
,,
ROI_46,197,0
,,
ROI_46,198,2
,,
ROI_46,199,2
,,
ROI_46,200,0
,,
ROI_46,201,0
,,
ROI_46,202,0
,,
ROI_46,203,0
,,
ROI_46,204,0
,,
ROI_46,205,0
,,
ROI_46,206,0
,,
ROI_46,207,2
,,
ROI_46,208,0
,,
ROI_46,209,1
,,
ROI_46,210,0
,,
ROI_46,211,0
,,
ROI_46,212,0
,,
ROI_46,213,1
,,
ROI_46,214,3
,,
ROI_46,215,0
,,
ROI_46,216,0
,,
ROI_46,217,2
,,
ROI_46,218,1
,,
ROI_46,219,0
,,
ROI_46,220,0
,,
ROI_46,221,0
,,
ROI_46,222,1
,,
ROI_46,223,0
,,
ROI_46,224,0
,,
ROI_46,225,1
,,
ROI_46,226,2
,,
ROI_46,227,1
,,
ROI_46,228,1
,,
ROI_46,229,3
,,
ROI_46,230,3
,,
ROI_46,231,0
,,
ROI_46,232,1
,,
ROI_46,233,1
,,
ROI_46,234,0
,,
ROI_46,235,0
,,
ROI_46,236,0
,,
ROI_46,237,3
,,
ROI_46,238,0
,,
ROI_46,239,0
,,
ROI_46,240,0
,,
ROI_46,241,0
,,
ROI_46,242,0
,,
ROI_46,243,1
,,
ROI_46,244,0
,,
ROI_46,245,0
,,
ROI_46,246,1
,,
ROI_46,247,1
,,
ROI_46,248,0
,,
ROI_46,249,1
,,
ROI_46,250,1
,,
ROI_46,251,1
,,
ROI_46,252,1
,,
ROI_46,253,1
,,
ROI_46,254,0
,,
ROI_46,255,26
,,
ROI_47,0,1457
,,
ROI_47,1,55
,,
ROI_47,2,26
,,
ROI_47,3,25
,,
ROI_47,4,20
,,
ROI_47,5,16
,,
ROI_47,6,15
,,
ROI_47,7,13
,,
ROI_47,8,8
,,
ROI_47,9,8
,,
ROI_47,10,11
,,
ROI_47,11,6
,,
ROI_47,12,7
,,
ROI_47,13,8
,,
ROI_47,14,7
,,
ROI_47,15,9
,,
ROI_47,16,6
,,
ROI_47,17,6
,,
ROI_47,18,3
,,
ROI_47,19,8
,,
ROI_47,20,5
,,
ROI_47,21,2
,,
ROI_47,22,5
,,
ROI_47,23,2
,,
ROI_47,24,5
,,
ROI_47,25,5
,,
ROI_47,26,3
,,
ROI_47,27,2
,,
ROI_47,28,5
,,
ROI_47,29,8
,,
ROI_47,30,1
,,
ROI_47,31,2
,,
ROI_47,32,2
,,
ROI_47,33,1
,,
ROI_47,34,1
,,
ROI_47,35,0
,,
ROI_47,36,1
,,
ROI_47,37,3
,,
ROI_47,38,3
,,
ROI_47,39,3
,,
ROI_47,40,1
,,
ROI_47,41,2
,,
ROI_47,42,1
,,
ROI_47,43,5
,,
ROI_47,44,0
,,
ROI_47,45,0
,,
ROI_47,46,0
,,
ROI_47,47,3
,,
ROI_47,48,2
,,
ROI_47,49,2
,,
ROI_47,50,0
,,
ROI_47,51,1
,,
ROI_47,52,2
,,
ROI_47,53,1
,,
ROI_47,54,3
,,
ROI_47,55,0
,,
ROI_47,56,2
,,
ROI_47,57,0
,,
ROI_47,58,1
,,
ROI_47,59,0
,,
ROI_47,60,2
,,
ROI_47,61,2
,,
ROI_47,62,2
,,
ROI_47,63,0
,,
ROI_47,64,1
,,
ROI_47,65,1
,,
ROI_47,66,0
,,
ROI_47,67,0
,,
ROI_47,68,1
,,
ROI_47,69,1
,,
ROI_47,70,0
,,
ROI_47,71,1
,,
ROI_47,72,1
,,
ROI_47,73,1
,,
ROI_47,74,2
,,
ROI_47,75,1
,,
ROI_47,76,0
,,
ROI_47,77,2
,,
ROI_47,78,2
,,
ROI_47,79,0
,,
ROI_47,80,0
,,
ROI_47,81,0
,,
ROI_47,82,1
,,
ROI_47,83,1
,,
ROI_47,84,0
,,
ROI_47,85,1
,,
ROI_47,86,0
,,
ROI_47,87,0
,,
ROI_47,88,2
,,
ROI_47,89,0
,,
ROI_47,90,1
,,
ROI_47,91,2
,,
ROI_47,92,1
,,
ROI_47,93,0
,,
ROI_47,94,0
,,
ROI_47,95,0
,,
ROI_47,96,0
,,
ROI_47,97,0
,,
ROI_47,98,0
,,
ROI_47,99,2
,,
ROI_47,100,0
,,
ROI_47,101,0
,,
ROI_47,102,1
,,
ROI_47,103,1
,,
ROI_47,104,0
,,
ROI_47,105,0
,,
ROI_47,106,0
,,
ROI_47,107,1
,,
ROI_47,108,0
,,
ROI_47,109,0
,,
ROI_47,110,0
,,
ROI_47,111,0
,,
ROI_47,112,1
,,
ROI_47,113,1
,,
ROI_47,114,0
,,
ROI_47,115,0
,,
ROI_47,116,0
,,
ROI_47,117,1
,,
ROI_47,118,0
,,
ROI_47,119,0
,,
ROI_47,120,0
,,
ROI_47,121,0
,,
ROI_47,122,0
,,
ROI_47,123,0
,,
ROI_47,124,1
,,
ROI_47,125,0
,,
ROI_47,126,0
,,
ROI_47,127,0
,,
ROI_47,128,0
,,
ROI_47,129,1
,,
ROI_47,130,0
,,
ROI_47,131,1
,,
ROI_47,132,1
,,
ROI_47,133,0
,,
ROI_47,134,0
,,
ROI_47,135,1
,,
ROI_47,136,0
,,
ROI_47,137,0
,,
ROI_47,138,0
,,
ROI_47,139,1
,,
ROI_47,140,1
,,
ROI_47,141,0
,,
ROI_47,142,1
,,
ROI_47,143,1
,,
ROI_47,144,0
,,
ROI_47,145,0
,,
ROI_47,146,0
,,
ROI_47,147,1
,,
ROI_47,148,0
,,
ROI_47,149,1
,,
ROI_47,150,0
,,
ROI_47,151,1
,,
ROI_47,152,0
,,
ROI_47,153,1
,,
ROI_47,154,0
,,
ROI_47,155,0
,,
ROI_47,156,1
,,
ROI_47,157,0
,,
ROI_47,158,0
,,
ROI_47,159,0
,,
ROI_47,160,0
,,
ROI_47,161,0
,,
ROI_47,162,0
,,
ROI_47,163,1
,,
ROI_47,164,0
,,
ROI_47,165,0
,,
ROI_47,166,1
,,
ROI_47,167,1
,,
ROI_47,168,1
,,
ROI_47,169,1
,,
ROI_47,170,1
,,
ROI_47,171,1
,,
ROI_47,172,0
,,
ROI_47,173,0
,,
ROI_47,174,1
,,
ROI_47,175,0
,,
ROI_47,176,0
,,
ROI_47,177,0
,,
ROI_47,178,0
,,
ROI_47,179,0
,,
ROI_47,180,0
,,
ROI_47,181,1
,,
ROI_47,182,0
,,
ROI_47,183,0
,,
ROI_47,184,0
,,
ROI_47,185,0
,,
ROI_47,186,0
,,
ROI_47,187,0
,,
ROI_47,188,0
,,
ROI_47,189,1
,,
ROI_47,190,1
,,
ROI_47,191,0
,,
ROI_47,192,0
,,
ROI_47,193,0
,,
ROI_47,194,0
,,
ROI_47,195,0
,,
ROI_47,196,0
,,
ROI_47,197,0
,,
ROI_47,198,1
,,
ROI_47,199,0
,,
ROI_47,200,0
,,
ROI_47,201,0
,,
ROI_47,202,0
,,
ROI_47,203,0
,,
ROI_47,204,0
,,
ROI_47,205,0
,,
ROI_47,206,0
,,
ROI_47,207,0
,,
ROI_47,208,1
,,
ROI_47,209,0
,,
ROI_47,210,0
,,
ROI_47,211,0
,,
ROI_47,212,0
,,
ROI_47,213,0
,,
ROI_47,214,0
,,
ROI_47,215,0
,,
ROI_47,216,1
,,
ROI_47,217,0
,,
ROI_47,218,0
,,
ROI_47,219,1
,,
ROI_47,220,0
,,
ROI_47,221,0
,,
ROI_47,222,0
,,
ROI_47,223,0
,,
ROI_47,224,0
,,
ROI_47,225,0
,,
ROI_47,226,0
,,
ROI_47,227,0
,,
ROI_47,228,0
,,
ROI_47,229,0
,,
ROI_47,230,0
,,
ROI_47,231,0
,,
ROI_47,232,0
,,
ROI_47,233,0
,,
ROI_47,234,0
,,
ROI_47,235,0
,,
ROI_47,236,0
,,
ROI_47,237,0
,,
ROI_47,238,0
,,
ROI_47,239,0
,,
ROI_47,240,0
,,
ROI_47,241,0
,,
ROI_47,242,0
,,
ROI_47,243,0
,,
ROI_47,244,0
,,
ROI_47,245,0
,,
ROI_47,246,0
,,
ROI_47,247,0
,,
ROI_47,248,0
,,
ROI_47,249,0
,,
ROI_47,250,0
,,
ROI_47,251,0
,,
ROI_47,252,0
,,
ROI_47,253,0
,,
ROI_47,254,0
,,
ROI_47,255,0
,,
ROI_48,0,4042
,,
ROI_48,1,128
,,
ROI_48,2,66
,,
ROI_48,3,64
,,
ROI_48,4,69
,,
ROI_48,5,59
,,
ROI_48,6,47
,,
ROI_48,7,37
,,
ROI_48,8,42
,,
ROI_48,9,52
,,
ROI_48,10,40
,,
ROI_48,11,34
,,
ROI_48,12,30
,,
ROI_48,13,25
,,
ROI_48,14,33
,,
ROI_48,15,19
,,
ROI_48,16,22
,,
ROI_48,17,18
,,
ROI_48,18,21
,,
ROI_48,19,21
,,
ROI_48,20,23
,,
ROI_48,21,18
,,
ROI_48,22,19
,,
ROI_48,23,18
,,
ROI_48,24,20
,,
ROI_48,25,16
,,
ROI_48,26,18
,,
ROI_48,27,18
,,
ROI_48,28,15
,,
ROI_48,29,17
,,
ROI_48,30,8
,,
ROI_48,31,11
,,
ROI_48,32,16
,,
ROI_48,33,14
,,
ROI_48,34,15
,,
ROI_48,35,10
,,
ROI_48,36,11
,,
ROI_48,37,13
,,
ROI_48,38,11
,,
ROI_48,39,11
,,
ROI_48,40,8
,,
ROI_48,41,6
,,
ROI_48,42,6
,,
ROI_48,43,11
,,
ROI_48,44,9
,,
ROI_48,45,7
,,
ROI_48,46,10
,,
ROI_48,47,4
,,
ROI_48,48,9
,,
ROI_48,49,10
,,
ROI_48,50,10
,,
ROI_48,51,8
,,
ROI_48,52,6
,,
ROI_48,53,11
,,
ROI_48,54,10
,,
ROI_48,55,5
,,
ROI_48,56,4
,,
ROI_48,57,2
,,
ROI_48,58,9
,,
ROI_48,59,8
,,
ROI_48,60,9
,,
ROI_48,61,10
,,
ROI_48,62,9
,,
ROI_48,63,4
,,
ROI_48,64,1
,,
ROI_48,65,5
,,
ROI_48,66,3
,,
ROI_48,67,5
,,
ROI_48,68,10
,,
ROI_48,69,6
,,
ROI_48,70,5
,,
ROI_48,71,1
,,
ROI_48,72,7
,,
ROI_48,73,4
,,
ROI_48,74,4
,,
ROI_48,75,6
,,
ROI_48,76,10
,,
ROI_48,77,6
,,
ROI_48,78,4
,,
ROI_48,79,5
,,
ROI_48,80,3
,,
ROI_48,81,2
,,
ROI_48,82,6
,,
ROI_48,83,3
,,
ROI_48,84,3
,,
ROI_48,85,1
,,
ROI_48,86,4
,,
ROI_48,87,5
,,
ROI_48,88,3
,,
ROI_48,89,4
,,
ROI_48,90,8
,,
ROI_48,91,2
,,
ROI_48,92,5
,,
ROI_48,93,4
,,
ROI_48,94,3
,,
ROI_48,95,3
,,
ROI_48,96,6
,,
ROI_48,97,0
,,
ROI_48,98,1
,,
ROI_48,99,4
,,
ROI_48,100,4
,,
ROI_48,101,0
,,
ROI_48,102,0
,,
ROI_48,103,2
,,
ROI_48,104,3
,,
ROI_48,105,4
,,
ROI_48,106,3
,,
ROI_48,107,4
,,
ROI_48,108,0
,,
ROI_48,109,2
,,
ROI_48,110,1
,,
ROI_48,111,1
,,
ROI_48,112,3
,,
ROI_48,113,3
,,
ROI_48,114,4
,,
ROI_48,115,4
,,
ROI_48,116,2
,,
ROI_48,117,4
,,
ROI_48,118,3
,,
ROI_48,119,3
,,
ROI_48,120,4
,,
ROI_48,121,3
,,
ROI_48,122,2
,,
ROI_48,123,0
,,
ROI_48,124,0
,,
ROI_48,125,3
,,
ROI_48,126,4
,,
ROI_48,127,1
,,
ROI_48,128,1
,,
ROI_48,129,0
,,
ROI_48,130,0
,,
ROI_48,131,1
,,
ROI_48,132,1
,,
ROI_48,133,1
,,
ROI_48,134,4
,,
ROI_48,135,4
,,
ROI_48,136,1
,,
ROI_48,137,0
,,
ROI_48,138,3
,,
ROI_48,139,4
,,
ROI_48,140,3
,,
ROI_48,141,0
,,
ROI_48,142,1
,,
ROI_48,143,2
,,
ROI_48,144,5
,,
ROI_48,145,3
,,
ROI_48,146,2
,,
ROI_48,147,2
,,
ROI_48,148,3
,,
ROI_48,149,2
,,
ROI_48,150,2
,,
ROI_48,151,1
,,
ROI_48,152,2
,,
ROI_48,153,2
,,
ROI_48,154,4
,,
ROI_48,155,1
,,
ROI_48,156,1
,,
ROI_48,157,0
,,
ROI_48,158,1
,,
ROI_48,159,0
,,
ROI_48,160,1
,,
ROI_48,161,1
,,
ROI_48,162,4
,,
ROI_48,163,1
,,
ROI_48,164,2
,,
ROI_48,165,1
,,
ROI_48,166,1
,,
ROI_48,167,0
,,
ROI_48,168,3
,,
ROI_48,169,2
,,
ROI_48,170,2
,,
ROI_48,171,4
,,
ROI_48,172,1
,,
ROI_48,173,1
,,
ROI_48,174,0
,,
ROI_48,175,0
,,
ROI_48,176,1
,,
ROI_48,177,1
,,
ROI_48,178,0
,,
ROI_48,179,0
,,
ROI_48,180,2
,,
ROI_48,181,2
,,
ROI_48,182,2
,,
ROI_48,183,1
,,
ROI_48,184,2
,,
ROI_48,185,1
,,
ROI_48,186,0
,,
ROI_48,187,1
,,
ROI_48,188,1
,,
ROI_48,189,1
,,
ROI_48,190,1
,,
ROI_48,191,1
,,
ROI_48,192,4
,,
ROI_48,193,2
,,
ROI_48,194,0
,,
ROI_48,195,0
,,
ROI_48,196,2
,,
ROI_48,197,0
,,
ROI_48,198,1
,,
ROI_48,199,2
,,
ROI_48,200,1
,,
ROI_48,201,2
,,
ROI_48,202,2
,,
ROI_48,203,3
,,
ROI_48,204,1
,,
ROI_48,205,0
,,
ROI_48,206,1
,,
ROI_48,207,0
,,
ROI_48,208,2
,,
ROI_48,209,1
,,
ROI_48,210,0
,,
ROI_48,211,1
,,
ROI_48,212,0
,,
ROI_48,213,0
,,
ROI_48,214,0
,,
ROI_48,215,1
,,
ROI_48,216,0
,,
ROI_48,217,0
,,
ROI_48,218,0
,,
ROI_48,219,0
,,
ROI_48,220,2
,,
ROI_48,221,0
,,
ROI_48,222,1
,,
ROI_48,223,2
,,
ROI_48,224,1
,,
ROI_48,225,0
,,
ROI_48,226,1
,,
ROI_48,227,0
,,
ROI_48,228,0
,,
ROI_48,229,2
,,
ROI_48,230,2
,,
ROI_48,231,0
,,
ROI_48,232,2
,,
ROI_48,233,0
,,
ROI_48,234,2
,,
ROI_48,235,0
,,
ROI_48,236,3
,,
ROI_48,237,0
,,
ROI_48,238,1
,,
ROI_48,239,1
,,
ROI_48,240,1
,,
ROI_48,241,0
,,
ROI_48,242,2
,,
ROI_48,243,0
,,
ROI_48,244,1
,,
ROI_48,245,0
,,
ROI_48,246,1
,,
ROI_48,247,0
,,
ROI_48,248,1
,,
ROI_48,249,1
,,
ROI_48,250,1
,,
ROI_48,251,1
,,
ROI_48,252,0
,,
ROI_48,253,0
,,
ROI_48,254,0
,,
ROI_48,255,64
,,
ROI_49,0,5604
,,
ROI_49,1,1025
,,
ROI_49,2,732
,,
ROI_49,3,715
,,
ROI_49,4,539
,,
ROI_49,5,503
,,
ROI_49,6,432
,,
ROI_49,7,407
,,
ROI_49,8,408
,,
ROI_49,9,322
,,
ROI_49,10,351
,,
ROI_49,11,299
,,
ROI_49,12,327
,,
ROI_49,13,246
,,
ROI_49,14,259
,,
ROI_49,15,239
,,
ROI_49,16,229
,,
ROI_49,17,221
,,
ROI_49,18,207
,,
ROI_49,19,199
,,
ROI_49,20,207
,,
ROI_49,21,200
,,
ROI_49,22,177
,,
ROI_49,23,174
,,
ROI_49,24,179
,,
ROI_49,25,221
,,
ROI_49,26,129
,,
ROI_49,27,170
,,
ROI_49,28,150
,,
ROI_49,29,170
,,
ROI_49,30,166
,,
ROI_49,31,162
,,
ROI_49,32,134
,,
ROI_49,33,153
,,
ROI_49,34,132
,,
ROI_49,35,143
,,
ROI_49,36,99
,,
ROI_49,37,104
,,
ROI_49,38,145
,,
ROI_49,39,109
,,
ROI_49,40,123
,,
ROI_49,41,94
,,
ROI_49,42,109
,,
ROI_49,43,96
,,
ROI_49,44,98
,,
ROI_49,45,97
,,
ROI_49,46,104
,,
ROI_49,47,98
,,
ROI_49,48,109
,,
ROI_49,49,93
,,
ROI_49,50,101
,,
ROI_49,51,108
,,
ROI_49,52,96
,,
ROI_49,53,100
,,
ROI_49,54,99
,,
ROI_49,55,97
,,
ROI_49,56,96
,,
ROI_49,57,92
,,
ROI_49,58,67
,,
ROI_49,59,81
,,
ROI_49,60,79
,,
ROI_49,61,73
,,
ROI_49,62,69
,,
ROI_49,63,89
,,
ROI_49,64,79
,,
ROI_49,65,59
,,
ROI_49,66,67
,,
ROI_49,67,58
,,
ROI_49,68,56
,,
ROI_49,69,44
,,
ROI_49,70,62
,,
ROI_49,71,62
,,
ROI_49,72,65
,,
ROI_49,73,68
,,
ROI_49,74,61
,,
ROI_49,75,46
,,
ROI_49,76,62
,,
ROI_49,77,58
,,
ROI_49,78,46
,,
ROI_49,79,57
,,
ROI_49,80,47
,,
ROI_49,81,35
,,
ROI_49,82,48
,,
ROI_49,83,45
,,
ROI_49,84,45
,,
ROI_49,85,56
,,
ROI_49,86,40
,,
ROI_49,87,34
,,
ROI_49,88,40
,,
ROI_49,89,41
,,
ROI_49,90,40
,,
ROI_49,91,44
,,
ROI_49,92,36
,,
ROI_49,93,39
,,
ROI_49,94,37
,,
ROI_49,95,32
,,
ROI_49,96,41
,,
ROI_49,97,32
,,
ROI_49,98,34
,,
ROI_49,99,32
,,
ROI_49,100,29
,,
ROI_49,101,37
,,
ROI_49,102,28
,,
ROI_49,103,36
,,
ROI_49,104,34
,,
ROI_49,105,27
,,
ROI_49,106,33
,,
ROI_49,107,36
,,
ROI_49,108,35
,,
ROI_49,109,29
,,
ROI_49,110,31
,,
ROI_49,111,38
,,
ROI_49,112,24
,,
ROI_49,113,32
,,
ROI_49,114,25
,,
ROI_49,115,26
,,
ROI_49,116,25
,,
ROI_49,117,23
,,
ROI_49,118,33
,,
ROI_49,119,32
,,
ROI_49,120,20
,,
ROI_49,121,29
,,
ROI_49,122,28
,,
ROI_49,123,28
,,
ROI_49,124,21
,,
ROI_49,125,24
,,
ROI_49,126,17
,,
ROI_49,127,25
,,
ROI_49,128,21
,,
ROI_49,129,23
,,
ROI_49,130,25
,,
ROI_49,131,21
,,
ROI_49,132,24
,,
ROI_49,133,19
,,
ROI_49,134,26
,,
ROI_49,135,24
,,
ROI_49,136,19
,,
ROI_49,137,22
,,
ROI_49,138,17
,,
ROI_49,139,18
,,
ROI_49,140,21
,,
ROI_49,141,20
,,
ROI_49,142,18
,,
ROI_49,143,24
,,
ROI_49,144,17
,,
ROI_49,145,21
,,
ROI_49,146,19
,,
ROI_49,147,22
,,
ROI_49,148,10
,,
ROI_49,149,11
,,
ROI_49,150,17
,,
ROI_49,151,17
,,
ROI_49,152,21
,,
ROI_49,153,11
,,
ROI_49,154,19
,,
ROI_49,155,11
,,
ROI_49,156,13
,,
ROI_49,157,10
,,
ROI_49,158,21
,,
ROI_49,159,10
,,
ROI_49,160,16
,,
ROI_49,161,11
,,
ROI_49,162,11
,,
ROI_49,163,10
,,
ROI_49,164,11
,,
ROI_49,165,16
,,
ROI_49,166,21
,,
ROI_49,167,14
,,
ROI_49,168,13
,,
ROI_49,169,21
,,
ROI_49,170,12
,,
ROI_49,171,17
,,
ROI_49,172,9
,,
ROI_49,173,13
,,
ROI_49,174,12
,,
ROI_49,175,11
,,
ROI_49,176,15
,,
ROI_49,177,11
,,
ROI_49,178,15
,,
ROI_49,179,13
,,
ROI_49,180,10
,,
ROI_49,181,13
,,
ROI_49,182,8
,,
ROI_49,183,6
,,
ROI_49,184,11
,,
ROI_49,185,12
,,
ROI_49,186,14
,,
ROI_49,187,10
,,
ROI_49,188,17
,,
ROI_49,189,12
,,
ROI_49,190,11
,,
ROI_49,191,13
,,
ROI_49,192,6
,,
ROI_49,193,16
,,
ROI_49,194,8
,,
ROI_49,195,9
,,
ROI_49,196,9
,,
ROI_49,197,7
,,
ROI_49,198,6
,,
ROI_49,199,4
,,
ROI_49,200,12
,,
ROI_49,201,7
,,
ROI_49,202,8
,,
ROI_49,203,9
,,
ROI_49,204,10
,,
ROI_49,205,9
,,
ROI_49,206,10
,,
ROI_49,207,6
,,
ROI_49,208,9
,,
ROI_49,209,13
,,
ROI_49,210,11
,,
ROI_49,211,12
,,
ROI_49,212,13
,,
ROI_49,213,7
,,
ROI_49,214,9
,,
ROI_49,215,9
,,
ROI_49,216,12
,,
ROI_49,217,4
,,
ROI_49,218,12
,,
ROI_49,219,10
,,
ROI_49,220,6
,,
ROI_49,221,11
,,
ROI_49,222,6
,,
ROI_49,223,7
,,
ROI_49,224,5
,,
ROI_49,225,5
,,
ROI_49,226,3
,,
ROI_49,227,9
,,
ROI_49,228,3
,,
ROI_49,229,13
,,
ROI_49,230,6
,,
ROI_49,231,9
,,
ROI_49,232,5
,,
ROI_49,233,7
,,
ROI_49,234,6
,,
ROI_49,235,10
,,
ROI_49,236,6
,,
ROI_49,237,8
,,
ROI_49,238,5
,,
ROI_49,239,7
,,
ROI_49,240,4
,,
ROI_49,241,11
,,
ROI_49,242,4
,,
ROI_49,243,4
,,
ROI_49,244,6
,,
ROI_49,245,7
,,
ROI_49,246,6
,,
ROI_49,247,0
,,
ROI_49,248,9
,,
ROI_49,249,4
,,
ROI_49,250,4
,,
ROI_49,251,10
,,
ROI_49,252,4
,,
ROI_49,253,7
,,
ROI_49,254,6
,,
ROI_49,255,695
,,
ROI_50,0,11964
,,
ROI_50,1,408
,,
ROI_50,2,282
,,
ROI_50,3,253
,,
ROI_50,4,200
,,
ROI_50,5,162
,,
ROI_50,6,155
,,
ROI_50,7,127
,,
ROI_50,8,116
,,
ROI_50,9,115
,,
ROI_50,10,97
,,
ROI_50,11,90
,,
ROI_50,12,81
,,
ROI_50,13,63
,,
ROI_50,14,67
,,
ROI_50,15,60
,,
ROI_50,16,61
,,
ROI_50,17,59
,,
ROI_50,18,58
,,
ROI_50,19,45
,,
ROI_50,20,45
,,
ROI_50,21,43
,,
ROI_50,22,38
,,
ROI_50,23,46
,,
ROI_50,24,47
,,
ROI_50,25,36
,,
ROI_50,26,43
,,
ROI_50,27,39
,,
ROI_50,28,40
,,
ROI_50,29,42
,,
ROI_50,30,30
,,
ROI_50,31,32
,,
ROI_50,32,33
,,
ROI_50,33,33
,,
ROI_50,34,28
,,
ROI_50,35,31
,,
ROI_50,36,28
,,
ROI_50,37,17
,,
ROI_50,38,35
,,
ROI_50,39,22
,,
ROI_50,40,23
,,
ROI_50,41,27
,,
ROI_50,42,14
,,
ROI_50,43,15
,,
ROI_50,44,18
,,
ROI_50,45,23
,,
ROI_50,46,22
,,
ROI_50,47,19
,,
ROI_50,48,16
,,
ROI_50,49,16
,,
ROI_50,50,14
,,
ROI_50,51,20
,,
ROI_50,52,14
,,
ROI_50,53,17
,,
ROI_50,54,13
,,
ROI_50,55,22
,,
ROI_50,56,11
,,
ROI_50,57,13
,,
ROI_50,58,12
,,
ROI_50,59,14
,,
ROI_50,60,10
,,
ROI_50,61,15
,,
ROI_50,62,7
,,
ROI_50,63,11
,,
ROI_50,64,12
,,
ROI_50,65,8
,,
ROI_50,66,21
,,
ROI_50,67,7
,,
ROI_50,68,9
,,
ROI_50,69,7
,,
ROI_50,70,9
,,
ROI_50,71,9
,,
ROI_50,72,10
,,
ROI_50,73,12
,,
ROI_50,74,5
,,
ROI_50,75,11
,,
ROI_50,76,6
,,
ROI_50,77,7
,,
ROI_50,78,7
,,
ROI_50,79,7
,,
ROI_50,80,9
,,
ROI_50,81,9
,,
ROI_50,82,5
,,
ROI_50,83,10
,,
ROI_50,84,3
,,
ROI_50,85,5
,,
ROI_50,86,7
,,
ROI_50,87,7
,,
ROI_50,88,10
,,
ROI_50,89,5
,,
ROI_50,90,8
,,
ROI_50,91,10
,,
ROI_50,92,2
,,
ROI_50,93,7
,,
ROI_50,94,10
,,
ROI_50,95,9
,,
ROI_50,96,6
,,
ROI_50,97,10
,,
ROI_50,98,5
,,
ROI_50,99,4
,,
ROI_50,100,2
,,
ROI_50,101,3
,,
ROI_50,102,10
,,
ROI_50,103,5
,,
ROI_50,104,10
,,
ROI_50,105,5
,,
ROI_50,106,4
,,
ROI_50,107,1
,,
ROI_50,108,3
,,
ROI_50,109,6
,,
ROI_50,110,9
,,
ROI_50,111,6
,,
ROI_50,112,4
,,
ROI_50,113,6
,,
ROI_50,114,6
,,
ROI_50,115,3
,,
ROI_50,116,5
,,
ROI_50,117,3
,,
ROI_50,118,1
,,
ROI_50,119,5
,,
ROI_50,120,3
,,
ROI_50,121,3
,,
ROI_50,122,2
,,
ROI_50,123,0
,,
ROI_50,124,4
,,
ROI_50,125,3
,,
ROI_50,126,2
,,
ROI_50,127,1
,,
ROI_50,128,2
,,
ROI_50,129,3
,,
ROI_50,130,6
,,
ROI_50,131,4
,,
ROI_50,132,5
,,
ROI_50,133,4
,,
ROI_50,134,7
,,
ROI_50,135,4
,,
ROI_50,136,2
,,
ROI_50,137,1
,,
ROI_50,138,1
,,
ROI_50,139,2
,,
ROI_50,140,0
,,
ROI_50,141,1
,,
ROI_50,142,3
,,
ROI_50,143,3
,,
ROI_50,144,3
,,
ROI_50,145,0
,,
ROI_50,146,1
,,
ROI_50,147,1
,,
ROI_50,148,1
,,
ROI_50,149,3
,,
ROI_50,150,3
,,
ROI_50,151,2
,,
ROI_50,152,5
,,
ROI_50,153,4
,,
ROI_50,154,3
,,
ROI_50,155,5
,,
ROI_50,156,4
,,
ROI_50,157,2
,,
ROI_50,158,0
,,
ROI_50,159,2
,,
ROI_50,160,0
,,
ROI_50,161,1
,,
ROI_50,162,3
,,
ROI_50,163,3
,,
ROI_50,164,3
,,
ROI_50,165,1
,,
ROI_50,166,2
,,
ROI_50,167,2
,,
ROI_50,168,5
,,
ROI_50,169,1
,,
ROI_50,170,1
,,
ROI_50,171,1
,,
ROI_50,172,0
,,
ROI_50,173,4
,,
ROI_50,174,3
,,
ROI_50,175,1
,,
ROI_50,176,2
,,
ROI_50,177,1
,,
ROI_50,178,5
,,
ROI_50,179,0
,,
ROI_50,180,5
,,
ROI_50,181,1
,,
ROI_50,182,1
,,
ROI_50,183,2
,,
ROI_50,184,2
,,
ROI_50,185,2
,,
ROI_50,186,2
,,
ROI_50,187,2
,,
ROI_50,188,3
,,
ROI_50,189,2
,,
ROI_50,190,2
,,
ROI_50,191,3
,,
ROI_50,192,2
,,
ROI_50,193,2
,,
ROI_50,194,2
,,
ROI_50,195,2
,,
ROI_50,196,2
,,
ROI_50,197,2
,,
ROI_50,198,1
,,
ROI_50,199,0
,,
ROI_50,200,2
,,
ROI_50,201,3
,,
ROI_50,202,1
,,
ROI_50,203,1
,,
ROI_50,204,3
,,
ROI_50,205,1
,,
ROI_50,206,2
,,
ROI_50,207,2
,,
ROI_50,208,1
,,
ROI_50,209,1
,,
ROI_50,210,0
,,
ROI_50,211,2
,,
ROI_50,212,1
,,
ROI_50,213,1
,,
ROI_50,214,0
,,
ROI_50,215,0
,,
ROI_50,216,0
,,
ROI_50,217,2
,,
ROI_50,218,0
,,
ROI_50,219,0
,,
ROI_50,220,0
,,
ROI_50,221,2
,,
ROI_50,222,0
,,
ROI_50,223,0
,,
ROI_50,224,1
,,
ROI_50,225,1
,,
ROI_50,226,1
,,
ROI_50,227,1
,,
ROI_50,228,2
,,
ROI_50,229,2
,,
ROI_50,230,0
,,
ROI_50,231,0
,,
ROI_50,232,0
,,
ROI_50,233,0
,,
ROI_50,234,2
,,
ROI_50,235,0
,,
ROI_50,236,2
,,
ROI_50,237,1
,,
ROI_50,238,0
,,
ROI_50,239,3
,,
ROI_50,240,1
,,
ROI_50,241,0
,,
ROI_50,242,1
,,
ROI_50,243,1
,,
ROI_50,244,3
,,
ROI_50,245,1
,,
ROI_50,246,0
,,
ROI_50,247,3
,,
ROI_50,248,0
,,
ROI_50,249,0
,,
ROI_50,250,2
,,
ROI_50,251,0
,,
ROI_50,252,1
,,
ROI_50,253,0
,,
ROI_50,254,1
,,
ROI_50,255,163
,,
ROI_51,0,7401
,,
ROI_51,1,141
,,
ROI_51,2,67
,,
ROI_51,3,74
,,
ROI_51,4,50
,,
ROI_51,5,55
,,
ROI_51,6,44
,,
ROI_51,7,43
,,
ROI_51,8,42
,,
ROI_51,9,41
,,
ROI_51,10,37
,,
ROI_51,11,26
,,
ROI_51,12,37
,,
ROI_51,13,19
,,
ROI_51,14,23
,,
ROI_51,15,20
,,
ROI_51,16,29
,,
ROI_51,17,12
,,
ROI_51,18,25
,,
ROI_51,19,21
,,
ROI_51,20,15
,,
ROI_51,21,17
,,
ROI_51,22,14
,,
ROI_51,23,10
,,
ROI_51,24,13
,,
ROI_51,25,10
,,
ROI_51,26,6
,,
ROI_51,27,15
,,
ROI_51,28,4
,,
ROI_51,29,8
,,
ROI_51,30,11
,,
ROI_51,31,13
,,
ROI_51,32,7
,,
ROI_51,33,10
,,
ROI_51,34,10
,,
ROI_51,35,7
,,
ROI_51,36,9
,,
ROI_51,37,10
,,
ROI_51,38,9
,,
ROI_51,39,3
,,
ROI_51,40,4
,,
ROI_51,41,8
,,
ROI_51,42,4
,,
ROI_51,43,2
,,
ROI_51,44,6
,,
ROI_51,45,9
,,
ROI_51,46,1
,,
ROI_51,47,4
,,
ROI_51,48,5
,,
ROI_51,49,6
,,
ROI_51,50,2
,,
ROI_51,51,6
,,
ROI_51,52,3
,,
ROI_51,53,5
,,
ROI_51,54,2
,,
ROI_51,55,6
,,
ROI_51,56,8
,,
ROI_51,57,8
,,
ROI_51,58,2
,,
ROI_51,59,8
,,
ROI_51,60,5
,,
ROI_51,61,3
,,
ROI_51,62,2
,,
ROI_51,63,4
,,
ROI_51,64,2
,,
ROI_51,65,5
,,
ROI_51,66,1
,,
ROI_51,67,1
,,
ROI_51,68,3
,,
ROI_51,69,4
,,
ROI_51,70,3
,,
ROI_51,71,5
,,
ROI_51,72,3
,,
ROI_51,73,1
,,
ROI_51,74,3
,,
ROI_51,75,3
,,
ROI_51,76,0
,,
ROI_51,77,2
,,
ROI_51,78,1
,,
ROI_51,79,0
,,
ROI_51,80,2
,,
ROI_51,81,3
,,
ROI_51,82,1
,,
ROI_51,83,3
,,
ROI_51,84,2
,,
ROI_51,85,4
,,
ROI_51,86,0
,,
ROI_51,87,0
,,
ROI_51,88,2
,,
ROI_51,89,1
,,
ROI_51,90,4
,,
ROI_51,91,3
,,
ROI_51,92,1
,,
ROI_51,93,2
,,
ROI_51,94,1
,,
ROI_51,95,0
,,
ROI_51,96,2
,,
ROI_51,97,2
,,
ROI_51,98,1
,,
ROI_51,99,6
,,
ROI_51,100,0
,,
ROI_51,101,1
,,
ROI_51,102,3
,,
ROI_51,103,1
,,
ROI_51,104,3
,,
ROI_51,105,4
,,
ROI_51,106,2
,,
ROI_51,107,2
,,
ROI_51,108,0
,,
ROI_51,109,2
,,
ROI_51,110,0
,,
ROI_51,111,2
,,
ROI_51,112,2
,,
ROI_51,113,1
,,
ROI_51,114,4
,,
ROI_51,115,2
,,
ROI_51,116,2
,,
ROI_51,117,2
,,
ROI_51,118,1
,,
ROI_51,119,2
,,
ROI_51,120,0
,,
ROI_51,121,0
,,
ROI_51,122,3
,,
ROI_51,123,2
,,
ROI_51,124,2
,,
ROI_51,125,2
,,
ROI_51,126,0
,,
ROI_51,127,0
,,
ROI_51,128,2
,,
ROI_51,129,0
,,
ROI_51,130,1
,,
ROI_51,131,2
,,
ROI_51,132,0
,,
ROI_51,133,4
,,
ROI_51,134,1
,,
ROI_51,135,0
,,
ROI_51,136,1
,,
ROI_51,137,0
,,
ROI_51,138,1
,,
ROI_51,139,0
,,
ROI_51,140,0
,,
ROI_51,141,1
,,
ROI_51,142,0
,,
ROI_51,143,1
,,
ROI_51,144,0
,,
ROI_51,145,3
,,
ROI_51,146,1
,,
ROI_51,147,0
,,
ROI_51,148,0
,,
ROI_51,149,1
,,
ROI_51,150,1
,,
ROI_51,151,2
,,
ROI_51,152,1
,,
ROI_51,153,1
,,
ROI_51,154,0
,,
ROI_51,155,0
,,
ROI_51,156,2
,,
ROI_51,157,1
,,
ROI_51,158,0
,,
ROI_51,159,1
,,
ROI_51,160,2
,,
ROI_51,161,2
,,
ROI_51,162,0
,,
ROI_51,163,0
,,
ROI_51,164,0
,,
ROI_51,165,3
,,
ROI_51,166,0
,,
ROI_51,167,2
,,
ROI_51,168,4
,,
ROI_51,169,0
,,
ROI_51,170,1
,,
ROI_51,171,1
,,
ROI_51,172,0
,,
ROI_51,173,1
,,
ROI_51,174,1
,,
ROI_51,175,0
,,
ROI_51,176,0
,,
ROI_51,177,0
,,
ROI_51,178,1
,,
ROI_51,179,1
,,
ROI_51,180,0
,,
ROI_51,181,0
,,
ROI_51,182,0
,,
ROI_51,183,1
,,
ROI_51,184,0
,,
ROI_51,185,0
,,
ROI_51,186,0
,,
ROI_51,187,0
,,
ROI_51,188,1
,,
ROI_51,189,0
,,
ROI_51,190,3
,,
ROI_51,191,0
,,
ROI_51,192,0
,,
ROI_51,193,1
,,
ROI_51,194,0
,,
ROI_51,195,2
,,
ROI_51,196,0
,,
ROI_51,197,0
,,
ROI_51,198,1
,,
ROI_51,199,1
,,
ROI_51,200,0
,,
ROI_51,201,0
,,
ROI_51,202,0
,,
ROI_51,203,0
,,
ROI_51,204,1
,,
ROI_51,205,0
,,
ROI_51,206,0
,,
ROI_51,207,0
,,
ROI_51,208,2
,,
ROI_51,209,0
,,
ROI_51,210,1
,,
ROI_51,211,0
,,
ROI_51,212,1
,,
ROI_51,213,0
,,
ROI_51,214,0
,,
ROI_51,215,0
,,
ROI_51,216,0
,,
ROI_51,217,0
,,
ROI_51,218,1
,,
ROI_51,219,0
,,
ROI_51,220,0
,,
ROI_51,221,0
,,
ROI_51,222,0
,,
ROI_51,223,0
,,
ROI_51,224,1
,,
ROI_51,225,0
,,
ROI_51,226,3
,,
ROI_51,227,1
,,
ROI_51,228,1
,,
ROI_51,229,0
,,
ROI_51,230,0
,,
ROI_51,231,0
,,
ROI_51,232,0
,,
ROI_51,233,0
,,
ROI_51,234,0
,,
ROI_51,235,0
,,
ROI_51,236,0
,,
ROI_51,237,0
,,
ROI_51,238,0
,,
ROI_51,239,0
,,
ROI_51,240,0
,,
ROI_51,241,1
,,
ROI_51,242,2
,,
ROI_51,243,0
,,
ROI_51,244,0
,,
ROI_51,245,1
,,
ROI_51,246,0
,,
ROI_51,247,1
,,
ROI_51,248,0
,,
ROI_51,249,0
,,
ROI_51,250,1
,,
ROI_51,251,0
,,
ROI_51,252,0
,,
ROI_51,253,0
,,
ROI_51,254,0
,,
ROI_51,255,37
,,
ROI_52,0,1208
,,
ROI_52,1,2
,,
ROI_52,2,0
,,
ROI_52,3,0
,,
ROI_52,4,0
,,
ROI_52,5,0
,,
ROI_52,6,0
,,
ROI_52,7,0
,,
ROI_52,8,0
,,
ROI_52,9,0
,,
ROI_52,10,0
,,
ROI_52,11,0
,,
ROI_52,12,0
,,
ROI_52,13,0
,,
ROI_52,14,0
,,
ROI_52,15,0
,,
ROI_52,16,0
,,
ROI_52,17,0
,,
ROI_52,18,0
,,
ROI_52,19,0
,,
ROI_52,20,0
,,
ROI_52,21,0
,,
ROI_52,22,0
,,
ROI_52,23,0
,,
ROI_52,24,0
,,
ROI_52,25,0
,,
ROI_52,26,0
,,
ROI_52,27,0
,,
ROI_52,28,0
,,
ROI_52,29,0
,,
ROI_52,30,0
,,
ROI_52,31,0
,,
ROI_52,32,0
,,
ROI_52,33,0
,,
ROI_52,34,0
,,
ROI_52,35,0
,,
ROI_52,36,0
,,
ROI_52,37,0
,,
ROI_52,38,0
,,
ROI_52,39,0
,,
ROI_52,40,0
,,
ROI_52,41,0
,,
ROI_52,42,0
,,
ROI_52,43,0
,,
ROI_52,44,0
,,
ROI_52,45,0
,,
ROI_52,46,0
,,
ROI_52,47,0
,,
ROI_52,48,0
,,
ROI_52,49,0
,,
ROI_52,50,0
,,
ROI_52,51,0
,,
ROI_52,52,0
,,
ROI_52,53,0
,,
ROI_52,54,0
,,
ROI_52,55,0
,,
ROI_52,56,0
,,
ROI_52,57,0
,,
ROI_52,58,0
,,
ROI_52,59,0
,,
ROI_52,60,0
,,
ROI_52,61,0
,,
ROI_52,62,0
,,
ROI_52,63,0
,,
ROI_52,64,0
,,
ROI_52,65,0
,,
ROI_52,66,0
,,
ROI_52,67,0
,,
ROI_52,68,0
,,
ROI_52,69,0
,,
ROI_52,70,0
,,
ROI_52,71,0
,,
ROI_52,72,0
,,
ROI_52,73,0
,,
ROI_52,74,0
,,
ROI_52,75,0
,,
ROI_52,76,0
,,
ROI_52,77,0
,,
ROI_52,78,0
,,
ROI_52,79,0
,,
ROI_52,80,0
,,
ROI_52,81,0
,,
ROI_52,82,0
,,
ROI_52,83,0
,,
ROI_52,84,0
,,
ROI_52,85,0
,,
ROI_52,86,0
,,
ROI_52,87,0
,,
ROI_52,88,0
,,
ROI_52,89,0
,,
ROI_52,90,0
,,
ROI_52,91,0
,,
ROI_52,92,0
,,
ROI_52,93,0
,,
ROI_52,94,0
,,
ROI_52,95,0
,,
ROI_52,96,0
,,
ROI_52,97,0
,,
ROI_52,98,0
,,
ROI_52,99,0
,,
ROI_52,100,0
,,
ROI_52,101,0
,,
ROI_52,102,0
,,
ROI_52,103,0
,,
ROI_52,104,0
,,
ROI_52,105,0
,,
ROI_52,106,0
,,
ROI_52,107,0
,,
ROI_52,108,0
,,
ROI_52,109,0
,,
ROI_52,110,0
,,
ROI_52,111,0
,,
ROI_52,112,0
,,
ROI_52,113,0
,,
ROI_52,114,0
,,
ROI_52,115,0
,,
ROI_52,116,0
,,
ROI_52,117,0
,,
ROI_52,118,0
,,
ROI_52,119,0
,,
ROI_52,120,0
,,
ROI_52,121,0
,,
ROI_52,122,0
,,
ROI_52,123,0
,,
ROI_52,124,0
,,
ROI_52,125,0
,,
ROI_52,126,0
,,
ROI_52,127,0
,,
ROI_52,128,0
,,
ROI_52,129,0
,,
ROI_52,130,0
,,
ROI_52,131,0
,,
ROI_52,132,0
,,
ROI_52,133,0
,,
ROI_52,134,0
,,
ROI_52,135,0
,,
ROI_52,136,0
,,
ROI_52,137,0
,,
ROI_52,138,0
,,
ROI_52,139,0
,,
ROI_52,140,0
,,
ROI_52,141,0
,,
ROI_52,142,0
,,
ROI_52,143,0
,,
ROI_52,144,0
,,
ROI_52,145,0
,,
ROI_52,146,0
,,
ROI_52,147,0
,,
ROI_52,148,0
,,
ROI_52,149,0
,,
ROI_52,150,0
,,
ROI_52,151,0
,,
ROI_52,152,0
,,
ROI_52,153,0
,,
ROI_52,154,0
,,
ROI_52,155,0
,,
ROI_52,156,0
,,
ROI_52,157,0
,,
ROI_52,158,0
,,
ROI_52,159,0
,,
ROI_52,160,0
,,
ROI_52,161,0
,,
ROI_52,162,0
,,
ROI_52,163,0
,,
ROI_52,164,0
,,
ROI_52,165,0
,,
ROI_52,166,0
,,
ROI_52,167,0
,,
ROI_52,168,0
,,
ROI_52,169,0
,,
ROI_52,170,0
,,
ROI_52,171,0
,,
ROI_52,172,0
,,
ROI_52,173,0
,,
ROI_52,174,0
,,
ROI_52,175,0
,,
ROI_52,176,0
,,
ROI_52,177,0
,,
ROI_52,178,0
,,
ROI_52,179,0
,,
ROI_52,180,0
,,
ROI_52,181,0
,,
ROI_52,182,0
,,
ROI_52,183,0
,,
ROI_52,184,0
,,
ROI_52,185,0
,,
ROI_52,186,0
,,
ROI_52,187,0
,,
ROI_52,188,0
,,
ROI_52,189,0
,,
ROI_52,190,0
,,
ROI_52,191,0
,,
ROI_52,192,0
,,
ROI_52,193,0
,,
ROI_52,194,0
,,
ROI_52,195,0
,,
ROI_52,196,0
,,
ROI_52,197,0
,,
ROI_52,198,0
,,
ROI_52,199,0
,,
ROI_52,200,0
,,
ROI_52,201,0
,,
ROI_52,202,0
,,
ROI_52,203,0
,,
ROI_52,204,0
,,
ROI_52,205,0
,,
ROI_52,206,0
,,
ROI_52,207,0
,,
ROI_52,208,0
,,
ROI_52,209,0
,,
ROI_52,210,0
,,
ROI_52,211,0
,,
ROI_52,212,0
,,
ROI_52,213,0
,,
ROI_52,214,0
,,
ROI_52,215,0
,,
ROI_52,216,0
,,
ROI_52,217,0
,,
ROI_52,218,0
,,
ROI_52,219,0
,,
ROI_52,220,0
,,
ROI_52,221,0
,,
ROI_52,222,0
,,
ROI_52,223,0
,,
ROI_52,224,0
,,
ROI_52,225,0
,,
ROI_52,226,0
,,
ROI_52,227,0
,,
ROI_52,228,0
,,
ROI_52,229,0
,,
ROI_52,230,0
,,
ROI_52,231,0
,,
ROI_52,232,0
,,
ROI_52,233,0
,,
ROI_52,234,0
,,
ROI_52,235,0
,,
ROI_52,236,0
,,
ROI_52,237,0
,,
ROI_52,238,0
,,
ROI_52,239,0
,,
ROI_52,240,0
,,
ROI_52,241,0
,,
ROI_52,242,0
,,
ROI_52,243,0
,,
ROI_52,244,0
,,
ROI_52,245,0
,,
ROI_52,246,0
,,
ROI_52,247,0
,,
ROI_52,248,0
,,
ROI_52,249,0
,,
ROI_52,250,0
,,
ROI_52,251,0
,,
ROI_52,252,0
,,
ROI_52,253,0
,,
ROI_52,254,0
,,
ROI_52,255,0
,,
ROI_53,0,6645
,,
ROI_53,1,523
,,
ROI_53,2,329
,,
ROI_53,3,311
,,
ROI_53,4,281
,,
ROI_53,5,268
,,
ROI_53,6,180
,,
ROI_53,7,223
,,
ROI_53,8,209
,,
ROI_53,9,165
,,
ROI_53,10,138
,,
ROI_53,11,152
,,
ROI_53,12,147
,,
ROI_53,13,105
,,
ROI_53,14,114
,,
ROI_53,15,120
,,
ROI_53,16,125
,,
ROI_53,17,111
,,
ROI_53,18,102
,,
ROI_53,19,71
,,
ROI_53,20,98
,,
ROI_53,21,73
,,
ROI_53,22,90
,,
ROI_53,23,78
,,
ROI_53,24,67
,,
ROI_53,25,86
,,
ROI_53,26,64
,,
ROI_53,27,80
,,
ROI_53,28,62
,,
ROI_53,29,72
,,
ROI_53,30,59
,,
ROI_53,31,77
,,
ROI_53,32,64
,,
ROI_53,33,73
,,
ROI_53,34,49
,,
ROI_53,35,65
,,
ROI_53,36,63
,,
ROI_53,37,55
,,
ROI_53,38,41
,,
ROI_53,39,45
,,
ROI_53,40,58
,,
ROI_53,41,46
,,
ROI_53,42,44
,,
ROI_53,43,38
,,
ROI_53,44,48
,,
ROI_53,45,56
,,
ROI_53,46,46
,,
ROI_53,47,43
,,
ROI_53,48,55
,,
ROI_53,49,47
,,
ROI_53,50,48
,,
ROI_53,51,45
,,
ROI_53,52,35
,,
ROI_53,53,46
,,
ROI_53,54,33
,,
ROI_53,55,43
,,
ROI_53,56,36
,,
ROI_53,57,31
,,
ROI_53,58,32
,,
ROI_53,59,24
,,
ROI_53,60,41
,,
ROI_53,61,38
,,
ROI_53,62,37
,,
ROI_53,63,31
,,
ROI_53,64,31
,,
ROI_53,65,17
,,
ROI_53,66,38
,,
ROI_53,67,25
,,
ROI_53,68,30
,,
ROI_53,69,22
,,
ROI_53,70,33
,,
ROI_53,71,22
,,
ROI_53,72,28
,,
ROI_53,73,43
,,
ROI_53,74,31
,,
ROI_53,75,27
,,
ROI_53,76,30
,,
ROI_53,77,24
,,
ROI_53,78,32
,,
ROI_53,79,18
,,
ROI_53,80,23
,,
ROI_53,81,24
,,
ROI_53,82,18
,,
ROI_53,83,21
,,
ROI_53,84,20
,,
ROI_53,85,27
,,
ROI_53,86,18
,,
ROI_53,87,22
,,
ROI_53,88,23
,,
ROI_53,89,23
,,
ROI_53,90,17
,,
ROI_53,91,30
,,
ROI_53,92,27
,,
ROI_53,93,21
,,
ROI_53,94,20
,,
ROI_53,95,20
,,
ROI_53,96,21
,,
ROI_53,97,17
,,
ROI_53,98,25
,,
ROI_53,99,19
,,
ROI_53,100,22
,,
ROI_53,101,17
,,
ROI_53,102,25
,,
ROI_53,103,21
,,
ROI_53,104,19
,,
ROI_53,105,18
,,
ROI_53,106,16
,,
ROI_53,107,17
,,
ROI_53,108,13
,,
ROI_53,109,23
,,
ROI_53,110,13
,,
ROI_53,111,10
,,
ROI_53,112,14
,,
ROI_53,113,12
,,
ROI_53,114,26
,,
ROI_53,115,15
,,
ROI_53,116,13
,,
ROI_53,117,20
,,
ROI_53,118,22
,,
ROI_53,119,13
,,
ROI_53,120,16
,,
ROI_53,121,12
,,
ROI_53,122,16
,,
ROI_53,123,14
,,
ROI_53,124,22
,,
ROI_53,125,11
,,
ROI_53,126,15
,,
ROI_53,127,10
,,
ROI_53,128,18
,,
ROI_53,129,12
,,
ROI_53,130,15
,,
ROI_53,131,9
,,
ROI_53,132,22
,,
ROI_53,133,12
,,
ROI_53,134,12
,,
ROI_53,135,3
,,
ROI_53,136,13
,,
ROI_53,137,13
,,
ROI_53,138,10
,,
ROI_53,139,9
,,
ROI_53,140,7
,,
ROI_53,141,14
,,
ROI_53,142,6
,,
ROI_53,143,13
,,
ROI_53,144,8
,,
ROI_53,145,7
,,
ROI_53,146,3
,,
ROI_53,147,24
,,
ROI_53,148,7
,,
ROI_53,149,11
,,
ROI_53,150,18
,,
ROI_53,151,7
,,
ROI_53,152,6
,,
ROI_53,153,10
,,
ROI_53,154,16
,,
ROI_53,155,7
,,
ROI_53,156,8
,,
ROI_53,157,14
,,
ROI_53,158,8
,,
ROI_53,159,11
,,
ROI_53,160,11
,,
ROI_53,161,3
,,
ROI_53,162,13
,,
ROI_53,163,9
,,
ROI_53,164,9
,,
ROI_53,165,6
,,
ROI_53,166,14
,,
ROI_53,167,12
,,
ROI_53,168,16
,,
ROI_53,169,10
,,
ROI_53,170,11
,,
ROI_53,171,8
,,
ROI_53,172,6
,,
ROI_53,173,7
,,
ROI_53,174,8
,,
ROI_53,175,10
,,
ROI_53,176,7
,,
ROI_53,177,11
,,
ROI_53,178,10
,,
ROI_53,179,9
,,
ROI_53,180,9
,,
ROI_53,181,6
,,
ROI_53,182,8
,,
ROI_53,183,7
,,
ROI_53,184,5
,,
ROI_53,185,4
,,
ROI_53,186,4
,,
ROI_53,187,4
,,
ROI_53,188,7
,,
ROI_53,189,10
,,
ROI_53,190,5
,,
ROI_53,191,7
,,
ROI_53,192,6
,,
ROI_53,193,4
,,
ROI_53,194,4
,,
ROI_53,195,4
,,
ROI_53,196,6
,,
ROI_53,197,8
,,
ROI_53,198,8
,,
ROI_53,199,6
,,
ROI_53,200,10
,,
ROI_53,201,7
,,
ROI_53,202,4
,,
ROI_53,203,4
,,
ROI_53,204,5
,,
ROI_53,205,10
,,
ROI_53,206,4
,,
ROI_53,207,5
,,
ROI_53,208,4
,,
ROI_53,209,8
,,
ROI_53,210,4
,,
ROI_53,211,10
,,
ROI_53,212,5
,,
ROI_53,213,6
,,
ROI_53,214,8
,,
ROI_53,215,9
,,
ROI_53,216,4
,,
ROI_53,217,4
,,
ROI_53,218,6
,,
ROI_53,219,3
,,
ROI_53,220,7
,,
ROI_53,221,6
,,
ROI_53,222,7
,,
ROI_53,223,5
,,
ROI_53,224,3
,,
ROI_53,225,4
,,
ROI_53,226,6
,,
ROI_53,227,3
,,
ROI_53,228,5
,,
ROI_53,229,1
,,
ROI_53,230,6
,,
ROI_53,231,7
,,
ROI_53,232,5
,,
ROI_53,233,6
,,
ROI_53,234,3
,,
ROI_53,235,0
,,
ROI_53,236,7
,,
ROI_53,237,3
,,
ROI_53,238,5
,,
ROI_53,239,5
,,
ROI_53,240,6
,,
ROI_53,241,1
,,
ROI_53,242,9
,,
ROI_53,243,2
,,
ROI_53,244,4
,,
ROI_53,245,2
,,
ROI_53,246,3
,,
ROI_53,247,5
,,
ROI_53,248,3
,,
ROI_53,249,6
,,
ROI_53,250,3
,,
ROI_53,251,2
,,
ROI_53,252,3
,,
ROI_53,253,2
,,
ROI_53,254,4
,,
ROI_53,255,645
,,
ROI_54,0,1722
,,
ROI_54,1,4
,,
ROI_54,2,0
,,
ROI_54,3,0
,,
ROI_54,4,0
,,
ROI_54,5,0
,,
ROI_54,6,0
,,
ROI_54,7,0
,,
ROI_54,8,0
,,
ROI_54,9,0
,,
ROI_54,10,0
,,
ROI_54,11,0
,,
ROI_54,12,0
,,
ROI_54,13,0
,,
ROI_54,14,0
,,
ROI_54,15,0
,,
ROI_54,16,0
,,
ROI_54,17,0
,,
ROI_54,18,0
,,
ROI_54,19,0
,,
ROI_54,20,0
,,
ROI_54,21,0
,,
ROI_54,22,0
,,
ROI_54,23,0
,,
ROI_54,24,0
,,
ROI_54,25,0
,,
ROI_54,26,0
,,
ROI_54,27,0
,,
ROI_54,28,0
,,
ROI_54,29,0
,,
ROI_54,30,0
,,
ROI_54,31,0
,,
ROI_54,32,0
,,
ROI_54,33,0
,,
ROI_54,34,0
,,
ROI_54,35,0
,,
ROI_54,36,0
,,
ROI_54,37,0
,,
ROI_54,38,0
,,
ROI_54,39,0
,,
ROI_54,40,0
,,
ROI_54,41,0
,,
ROI_54,42,0
,,
ROI_54,43,0
,,
ROI_54,44,0
,,
ROI_54,45,0
,,
ROI_54,46,0
,,
ROI_54,47,0
,,
ROI_54,48,0
,,
ROI_54,49,0
,,
ROI_54,50,0
,,
ROI_54,51,0
,,
ROI_54,52,0
,,
ROI_54,53,0
,,
ROI_54,54,0
,,
ROI_54,55,0
,,
ROI_54,56,0
,,
ROI_54,57,0
,,
ROI_54,58,0
,,
ROI_54,59,0
,,
ROI_54,60,0
,,
ROI_54,61,0
,,
ROI_54,62,0
,,
ROI_54,63,0
,,
ROI_54,64,0
,,
ROI_54,65,0
,,
ROI_54,66,0
,,
ROI_54,67,0
,,
ROI_54,68,0
,,
ROI_54,69,0
,,
ROI_54,70,0
,,
ROI_54,71,0
,,
ROI_54,72,0
,,
ROI_54,73,0
,,
ROI_54,74,0
,,
ROI_54,75,0
,,
ROI_54,76,0
,,
ROI_54,77,0
,,
ROI_54,78,0
,,
ROI_54,79,0
,,
ROI_54,80,0
,,
ROI_54,81,0
,,
ROI_54,82,0
,,
ROI_54,83,0
,,
ROI_54,84,0
,,
ROI_54,85,0
,,
ROI_54,86,0
,,
ROI_54,87,0
,,
ROI_54,88,0
,,
ROI_54,89,0
,,
ROI_54,90,0
,,
ROI_54,91,0
,,
ROI_54,92,0
,,
ROI_54,93,0
,,
ROI_54,94,0
,,
ROI_54,95,0
,,
ROI_54,96,0
,,
ROI_54,97,0
,,
ROI_54,98,0
,,
ROI_54,99,0
,,
ROI_54,100,0
,,
ROI_54,101,0
,,
ROI_54,102,0
,,
ROI_54,103,0
,,
ROI_54,104,0
,,
ROI_54,105,0
,,
ROI_54,106,0
,,
ROI_54,107,0
,,
ROI_54,108,0
,,
ROI_54,109,0
,,
ROI_54,110,0
,,
ROI_54,111,0
,,
ROI_54,112,0
,,
ROI_54,113,0
,,
ROI_54,114,0
,,
ROI_54,115,0
,,
ROI_54,116,0
,,
ROI_54,117,0
,,
ROI_54,118,0
,,
ROI_54,119,0
,,
ROI_54,120,0
,,
ROI_54,121,0
,,
ROI_54,122,0
,,
ROI_54,123,0
,,
ROI_54,124,0
,,
ROI_54,125,0
,,
ROI_54,126,0
,,
ROI_54,127,0
,,
ROI_54,128,0
,,
ROI_54,129,0
,,
ROI_54,130,0
,,
ROI_54,131,0
,,
ROI_54,132,0
,,
ROI_54,133,0
,,
ROI_54,134,0
,,
ROI_54,135,0
,,
ROI_54,136,0
,,
ROI_54,137,0
,,
ROI_54,138,0
,,
ROI_54,139,0
,,
ROI_54,140,0
,,
ROI_54,141,0
,,
ROI_54,142,0
,,
ROI_54,143,0
,,
ROI_54,144,0
,,
ROI_54,145,0
,,
ROI_54,146,0
,,
ROI_54,147,0
,,
ROI_54,148,0
,,
ROI_54,149,0
,,
ROI_54,150,0
,,
ROI_54,151,0
,,
ROI_54,152,0
,,
ROI_54,153,0
,,
ROI_54,154,0
,,
ROI_54,155,0
,,
ROI_54,156,0
,,
ROI_54,157,0
,,
ROI_54,158,0
,,
ROI_54,159,0
,,
ROI_54,160,0
,,
ROI_54,161,0
,,
ROI_54,162,0
,,
ROI_54,163,0
,,
ROI_54,164,0
,,
ROI_54,165,0
,,
ROI_54,166,0
,,
ROI_54,167,0
,,
ROI_54,168,0
,,
ROI_54,169,0
,,
ROI_54,170,0
,,
ROI_54,171,0
,,
ROI_54,172,0
,,
ROI_54,173,0
,,
ROI_54,174,0
,,
ROI_54,175,0
,,
ROI_54,176,0
,,
ROI_54,177,0
,,
ROI_54,178,0
,,
ROI_54,179,0
,,
ROI_54,180,0
,,
ROI_54,181,0
,,
ROI_54,182,0
,,
ROI_54,183,0
,,
ROI_54,184,0
,,
ROI_54,185,0
,,
ROI_54,186,0
,,
ROI_54,187,0
,,
ROI_54,188,0
,,
ROI_54,189,0
,,
ROI_54,190,0
,,
ROI_54,191,0
,,
ROI_54,192,0
,,
ROI_54,193,0
,,
ROI_54,194,0
,,
ROI_54,195,0
,,
ROI_54,196,0
,,
ROI_54,197,0
,,
ROI_54,198,0
,,
ROI_54,199,0
,,
ROI_54,200,0
,,
ROI_54,201,0
,,
ROI_54,202,0
,,
ROI_54,203,0
,,
ROI_54,204,0
,,
ROI_54,205,0
,,
ROI_54,206,0
,,
ROI_54,207,0
,,
ROI_54,208,0
,,
ROI_54,209,0
,,
ROI_54,210,0
,,
ROI_54,211,0
,,
ROI_54,212,0
,,
ROI_54,213,0
,,
ROI_54,214,0
,,
ROI_54,215,0
,,
ROI_54,216,0
,,
ROI_54,217,0
,,
ROI_54,218,0
,,
ROI_54,219,0
,,
ROI_54,220,0
,,
ROI_54,221,0
,,
ROI_54,222,0
,,
ROI_54,223,0
,,
ROI_54,224,0
,,
ROI_54,225,0
,,
ROI_54,226,0
,,
ROI_54,227,0
,,
ROI_54,228,0
,,
ROI_54,229,0
,,
ROI_54,230,0
,,
ROI_54,231,0
,,
ROI_54,232,0
,,
ROI_54,233,0
,,
ROI_54,234,0
,,
ROI_54,235,0
,,
ROI_54,236,0
,,
ROI_54,237,0
,,
ROI_54,238,0
,,
ROI_54,239,0
,,
ROI_54,240,0
,,
ROI_54,241,0
,,
ROI_54,242,0
,,
ROI_54,243,0
,,
ROI_54,244,0
,,
ROI_54,245,0
,,
ROI_54,246,0
,,
ROI_54,247,0
,,
ROI_54,248,0
,,
ROI_54,249,0
,,
ROI_54,250,0
,,
ROI_54,251,0
,,
ROI_54,252,0
,,
ROI_54,253,0
,,
ROI_54,254,0
,,
ROI_54,255,0
,,
ROI_55,0,2611
,,
ROI_55,1,26
,,
ROI_55,2,12
,,
ROI_55,3,9
,,
ROI_55,4,2
,,
ROI_55,5,3
,,
ROI_55,6,0
,,
ROI_55,7,0
,,
ROI_55,8,0
,,
ROI_55,9,0
,,
ROI_55,10,0
,,
ROI_55,11,0
,,
ROI_55,12,0
,,
ROI_55,13,0
,,
ROI_55,14,0
,,
ROI_55,15,0
,,
ROI_55,16,0
,,
ROI_55,17,0
,,
ROI_55,18,0
,,
ROI_55,19,0
,,
ROI_55,20,0
,,
ROI_55,21,0
,,
ROI_55,22,0
,,
ROI_55,23,0
,,
ROI_55,24,0
,,
ROI_55,25,0
,,
ROI_55,26,0
,,
ROI_55,27,0
,,
ROI_55,28,0
,,
ROI_55,29,0
,,
ROI_55,30,0
,,
ROI_55,31,0
,,
ROI_55,32,0
,,
ROI_55,33,0
,,
ROI_55,34,0
,,
ROI_55,35,0
,,
ROI_55,36,0
,,
ROI_55,37,0
,,
ROI_55,38,0
,,
ROI_55,39,0
,,
ROI_55,40,0
,,
ROI_55,41,0
,,
ROI_55,42,0
,,
ROI_55,43,0
,,
ROI_55,44,0
,,
ROI_55,45,0
,,
ROI_55,46,0
,,
ROI_55,47,0
,,
ROI_55,48,0
,,
ROI_55,49,0
,,
ROI_55,50,0
,,
ROI_55,51,0
,,
ROI_55,52,0
,,
ROI_55,53,0
,,
ROI_55,54,0
,,
ROI_55,55,0
,,
ROI_55,56,0
,,
ROI_55,57,0
,,
ROI_55,58,0
,,
ROI_55,59,0
,,
ROI_55,60,0
,,
ROI_55,61,0
,,
ROI_55,62,0
,,
ROI_55,63,0
,,
ROI_55,64,0
,,
ROI_55,65,0
,,
ROI_55,66,0
,,
ROI_55,67,0
,,
ROI_55,68,0
,,
ROI_55,69,0
,,
ROI_55,70,0
,,
ROI_55,71,0
,,
ROI_55,72,0
,,
ROI_55,73,0
,,
ROI_55,74,0
,,
ROI_55,75,0
,,
ROI_55,76,0
,,
ROI_55,77,0
,,
ROI_55,78,0
,,
ROI_55,79,0
,,
ROI_55,80,0
,,
ROI_55,81,0
,,
ROI_55,82,0
,,
ROI_55,83,0
,,
ROI_55,84,0
,,
ROI_55,85,0
,,
ROI_55,86,0
,,
ROI_55,87,0
,,
ROI_55,88,0
,,
ROI_55,89,0
,,
ROI_55,90,0
,,
ROI_55,91,0
,,
ROI_55,92,0
,,
ROI_55,93,0
,,
ROI_55,94,0
,,
ROI_55,95,0
,,
ROI_55,96,0
,,
ROI_55,97,0
,,
ROI_55,98,0
,,
ROI_55,99,0
,,
ROI_55,100,0
,,
ROI_55,101,0
,,
ROI_55,102,0
,,
ROI_55,103,0
,,
ROI_55,104,0
,,
ROI_55,105,0
,,
ROI_55,106,0
,,
ROI_55,107,0
,,
ROI_55,108,0
,,
ROI_55,109,0
,,
ROI_55,110,0
,,
ROI_55,111,0
,,
ROI_55,112,0
,,
ROI_55,113,0
,,
ROI_55,114,0
,,
ROI_55,115,0
,,
ROI_55,116,0
,,
ROI_55,117,0
,,
ROI_55,118,0
,,
ROI_55,119,0
,,
ROI_55,120,0
,,
ROI_55,121,0
,,
ROI_55,122,0
,,
ROI_55,123,0
,,
ROI_55,124,0
,,
ROI_55,125,0
,,
ROI_55,126,0
,,
ROI_55,127,0
,,
ROI_55,128,0
,,
ROI_55,129,0
,,
ROI_55,130,0
,,
ROI_55,131,0
,,
ROI_55,132,0
,,
ROI_55,133,0
,,
ROI_55,134,0
,,
ROI_55,135,0
,,
ROI_55,136,0
,,
ROI_55,137,0
,,
ROI_55,138,0
,,
ROI_55,139,0
,,
ROI_55,140,0
,,
ROI_55,141,0
,,
ROI_55,142,0
,,
ROI_55,143,0
,,
ROI_55,144,0
,,
ROI_55,145,0
,,
ROI_55,146,0
,,
ROI_55,147,0
,,
ROI_55,148,0
,,
ROI_55,149,0
,,
ROI_55,150,0
,,
ROI_55,151,0
,,
ROI_55,152,0
,,
ROI_55,153,0
,,
ROI_55,154,0
,,
ROI_55,155,0
,,
ROI_55,156,0
,,
ROI_55,157,0
,,
ROI_55,158,0
,,
ROI_55,159,0
,,
ROI_55,160,0
,,
ROI_55,161,0
,,
ROI_55,162,0
,,
ROI_55,163,0
,,
ROI_55,164,0
,,
ROI_55,165,0
,,
ROI_55,166,0
,,
ROI_55,167,0
,,
ROI_55,168,0
,,
ROI_55,169,0
,,
ROI_55,170,0
,,
ROI_55,171,0
,,
ROI_55,172,0
,,
ROI_55,173,0
,,
ROI_55,174,0
,,
ROI_55,175,0
,,
ROI_55,176,0
,,
ROI_55,177,0
,,
ROI_55,178,0
,,
ROI_55,179,0
,,
ROI_55,180,0
,,
ROI_55,181,0
,,
ROI_55,182,0
,,
ROI_55,183,0
,,
ROI_55,184,0
,,
ROI_55,185,0
,,
ROI_55,186,0
,,
ROI_55,187,0
,,
ROI_55,188,0
,,
ROI_55,189,0
,,
ROI_55,190,0
,,
ROI_55,191,0
,,
ROI_55,192,0
,,
ROI_55,193,0
,,
ROI_55,194,0
,,
ROI_55,195,0
,,
ROI_55,196,0
,,
ROI_55,197,0
,,
ROI_55,198,0
,,
ROI_55,199,0
,,
ROI_55,200,0
,,
ROI_55,201,0
,,
ROI_55,202,0
,,
ROI_55,203,0
,,
ROI_55,204,0
,,
ROI_55,205,0
,,
ROI_55,206,0
,,
ROI_55,207,0
,,
ROI_55,208,0
,,
ROI_55,209,0
,,
ROI_55,210,0
,,
ROI_55,211,0
,,
ROI_55,212,0
,,
ROI_55,213,0
,,
ROI_55,214,0
,,
ROI_55,215,0
,,
ROI_55,216,0
,,
ROI_55,217,0
,,
ROI_55,218,0
,,
ROI_55,219,0
,,
ROI_55,220,0
,,
ROI_55,221,0
,,
ROI_55,222,0
,,
ROI_55,223,0
,,
ROI_55,224,0
,,
ROI_55,225,0
,,
ROI_55,226,0
,,
ROI_55,227,0
,,
ROI_55,228,0
,,
ROI_55,229,0
,,
ROI_55,230,0
,,
ROI_55,231,0
,,
ROI_55,232,0
,,
ROI_55,233,0
,,
ROI_55,234,0
,,
ROI_55,235,0
,,
ROI_55,236,0
,,
ROI_55,237,0
,,
ROI_55,238,0
,,
ROI_55,239,0
,,
ROI_55,240,0
,,
ROI_55,241,0
,,
ROI_55,242,0
,,
ROI_55,243,0
,,
ROI_55,244,0
,,
ROI_55,245,0
,,
ROI_55,246,0
,,
ROI_55,247,0
,,
ROI_55,248,0
,,
ROI_55,249,0
,,
ROI_55,250,0
,,
ROI_55,251,0
,,
ROI_55,252,0
,,
ROI_55,253,0
,,
ROI_55,254,0
,,
ROI_55,255,0
,,
ROI_56,0,6823
,,
ROI_56,1,479
,,
ROI_56,2,302
,,
ROI_56,3,239
,,
ROI_56,4,206
,,
ROI_56,5,205
,,
ROI_56,6,154
,,
ROI_56,7,152
,,
ROI_56,8,129
,,
ROI_56,9,100
,,
ROI_56,10,87
,,
ROI_56,11,83
,,
ROI_56,12,80
,,
ROI_56,13,56
,,
ROI_56,14,64
,,
ROI_56,15,65
,,
ROI_56,16,44
,,
ROI_56,17,48
,,
ROI_56,18,35
,,
ROI_56,19,40
,,
ROI_56,20,48
,,
ROI_56,21,40
,,
ROI_56,22,29
,,
ROI_56,23,43
,,
ROI_56,24,36
,,
ROI_56,25,49
,,
ROI_56,26,21
,,
ROI_56,27,30
,,
ROI_56,28,29
,,
ROI_56,29,33
,,
ROI_56,30,22
,,
ROI_56,31,30
,,
ROI_56,32,25
,,
ROI_56,33,26
,,
ROI_56,34,12
,,
ROI_56,35,19
,,
ROI_56,36,22
,,
ROI_56,37,22
,,
ROI_56,38,26
,,
ROI_56,39,10
,,
ROI_56,40,14
,,
ROI_56,41,14
,,
ROI_56,42,24
,,
ROI_56,43,15
,,
ROI_56,44,17
,,
ROI_56,45,26
,,
ROI_56,46,22
,,
ROI_56,47,16
,,
ROI_56,48,16
,,
ROI_56,49,13
,,
ROI_56,50,15
,,
ROI_56,51,11
,,
ROI_56,52,15
,,
ROI_56,53,8
,,
ROI_56,54,13
,,
ROI_56,55,14
,,
ROI_56,56,15
,,
ROI_56,57,15
,,
ROI_56,58,14
,,
ROI_56,59,19
,,
ROI_56,60,13
,,
ROI_56,61,13
,,
ROI_56,62,13
,,
ROI_56,63,15
,,
ROI_56,64,8
,,
ROI_56,65,11
,,
ROI_56,66,10
,,
ROI_56,67,7
,,
ROI_56,68,16
,,
ROI_56,69,13
,,
ROI_56,70,17
,,
ROI_56,71,13
,,
ROI_56,72,8
,,
ROI_56,73,6
,,
ROI_56,74,5
,,
ROI_56,75,13
,,
ROI_56,76,8
,,
ROI_56,77,10
,,
ROI_56,78,7
,,
ROI_56,79,10
,,
ROI_56,80,5
,,
ROI_56,81,5
,,
ROI_56,82,5
,,
ROI_56,83,9
,,
ROI_56,84,7
,,
ROI_56,85,10
,,
ROI_56,86,10
,,
ROI_56,87,6
,,
ROI_56,88,5
,,
ROI_56,89,4
,,
ROI_56,90,8
,,
ROI_56,91,10
,,
ROI_56,92,5
,,
ROI_56,93,7
,,
ROI_56,94,8
,,
ROI_56,95,5
,,
ROI_56,96,7
,,
ROI_56,97,4
,,
ROI_56,98,4
,,
ROI_56,99,6
,,
ROI_56,100,2
,,
ROI_56,101,9
,,
ROI_56,102,3
,,
ROI_56,103,5
,,
ROI_56,104,3
,,
ROI_56,105,4
,,
ROI_56,106,3
,,
ROI_56,107,5
,,
ROI_56,108,3
,,
ROI_56,109,4
,,
ROI_56,110,2
,,
ROI_56,111,3
,,
ROI_56,112,2
,,
ROI_56,113,2
,,
ROI_56,114,0
,,
ROI_56,115,3
,,
ROI_56,116,2
,,
ROI_56,117,6
,,
ROI_56,118,3
,,
ROI_56,119,3
,,
ROI_56,120,2
,,
ROI_56,121,5
,,
ROI_56,122,4
,,
ROI_56,123,8
,,
ROI_56,124,0
,,
ROI_56,125,2
,,
ROI_56,126,2
,,
ROI_56,127,1
,,
ROI_56,128,0
,,
ROI_56,129,2
,,
ROI_56,130,4
,,
ROI_56,131,2
,,
ROI_56,132,2
,,
ROI_56,133,1
,,
ROI_56,134,3
,,
ROI_56,135,4
,,
ROI_56,136,4
,,
ROI_56,137,3
,,
ROI_56,138,3
,,
ROI_56,139,1
,,
ROI_56,140,1
,,
ROI_56,141,2
,,
ROI_56,142,1
,,
ROI_56,143,4
,,
ROI_56,144,3
,,
ROI_56,145,1
,,
ROI_56,146,5
,,
ROI_56,147,3
,,
ROI_56,148,2
,,
ROI_56,149,2
,,
ROI_56,150,1
,,
ROI_56,151,2
,,
ROI_56,152,0
,,
ROI_56,153,2
,,
ROI_56,154,3
,,
ROI_56,155,2
,,
ROI_56,156,1
,,
ROI_56,157,0
,,
ROI_56,158,0
,,
ROI_56,159,0
,,
ROI_56,160,1
,,
ROI_56,161,1
,,
ROI_56,162,2
,,
ROI_56,163,0
,,
ROI_56,164,2
,,
ROI_56,165,2
,,
ROI_56,166,1
,,
ROI_56,167,2
,,
ROI_56,168,2
,,
ROI_56,169,2
,,
ROI_56,170,2
,,
ROI_56,171,0
,,
ROI_56,172,1
,,
ROI_56,173,0
,,
ROI_56,174,0
,,
ROI_56,175,0
,,
ROI_56,176,0
,,
ROI_56,177,0
,,
ROI_56,178,1
,,
ROI_56,179,0
,,
ROI_56,180,1
,,
ROI_56,181,1
,,
ROI_56,182,2
,,
ROI_56,183,2
,,
ROI_56,184,1
,,
ROI_56,185,0
,,
ROI_56,186,1
,,
ROI_56,187,1
,,
ROI_56,188,0
,,
ROI_56,189,1
,,
ROI_56,190,1
,,
ROI_56,191,2
,,
ROI_56,192,2
,,
ROI_56,193,0
,,
ROI_56,194,1
,,
ROI_56,195,0
,,
ROI_56,196,2
,,
ROI_56,197,0
,,
ROI_56,198,1
,,
ROI_56,199,2
,,
ROI_56,200,0
,,
ROI_56,201,1
,,
ROI_56,202,0
,,
ROI_56,203,2
,,
ROI_56,204,1
,,
ROI_56,205,2
,,
ROI_56,206,1
,,
ROI_56,207,0
,,
ROI_56,208,0
,,
ROI_56,209,0
,,
ROI_56,210,0
,,
ROI_56,211,2
,,
ROI_56,212,3
,,
ROI_56,213,1
,,
ROI_56,214,0
,,
ROI_56,215,0
,,
ROI_56,216,0
,,
ROI_56,217,0
,,
ROI_56,218,0
,,
ROI_56,219,0
,,
ROI_56,220,0
,,
ROI_56,221,0
,,
ROI_56,222,0
,,
ROI_56,223,0
,,
ROI_56,224,0
,,
ROI_56,225,1
,,
ROI_56,226,1
,,
ROI_56,227,0
,,
ROI_56,228,2
,,
ROI_56,229,0
,,
ROI_56,230,2
,,
ROI_56,231,1
,,
ROI_56,232,2
,,
ROI_56,233,2
,,
ROI_56,234,0
,,
ROI_56,235,1
,,
ROI_56,236,0
,,
ROI_56,237,1
,,
ROI_56,238,0
,,
ROI_56,239,0
,,
ROI_56,240,1
,,
ROI_56,241,1
,,
ROI_56,242,3
,,
ROI_56,243,1
,,
ROI_56,244,0
,,
ROI_56,245,0
,,
ROI_56,246,2
,,
ROI_56,247,0
,,
ROI_56,248,0
,,
ROI_56,249,0
,,
ROI_56,250,0
,,
ROI_56,251,0
,,
ROI_56,252,1
,,
ROI_56,253,0
,,
ROI_56,254,0
,,
ROI_56,255,45
,,
ROI_57,0,2052
,,
ROI_57,1,12
,,
ROI_57,2,6
,,
ROI_57,3,8
,,
ROI_57,4,8
,,
ROI_57,5,9
,,
ROI_57,6,3
,,
ROI_57,7,5
,,
ROI_57,8,4
,,
ROI_57,9,7
,,
ROI_57,10,3
,,
ROI_57,11,3
,,
ROI_57,12,3
,,
ROI_57,13,2
,,
ROI_57,14,2
,,
ROI_57,15,1
,,
ROI_57,16,1
,,
ROI_57,17,0
,,
ROI_57,18,2
,,
ROI_57,19,0
,,
ROI_57,20,3
,,
ROI_57,21,1
,,
ROI_57,22,3
,,
ROI_57,23,1
,,
ROI_57,24,2
,,
ROI_57,25,1
,,
ROI_57,26,1
,,
ROI_57,27,3
,,
ROI_57,28,0
,,
ROI_57,29,0
,,
ROI_57,30,0
,,
ROI_57,31,1
,,
ROI_57,32,0
,,
ROI_57,33,1
,,
ROI_57,34,0
,,
ROI_57,35,1
,,
ROI_57,36,0
,,
ROI_57,37,1
,,
ROI_57,38,0
,,
ROI_57,39,0
,,
ROI_57,40,1
,,
ROI_57,41,2
,,
ROI_57,42,1
,,
ROI_57,43,0
,,
ROI_57,44,0
,,
ROI_57,45,0
,,
ROI_57,46,0
,,
ROI_57,47,2
,,
ROI_57,48,0
,,
ROI_57,49,1
,,
ROI_57,50,0
,,
ROI_57,51,0
,,
ROI_57,52,0
,,
ROI_57,53,1
,,
ROI_57,54,0
,,
ROI_57,55,0
,,
ROI_57,56,1
,,
ROI_57,57,0
,,
ROI_57,58,0
,,
ROI_57,59,0
,,
ROI_57,60,0
,,
ROI_57,61,1
,,
ROI_57,62,0
,,
ROI_57,63,1
,,
ROI_57,64,0
,,
ROI_57,65,0
,,
ROI_57,66,1
,,
ROI_57,67,0
,,
ROI_57,68,0
,,
ROI_57,69,0
,,
ROI_57,70,0
,,
ROI_57,71,0
,,
ROI_57,72,0
,,
ROI_57,73,0
,,
ROI_57,74,0
,,
ROI_57,75,0
,,
ROI_57,76,0
,,
ROI_57,77,0
,,
ROI_57,78,0
,,
ROI_57,79,0
,,
ROI_57,80,0
,,
ROI_57,81,0
,,
ROI_57,82,0
,,
ROI_57,83,0
,,
ROI_57,84,0
,,
ROI_57,85,0
,,
ROI_57,86,0
,,
ROI_57,87,0
,,
ROI_57,88,0
,,
ROI_57,89,0
,,
ROI_57,90,0
,,
ROI_57,91,0
,,
ROI_57,92,0
,,
ROI_57,93,0
,,
ROI_57,94,0
,,
ROI_57,95,0
,,
ROI_57,96,0
,,
ROI_57,97,0
,,
ROI_57,98,0
,,
ROI_57,99,0
,,
ROI_57,100,0
,,
ROI_57,101,0
,,
ROI_57,102,0
,,
ROI_57,103,0
,,
ROI_57,104,0
,,
ROI_57,105,0
,,
ROI_57,106,0
,,
ROI_57,107,0
,,
ROI_57,108,0
,,
ROI_57,109,0
,,
ROI_57,110,0
,,
ROI_57,111,0
,,
ROI_57,112,0
,,
ROI_57,113,0
,,
ROI_57,114,0
,,
ROI_57,115,0
,,
ROI_57,116,0
,,
ROI_57,117,0
,,
ROI_57,118,0
,,
ROI_57,119,0
,,
ROI_57,120,0
,,
ROI_57,121,0
,,
ROI_57,122,0
,,
ROI_57,123,0
,,
ROI_57,124,0
,,
ROI_57,125,0
,,
ROI_57,126,0
,,
ROI_57,127,0
,,
ROI_57,128,0
,,
ROI_57,129,0
,,
ROI_57,130,0
,,
ROI_57,131,0
,,
ROI_57,132,0
,,
ROI_57,133,0
,,
ROI_57,134,0
,,
ROI_57,135,0
,,
ROI_57,136,0
,,
ROI_57,137,0
,,
ROI_57,138,0
,,
ROI_57,139,0
,,
ROI_57,140,0
,,
ROI_57,141,0
,,
ROI_57,142,0
,,
ROI_57,143,0
,,
ROI_57,144,0
,,
ROI_57,145,0
,,
ROI_57,146,0
,,
ROI_57,147,0
,,
ROI_57,148,0
,,
ROI_57,149,0
,,
ROI_57,150,0
,,
ROI_57,151,0
,,
ROI_57,152,0
,,
ROI_57,153,0
,,
ROI_57,154,0
,,
ROI_57,155,0
,,
ROI_57,156,0
,,
ROI_57,157,0
,,
ROI_57,158,0
,,
ROI_57,159,0
,,
ROI_57,160,0
,,
ROI_57,161,0
,,
ROI_57,162,0
,,
ROI_57,163,0
,,
ROI_57,164,0
,,
ROI_57,165,0
,,
ROI_57,166,0
,,
ROI_57,167,0
,,
ROI_57,168,0
,,
ROI_57,169,0
,,
ROI_57,170,0
,,
ROI_57,171,0
,,
ROI_57,172,0
,,
ROI_57,173,0
,,
ROI_57,174,0
,,
ROI_57,175,0
,,
ROI_57,176,0
,,
ROI_57,177,0
,,
ROI_57,178,0
,,
ROI_57,179,0
,,
ROI_57,180,0
,,
ROI_57,181,0
,,
ROI_57,182,0
,,
ROI_57,183,0
,,
ROI_57,184,0
,,
ROI_57,185,0
,,
ROI_57,186,0
,,
ROI_57,187,0
,,
ROI_57,188,0
,,
ROI_57,189,0
,,
ROI_57,190,0
,,
ROI_57,191,0
,,
ROI_57,192,0
,,
ROI_57,193,0
,,
ROI_57,194,0
,,
ROI_57,195,0
,,
ROI_57,196,0
,,
ROI_57,197,0
,,
ROI_57,198,0
,,
ROI_57,199,0
,,
ROI_57,200,0
,,
ROI_57,201,0
,,
ROI_57,202,0
,,
ROI_57,203,0
,,
ROI_57,204,0
,,
ROI_57,205,0
,,
ROI_57,206,0
,,
ROI_57,207,0
,,
ROI_57,208,0
,,
ROI_57,209,0
,,
ROI_57,210,0
,,
ROI_57,211,0
,,
ROI_57,212,0
,,
ROI_57,213,0
,,
ROI_57,214,0
,,
ROI_57,215,0
,,
ROI_57,216,0
,,
ROI_57,217,0
,,
ROI_57,218,0
,,
ROI_57,219,0
,,
ROI_57,220,0
,,
ROI_57,221,0
,,
ROI_57,222,0
,,
ROI_57,223,0
,,
ROI_57,224,0
,,
ROI_57,225,0
,,
ROI_57,226,0
,,
ROI_57,227,0
,,
ROI_57,228,0
,,
ROI_57,229,0
,,
ROI_57,230,0
,,
ROI_57,231,0
,,
ROI_57,232,0
,,
ROI_57,233,0
,,
ROI_57,234,0
,,
ROI_57,235,0
,,
ROI_57,236,0
,,
ROI_57,237,0
,,
ROI_57,238,0
,,
ROI_57,239,0
,,
ROI_57,240,0
,,
ROI_57,241,0
,,
ROI_57,242,0
,,
ROI_57,243,0
,,
ROI_57,244,0
,,
ROI_57,245,0
,,
ROI_57,246,0
,,
ROI_57,247,0
,,
ROI_57,248,0
,,
ROI_57,249,0
,,
ROI_57,250,0
,,
ROI_57,251,0
,,
ROI_57,252,0
,,
ROI_57,253,0
,,
ROI_57,254,0
,,
ROI_57,255,0
,,
ROI_58,0,9446
,,
ROI_58,1,644
,,
ROI_58,2,484
,,
ROI_58,3,435
,,
ROI_58,4,355
,,
ROI_58,5,365
,,
ROI_58,6,255
,,
ROI_58,7,275
,,
ROI_58,8,257
,,
ROI_58,9,210
,,
ROI_58,10,189
,,
ROI_58,11,195
,,
ROI_58,12,183
,,
ROI_58,13,155
,,
ROI_58,14,176
,,
ROI_58,15,125
,,
ROI_58,16,133
,,
ROI_58,17,118
,,
ROI_58,18,115
,,
ROI_58,19,82
,,
ROI_58,20,104
,,
ROI_58,21,80
,,
ROI_58,22,108
,,
ROI_58,23,97
,,
ROI_58,24,69
,,
ROI_58,25,84
,,
ROI_58,26,64
,,
ROI_58,27,74
,,
ROI_58,28,93
,,
ROI_58,29,72
,,
ROI_58,30,65
,,
ROI_58,31,61
,,
ROI_58,32,47
,,
ROI_58,33,65
,,
ROI_58,34,55
,,
ROI_58,35,54
,,
ROI_58,36,40
,,
ROI_58,37,46
,,
ROI_58,38,50
,,
ROI_58,39,52
,,
ROI_58,40,58
,,
ROI_58,41,42
,,
ROI_58,42,54
,,
ROI_58,43,35
,,
ROI_58,44,58
,,
ROI_58,45,43
,,
ROI_58,46,29
,,
ROI_58,47,36
,,
ROI_58,48,45
,,
ROI_58,49,30
,,
ROI_58,50,33
,,
ROI_58,51,31
,,
ROI_58,52,29
,,
ROI_58,53,30
,,
ROI_58,54,20
,,
ROI_58,55,40
,,
ROI_58,56,37
,,
ROI_58,57,31
,,
ROI_58,58,33
,,
ROI_58,59,24
,,
ROI_58,60,20
,,
ROI_58,61,22
,,
ROI_58,62,19
,,
ROI_58,63,25
,,
ROI_58,64,27
,,
ROI_58,65,26
,,
ROI_58,66,25
,,
ROI_58,67,14
,,
ROI_58,68,27
,,
ROI_58,69,19
,,
ROI_58,70,23
,,
ROI_58,71,22
,,
ROI_58,72,25
,,
ROI_58,73,20
,,
ROI_58,74,20
,,
ROI_58,75,15
,,
ROI_58,76,12
,,
ROI_58,77,14
,,
ROI_58,78,19
,,
ROI_58,79,13
,,
ROI_58,80,17
,,
ROI_58,81,20
,,
ROI_58,82,10
,,
ROI_58,83,19
,,
ROI_58,84,13
,,
ROI_58,85,15
,,
ROI_58,86,16
,,
ROI_58,87,15
,,
ROI_58,88,14
,,
ROI_58,89,15
,,
ROI_58,90,14
,,
ROI_58,91,12
,,
ROI_58,92,9
,,
ROI_58,93,9
,,
ROI_58,94,22
,,
ROI_58,95,10
,,
ROI_58,96,17
,,
ROI_58,97,3
,,
ROI_58,98,16
,,
ROI_58,99,9
,,
ROI_58,100,10
,,
ROI_58,101,10
,,
ROI_58,102,8
,,
ROI_58,103,10
,,
ROI_58,104,12
,,
ROI_58,105,5
,,
ROI_58,106,15
,,
ROI_58,107,2
,,
ROI_58,108,12
,,
ROI_58,109,4
,,
ROI_58,110,10
,,
ROI_58,111,11
,,
ROI_58,112,5
,,
ROI_58,113,7
,,
ROI_58,114,7
,,
ROI_58,115,17
,,
ROI_58,116,12
,,
ROI_58,117,8
,,
ROI_58,118,9
,,
ROI_58,119,7
,,
ROI_58,120,8
,,
ROI_58,121,8
,,
ROI_58,122,13
,,
ROI_58,123,6
,,
ROI_58,124,11
,,
ROI_58,125,10
,,
ROI_58,126,4
,,
ROI_58,127,5
,,
ROI_58,128,7
,,
ROI_58,129,6
,,
ROI_58,130,3
,,
ROI_58,131,5
,,
ROI_58,132,6
,,
ROI_58,133,2
,,
ROI_58,134,9
,,
ROI_58,135,8
,,
ROI_58,136,6
,,
ROI_58,137,4
,,
ROI_58,138,10
,,
ROI_58,139,4
,,
ROI_58,140,5
,,
ROI_58,141,5
,,
ROI_58,142,2
,,
ROI_58,143,2
,,
ROI_58,144,5
,,
ROI_58,145,5
,,
ROI_58,146,5
,,
ROI_58,147,6
,,
ROI_58,148,5
,,
ROI_58,149,1
,,
ROI_58,150,6
,,
ROI_58,151,3
,,
ROI_58,152,6
,,
ROI_58,153,5
,,
ROI_58,154,7
,,
ROI_58,155,5
,,
ROI_58,156,8
,,
ROI_58,157,6
,,
ROI_58,158,4
,,
ROI_58,159,5
,,
ROI_58,160,4
,,
ROI_58,161,7
,,
ROI_58,162,7
,,
ROI_58,163,4
,,
ROI_58,164,2
,,
ROI_58,165,3
,,
ROI_58,166,2
,,
ROI_58,167,5
,,
ROI_58,168,5
,,
ROI_58,169,7
,,
ROI_58,170,4
,,
ROI_58,171,5
,,
ROI_58,172,4
,,
ROI_58,173,11
,,
ROI_58,174,2
,,
ROI_58,175,5
,,
ROI_58,176,3
,,
ROI_58,177,0
,,
ROI_58,178,4
,,
ROI_58,179,5
,,
ROI_58,180,2
,,
ROI_58,181,2
,,
ROI_58,182,6
,,
ROI_58,183,3
,,
ROI_58,184,4
,,
ROI_58,185,1
,,
ROI_58,186,3
,,
ROI_58,187,2
,,
ROI_58,188,0
,,
ROI_58,189,4
,,
ROI_58,190,4
,,
ROI_58,191,4
,,
ROI_58,192,4
,,
ROI_58,193,2
,,
ROI_58,194,2
,,
ROI_58,195,0
,,
ROI_58,196,3
,,
ROI_58,197,9
,,
ROI_58,198,2
,,
ROI_58,199,2
,,
ROI_58,200,1
,,
ROI_58,201,5
,,
ROI_58,202,3
,,
ROI_58,203,5
,,
ROI_58,204,3
,,
ROI_58,205,3
,,
ROI_58,206,5
,,
ROI_58,207,0
,,
ROI_58,208,8
,,
ROI_58,209,1
,,
ROI_58,210,7
,,
ROI_58,211,2
,,
ROI_58,212,3
,,
ROI_58,213,2
,,
ROI_58,214,5
,,
ROI_58,215,2
,,
ROI_58,216,2
,,
ROI_58,217,4
,,
ROI_58,218,2
,,
ROI_58,219,5
,,
ROI_58,220,1
,,
ROI_58,221,0
,,
ROI_58,222,3
,,
ROI_58,223,3
,,
ROI_58,224,0
,,
ROI_58,225,2
,,
ROI_58,226,2
,,
ROI_58,227,3
,,
ROI_58,228,1
,,
ROI_58,229,2
,,
ROI_58,230,5
,,
ROI_58,231,1
,,
ROI_58,232,2
,,
ROI_58,233,3
,,
ROI_58,234,1
,,
ROI_58,235,1
,,
ROI_58,236,3
,,
ROI_58,237,3
,,
ROI_58,238,2
,,
ROI_58,239,1
,,
ROI_58,240,2
,,
ROI_58,241,2
,,
ROI_58,242,1
,,
ROI_58,243,5
,,
ROI_58,244,1
,,
ROI_58,245,1
,,
ROI_58,246,4
,,
ROI_58,247,3
,,
ROI_58,248,0
,,
ROI_58,249,3
,,
ROI_58,250,1
,,
ROI_58,251,0
,,
ROI_58,252,1
,,
ROI_58,253,1
,,
ROI_58,254,3
,,
ROI_58,255,206
,,
ROI_59,0,11987
,,
ROI_59,1,169
,,
ROI_59,2,82
,,
ROI_59,3,72
,,
ROI_59,4,65
,,
ROI_59,5,59
,,
ROI_59,6,49
,,
ROI_59,7,39
,,
ROI_59,8,47
,,
ROI_59,9,30
,,
ROI_59,10,38
,,
ROI_59,11,26
,,
ROI_59,12,24
,,
ROI_59,13,19
,,
ROI_59,14,29
,,
ROI_59,15,22
,,
ROI_59,16,16
,,
ROI_59,17,15
,,
ROI_59,18,18
,,
ROI_59,19,13
,,
ROI_59,20,13
,,
ROI_59,21,16
,,
ROI_59,22,9
,,
ROI_59,23,16
,,
ROI_59,24,13
,,
ROI_59,25,18
,,
ROI_59,26,9
,,
ROI_59,27,15
,,
ROI_59,28,6
,,
ROI_59,29,6
,,
ROI_59,30,12
,,
ROI_59,31,9
,,
ROI_59,32,15
,,
ROI_59,33,11
,,
ROI_59,34,7
,,
ROI_59,35,8
,,
ROI_59,36,6
,,
ROI_59,37,10
,,
ROI_59,38,3
,,
ROI_59,39,8
,,
ROI_59,40,11
,,
ROI_59,41,7
,,
ROI_59,42,11
,,
ROI_59,43,7
,,
ROI_59,44,4
,,
ROI_59,45,6
,,
ROI_59,46,8
,,
ROI_59,47,5
,,
ROI_59,48,7
,,
ROI_59,49,5
,,
ROI_59,50,3
,,
ROI_59,51,6
,,
ROI_59,52,5
,,
ROI_59,53,9
,,
ROI_59,54,11
,,
ROI_59,55,5
,,
ROI_59,56,2
,,
ROI_59,57,6
,,
ROI_59,58,4
,,
ROI_59,59,7
,,
ROI_59,60,5
,,
ROI_59,61,4
,,
ROI_59,62,1
,,
ROI_59,63,5
,,
ROI_59,64,3
,,
ROI_59,65,4
,,
ROI_59,66,7
,,
ROI_59,67,4
,,
ROI_59,68,8
,,
ROI_59,69,4
,,
ROI_59,70,6
,,
ROI_59,71,6
,,
ROI_59,72,1
,,
ROI_59,73,9
,,
ROI_59,74,4
,,
ROI_59,75,4
,,
ROI_59,76,3
,,
ROI_59,77,2
,,
ROI_59,78,7
,,
ROI_59,79,4
,,
ROI_59,80,4
,,
ROI_59,81,7
,,
ROI_59,82,3
,,
ROI_59,83,4
,,
ROI_59,84,3
,,
ROI_59,85,4
,,
ROI_59,86,3
,,
ROI_59,87,4
,,
ROI_59,88,6
,,
ROI_59,89,2
,,
ROI_59,90,3
,,
ROI_59,91,7
,,
ROI_59,92,1
,,
ROI_59,93,5
,,
ROI_59,94,2
,,
ROI_59,95,2
,,
ROI_59,96,2
,,
ROI_59,97,4
,,
ROI_59,98,7
,,
ROI_59,99,2
,,
ROI_59,100,4
,,
ROI_59,101,1
,,
ROI_59,102,3
,,
ROI_59,103,8
,,
ROI_59,104,4
,,
ROI_59,105,4
,,
ROI_59,106,5
,,
ROI_59,107,2
,,
ROI_59,108,2
,,
ROI_59,109,4
,,
ROI_59,110,3
,,
ROI_59,111,3
,,
ROI_59,112,1
,,
ROI_59,113,2
,,
ROI_59,114,2
,,
ROI_59,115,4
,,
ROI_59,116,0
,,
ROI_59,117,5
,,
ROI_59,118,5
,,
ROI_59,119,1
,,
ROI_59,120,2
,,
ROI_59,121,0
,,
ROI_59,122,2
,,
ROI_59,123,0
,,
ROI_59,124,0
,,
ROI_59,125,0
,,
ROI_59,126,3
,,
ROI_59,127,1
,,
ROI_59,128,5
,,
ROI_59,129,1
,,
ROI_59,130,1
,,
ROI_59,131,1
,,
ROI_59,132,2
,,
ROI_59,133,1
,,
ROI_59,134,0
,,
ROI_59,135,2
,,
ROI_59,136,1
,,
ROI_59,137,4
,,
ROI_59,138,1
,,
ROI_59,139,4
,,
ROI_59,140,2
,,
ROI_59,141,1
,,
ROI_59,142,0
,,
ROI_59,143,2
,,
ROI_59,144,0
,,
ROI_59,145,2
,,
ROI_59,146,0
,,
ROI_59,147,3
,,
ROI_59,148,2
,,
ROI_59,149,1
,,
ROI_59,150,1
,,
ROI_59,151,3
,,
ROI_59,152,1
,,
ROI_59,153,2
,,
ROI_59,154,0
,,
ROI_59,155,2
,,
ROI_59,156,1
,,
ROI_59,157,3
,,
ROI_59,158,1
,,
ROI_59,159,3
,,
ROI_59,160,1
,,
ROI_59,161,0
,,
ROI_59,162,1
,,
ROI_59,163,5
,,
ROI_59,164,0
,,
ROI_59,165,2
,,
ROI_59,166,3
,,
ROI_59,167,0
,,
ROI_59,168,0
,,
ROI_59,169,2
,,
ROI_59,170,1
,,
ROI_59,171,0
,,
ROI_59,172,0
,,
ROI_59,173,1
,,
ROI_59,174,1
,,
ROI_59,175,1
,,
ROI_59,176,0
,,
ROI_59,177,2
,,
ROI_59,178,1
,,
ROI_59,179,0
,,
ROI_59,180,2
,,
ROI_59,181,2
,,
ROI_59,182,2
,,
ROI_59,183,1
,,
ROI_59,184,1
,,
ROI_59,185,1
,,
ROI_59,186,1
,,
ROI_59,187,0
,,
ROI_59,188,1
,,
ROI_59,189,0
,,
ROI_59,190,1
,,
ROI_59,191,1
,,
ROI_59,192,0
,,
ROI_59,193,1
,,
ROI_59,194,1
,,
ROI_59,195,1
,,
ROI_59,196,2
,,
ROI_59,197,1
,,
ROI_59,198,1
,,
ROI_59,199,0
,,
ROI_59,200,0
,,
ROI_59,201,0
,,
ROI_59,202,0
,,
ROI_59,203,0
,,
ROI_59,204,1
,,
ROI_59,205,0
,,
ROI_59,206,0
,,
ROI_59,207,2
,,
ROI_59,208,0
,,
ROI_59,209,1
,,
ROI_59,210,3
,,
ROI_59,211,1
,,
ROI_59,212,1
,,
ROI_59,213,0
,,
ROI_59,214,1
,,
ROI_59,215,0
,,
ROI_59,216,0
,,
ROI_59,217,1
,,
ROI_59,218,1
,,
ROI_59,219,0
,,
ROI_59,220,3
,,
ROI_59,221,0
,,
ROI_59,222,0
,,
ROI_59,223,1
,,
ROI_59,224,1
,,
ROI_59,225,2
,,
ROI_59,226,2
,,
ROI_59,227,1
,,
ROI_59,228,2
,,
ROI_59,229,2
,,
ROI_59,230,0
,,
ROI_59,231,0
,,
ROI_59,232,0
,,
ROI_59,233,2
,,
ROI_59,234,0
,,
ROI_59,235,0
,,
ROI_59,236,1
,,
ROI_59,237,0
,,
ROI_59,238,1
,,
ROI_59,239,1
,,
ROI_59,240,1
,,
ROI_59,241,1
,,
ROI_59,242,1
,,
ROI_59,243,0
,,
ROI_59,244,2
,,
ROI_59,245,1
,,
ROI_59,246,0
,,
ROI_59,247,1
,,
ROI_59,248,3
,,
ROI_59,249,2
,,
ROI_59,250,0
,,
ROI_59,251,1
,,
ROI_59,252,1
,,
ROI_59,253,0
,,
ROI_59,254,1
,,
ROI_59,255,50
,,
ROI_60,0,19562
,,
ROI_60,1,447
,,
ROI_60,2,302
,,
ROI_60,3,268
,,
ROI_60,4,249
,,
ROI_60,5,226
,,
ROI_60,6,181
,,
ROI_60,7,157
,,
ROI_60,8,155
,,
ROI_60,9,149
,,
ROI_60,10,146
,,
ROI_60,11,99
,,
ROI_60,12,117
,,
ROI_60,13,82
,,
ROI_60,14,87
,,
ROI_60,15,96
,,
ROI_60,16,77
,,
ROI_60,17,70
,,
ROI_60,18,67
,,
ROI_60,19,61
,,
ROI_60,20,75
,,
ROI_60,21,60
,,
ROI_60,22,43
,,
ROI_60,23,55
,,
ROI_60,24,39
,,
ROI_60,25,48
,,
ROI_60,26,30
,,
ROI_60,27,56
,,
ROI_60,28,37
,,
ROI_60,29,38
,,
ROI_60,30,35
,,
ROI_60,31,35
,,
ROI_60,32,39
,,
ROI_60,33,33
,,
ROI_60,34,26
,,
ROI_60,35,34
,,
ROI_60,36,23
,,
ROI_60,37,24
,,
ROI_60,38,37
,,
ROI_60,39,26
,,
ROI_60,40,33
,,
ROI_60,41,29
,,
ROI_60,42,25
,,
ROI_60,43,20
,,
ROI_60,44,29
,,
ROI_60,45,24
,,
ROI_60,46,22
,,
ROI_60,47,18
,,
ROI_60,48,30
,,
ROI_60,49,19
,,
ROI_60,50,21
,,
ROI_60,51,24
,,
ROI_60,52,13
,,
ROI_60,53,12
,,
ROI_60,54,14
,,
ROI_60,55,15
,,
ROI_60,56,17
,,
ROI_60,57,25
,,
ROI_60,58,19
,,
ROI_60,59,11
,,
ROI_60,60,17
,,
ROI_60,61,7
,,
ROI_60,62,14
,,
ROI_60,63,21
,,
ROI_60,64,15
,,
ROI_60,65,7
,,
ROI_60,66,14
,,
ROI_60,67,3
,,
ROI_60,68,13
,,
ROI_60,69,9
,,
ROI_60,70,13
,,
ROI_60,71,11
,,
ROI_60,72,10
,,
ROI_60,73,11
,,
ROI_60,74,8
,,
ROI_60,75,8
,,
ROI_60,76,6
,,
ROI_60,77,10
,,
ROI_60,78,7
,,
ROI_60,79,10
,,
ROI_60,80,8
,,
ROI_60,81,8
,,
ROI_60,82,6
,,
ROI_60,83,16
,,
ROI_60,84,6
,,
ROI_60,85,11
,,
ROI_60,86,9
,,
ROI_60,87,8
,,
ROI_60,88,7
,,
ROI_60,89,13
,,
ROI_60,90,5
,,
ROI_60,91,7
,,
ROI_60,92,11
,,
ROI_60,93,7
,,
ROI_60,94,13
,,
ROI_60,95,7
,,
ROI_60,96,7
,,
ROI_60,97,8
,,
ROI_60,98,5
,,
ROI_60,99,6
,,
ROI_60,100,9
,,
ROI_60,101,8
,,
ROI_60,102,4
,,
ROI_60,103,4
,,
ROI_60,104,7
,,
ROI_60,105,2
,,
ROI_60,106,6
,,
ROI_60,107,7
,,
ROI_60,108,4
,,
ROI_60,109,8
,,
ROI_60,110,2
,,
ROI_60,111,5
,,
ROI_60,112,5
,,
ROI_60,113,2
,,
ROI_60,114,5
,,
ROI_60,115,6
,,
ROI_60,116,7
,,
ROI_60,117,4
,,
ROI_60,118,3
,,
ROI_60,119,6
,,
ROI_60,120,5
,,
ROI_60,121,6
,,
ROI_60,122,2
,,
ROI_60,123,1
,,
ROI_60,124,3
,,
ROI_60,125,2
,,
ROI_60,126,6
,,
ROI_60,127,4
,,
ROI_60,128,6
,,
ROI_60,129,2
,,
ROI_60,130,5
,,
ROI_60,131,1
,,
ROI_60,132,3
,,
ROI_60,133,3
,,
ROI_60,134,6
,,
ROI_60,135,6
,,
ROI_60,136,3
,,
ROI_60,137,1
,,
ROI_60,138,5
,,
ROI_60,139,2
,,
ROI_60,140,1
,,
ROI_60,141,4
,,
ROI_60,142,3
,,
ROI_60,143,3
,,
ROI_60,144,2
,,
ROI_60,145,3
,,
ROI_60,146,1
,,
ROI_60,147,3
,,
ROI_60,148,2
,,
ROI_60,149,2
,,
ROI_60,150,1
,,
ROI_60,151,4
,,
ROI_60,152,3
,,
ROI_60,153,4
,,
ROI_60,154,5
,,
ROI_60,155,1
,,
ROI_60,156,2
,,
ROI_60,157,4
,,
ROI_60,158,1
,,
ROI_60,159,0
,,
ROI_60,160,2
,,
ROI_60,161,2
,,
ROI_60,162,3
,,
ROI_60,163,2
,,
ROI_60,164,2
,,
ROI_60,165,3
,,
ROI_60,166,1
,,
ROI_60,167,2
,,
ROI_60,168,2
,,
ROI_60,169,4
,,
ROI_60,170,2
,,
ROI_60,171,4
,,
ROI_60,172,2
,,
ROI_60,173,2
,,
ROI_60,174,0
,,
ROI_60,175,2
,,
ROI_60,176,2
,,
ROI_60,177,2
,,
ROI_60,178,3
,,
ROI_60,179,1
,,
ROI_60,180,1
,,
ROI_60,181,0
,,
ROI_60,182,3
,,
ROI_60,183,0
,,
ROI_60,184,3
,,
ROI_60,185,0
,,
ROI_60,186,3
,,
ROI_60,187,1
,,
ROI_60,188,2
,,
ROI_60,189,3
,,
ROI_60,190,1
,,
ROI_60,191,0
,,
ROI_60,192,1
,,
ROI_60,193,1
,,
ROI_60,194,0
,,
ROI_60,195,1
,,
ROI_60,196,2
,,
ROI_60,197,3
,,
ROI_60,198,1
,,
ROI_60,199,1
,,
ROI_60,200,1
,,
ROI_60,201,1
,,
ROI_60,202,1
,,
ROI_60,203,0
,,
ROI_60,204,0
,,
ROI_60,205,1
,,
ROI_60,206,1
,,
ROI_60,207,2
,,
ROI_60,208,1
,,
ROI_60,209,0
,,
ROI_60,210,0
,,
ROI_60,211,3
,,
ROI_60,212,1
,,
ROI_60,213,1
,,
ROI_60,214,0
,,
ROI_60,215,2
,,
ROI_60,216,0
,,
ROI_60,217,1
,,
ROI_60,218,1
,,
ROI_60,219,2
,,
ROI_60,220,1
,,
ROI_60,221,1
,,
ROI_60,222,0
,,
ROI_60,223,3
,,
ROI_60,224,2
,,
ROI_60,225,5
,,
ROI_60,226,4
,,
ROI_60,227,2
,,
ROI_60,228,0
,,
ROI_60,229,0
,,
ROI_60,230,2
,,
ROI_60,231,0
,,
ROI_60,232,0
,,
ROI_60,233,0
,,
ROI_60,234,0
,,
ROI_60,235,2
,,
ROI_60,236,0
,,
ROI_60,237,1
,,
ROI_60,238,2
,,
ROI_60,239,1
,,
ROI_60,240,3
,,
ROI_60,241,1
,,
ROI_60,242,3
,,
ROI_60,243,2
,,
ROI_60,244,2
,,
ROI_60,245,0
,,
ROI_60,246,1
,,
ROI_60,247,1
,,
ROI_60,248,0
,,
ROI_60,249,1
,,
ROI_60,250,0
,,
ROI_60,251,1
,,
ROI_60,252,0
,,
ROI_60,253,0
,,
ROI_60,254,1
,,
ROI_60,255,131
,,
ROI_61,0,5770
,,
ROI_61,1,176
,,
ROI_61,2,123
,,
ROI_61,3,108
,,
ROI_61,4,109
,,
ROI_61,5,96
,,
ROI_61,6,90
,,
ROI_61,7,78
,,
ROI_61,8,84
,,
ROI_61,9,59
,,
ROI_61,10,65
,,
ROI_61,11,52
,,
ROI_61,12,54
,,
ROI_61,13,38
,,
ROI_61,14,44
,,
ROI_61,15,31
,,
ROI_61,16,40
,,
ROI_61,17,34
,,
ROI_61,18,29
,,
ROI_61,19,21
,,
ROI_61,20,23
,,
ROI_61,21,15
,,
ROI_61,22,16
,,
ROI_61,23,17
,,
ROI_61,24,18
,,
ROI_61,25,13
,,
ROI_61,26,17
,,
ROI_61,27,10
,,
ROI_61,28,12
,,
ROI_61,29,18
,,
ROI_61,30,20
,,
ROI_61,31,15
,,
ROI_61,32,15
,,
ROI_61,33,13
,,
ROI_61,34,14
,,
ROI_61,35,15
,,
ROI_61,36,11
,,
ROI_61,37,9
,,
ROI_61,38,10
,,
ROI_61,39,12
,,
ROI_61,40,14
,,
ROI_61,41,4
,,
ROI_61,42,10
,,
ROI_61,43,4
,,
ROI_61,44,3
,,
ROI_61,45,13
,,
ROI_61,46,9
,,
ROI_61,47,2
,,
ROI_61,48,10
,,
ROI_61,49,10
,,
ROI_61,50,4
,,
ROI_61,51,3
,,
ROI_61,52,5
,,
ROI_61,53,4
,,
ROI_61,54,3
,,
ROI_61,55,5
,,
ROI_61,56,5
,,
ROI_61,57,5
,,
ROI_61,58,5
,,
ROI_61,59,3
,,
ROI_61,60,2
,,
ROI_61,61,5
,,
ROI_61,62,3
,,
ROI_61,63,3
,,
ROI_61,64,2
,,
ROI_61,65,9
,,
ROI_61,66,7
,,
ROI_61,67,3
,,
ROI_61,68,5
,,
ROI_61,69,4
,,
ROI_61,70,10
,,
ROI_61,71,1
,,
ROI_61,72,1
,,
ROI_61,73,3
,,
ROI_61,74,1
,,
ROI_61,75,3
,,
ROI_61,76,6
,,
ROI_61,77,2
,,
ROI_61,78,3
,,
ROI_61,79,2
,,
ROI_61,80,5
,,
ROI_61,81,3
,,
ROI_61,82,5
,,
ROI_61,83,5
,,
ROI_61,84,2
,,
ROI_61,85,4
,,
ROI_61,86,3
,,
ROI_61,87,2
,,
ROI_61,88,2
,,
ROI_61,89,5
,,
ROI_61,90,2
,,
ROI_61,91,1
,,
ROI_61,92,2
,,
ROI_61,93,2
,,
ROI_61,94,2
,,
ROI_61,95,3
,,
ROI_61,96,3
,,
ROI_61,97,3
,,
ROI_61,98,1
,,
ROI_61,99,0
,,
ROI_61,100,1
,,
ROI_61,101,2
,,
ROI_61,102,0
,,
ROI_61,103,1
,,
ROI_61,104,4
,,
ROI_61,105,0
,,
ROI_61,106,3
,,
ROI_61,107,2
,,
ROI_61,108,1
,,
ROI_61,109,2
,,
ROI_61,110,4
,,
ROI_61,111,1
,,
ROI_61,112,2
,,
ROI_61,113,5
,,
ROI_61,114,1
,,
ROI_61,115,1
,,
ROI_61,116,3
,,
ROI_61,117,2
,,
ROI_61,118,4
,,
ROI_61,119,2
,,
ROI_61,120,1
,,
ROI_61,121,2
,,
ROI_61,122,0
,,
ROI_61,123,0
,,
ROI_61,124,1
,,
ROI_61,125,1
,,
ROI_61,126,3
,,
ROI_61,127,1
,,
ROI_61,128,1
,,
ROI_61,129,1
,,
ROI_61,130,3
,,
ROI_61,131,2
,,
ROI_61,132,0
,,
ROI_61,133,2
,,
ROI_61,134,0
,,
ROI_61,135,2
,,
ROI_61,136,3
,,
ROI_61,137,1
,,
ROI_61,138,0
,,
ROI_61,139,0
,,
ROI_61,140,2
,,
ROI_61,141,0
,,
ROI_61,142,1
,,
ROI_61,143,2
,,
ROI_61,144,0
,,
ROI_61,145,1
,,
ROI_61,146,1
,,
ROI_61,147,0
,,
ROI_61,148,2
,,
ROI_61,149,0
,,
ROI_61,150,0
,,
ROI_61,151,1
,,
ROI_61,152,1
,,
ROI_61,153,1
,,
ROI_61,154,0
,,
ROI_61,155,0
,,
ROI_61,156,0
,,
ROI_61,157,1
,,
ROI_61,158,0
,,
ROI_61,159,0
,,
ROI_61,160,1
,,
ROI_61,161,0
,,
ROI_61,162,0
,,
ROI_61,163,0
,,
ROI_61,164,1
,,
ROI_61,165,2
,,
ROI_61,166,2
,,
ROI_61,167,0
,,
ROI_61,168,0
,,
ROI_61,169,0
,,
ROI_61,170,2
,,
ROI_61,171,0
,,
ROI_61,172,0
,,
ROI_61,173,0
,,
ROI_61,174,0
,,
ROI_61,175,0
,,
ROI_61,176,0
,,
ROI_61,177,0
,,
ROI_61,178,0
,,
ROI_61,179,0
,,
ROI_61,180,0
,,
ROI_61,181,0
,,
ROI_61,182,0
,,
ROI_61,183,1
,,
ROI_61,184,1
,,
ROI_61,185,0
,,
ROI_61,186,0
,,
ROI_61,187,0
,,
ROI_61,188,0
,,
ROI_61,189,1
,,
ROI_61,190,0
,,
ROI_61,191,0
,,
ROI_61,192,0
,,
ROI_61,193,1
,,
ROI_61,194,0
,,
ROI_61,195,0
,,
ROI_61,196,1
,,
ROI_61,197,0
,,
ROI_61,198,2
,,
ROI_61,199,0
,,
ROI_61,200,0
,,
ROI_61,201,0
,,
ROI_61,202,0
,,
ROI_61,203,0
,,
ROI_61,204,1
,,
ROI_61,205,0
,,
ROI_61,206,0
,,
ROI_61,207,1
,,
ROI_61,208,0
,,
ROI_61,209,0
,,
ROI_61,210,0
,,
ROI_61,211,1
,,
ROI_61,212,0
,,
ROI_61,213,1
,,
ROI_61,214,0
,,
ROI_61,215,0
,,
ROI_61,216,0
,,
ROI_61,217,0
,,
ROI_61,218,0
,,
ROI_61,219,0
,,
ROI_61,220,0
,,
ROI_61,221,1
,,
ROI_61,222,1
,,
ROI_61,223,1
,,
ROI_61,224,0
,,
ROI_61,225,0
,,
ROI_61,226,0
,,
ROI_61,227,0
,,
ROI_61,228,0
,,
ROI_61,229,0
,,
ROI_61,230,0
,,
ROI_61,231,0
,,
ROI_61,232,0
,,
ROI_61,233,0
,,
ROI_61,234,0
,,
ROI_61,235,0
,,
ROI_61,236,0
,,
ROI_61,237,0
,,
ROI_61,238,0
,,
ROI_61,239,0
,,
ROI_61,240,1
,,
ROI_61,241,0
,,
ROI_61,242,0
,,
ROI_61,243,0
,,
ROI_61,244,0
,,
ROI_61,245,0
,,
ROI_61,246,0
,,
ROI_61,247,0
,,
ROI_61,248,0
,,
ROI_61,249,0
,,
ROI_61,250,0
,,
ROI_61,251,0
,,
ROI_61,252,0
,,
ROI_61,253,0
,,
ROI_61,254,0
,,
ROI_61,255,0
,,
ROI_62,0,18381
,,
ROI_62,1,1508
,,
ROI_62,2,1093
,,
ROI_62,3,1081
,,
ROI_62,4,930
,,
ROI_62,5,913
,,
ROI_62,6,715
,,
ROI_62,7,736
,,
ROI_62,8,724
,,
ROI_62,9,605
,,
ROI_62,10,576
,,
ROI_62,11,473
,,
ROI_62,12,533
,,
ROI_62,13,444
,,
ROI_62,14,419
,,
ROI_62,15,412
,,
ROI_62,16,377
,,
ROI_62,17,381
,,
ROI_62,18,335
,,
ROI_62,19,306
,,
ROI_62,20,354
,,
ROI_62,21,280
,,
ROI_62,22,276
,,
ROI_62,23,267
,,
ROI_62,24,242
,,
ROI_62,25,262
,,
ROI_62,26,230
,,
ROI_62,27,273
,,
ROI_62,28,219
,,
ROI_62,29,229
,,
ROI_62,30,199
,,
ROI_62,31,208
,,
ROI_62,32,182
,,
ROI_62,33,188
,,
ROI_62,34,191
,,
ROI_62,35,184
,,
ROI_62,36,176
,,
ROI_62,37,151
,,
ROI_62,38,157
,,
ROI_62,39,169
,,
ROI_62,40,153
,,
ROI_62,41,148
,,
ROI_62,42,163
,,
ROI_62,43,158
,,
ROI_62,44,147
,,
ROI_62,45,132
,,
ROI_62,46,138
,,
ROI_62,47,115
,,
ROI_62,48,127
,,
ROI_62,49,118
,,
ROI_62,50,124
,,
ROI_62,51,140
,,
ROI_62,52,124
,,
ROI_62,53,120
,,
ROI_62,54,117
,,
ROI_62,55,153
,,
ROI_62,56,109
,,
ROI_62,57,113
,,
ROI_62,58,89
,,
ROI_62,59,114
,,
ROI_62,60,104
,,
ROI_62,61,120
,,
ROI_62,62,70
,,
ROI_62,63,81
,,
ROI_62,64,94
,,
ROI_62,65,77
,,
ROI_62,66,96
,,
ROI_62,67,78
,,
ROI_62,68,98
,,
ROI_62,69,77
,,
ROI_62,70,99
,,
ROI_62,71,73
,,
ROI_62,72,87
,,
ROI_62,73,76
,,
ROI_62,74,86
,,
ROI_62,75,81
,,
ROI_62,76,86
,,
ROI_62,77,57
,,
ROI_62,78,69
,,
ROI_62,79,76
,,
ROI_62,80,65
,,
ROI_62,81,64
,,
ROI_62,82,60
,,
ROI_62,83,66
,,
ROI_62,84,53
,,
ROI_62,85,57
,,
ROI_62,86,65
,,
ROI_62,87,72
,,
ROI_62,88,47
,,
ROI_62,89,63
,,
ROI_62,90,60
,,
ROI_62,91,44
,,
ROI_62,92,41
,,
ROI_62,93,60
,,
ROI_62,94,53
,,
ROI_62,95,53
,,
ROI_62,96,61
,,
ROI_62,97,42
,,
ROI_62,98,53
,,
ROI_62,99,44
,,
ROI_62,100,43
,,
ROI_62,101,59
,,
ROI_62,102,52
,,
ROI_62,103,46
,,
ROI_62,104,40
,,
ROI_62,105,53
,,
ROI_62,106,45
,,
ROI_62,107,36
,,
ROI_62,108,36
,,
ROI_62,109,46
,,
ROI_62,110,36
,,
ROI_62,111,50
,,
ROI_62,112,40
,,
ROI_62,113,39
,,
ROI_62,114,45
,,
ROI_62,115,42
,,
ROI_62,116,39
,,
ROI_62,117,36
,,
ROI_62,118,37
,,
ROI_62,119,35
,,
ROI_62,120,30
,,
ROI_62,121,32
,,
ROI_62,122,38
,,
ROI_62,123,28
,,
ROI_62,124,28
,,
ROI_62,125,31
,,
ROI_62,126,24
,,
ROI_62,127,30
,,
ROI_62,128,41
,,
ROI_62,129,13
,,
ROI_62,130,35
,,
ROI_62,131,33
,,
ROI_62,132,40
,,
ROI_62,133,33
,,
ROI_62,134,25
,,
ROI_62,135,25
,,
ROI_62,136,30
,,
ROI_62,137,34
,,
ROI_62,138,25
,,
ROI_62,139,26
,,
ROI_62,140,28
,,
ROI_62,141,25
,,
ROI_62,142,17
,,
ROI_62,143,23
,,
ROI_62,144,19
,,
ROI_62,145,23
,,
ROI_62,146,24
,,
ROI_62,147,25
,,
ROI_62,148,18
,,
ROI_62,149,19
,,
ROI_62,150,23
,,
ROI_62,151,22
,,
ROI_62,152,27
,,
ROI_62,153,25
,,
ROI_62,154,24
,,
ROI_62,155,23
,,
ROI_62,156,26
,,
ROI_62,157,13
,,
ROI_62,158,21
,,
ROI_62,159,14
,,
ROI_62,160,34
,,
ROI_62,161,22
,,
ROI_62,162,24
,,
ROI_62,163,14
,,
ROI_62,164,19
,,
ROI_62,165,26
,,
ROI_62,166,16
,,
ROI_62,167,17
,,
ROI_62,168,15
,,
ROI_62,169,24
,,
ROI_62,170,22
,,
ROI_62,171,9
,,
ROI_62,172,8
,,
ROI_62,173,27
,,
ROI_62,174,11
,,
ROI_62,175,19
,,
ROI_62,176,15
,,
ROI_62,177,17
,,
ROI_62,178,21
,,
ROI_62,179,12
,,
ROI_62,180,12
,,
ROI_62,181,17
,,
ROI_62,182,23
,,
ROI_62,183,13
,,
ROI_62,184,14
,,
ROI_62,185,11
,,
ROI_62,186,19
,,
ROI_62,187,8
,,
ROI_62,188,18
,,
ROI_62,189,13
,,
ROI_62,190,19
,,
ROI_62,191,11
,,
ROI_62,192,14
,,
ROI_62,193,14
,,
ROI_62,194,7
,,
ROI_62,195,8
,,
ROI_62,196,15
,,
ROI_62,197,18
,,
ROI_62,198,17
,,
ROI_62,199,13
,,
ROI_62,200,13
,,
ROI_62,201,14
,,
ROI_62,202,10
,,
ROI_62,203,13
,,
ROI_62,204,15
,,
ROI_62,205,9
,,
ROI_62,206,11
,,
ROI_62,207,13
,,
ROI_62,208,14
,,
ROI_62,209,9
,,
ROI_62,210,10
,,
ROI_62,211,9
,,
ROI_62,212,13
,,
ROI_62,213,12
,,
ROI_62,214,15
,,
ROI_62,215,9
,,
ROI_62,216,7
,,
ROI_62,217,8
,,
ROI_62,218,13
,,
ROI_62,219,14
,,
ROI_62,220,13
,,
ROI_62,221,10
,,
ROI_62,222,10
,,
ROI_62,223,14
,,
ROI_62,224,7
,,
ROI_62,225,11
,,
ROI_62,226,13
,,
ROI_62,227,7
,,
ROI_62,228,7
,,
ROI_62,229,7
,,
ROI_62,230,7
,,
ROI_62,231,6
,,
ROI_62,232,8
,,
ROI_62,233,6
,,
ROI_62,234,9
,,
ROI_62,235,4
,,
ROI_62,236,14
,,
ROI_62,237,4
,,
ROI_62,238,8
,,
ROI_62,239,7
,,
ROI_62,240,7
,,
ROI_62,241,4
,,
ROI_62,242,6
,,
ROI_62,243,8
,,
ROI_62,244,4
,,
ROI_62,245,6
,,
ROI_62,246,4
,,
ROI_62,247,8
,,
ROI_62,248,4
,,
ROI_62,249,4
,,
ROI_62,250,6
,,
ROI_62,251,5
,,
ROI_62,252,9
,,
ROI_62,253,7
,,
ROI_62,254,10
,,
ROI_62,255,764
,,
ROI_63,0,19468
,,
ROI_63,1,1526
,,
ROI_63,2,1073
,,
ROI_63,3,1011
,,
ROI_63,4,773
,,
ROI_63,5,738
,,
ROI_63,6,581
,,
ROI_63,7,582
,,
ROI_63,8,500
,,
ROI_63,9,415
,,
ROI_63,10,438
,,
ROI_63,11,353
,,
ROI_63,12,342
,,
ROI_63,13,280
,,
ROI_63,14,320
,,
ROI_63,15,272
,,
ROI_63,16,245
,,
ROI_63,17,225
,,
ROI_63,18,247
,,
ROI_63,19,196
,,
ROI_63,20,211
,,
ROI_63,21,166
,,
ROI_63,22,175
,,
ROI_63,23,212
,,
ROI_63,24,175
,,
ROI_63,25,183
,,
ROI_63,26,150
,,
ROI_63,27,164
,,
ROI_63,28,142
,,
ROI_63,29,150
,,
ROI_63,30,142
,,
ROI_63,31,145
,,
ROI_63,32,135
,,
ROI_63,33,127
,,
ROI_63,34,122
,,
ROI_63,35,126
,,
ROI_63,36,100
,,
ROI_63,37,124
,,
ROI_63,38,110
,,
ROI_63,39,98
,,
ROI_63,40,99
,,
ROI_63,41,85
,,
ROI_63,42,113
,,
ROI_63,43,94
,,
ROI_63,44,113
,,
ROI_63,45,81
,,
ROI_63,46,81
,,
ROI_63,47,74
,,
ROI_63,48,63
,,
ROI_63,49,75
,,
ROI_63,50,76
,,
ROI_63,51,87
,,
ROI_63,52,61
,,
ROI_63,53,88
,,
ROI_63,54,54
,,
ROI_63,55,68
,,
ROI_63,56,64
,,
ROI_63,57,76
,,
ROI_63,58,58
,,
ROI_63,59,67
,,
ROI_63,60,48
,,
ROI_63,61,54
,,
ROI_63,62,56
,,
ROI_63,63,63
,,
ROI_63,64,53
,,
ROI_63,65,45
,,
ROI_63,66,55
,,
ROI_63,67,53
,,
ROI_63,68,40
,,
ROI_63,69,41
,,
ROI_63,70,54
,,
ROI_63,71,46
,,
ROI_63,72,43
,,
ROI_63,73,44
,,
ROI_63,74,25
,,
ROI_63,75,42
,,
ROI_63,76,53
,,
ROI_63,77,34
,,
ROI_63,78,35
,,
ROI_63,79,36
,,
ROI_63,80,41
,,
ROI_63,81,31
,,
ROI_63,82,33
,,
ROI_63,83,34
,,
ROI_63,84,28
,,
ROI_63,85,34
,,
ROI_63,86,31
,,
ROI_63,87,40
,,
ROI_63,88,29
,,
ROI_63,89,32
,,
ROI_63,90,36
,,
ROI_63,91,42
,,
ROI_63,92,26
,,
ROI_63,93,27
,,
ROI_63,94,30
,,
ROI_63,95,22
,,
ROI_63,96,26
,,
ROI_63,97,22
,,
ROI_63,98,23
,,
ROI_63,99,23
,,
ROI_63,100,26
,,
ROI_63,101,27
,,
ROI_63,102,23
,,
ROI_63,103,25
,,
ROI_63,104,19
,,
ROI_63,105,24
,,
ROI_63,106,20
,,
ROI_63,107,14
,,
ROI_63,108,23
,,
ROI_63,109,24
,,
ROI_63,110,14
,,
ROI_63,111,19
,,
ROI_63,112,16
,,
ROI_63,113,14
,,
ROI_63,114,17
,,
ROI_63,115,19
,,
ROI_63,116,16
,,
ROI_63,117,17
,,
ROI_63,118,23
,,
ROI_63,119,16
,,
ROI_63,120,14
,,
ROI_63,121,9
,,
ROI_63,122,25
,,
ROI_63,123,21
,,
ROI_63,124,27
,,
ROI_63,125,19
,,
ROI_63,126,13
,,
ROI_63,127,24
,,
ROI_63,128,20
,,
ROI_63,129,20
,,
ROI_63,130,18
,,
ROI_63,131,13
,,
ROI_63,132,24
,,
ROI_63,133,11
,,
ROI_63,134,10
,,
ROI_63,135,7
,,
ROI_63,136,9
,,
ROI_63,137,17
,,
ROI_63,138,14
,,
ROI_63,139,8
,,
ROI_63,140,9
,,
ROI_63,141,17
,,
ROI_63,142,13
,,
ROI_63,143,20
,,
ROI_63,144,9
,,
ROI_63,145,16
,,
ROI_63,146,8
,,
ROI_63,147,19
,,
ROI_63,148,6
,,
ROI_63,149,6
,,
ROI_63,150,7
,,
ROI_63,151,11
,,
ROI_63,152,16
,,
ROI_63,153,17
,,
ROI_63,154,13
,,
ROI_63,155,14
,,
ROI_63,156,19
,,
ROI_63,157,9
,,
ROI_63,158,18
,,
ROI_63,159,14
,,
ROI_63,160,14
,,
ROI_63,161,10
,,
ROI_63,162,15
,,
ROI_63,163,11
,,
ROI_63,164,10
,,
ROI_63,165,12
,,
ROI_63,166,8
,,
ROI_63,167,7
,,
ROI_63,168,11
,,
ROI_63,169,14
,,
ROI_63,170,18
,,
ROI_63,171,14
,,
ROI_63,172,7
,,
ROI_63,173,15
,,
ROI_63,174,16
,,
ROI_63,175,2
,,
ROI_63,176,11
,,
ROI_63,177,11
,,
ROI_63,178,7
,,
ROI_63,179,6
,,
ROI_63,180,8
,,
ROI_63,181,13
,,
ROI_63,182,7
,,
ROI_63,183,6
,,
ROI_63,184,8
,,
ROI_63,185,9
,,
ROI_63,186,10
,,
ROI_63,187,4
,,
ROI_63,188,6
,,
ROI_63,189,9
,,
ROI_63,190,7
,,
ROI_63,191,8
,,
ROI_63,192,14
,,
ROI_63,193,11
,,
ROI_63,194,9
,,
ROI_63,195,7
,,
ROI_63,196,8
,,
ROI_63,197,9
,,
ROI_63,198,6
,,
ROI_63,199,6
,,
ROI_63,200,6
,,
ROI_63,201,6
,,
ROI_63,202,8
,,
ROI_63,203,4
,,
ROI_63,204,9
,,
ROI_63,205,7
,,
ROI_63,206,5
,,
ROI_63,207,5
,,
ROI_63,208,6
,,
ROI_63,209,4
,,
ROI_63,210,8
,,
ROI_63,211,4
,,
ROI_63,212,8
,,
ROI_63,213,5
,,
ROI_63,214,8
,,
ROI_63,215,4
,,
ROI_63,216,7
,,
ROI_63,217,5
,,
ROI_63,218,5
,,
ROI_63,219,4
,,
ROI_63,220,2
,,
ROI_63,221,7
,,
ROI_63,222,3
,,
ROI_63,223,6
,,
ROI_63,224,3
,,
ROI_63,225,8
,,
ROI_63,226,5
,,
ROI_63,227,9
,,
ROI_63,228,4
,,
ROI_63,229,3
,,
ROI_63,230,4
,,
ROI_63,231,5
,,
ROI_63,232,7
,,
ROI_63,233,4
,,
ROI_63,234,2
,,
ROI_63,235,2
,,
ROI_63,236,5
,,
ROI_63,237,1
,,
ROI_63,238,2
,,
ROI_63,239,4
,,
ROI_63,240,4
,,
ROI_63,241,2
,,
ROI_63,242,5
,,
ROI_63,243,7
,,
ROI_63,244,3
,,
ROI_63,245,2
,,
ROI_63,246,2
,,
ROI_63,247,2
,,
ROI_63,248,5
,,
ROI_63,249,7
,,
ROI_63,250,5
,,
ROI_63,251,5
,,
ROI_63,252,1
,,
ROI_63,253,4
,,
ROI_63,254,3
,,
ROI_63,255,208
,,
ROI_64,0,2028
,,
ROI_64,1,305
,,
ROI_64,2,175
,,
ROI_64,3,176
,,
ROI_64,4,161
,,
ROI_64,5,132
,,
ROI_64,6,112
,,
ROI_64,7,96
,,
ROI_64,8,97
,,
ROI_64,9,77
,,
ROI_64,10,64
,,
ROI_64,11,65
,,
ROI_64,12,58
,,
ROI_64,13,47
,,
ROI_64,14,41
,,
ROI_64,15,47
,,
ROI_64,16,44
,,
ROI_64,17,26
,,
ROI_64,18,42
,,
ROI_64,19,33
,,
ROI_64,20,35
,,
ROI_64,21,31
,,
ROI_64,22,22
,,
ROI_64,23,13
,,
ROI_64,24,26
,,
ROI_64,25,19
,,
ROI_64,26,21
,,
ROI_64,27,23
,,
ROI_64,28,16
,,
ROI_64,29,15
,,
ROI_64,30,22
,,
ROI_64,31,20
,,
ROI_64,32,18
,,
ROI_64,33,15
,,
ROI_64,34,18
,,
ROI_64,35,12
,,
ROI_64,36,12
,,
ROI_64,37,15
,,
ROI_64,38,22
,,
ROI_64,39,14
,,
ROI_64,40,13
,,
ROI_64,41,9
,,
ROI_64,42,10
,,
ROI_64,43,15
,,
ROI_64,44,13
,,
ROI_64,45,13
,,
ROI_64,46,9
,,
ROI_64,47,11
,,
ROI_64,48,10
,,
ROI_64,49,12
,,
ROI_64,50,11
,,
ROI_64,51,13
,,
ROI_64,52,7
,,
ROI_64,53,7
,,
ROI_64,54,5
,,
ROI_64,55,7
,,
ROI_64,56,10
,,
ROI_64,57,8
,,
ROI_64,58,6
,,
ROI_64,59,8
,,
ROI_64,60,4
,,
ROI_64,61,8
,,
ROI_64,62,4
,,
ROI_64,63,3
,,
ROI_64,64,7
,,
ROI_64,65,3
,,
ROI_64,66,3
,,
ROI_64,67,8
,,
ROI_64,68,4
,,
ROI_64,69,6
,,
ROI_64,70,7
,,
ROI_64,71,2
,,
ROI_64,72,5
,,
ROI_64,73,8
,,
ROI_64,74,13
,,
ROI_64,75,5
,,
ROI_64,76,5
,,
ROI_64,77,6
,,
ROI_64,78,3
,,
ROI_64,79,5
,,
ROI_64,80,7
,,
ROI_64,81,5
,,
ROI_64,82,5
,,
ROI_64,83,5
,,
ROI_64,84,4
,,
ROI_64,85,3
,,
ROI_64,86,3
,,
ROI_64,87,3
,,
ROI_64,88,5
,,
ROI_64,89,5
,,
ROI_64,90,1
,,
ROI_64,91,4
,,
ROI_64,92,3
,,
ROI_64,93,4
,,
ROI_64,94,5
,,
ROI_64,95,3
,,
ROI_64,96,5
,,
ROI_64,97,4
,,
ROI_64,98,4
,,
ROI_64,99,4
,,
ROI_64,100,2
,,
ROI_64,101,2
,,
ROI_64,102,6
,,
ROI_64,103,3
,,
ROI_64,104,1
,,
ROI_64,105,3
,,
ROI_64,106,4
,,
ROI_64,107,6
,,
ROI_64,108,1
,,
ROI_64,109,1
,,
ROI_64,110,1
,,
ROI_64,111,4
,,
ROI_64,112,1
,,
ROI_64,113,3
,,
ROI_64,114,4
,,
ROI_64,115,3
,,
ROI_64,116,2
,,
ROI_64,117,1
,,
ROI_64,118,3
,,
ROI_64,119,4
,,
ROI_64,120,0
,,
ROI_64,121,1
,,
ROI_64,122,1
,,
ROI_64,123,0
,,
ROI_64,124,3
,,
ROI_64,125,0
,,
ROI_64,126,2
,,
ROI_64,127,0
,,
ROI_64,128,1
,,
ROI_64,129,0
,,
ROI_64,130,2
,,
ROI_64,131,2
,,
ROI_64,132,3
,,
ROI_64,133,0
,,
ROI_64,134,1
,,
ROI_64,135,4
,,
ROI_64,136,1
,,
ROI_64,137,0
,,
ROI_64,138,2
,,
ROI_64,139,0
,,
ROI_64,140,0
,,
ROI_64,141,0
,,
ROI_64,142,1
,,
ROI_64,143,2
,,
ROI_64,144,2
,,
ROI_64,145,0
,,
ROI_64,146,1
,,
ROI_64,147,2
,,
ROI_64,148,0
,,
ROI_64,149,1
,,
ROI_64,150,0
,,
ROI_64,151,2
,,
ROI_64,152,1
,,
ROI_64,153,2
,,
ROI_64,154,3
,,
ROI_64,155,0
,,
ROI_64,156,3
,,
ROI_64,157,1
,,
ROI_64,158,0
,,
ROI_64,159,0
,,
ROI_64,160,0
,,
ROI_64,161,2
,,
ROI_64,162,2
,,
ROI_64,163,2
,,
ROI_64,164,3
,,
ROI_64,165,0
,,
ROI_64,166,1
,,
ROI_64,167,0
,,
ROI_64,168,2
,,
ROI_64,169,1
,,
ROI_64,170,0
,,
ROI_64,171,1
,,
ROI_64,172,0
,,
ROI_64,173,1
,,
ROI_64,174,0
,,
ROI_64,175,2
,,
ROI_64,176,0
,,
ROI_64,177,2
,,
ROI_64,178,2
,,
ROI_64,179,0
,,
ROI_64,180,0
,,
ROI_64,181,1
,,
ROI_64,182,0
,,
ROI_64,183,3
,,
ROI_64,184,4
,,
ROI_64,185,1
,,
ROI_64,186,2
,,
ROI_64,187,1
,,
ROI_64,188,2
,,
ROI_64,189,1
,,
ROI_64,190,1
,,
ROI_64,191,0
,,
ROI_64,192,1
,,
ROI_64,193,2
,,
ROI_64,194,1
,,
ROI_64,195,0
,,
ROI_64,196,0
,,
ROI_64,197,2
,,
ROI_64,198,1
,,
ROI_64,199,0
,,
ROI_64,200,2
,,
ROI_64,201,1
,,
ROI_64,202,1
,,
ROI_64,203,1
,,
ROI_64,204,1
,,
ROI_64,205,1
,,
ROI_64,206,1
,,
ROI_64,207,0
,,
ROI_64,208,3
,,
ROI_64,209,1
,,
ROI_64,210,0
,,
ROI_64,211,0
,,
ROI_64,212,0
,,
ROI_64,213,0
,,
ROI_64,214,3
,,
ROI_64,215,1
,,
ROI_64,216,2
,,
ROI_64,217,0
,,
ROI_64,218,0
,,
ROI_64,219,0
,,
ROI_64,220,0
,,
ROI_64,221,0
,,
ROI_64,222,2
,,
ROI_64,223,0
,,
ROI_64,224,1
,,
ROI_64,225,1
,,
ROI_64,226,0
,,
ROI_64,227,0
,,
ROI_64,228,2
,,
ROI_64,229,1
,,
ROI_64,230,2
,,
ROI_64,231,0
,,
ROI_64,232,0
,,
ROI_64,233,0
,,
ROI_64,234,0
,,
ROI_64,235,2
,,
ROI_64,236,1
,,
ROI_64,237,0
,,
ROI_64,238,0
,,
ROI_64,239,0
,,
ROI_64,240,0
,,
ROI_64,241,0
,,
ROI_64,242,1
,,
ROI_64,243,0
,,
ROI_64,244,1
,,
ROI_64,245,1
,,
ROI_64,246,2
,,
ROI_64,247,0
,,
ROI_64,248,1
,,
ROI_64,249,0
,,
ROI_64,250,1
,,
ROI_64,251,1
,,
ROI_64,252,0
,,
ROI_64,253,0
,,
ROI_64,254,0
,,
ROI_64,255,56