ROI,Bin,Count
ROI_1,0,140448
,,
ROI_1,1,4460
,,
ROI_1,2,3422
,,
ROI_1,3,3075
,,
ROI_1,4,2677
,,
ROI_1,5,2589
,,
ROI_1,6,2274
,,
ROI_1,7,2009
,,
ROI_1,8,2102
,,
ROI_1,9,1677
,,
ROI_1,10,1698
,,
ROI_1,11,1423
,,
ROI_1,12,1468
,,
ROI_1,13,1230
,,
ROI_1,14,1273
,,
ROI_1,15,1031
,,
ROI_1,16,1202
,,
ROI_1,17,1016
,,
ROI_1,18,1047
,,
ROI_1,19,929
,,
ROI_1,20,920
,,
ROI_1,21,830
,,
ROI_1,22,793
,,
ROI_1,23,775
,,
ROI_1,24,671
,,
ROI_1,25,793
,,
ROI_1,26,679
,,
ROI_1,27,749
,,
ROI_1,28,628
,,
ROI_1,29,752
,,
ROI_1,30,614
,,
ROI_1,31,644
,,
ROI_1,32,580
,,
ROI_1,33,595
,,
ROI_1,34,527
,,
ROI_1,35,560
,,
ROI_1,36,493
,,
ROI_1,37,510
,,
ROI_1,38,562
,,
ROI_1,39,421
,,
ROI_1,40,484
,,
ROI_1,41,437
,,
ROI_1,42,491
,,
ROI_1,43,379
,,
ROI_1,44,396
,,
ROI_1,45,367
,,
ROI_1,46,405
,,
ROI_1,47,351
,,
ROI_1,48,376
,,
ROI_1,49,367
,,
ROI_1,50,333
,,
ROI_1,51,361
,,
ROI_1,52,317
,,
ROI_1,53,343
,,
ROI_1,54,329
,,
ROI_1,55,327
,,
ROI_1,56,327
,,
ROI_1,57,293
,,
ROI_1,58,263
,,
ROI_1,59,308
,,
ROI_1,60,280
,,
ROI_1,61,271
,,
ROI_1,62,304
,,
ROI_1,63,291
,,
ROI_1,64,259
,,
ROI_1,65,252
,,
ROI_1,66,279
,,
ROI_1,67,255
,,
ROI_1,68,262
,,
ROI_1,69,196
,,
ROI_1,70,252
,,
ROI_1,71,224
,,
ROI_1,72,210
,,
ROI_1,73,207
,,
ROI_1,74,241
,,
ROI_1,75,201
,,
ROI_1,76,211
,,
ROI_1,77,204
,,
ROI_1,78,232
,,
ROI_1,79,225
,,
ROI_1,80,186
,,
ROI_1,81,234
,,
ROI_1,82,189
,,
ROI_1,83,194
,,
ROI_1,84,181
,,
ROI_1,85,188
,,
ROI_1,86,185
,,
ROI_1,87,176
,,
ROI_1,88,171
,,
ROI_1,89,177
,,
ROI_1,90,193
,,
ROI_1,91,161
,,
ROI_1,92,151
,,
ROI_1,93,137
,,
ROI_1,94,172
,,
ROI_1,95,147
,,
ROI_1,96,151
,,
ROI_1,97,141
,,
ROI_1,98,158
,,
ROI_1,99,137
,,
ROI_1,100,141
,,
ROI_1,101,147
,,
ROI_1,102,139
,,
ROI_1,103,129
,,
ROI_1,104,150
,,
ROI_1,105,132
,,
ROI_1,106,123
,,
ROI_1,107,132
,,
ROI_1,108,125
,,
ROI_1,109,109
,,
ROI_1,110,127
,,
ROI_1,111,129
,,
ROI_1,112,111
,,
ROI_1,113,113
,,
ROI_1,114,100
,,
ROI_1,115,106
,,
ROI_1,116,117
,,
ROI_1,117,139
,,
ROI_1,118,101
,,
ROI_1,119,125
,,
ROI_1,120,105
,,
ROI_1,121,105
,,
ROI_1,122,97
,,
ROI_1,123,107
,,
ROI_1,124,108
,,
ROI_1,125,99
,,
ROI_1,126,100
,,
ROI_1,127,97
,,
ROI_1,128,115
,,
ROI_1,129,75
,,
ROI_1,130,106
,,
ROI_1,131,91
,,
ROI_1,132,96
,,
ROI_1,133,62
,,
ROI_1,134,96
,,
ROI_1,135,74
,,
ROI_1,136,93
,,
ROI_1,137,107
,,
ROI_1,138,76
,,
ROI_1,139,90
,,
ROI_1,140,81
,,
ROI_1,141,97
,,
ROI_1,142,82
,,
ROI_1,143,89
,,
ROI_1,144,74
,,
ROI_1,145,100
,,
ROI_1,146,71
,,
ROI_1,147,84
,,
ROI_1,148,80
,,
ROI_1,149,64
,,
ROI_1,150,80
,,
ROI_1,151,74
,,
ROI_1,152,70
,,
ROI_1,153,68
,,
ROI_1,154,86
,,
ROI_1,155,60
,,
ROI_1,156,68
,,
ROI_1,157,72
,,
ROI_1,158,77
,,
ROI_1,159,74
,,
ROI_1,160,70
,,
ROI_1,161,55
,,
ROI_1,162,61
,,
ROI_1,163,70
,,
ROI_1,164,63
,,
ROI_1,165,72
,,
ROI_1,166,52
,,
ROI_1,167,57
,,
ROI_1,168,58
,,
ROI_1,169,69
,,
ROI_1,170,66
,,
ROI_1,171,61
,,
ROI_1,172,63
,,
ROI_1,173,47
,,
ROI_1,174,60
,,
ROI_1,175,57
,,
ROI_1,176,56
,,
ROI_1,177,59
,,
ROI_1,178,57
,,
ROI_1,179,48
,,
ROI_1,180,58
,,
ROI_1,181,44
,,
ROI_1,182,50
,,
ROI_1,183,41
,,
ROI_1,184,50
,,
ROI_1,185,45
,,
ROI_1,186,49
,,
ROI_1,187,38
,,
ROI_1,188,35
,,
ROI_1,189,56
,,
ROI_1,190,51
,,
ROI_1,191,35
,,
ROI_1,192,49
,,
ROI_1,193,34
,,
ROI_1,194,30
,,
ROI_1,195,48
,,
ROI_1,196,44
,,
ROI_1,197,43
,,
ROI_1,198,43
,,
ROI_1,199,44
,,
ROI_1,200,26
,,
ROI_1,201,52
,,
ROI_1,202,34
,,
ROI_1,203,32
,,
ROI_1,204,40
,,
ROI_1,205,50
,,
ROI_1,206,41
,,
ROI_1,207,40
,,
ROI_1,208,43
,,
ROI_1,209,37
,,
ROI_1,210,36
,,
ROI_1,211,33
,,
ROI_1,212,39
,,
ROI_1,213,33
,,
ROI_1,214,48
,,
ROI_1,215,40
,,
ROI_1,216,39
,,
ROI_1,217,36
,,
ROI_1,218,48
,,
ROI_1,219,23
,,
ROI_1,220,33
,,
ROI_1,221,32
,,
ROI_1,222,25
,,
ROI_1,223,44
,,
ROI_1,224,38
,,
ROI_1,225,30
,,
ROI_1,226,38
,,
ROI_1,227,35
,,
ROI_1,228,29
,,
ROI_1,229,30
,,
ROI_1,230,37
,,
ROI_1,231,40
,,
ROI_1,232,35
,,
ROI_1,233,35
,,
ROI_1,234,34
,,
ROI_1,235,29
,,
ROI_1,236,37
,,
ROI_1,237,36
,,
ROI_1,238,26
,,
ROI_1,239,22
,,
ROI_1,240,21
,,
ROI_1,241,20
,,
ROI_1,242,22
,,
ROI_1,243,22
,,
ROI_1,244,23
,,
ROI_1,245,27
,,
ROI_1,246,29
,,
ROI_1,247,30
,,
ROI_1,248,39
,,
ROI_1,249,32
,,
ROI_1,250,23
,,
ROI_1,251,35
,,
ROI_1,252,40
,,
ROI_1,253,39
,,
ROI_1,254,40
,,
ROI_1,255,2759
,,
ROI_2,0,41706
,,
ROI_2,1,2244
,,
ROI_2,2,1594
,,
ROI_2,3,1384
,,
ROI_2,4,1106
,,
ROI_2,5,1080
,,
ROI_2,6,885
,,
ROI_2,7,813
,,
ROI_2,8,839
,,
ROI_2,9,673
,,
ROI_2,10,694
,,
ROI_2,11,595
,,
ROI_2,12,635
,,
ROI_2,13,486
,,
ROI_2,14,493
,,
ROI_2,15,431
,,
ROI_2,16,433
,,
ROI_2,17,378
,,
ROI_2,18,425
,,
ROI_2,19,370
,,
ROI_2,20,367
,,
ROI_2,21,327
,,
ROI_2,22,321
,,
ROI_2,23,343
,,
ROI_2,24,251
,,
ROI_2,25,288
,,
ROI_2,26,257
,,
ROI_2,27,299
,,
ROI_2,28,237
,,
ROI_2,29,234
,,
ROI_2,30,215
,,
ROI_2,31,225
,,
ROI_2,32,188
,,
ROI_2,33,232
,,
ROI_2,34,165
,,
ROI_2,35,213
,,
ROI_2,36,156
,,
ROI_2,37,164
,,
ROI_2,38,164
,,
ROI_2,39,148
,,
ROI_2,40,159
,,
ROI_2,41,158
,,
ROI_2,42,143
,,
ROI_2,43,138
,,
ROI_2,44,147
,,
ROI_2,45,137
,,
ROI_2,46,154
,,
ROI_2,47,135
,,
ROI_2,48,122
,,
ROI_2,49,126
,,
ROI_2,50,99
,,
ROI_2,51,98
,,
ROI_2,52,101
,,
ROI_2,53,110
,,
ROI_2,54,101
,,
ROI_2,55,128
,,
ROI_2,56,102
,,
ROI_2,57,104
,,
ROI_2,58,96
,,
ROI_2,59,100
,,
ROI_2,60,100
,,
ROI_2,61,92
,,
ROI_2,62,83
,,
ROI_2,63,102
,,
ROI_2,64,78
,,
ROI_2,65,87
,,
ROI_2,66,81
,,
ROI_2,67,73
,,
ROI_2,68,94
,,
ROI_2,69,78
,,
ROI_2,70,83
,,
ROI_2,71,84
,,
ROI_2,72,63
,,
ROI_2,73,66
,,
ROI_2,74,62
,,
ROI_2,75,58
,,
ROI_2,76,58
,,
ROI_2,77,56
,,
ROI_2,78,55
,,
ROI_2,79,63
,,
ROI_2,80,44
,,
ROI_2,81,39
,,
ROI_2,82,47
,,
ROI_2,83,40
,,
ROI_2,84,49
,,
ROI_2,85,51
,,
ROI_2,86,34
,,
ROI_2,87,51
,,
ROI_2,88,30
,,
ROI_2,89,45
,,
ROI_2,90,43
,,
ROI_2,91,36
,,
ROI_2,92,39
,,
ROI_2,93,28
,,
ROI_2,94,48
,,
ROI_2,95,43
,,
ROI_2,96,37
,,
ROI_2,97,30
,,
ROI_2,98,41
,,
ROI_2,99,16
,,
ROI_2,100,31
,,
ROI_2,101,37
,,
ROI_2,102,48
,,
ROI_2,103,29
,,
ROI_2,104,30
,,
ROI_2,105,22
,,
ROI_2,106,36
,,
ROI_2,107,31
,,
ROI_2,108,24
,,
ROI_2,109,37
,,
ROI_2,110,22
,,
ROI_2,111,36
,,
ROI_2,112,21
,,
ROI_2,113,33
,,
ROI_2,114,24
,,
ROI_2,115,22
,,
ROI_2,116,22
,,
ROI_2,117,18
,,
ROI_2,118,22
,,
ROI_2,119,25
,,
ROI_2,120,22
,,
ROI_2,121,22
,,
ROI_2,122,23
,,
ROI_2,123,27
,,
ROI_2,124,23
,,
ROI_2,125,23
,,
ROI_2,126,23
,,
ROI_2,127,19
,,
ROI_2,128,24
,,
ROI_2,129,14
,,
ROI_2,130,24
,,
ROI_2,131,19
,,
ROI_2,132,24
,,
ROI_2,133,17
,,
ROI_2,134,17
,,
ROI_2,135,15
,,
ROI_2,136,17
,,
ROI_2,137,22
,,
ROI_2,138,16
,,
ROI_2,139,20
,,
ROI_2,140,19
,,
ROI_2,141,20
,,
ROI_2,142,13
,,
ROI_2,143,27
,,
ROI_2,144,17
,,
ROI_2,145,21
,,
ROI_2,146,13
,,
ROI_2,147,6
,,
ROI_2,148,16
,,
ROI_2,149,13
,,
ROI_2,150,12
,,
ROI_2,151,15
,,
ROI_2,152,13
,,
ROI_2,153,12
,,
ROI_2,154,23
,,
ROI_2,155,19
,,
ROI_2,156,10
,,
ROI_2,157,9
,,
ROI_2,158,12
,,
ROI_2,159,11
,,
ROI_2,160,7
,,
ROI_2,161,10
,,
ROI_2,162,13
,,
ROI_2,163,13
,,
ROI_2,164,16
,,
ROI_2,165,17
,,
ROI_2,166,8
,,
ROI_2,167,9
,,
ROI_2,168,7
,,
ROI_2,169,8
,,
ROI_2,170,14
,,
ROI_2,171,12
,,
ROI_2,172,9
,,
ROI_2,173,9
,,
ROI_2,174,10
,,
ROI_2,175,8
,,
ROI_2,176,14
,,
ROI_2,177,15
,,
ROI_2,178,8
,,
ROI_2,179,13
,,
ROI_2,180,10
,,
ROI_2,181,4
,,
ROI_2,182,10
,,
ROI_2,183,12
,,
ROI_2,184,6
,,
ROI_2,185,8
,,
ROI_2,186,5
,,
ROI_2,187,12
,,
ROI_2,188,7
,,
ROI_2,189,18
,,
ROI_2,190,7
,,
ROI_2,191,11
,,
ROI_2,192,6
,,
ROI_2,193,7
,,
ROI_2,194,6
,,
ROI_2,195,10
,,
ROI_2,196,8
,,
ROI_2,197,5
,,
ROI_2,198,12
,,
ROI_2,199,6
,,
ROI_2,200,10
,,
ROI_2,201,10
,,
ROI_2,202,7
,,
ROI_2,203,8
,,
ROI_2,204,15
,,
ROI_2,205,14
,,
ROI_2,206,5
,,
ROI_2,207,6
,,
ROI_2,208,7
,,
ROI_2,209,5
,,
ROI_2,210,4
,,
ROI_2,211,5
,,
ROI_2,212,8
,,
ROI_2,213,5
,,
ROI_2,214,10
,,
ROI_2,215,5
,,
ROI_2,216,6
,,
ROI_2,217,6
,,
ROI_2,218,5
,,
ROI_2,219,6
,,
ROI_2,220,9
,,
ROI_2,221,3
,,
ROI_2,222,5
,,
ROI_2,223,6
,,
ROI_2,224,2
,,
ROI_2,225,1
,,
ROI_2,226,4
,,
ROI_2,227,10
,,
ROI_2,228,4
,,
ROI_2,229,8
,,
ROI_2,230,5
,,
ROI_2,231,1
,,
ROI_2,232,4
,,
ROI_2,233,8
,,
ROI_2,234,4
,,
ROI_2,235,7
,,
ROI_2,236,8
,,
ROI_2,237,6
,,
ROI_2,238,5
,,
ROI_2,239,12
,,
ROI_2,240,5
,,
ROI_2,241,5
,,
ROI_2,242,6
,,
ROI_2,243,3
,,
ROI_2,244,6
,,
ROI_2,245,2
,,
ROI_2,246,5
,,
ROI_2,247,7
,,
ROI_2,248,5
,,
ROI_2,249,6
,,
ROI_2,250,2
,,
ROI_2,251,5
,,
ROI_2,252,10
,,
ROI_2,253,3
,,
ROI_2,254,3
,,
ROI_2,255,260
,,
ROI_3,0,4828
,,
ROI_3,1,108
,,
ROI_3,2,81
,,
ROI_3,3,60
,,
ROI_3,4,43
,,
ROI_3,5,50
,,
ROI_3,6,53
,,
ROI_3,7,39
,,
ROI_3,8,30
,,
ROI_3,9,19
,,
ROI_3,10,24
,,
ROI_3,11,28
,,
ROI_3,12,25
,,
ROI_3,13,18
,,
ROI_3,14,19
,,
ROI_3,15,13
,,
ROI_3,16,18
,,
ROI_3,17,16
,,
ROI_3,18,19
,,
ROI_3,19,10
,,
ROI_3,20,10
,,
ROI_3,21,18
,,
ROI_3,22,18
,,
ROI_3,23,12
,,
ROI_3,24,14
,,
ROI_3,25,14
,,
ROI_3,26,12
,,
ROI_3,27,15
,,
ROI_3,28,9
,,
ROI_3,29,11
,,
ROI_3,30,9
,,
ROI_3,31,4
,,
ROI_3,32,11
,,
ROI_3,33,7
,,
ROI_3,34,6
,,
ROI_3,35,11
,,
ROI_3,36,13
,,
ROI_3,37,10
,,
ROI_3,38,6
,,
ROI_3,39,7
,,
ROI_3,40,5
,,
ROI_3,41,5
,,
ROI_3,42,4
,,
ROI_3,43,4
,,
ROI_3,44,8
,,
ROI_3,45,6
,,
ROI_3,46,4
,,
ROI_3,47,3
,,
ROI_3,48,3
,,
ROI_3,49,7
,,
ROI_3,50,6
,,
ROI_3,51,8
,,
ROI_3,52,4
,,
ROI_3,53,6
,,
ROI_3,54,4
,,
ROI_3,55,4
,,
ROI_3,56,1
,,
ROI_3,57,3
,,
ROI_3,58,1
,,
ROI_3,59,3
,,
ROI_3,60,3
,,
ROI_3,61,2
,,
ROI_3,62,1
,,
ROI_3,63,3
,,
ROI_3,64,5
,,
ROI_3,65,4
,,
ROI_3,66,5
,,
ROI_3,67,1
,,
ROI_3,68,0
,,
ROI_3,69,4
,,
ROI_3,70,3
,,
ROI_3,71,1
,,
ROI_3,72,4
,,
ROI_3,73,1
,,
ROI_3,74,4
,,
ROI_3,75,4
,,
ROI_3,76,1
,,
ROI_3,77,3
,,
ROI_3,78,3
,,
ROI_3,79,3
,,
ROI_3,80,2
,,
ROI_3,81,2
,,
ROI_3,82,1
,,
ROI_3,83,2
,,
ROI_3,84,0
,,
ROI_3,85,4
,,
ROI_3,86,2
,,
ROI_3,87,0
,,
ROI_3,88,1
,,
ROI_3,89,3
,,
ROI_3,90,2
,,
ROI_3,91,2
,,
ROI_3,92,1
,,
ROI_3,93,2
,,
ROI_3,94,1
,,
ROI_3,95,2
,,
ROI_3,96,4
,,
ROI_3,97,2
,,
ROI_3,98,1
,,
ROI_3,99,1
,,
ROI_3,100,1
,,
ROI_3,101,0
,,
ROI_3,102,0
,,
ROI_3,103,3
,,
ROI_3,104,0
,,
ROI_3,105,0
,,
ROI_3,106,2
,,
ROI_3,107,0
,,
ROI_3,108,2
,,
ROI_3,109,1
,,
ROI_3,110,2
,,
ROI_3,111,0
,,
ROI_3,112,1
,,
ROI_3,113,2
,,
ROI_3,114,1
,,
ROI_3,115,2
,,
ROI_3,116,1
,,
ROI_3,117,1
,,
ROI_3,118,2
,,
ROI_3,119,2
,,
ROI_3,120,1
,,
ROI_3,121,1
,,
ROI_3,122,1
,,
ROI_3,123,0
,,
ROI_3,124,0
,,
ROI_3,125,0
,,
ROI_3,126,0
,,
ROI_3,127,1
,,
ROI_3,128,2
,,
ROI_3,129,0
,,
ROI_3,130,2
,,
ROI_3,131,0
,,
ROI_3,132,0
,,
ROI_3,133,1
,,
ROI_3,134,1
,,
ROI_3,135,1
,,
ROI_3,136,1
,,
ROI_3,137,1
,,
ROI_3,138,0
,,
ROI_3,139,2
,,
ROI_3,140,1
,,
ROI_3,141,0
,,
ROI_3,142,1
,,
ROI_3,143,0
,,
ROI_3,144,0
,,
ROI_3,145,2
,,
ROI_3,146,1
,,
ROI_3,147,1
,,
ROI_3,148,0
,,
ROI_3,149,0
,,
ROI_3,150,0
,,
ROI_3,151,3
,,
ROI_3,152,0
,,
ROI_3,153,0
,,
ROI_3,154,1
,,
ROI_3,155,0
,,
ROI_3,156,0
,,
ROI_3,157,1
,,
ROI_3,158,0
,,
ROI_3,159,0
,,
ROI_3,160,2
,,
ROI_3,161,1
,,
ROI_3,162,2
,,
ROI_3,163,0
,,
ROI_3,164,0
,,
ROI_3,165,1
,,
ROI_3,166,0
,,
ROI_3,167,0
,,
ROI_3,168,0
,,
ROI_3,169,0
,,
ROI_3,170,0
,,
ROI_3,171,1
,,
ROI_3,172,1
,,
ROI_3,173,1
,,
ROI_3,174,0
,,
ROI_3,175,1
,,
ROI_3,176,0
,,
ROI_3,177,0
,,
ROI_3,178,1
,,
ROI_3,179,3
,,
ROI_3,180,1
,,
ROI_3,181,0
,,
ROI_3,182,1
,,
ROI_3,183,0
,,
ROI_3,184,1
,,
ROI_3,185,0
,,
ROI_3,186,0
,,
ROI_3,187,1
,,
ROI_3,188,0
,,
ROI_3,189,0
,,
ROI_3,190,2
,,
ROI_3,191,1
,,
ROI_3,192,0
,,
ROI_3,193,0
,,
ROI_3,194,0
,,
ROI_3,195,0
,,
ROI_3,196,0
,,
ROI_3,197,0
,,
ROI_3,198,0
,,
ROI_3,199,0
,,
ROI_3,200,0
,,
ROI_3,201,0
,,
ROI_3,202,0
,,
ROI_3,203,0
,,
ROI_3,204,0
,,
ROI_3,205,1
,,
ROI_3,206,0
,,
ROI_3,207,0
,,
ROI_3,208,0
,,
ROI_3,209,0
,,
ROI_3,210,0
,,
ROI_3,211,0
,,
ROI_3,212,0
,,
ROI_3,213,0
,,
ROI_3,214,1
,,
ROI_3,215,0
,,
ROI_3,216,0
,,
ROI_3,217,0
,,
ROI_3,218,0
,,
ROI_3,219,0
,,
ROI_3,220,0
,,
ROI_3,221,0
,,
ROI_3,222,0
,,
ROI_3,223,0
,,
ROI_3,224,1
,,
ROI_3,225,1
,,
ROI_3,226,0
,,
ROI_3,227,0
,,
ROI_3,228,2
,,
ROI_3,229,1
,,
ROI_3,230,0
,,
ROI_3,231,0
,,
ROI_3,232,0
,,
ROI_3,233,1
,,
ROI_3,234,0
,,
ROI_3,235,0
,,
ROI_3,236,0
,,
ROI_3,237,0
,,
ROI_3,238,0
,,
ROI_3,239,0
,,
ROI_3,240,1
,,
ROI_3,241,1
,,
ROI_3,242,0
,,
ROI_3,243,0
,,
ROI_3,244,0
,,
ROI_3,245,0
,,
ROI_3,246,0
,,
ROI_3,247,0
,,
ROI_3,248,0
,,
ROI_3,249,0
,,
ROI_3,250,0
,,
ROI_3,251,0
,,
ROI_3,252,0
,,
ROI_3,253,0
,,
ROI_3,254,0
,,
ROI_3,255,0
,,
ROI_4,0,87245
,,
ROI_4,1,2821
,,
ROI_4,2,2038
,,
ROI_4,3,1872
,,
ROI_4,4,1503
,,
ROI_4,5,1400
,,
ROI_4,6,1192
,,
ROI_4,7,1060
,,
ROI_4,8,1057
,,
ROI_4,9,895
,,
ROI_4,10,896
,,
ROI_4,11,766
,,
ROI_4,12,706
,,
ROI_4,13,655
,,
ROI_4,14,656
,,
ROI_4,15,544
,,
ROI_4,16,598
,,
ROI_4,17,498
,,
ROI_4,18,554
,,
ROI_4,19,433
,,
ROI_4,20,470
,,
ROI_4,21,390
,,
ROI_4,22,401
,,
ROI_4,23,414
,,
ROI_4,24,343
,,
ROI_4,25,391
,,
ROI_4,26,356
,,
ROI_4,27,367
,,
ROI_4,28,306
,,
ROI_4,29,291
,,
ROI_4,30,321
,,
ROI_4,31,298
,,
ROI_4,32,272
,,
ROI_4,33,271
,,
ROI_4,34,232
,,
ROI_4,35,268
,,
ROI_4,36,256
,,
ROI_4,37,220
,,
ROI_4,38,229
,,
ROI_4,39,214
,,
ROI_4,40,236
,,
ROI_4,41,202
,,
ROI_4,42,209
,,
ROI_4,43,170
,,
ROI_4,44,214
,,
ROI_4,45,183
,,
ROI_4,46,198
,,
ROI_4,47,179
,,
ROI_4,48,187
,,
ROI_4,49,144
,,
ROI_4,50,170
,,
ROI_4,51,180
,,
ROI_4,52,162
,,
ROI_4,53,170
,,
ROI_4,54,140
,,
ROI_4,55,164
,,
ROI_4,56,121
,,
ROI_4,57,152
,,
ROI_4,58,131
,,
ROI_4,59,157
,,
ROI_4,60,118
,,
ROI_4,61,147
,,
ROI_4,62,135
,,
ROI_4,63,138
,,
ROI_4,64,133
,,
ROI_4,65,119
,,
ROI_4,66,134
,,
ROI_4,67,94
,,
ROI_4,68,154
,,
ROI_4,69,110
,,
ROI_4,70,114
,,
ROI_4,71,100
,,
ROI_4,72,119
,,
ROI_4,73,95
,,
ROI_4,74,114
,,
ROI_4,75,98
,,
ROI_4,76,124
,,
ROI_4,77,106
,,
ROI_4,78,87
,,
ROI_4,79,112
,,
ROI_4,80,107
,,
ROI_4,81,81
,,
ROI_4,82,102
,,
ROI_4,83,105
,,
ROI_4,84,76
,,
ROI_4,85,93
,,
ROI_4,86,92
,,
ROI_4,87,82
,,
ROI_4,88,78
,,
ROI_4,89,96
,,
ROI_4,90,74
,,
ROI_4,91,89
,,
ROI_4,92,69
,,
ROI_4,93,63
,,
ROI_4,94,102
,,
ROI_4,95,81
,,
ROI_4,96,60
,,
ROI_4,97,70
,,
ROI_4,98,74
,,
ROI_4,99,70
,,
ROI_4,100,74
,,
ROI_4,101,63
,,
ROI_4,102,72
,,
ROI_4,103,66
,,
ROI_4,104,80
,,
ROI_4,105,60
,,
ROI_4,106,72
,,
ROI_4,107,75
,,
ROI_4,108,58
,,
ROI_4,109,71
,,
ROI_4,110,46
,,
ROI_4,111,64
,,
ROI_4,112,66
,,
ROI_4,113,72
,,
ROI_4,114,47
,,
ROI_4,115,47
,,
ROI_4,116,67
,,
ROI_4,117,68
,,
ROI_4,118,53
,,
ROI_4,119,56
,,
ROI_4,120,53
,,
ROI_4,121,48
,,
ROI_4,122,65
,,
ROI_4,123,52
,,
ROI_4,124,54
,,
ROI_4,125,58
,,
ROI_4,126,51
,,
ROI_4,127,57
,,
ROI_4,128,61
,,
ROI_4,129,53
,,
ROI_4,130,44
,,
ROI_4,131,39
,,
ROI_4,132,42
,,
ROI_4,133,48
,,
ROI_4,134,44
,,
ROI_4,135,61
,,
ROI_4,136,52
,,
ROI_4,137,53
,,
ROI_4,138,35
,,
ROI_4,139,31
,,
ROI_4,140,39
,,
ROI_4,141,44
,,
ROI_4,142,52
,,
ROI_4,143,47
,,
ROI_4,144,40
,,
ROI_4,145,45
,,
ROI_4,146,49
,,
ROI_4,147,45
,,
ROI_4,148,42
,,
ROI_4,149,43
,,
ROI_4,150,35
,,
ROI_4,151,34
,,
ROI_4,152,41
,,
ROI_4,153,38
,,
ROI_4,154,26
,,
ROI_4,155,28
,,
ROI_4,156,34
,,
ROI_4,157,34
,,
ROI_4,158,38
,,
ROI_4,159,38
,,
ROI_4,160,38
,,
ROI_4,161,40
,,
ROI_4,162,42
,,
ROI_4,163,41
,,
ROI_4,164,30
,,
ROI_4,165,25
,,
ROI_4,166,35
,,
ROI_4,167,35
,,
ROI_4,168,28
,,
ROI_4,169,26
,,
ROI_4,170,28
,,
ROI_4,171,31
,,
ROI_4,172,32
,,
ROI_4,173,40
,,
ROI_4,174,20
,,
ROI_4,175,28
,,
ROI_4,176,22
,,
ROI_4,177,28
,,
ROI_4,178,30
,,
ROI_4,179,25
,,
ROI_4,180,24
,,
ROI_4,181,24
,,
ROI_4,182,24
,,
ROI_4,183,28
,,
ROI_4,184,27
,,
ROI_4,185,36
,,
ROI_4,186,29
,,
ROI_4,187,27
,,
ROI_4,188,33
,,
ROI_4,189,20
,,
ROI_4,190,33
,,
ROI_4,191,29
,,
ROI_4,192,19
,,
ROI_4,193,29
,,
ROI_4,194,25
,,
ROI_4,195,18
,,
ROI_4,196,24
,,
ROI_4,197,26
,,
ROI_4,198,24
,,
ROI_4,199,25
,,
ROI_4,200,23
,,
ROI_4,201,26
,,
ROI_4,202,26
,,
ROI_4,203,22
,,
ROI_4,204,14
,,
ROI_4,205,28
,,
ROI_4,206,24
,,
ROI_4,207,26
,,
ROI_4,208,30
,,
ROI_4,209,25
,,
ROI_4,210,25
,,
ROI_4,211,19
,,
ROI_4,212,16
,,
ROI_4,213,18
,,
ROI_4,214,26
,,
ROI_4,215,17
,,
ROI_4,216,17
,,
ROI_4,217,15
,,
ROI_4,218,20
,,
ROI_4,219,21
,,
ROI_4,220,19
,,
ROI_4,221,18
,,
ROI_4,222,21
,,
ROI_4,223,12
,,
ROI_4,224,34
,,
ROI_4,225,16
,,
ROI_4,226,21
,,
ROI_4,227,13
,,
ROI_4,228,14
,,
ROI_4,229,18
,,
ROI_4,230,25
,,
ROI_4,231,34
,,
ROI_4,232,17
,,
ROI_4,233,23
,,
ROI_4,234,22
,,
ROI_4,235,22
,,
ROI_4,236,16
,,
ROI_4,237,15
,,
ROI_4,238,11
,,
ROI_4,239,24
,,
ROI_4,240,19
,,
ROI_4,241,17
,,
ROI_4,242,13
,,
ROI_4,243,15
,,
ROI_4,244,22
,,
ROI_4,245,11
,,
ROI_4,246,19
,,
ROI_4,247,13
,,
ROI_4,248,22
,,
ROI_4,249,7
,,
ROI_4,250,21
,,
ROI_4,251,17
,,
ROI_4,252,15
,,
ROI_4,253,24
,,
ROI_4,254,29
,,
ROI_4,255,2460
,,
ROI_5,0,28605
,,
ROI_5,1,1239
,,
ROI_5,2,928
,,
ROI_5,3,792
,,
ROI_5,4,607
,,
ROI_5,5,618
,,
ROI_5,6,511
,,
ROI_5,7,454
,,
ROI_5,8,514
,,
ROI_5,9,356
,,
ROI_5,10,365
,,
ROI_5,11,293
,,
ROI_5,12,263
,,
ROI_5,13,260
,,
ROI_5,14,256
,,
ROI_5,15,186
,,
ROI_5,16,223
,,
ROI_5,17,143
,,
ROI_5,18,170
,,
ROI_5,19,142
,,
ROI_5,20,169
,,
ROI_5,21,141
,,
ROI_5,22,128
,,
ROI_5,23,145
,,
ROI_5,24,111
,,
ROI_5,25,94
,,
ROI_5,26,106
,,
ROI_5,27,99
,,
ROI_5,28,113
,,
ROI_5,29,102
,,
ROI_5,30,89
,,
ROI_5,31,104
,,
ROI_5,32,84
,,
ROI_5,33,91
,,
ROI_5,34,56
,,
ROI_5,35,70
,,
ROI_5,36,80
,,
ROI_5,37,50
,,
ROI_5,38,64
,,
ROI_5,39,53
,,
ROI_5,40,63
,,
ROI_5,41,55
,,
ROI_5,42,47
,,
ROI_5,43,56
,,
ROI_5,44,57
,,
ROI_5,45,58
,,
ROI_5,46,43
,,
ROI_5,47,33
,,
ROI_5,48,39
,,
ROI_5,49,46
,,
ROI_5,50,40
,,
ROI_5,51,49
,,
ROI_5,52,34
,,
ROI_5,53,37
,,
ROI_5,54,27
,,
ROI_5,55,41
,,
ROI_5,56,27
,,
ROI_5,57,31
,,
ROI_5,58,27
,,
ROI_5,59,39
,,
ROI_5,60,44
,,
ROI_5,61,35
,,
ROI_5,62,25
,,
ROI_5,63,33
,,
ROI_5,64,20
,,
ROI_5,65,16
,,
ROI_5,66,24
,,
ROI_5,67,16
,,
ROI_5,68,26
,,
ROI_5,69,19
,,
ROI_5,70,26
,,
ROI_5,71,22
,,
ROI_5,72,27
,,
ROI_5,73,17
,,
ROI_5,74,26
,,
ROI_5,75,25
,,
ROI_5,76,23
,,
ROI_5,77,23
,,
ROI_5,78,21
,,
ROI_5,79,21
,,
ROI_5,80,16
,,
ROI_5,81,13
,,
ROI_5,82,19
,,
ROI_5,83,20
,,
ROI_5,84,20
,,
ROI_5,85,18
,,
ROI_5,86,12
,,
ROI_5,87,13
,,
ROI_5,88,18
,,
ROI_5,89,3
,,
ROI_5,90,17
,,
ROI_5,91,26
,,
ROI_5,92,18
,,
ROI_5,93,13
,,
ROI_5,94,12
,,
ROI_5,95,8
,,
ROI_5,96,14
,,
ROI_5,97,15
,,
ROI_5,98,12
,,
ROI_5,99,10
,,
ROI_5,100,14
,,
ROI_5,101,10
,,
ROI_5,102,13
,,
ROI_5,103,11
,,
ROI_5,104,10
,,
ROI_5,105,10
,,
ROI_5,106,4
,,
ROI_5,107,9
,,
ROI_5,108,7
,,
ROI_5,109,11
,,
ROI_5,110,7
,,
ROI_5,111,11
,,
ROI_5,112,10
,,
ROI_5,113,7
,,
ROI_5,114,14
,,
ROI_5,115,3
,,
ROI_5,116,8
,,
ROI_5,117,8
,,
ROI_5,118,9
,,
ROI_5,119,9
,,
ROI_5,120,11
,,
ROI_5,121,9
,,
ROI_5,122,5
,,
ROI_5,123,13
,,
ROI_5,124,16
,,
ROI_5,125,5
,,
ROI_5,126,6
,,
ROI_5,127,9
,,
ROI_5,128,7
,,
ROI_5,129,4
,,
ROI_5,130,7
,,
ROI_5,131,11
,,
ROI_5,132,5
,,
ROI_5,133,5
,,
ROI_5,134,5
,,
ROI_5,135,8
,,
ROI_5,136,6
,,
ROI_5,137,7
,,
ROI_5,138,5
,,
ROI_5,139,6
,,
ROI_5,140,9
,,
ROI_5,141,4
,,
ROI_5,142,7
,,
ROI_5,143,4
,,
ROI_5,144,10
,,
ROI_5,145,4
,,
ROI_5,146,7
,,
ROI_5,147,7
,,
ROI_5,148,3
,,
ROI_5,149,0
,,
ROI_5,150,3
,,
ROI_5,151,5
,,
ROI_5,152,4
,,
ROI_5,153,7
,,
ROI_5,154,3
,,
ROI_5,155,8
,,
ROI_5,156,4
,,
ROI_5,157,2
,,
ROI_5,158,5
,,
ROI_5,159,5
,,
ROI_5,160,6
,,
ROI_5,161,7
,,
ROI_5,162,4
,,
ROI_5,163,4
,,
ROI_5,164,9
,,
ROI_5,165,2
,,
ROI_5,166,4
,,
ROI_5,167,3
,,
ROI_5,168,9
,,
ROI_5,169,3
,,
ROI_5,170,4
,,
ROI_5,171,8
,,
ROI_5,172,4
,,
ROI_5,173,7
,,
ROI_5,174,2
,,
ROI_5,175,1
,,
ROI_5,176,3
,,
ROI_5,177,1
,,
ROI_5,178,6
,,
ROI_5,179,7
,,
ROI_5,180,4
,,
ROI_5,181,4
,,
ROI_5,182,3
,,
ROI_5,183,4
,,
ROI_5,184,4
,,
ROI_5,185,3
,,
ROI_5,186,2
,,
ROI_5,187,5
,,
ROI_5,188,3
,,
ROI_5,189,3
,,
ROI_5,190,5
,,
ROI_5,191,5
,,
ROI_5,192,2
,,
ROI_5,193,1
,,
ROI_5,194,6
,,
ROI_5,195,0
,,
ROI_5,196,2
,,
ROI_5,197,1
,,
ROI_5,198,5
,,
ROI_5,199,1
,,
ROI_5,200,0
,,
ROI_5,201,4
,,
ROI_5,202,3
,,
ROI_5,203,3
,,
ROI_5,204,2
,,
ROI_5,205,6
,,
ROI_5,206,5
,,
ROI_5,207,7
,,
ROI_5,208,4
,,
ROI_5,209,0
,,
ROI_5,210,2
,,
ROI_5,211,3
,,
ROI_5,212,3
,,
ROI_5,213,2
,,
ROI_5,214,5
,,
ROI_5,215,0
,,
ROI_5,216,1
,,
ROI_5,217,2
,,
ROI_5,218,4
,,
ROI_5,219,2
,,
ROI_5,220,1
,,
ROI_5,221,1
,,
ROI_5,222,2
,,
ROI_5,223,1
,,
ROI_5,224,4
,,
ROI_5,225,6
,,
ROI_5,226,4
,,
ROI_5,227,3
,,
ROI_5,228,2
,,
ROI_5,229,3
,,
ROI_5,230,0
,,
ROI_5,231,2
,,
ROI_5,232,1
,,
ROI_5,233,3
,,
ROI_5,234,1
,,
ROI_5,235,0
,,
ROI_5,236,3
,,
ROI_5,237,2
,,
ROI_5,238,2
,,
ROI_5,239,3
,,
ROI_5,240,0
,,
ROI_5,241,1
,,
ROI_5,242,0
,,
ROI_5,243,3
,,
ROI_5,244,4
,,
ROI_5,245,4
,,
ROI_5,246,1
,,
ROI_5,247,3
,,
ROI_5,248,3
,,
ROI_5,249,4
,,
ROI_5,250,2
,,
ROI_5,251,1
,,
ROI_5,252,2
,,
ROI_5,253,5
,,
ROI_5,254,3
,,
ROI_5,255,292
,,
ROI_6,0,6529
,,
ROI_6,1,939
,,
ROI_6,2,671
,,
ROI_6,3,628
,,
ROI_6,4,475
,,
ROI_6,5,485
,,
ROI_6,6,445
,,
ROI_6,7,409
,,
ROI_6,8,417
,,
ROI_6,9,314
,,
ROI_6,10,350
,,
ROI_6,11,276
,,
ROI_6,12,291
,,
ROI_6,13,235
,,
ROI_6,14,239
,,
ROI_6,15,208
,,
ROI_6,16,235
,,
ROI_6,17,169
,,
ROI_6,18,187
,,
ROI_6,19,158
,,
ROI_6,20,145
,,
ROI_6,21,158
,,
ROI_6,22,137
,,
ROI_6,23,156
,,
ROI_6,24,123
,,
ROI_6,25,127
,,
ROI_6,26,120
,,
ROI_6,27,124
,,
ROI_6,28,102
,,
ROI_6,29,122
,,
ROI_6,30,87
,,
ROI_6,31,96
,,
ROI_6,32,83
,,
ROI_6,33,90
,,
ROI_6,34,76
,,
ROI_6,35,91
,,
ROI_6,36,94
,,
ROI_6,37,61
,,
ROI_6,38,83
,,
ROI_6,39,65
,,
ROI_6,40,72
,,
ROI_6,41,44
,,
ROI_6,42,55
,,
ROI_6,43,56
,,
ROI_6,44,56
,,
ROI_6,45,53
,,
ROI_6,46,61
,,
ROI_6,47,49
,,
ROI_6,48,41
,,
ROI_6,49,43
,,
ROI_6,50,50
,,
ROI_6,51,39
,,
ROI_6,52,36
,,
ROI_6,53,37
,,
ROI_6,54,38
,,
ROI_6,55,49
,,
ROI_6,56,29
,,
ROI_6,57,36
,,
ROI_6,58,34
,,
ROI_6,59,34
,,
ROI_6,60,28
,,
ROI_6,61,28
,,
ROI_6,62,32
,,
ROI_6,63,22
,,
ROI_6,64,27
,,
ROI_6,65,27
,,
ROI_6,66,24
,,
ROI_6,67,28
,,
ROI_6,68,30
,,
ROI_6,69,23
,,
ROI_6,70,17
,,
ROI_6,71,21
,,
ROI_6,72,26
,,
ROI_6,73,12
,,
ROI_6,74,29
,,
ROI_6,75,16
,,
ROI_6,76,19
,,
ROI_6,77,25
,,
ROI_6,78,20
,,
ROI_6,79,19
,,
ROI_6,80,19
,,
ROI_6,81,13
,,
ROI_6,82,24
,,
ROI_6,83,13
,,
ROI_6,84,12
,,
ROI_6,85,18
,,
ROI_6,86,19
,,
ROI_6,87,22
,,
ROI_6,88,13
,,
ROI_6,89,23
,,
ROI_6,90,15
,,
ROI_6,91,19
,,
ROI_6,92,12
,,
ROI_6,93,11
,,
ROI_6,94,9
,,
ROI_6,95,15
,,
ROI_6,96,13
,,
ROI_6,97,5
,,
ROI_6,98,9
,,
ROI_6,99,10
,,
ROI_6,100,9
,,
ROI_6,101,11
,,
ROI_6,102,12
,,
ROI_6,103,10
,,
ROI_6,104,8
,,
ROI_6,105,6
,,
ROI_6,106,10
,,
ROI_6,107,9
,,
ROI_6,108,9
,,
ROI_6,109,8
,,
ROI_6,110,8
,,
ROI_6,111,13
,,
ROI_6,112,10
,,
ROI_6,113,7
,,
ROI_6,114,13
,,
ROI_6,115,7
,,
ROI_6,116,6
,,
ROI_6,117,6
,,
ROI_6,118,12
,,
ROI_6,119,8
,,
ROI_6,120,9
,,
ROI_6,121,4
,,
ROI_6,122,11
,,
ROI_6,123,9
,,
ROI_6,124,10
,,
ROI_6,125,4
,,
ROI_6,126,9
,,
ROI_6,127,7
,,
ROI_6,128,9
,,
ROI_6,129,0
,,
ROI_6,130,5
,,
ROI_6,131,4
,,
ROI_6,132,7
,,
ROI_6,133,1
,,
ROI_6,134,7
,,
ROI_6,135,4
,,
ROI_6,136,2
,,
ROI_6,137,5
,,
ROI_6,138,3
,,
ROI_6,139,5
,,
ROI_6,140,2
,,
ROI_6,141,0
,,
ROI_6,142,4
,,
ROI_6,143,3
,,
ROI_6,144,1
,,
ROI_6,145,3
,,
ROI_6,146,3
,,
ROI_6,147,3
,,
ROI_6,148,2
,,
ROI_6,149,2
,,
ROI_6,150,3
,,
ROI_6,151,1
,,
ROI_6,152,3
,,
ROI_6,153,3
,,
ROI_6,154,3
,,
ROI_6,155,1
,,
ROI_6,156,3
,,
ROI_6,157,4
,,
ROI_6,158,3
,,
ROI_6,159,1
,,
ROI_6,160,2
,,
ROI_6,161,0
,,
ROI_6,162,4
,,
ROI_6,163,0
,,
ROI_6,164,1
,,
ROI_6,165,4
,,
ROI_6,166,2
,,
ROI_6,167,0
,,
ROI_6,168,2
,,
ROI_6,169,1
,,
ROI_6,170,2
,,
ROI_6,171,3
,,
ROI_6,172,2
,,
ROI_6,173,4
,,
ROI_6,174,0
,,
ROI_6,175,1
,,
ROI_6,176,1
,,
ROI_6,177,2
,,
ROI_6,178,1
,,
ROI_6,179,1
,,
ROI_6,180,1
,,
ROI_6,181,1
,,
ROI_6,182,0
,,
ROI_6,183,0
,,
ROI_6,184,1
,,
ROI_6,185,0
,,
ROI_6,186,0
,,
ROI_6,187,1
,,
ROI_6,188,0
,,
ROI_6,189,0
,,
ROI_6,190,1
,,
ROI_6,191,0
,,
ROI_6,192,1
,,
ROI_6,193,1
,,
ROI_6,194,1
,,
ROI_6,195,2
,,
ROI_6,196,0
,,
ROI_6,197,0
,,
ROI_6,198,1
,,
ROI_6,199,1
,,
ROI_6,200,1
,,
ROI_6,201,0
,,
ROI_6,202,0
,,
ROI_6,203,0
,,
ROI_6,204,0
,,
ROI_6,205,0
,,
ROI_6,206,0
,,
ROI_6,207,0
,,
ROI_6,208,0
,,
ROI_6,209,0
,,
ROI_6,210,2
,,
ROI_6,211,0
,,
ROI_6,212,0
,,
ROI_6,213,1
,,
ROI_6,214,1
,,
ROI_6,215,0
,,
ROI_6,216,1
,,
ROI_6,217,0
,,
ROI_6,218,1
,,
ROI_6,219,0
,,
ROI_6,220,0
,,
ROI_6,221,0
,,
ROI_6,222,1
,,
ROI_6,223,0
,,
ROI_6,224,0
,,
ROI_6,225,2
,,
ROI_6,226,1
,,
ROI_6,227,0
,,
ROI_6,228,1
,,
ROI_6,229,0
,,
ROI_6,230,0
,,
ROI_6,231,0
,,
ROI_6,232,0
,,
ROI_6,233,0
,,
ROI_6,234,0
,,
ROI_6,235,0
,,
ROI_6,236,0
,,
ROI_6,237,0
,,
ROI_6,238,0
,,
ROI_6,239,0
,,
ROI_6,240,0
,,
ROI_6,241,0
,,
ROI_6,242,0
,,
ROI_6,243,0
,,
ROI_6,244,0
,,
ROI_6,245,0
,,
ROI_6,246,0
,,
ROI_6,247,0
,,
ROI_6,248,0
,,
ROI_6,249,0
,,
ROI_6,250,0
,,
ROI_6,251,0
,,
ROI_6,252,1
,,
ROI_6,253,1
,,
ROI_6,254,0
,,
ROI_6,255,3
,,
ROI_7,0,31422
,,
ROI_7,1,1666
,,
ROI_7,2,1139
,,
ROI_7,3,1005
,,
ROI_7,4,741
,,
ROI_7,5,660
,,
ROI_7,6,596
,,
ROI_7,7,528
,,
ROI_7,8,522
,,
ROI_7,9,480
,,
ROI_7,10,484
,,
ROI_7,11,418
,,
ROI_7,12,391
,,
ROI_7,13,323
,,
ROI_7,14,310
,,
ROI_7,15,256
,,
ROI_7,16,278
,,
ROI_7,17,271
,,
ROI_7,18,262
,,
ROI_7,19,231
,,
ROI_7,20,233
,,
ROI_7,21,211
,,
ROI_7,22,195
,,
ROI_7,23,214
,,
ROI_7,24,147
,,
ROI_7,25,212
,,
ROI_7,26,169
,,
ROI_7,27,183
,,
ROI_7,28,169
,,
ROI_7,29,172
,,
ROI_7,30,128
,,
ROI_7,31,123
,,
ROI_7,32,121
,,
ROI_7,33,137
,,
ROI_7,34,118
,,
ROI_7,35,135
,,
ROI_7,36,116
,,
ROI_7,37,102
,,
ROI_7,38,112
,,
ROI_7,39,119
,,
ROI_7,40,120
,,
ROI_7,41,94
,,
ROI_7,42,108
,,
ROI_7,43,85
,,
ROI_7,44,95
,,
ROI_7,45,95
,,
ROI_7,46,88
,,
ROI_7,47,84
,,
ROI_7,48,98
,,
ROI_7,49,92
,,
ROI_7,50,72
,,
ROI_7,51,83
,,
ROI_7,52,83
,,
ROI_7,53,73
,,
ROI_7,54,63
,,
ROI_7,55,79
,,
ROI_7,56,71
,,
ROI_7,57,66
,,
ROI_7,58,59
,,
ROI_7,59,61
,,
ROI_7,60,76
,,
ROI_7,61,63
,,
ROI_7,62,53
,,
ROI_7,63,67
,,
ROI_7,64,59
,,
ROI_7,65,55
,,
ROI_7,66,50
,,
ROI_7,67,51
,,
ROI_7,68,45
,,
ROI_7,69,46
,,
ROI_7,70,48
,,
ROI_7,71,42
,,
ROI_7,72,51
,,
ROI_7,73,43
,,
ROI_7,74,51
,,
ROI_7,75,45
,,
ROI_7,76,42
,,
ROI_7,77,31
,,
ROI_7,78,41
,,
ROI_7,79,47
,,
ROI_7,80,31
,,
ROI_7,81,37
,,
ROI_7,82,39
,,
ROI_7,83,23
,,
ROI_7,84,35
,,
ROI_7,85,38
,,
ROI_7,86,33
,,
ROI_7,87,37
,,
ROI_7,88,28
,,
ROI_7,89,38
,,
ROI_7,90,29
,,
ROI_7,91,33
,,
ROI_7,92,36
,,
ROI_7,93,39
,,
ROI_7,94,25
,,
ROI_7,95,35
,,
ROI_7,96,34
,,
ROI_7,97,32
,,
ROI_7,98,20
,,
ROI_7,99,33
,,
ROI_7,100,28
,,
ROI_7,101,21
,,
ROI_7,102,27
,,
ROI_7,103,24
,,
ROI_7,104,31
,,
ROI_7,105,27
,,
ROI_7,106,24
,,
ROI_7,107,23
,,
ROI_7,108,14
,,
ROI_7,109,38
,,
ROI_7,110,15
,,
ROI_7,111,24
,,
ROI_7,112,17
,,
ROI_7,113,20
,,
ROI_7,114,17
,,
ROI_7,115,19
,,
ROI_7,116,20
,,
ROI_7,117,21
,,
ROI_7,118,19
,,
ROI_7,119,22
,,
ROI_7,120,14
,,
ROI_7,121,24
,,
ROI_7,122,30
,,
ROI_7,123,16
,,
ROI_7,124,22
,,
ROI_7,125,22
,,
ROI_7,126,15
,,
ROI_7,127,20
,,
ROI_7,128,12
,,
ROI_7,129,25
,,
ROI_7,130,26
,,
ROI_7,131,15
,,
ROI_7,132,15
,,
ROI_7,133,19
,,
ROI_7,134,19
,,
ROI_7,135,19
,,
ROI_7,136,16
,,
ROI_7,137,21
,,
ROI_7,138,17
,,
ROI_7,139,11
,,
ROI_7,140,11
,,
ROI_7,141,14
,,
ROI_7,142,15
,,
ROI_7,143,21
,,
ROI_7,144,16
,,
ROI_7,145,6
,,
ROI_7,146,13
,,
ROI_7,147,13
,,
ROI_7,148,10
,,
ROI_7,149,9
,,
ROI_7,150,13
,,
ROI_7,151,12
,,
ROI_7,152,20
,,
ROI_7,153,13
,,
ROI_7,154,18
,,
ROI_7,155,10
,,
ROI_7,156,14
,,
ROI_7,157,4
,,
ROI_7,158,9
,,
ROI_7,159,12
,,
ROI_7,160,11
,,
ROI_7,161,15
,,
ROI_7,162,8
,,
ROI_7,163,9
,,
ROI_7,164,13
,,
ROI_7,165,15
,,
ROI_7,166,7
,,
ROI_7,167,17
,,
ROI_7,168,15
,,
ROI_7,169,6
,,
ROI_7,170,4
,,
ROI_7,171,17
,,
ROI_7,172,10
,,
ROI_7,173,7
,,
ROI_7,174,7
,,
ROI_7,175,8
,,
ROI_7,176,9
,,
ROI_7,177,9
,,
ROI_7,178,4
,,
ROI_7,179,6
,,
ROI_7,180,11
,,
ROI_7,181,11
,,
ROI_7,182,7
,,
ROI_7,183,6
,,
ROI_7,184,14
,,
ROI_7,185,9
,,
ROI_7,186,6
,,
ROI_7,187,12
,,
ROI_7,188,13
,,
ROI_7,189,9
,,
ROI_7,190,9
,,
ROI_7,191,3
,,
ROI_7,192,11
,,
ROI_7,193,10
,,
ROI_7,194,10
,,
ROI_7,195,4
,,
ROI_7,196,7
,,
ROI_7,197,6
,,
ROI_7,198,9
,,
ROI_7,199,7
,,
ROI_7,200,10
,,
ROI_7,201,7
,,
ROI_7,202,7
,,
ROI_7,203,3
,,
ROI_7,204,7
,,
ROI_7,205,5
,,
ROI_7,206,7
,,
ROI_7,207,5
,,
ROI_7,208,11
,,
ROI_7,209,11
,,
ROI_7,210,7
,,
ROI_7,211,8
,,
ROI_7,212,7
,,
ROI_7,213,5
,,
ROI_7,214,9
,,
ROI_7,215,1
,,
ROI_7,216,12
,,
ROI_7,217,8
,,
ROI_7,218,4
,,
ROI_7,219,4
,,
ROI_7,220,5
,,
ROI_7,221,3
,,
ROI_7,222,6
,,
ROI_7,223,2
,,
ROI_7,224,6
,,
ROI_7,225,6
,,
ROI_7,226,6
,,
ROI_7,227,8
,,
ROI_7,228,3
,,
ROI_7,229,6
,,
ROI_7,230,3
,,
ROI_7,231,3
,,
ROI_7,232,5
,,
ROI_7,233,5
,,
ROI_7,234,1
,,
ROI_7,235,4
,,
ROI_7,236,6
,,
ROI_7,237,4
,,
ROI_7,238,4
,,
ROI_7,239,2
,,
ROI_7,240,6
,,
ROI_7,241,3
,,
ROI_7,242,1
,,
ROI_7,243,3
,,
ROI_7,244,3
,,
ROI_7,245,4
,,
ROI_7,246,6
,,
ROI_7,247,7
,,
ROI_7,248,6
,,
ROI_7,249,7
,,
ROI_7,250,5
,,
ROI_7,251,5
,,
ROI_7,252,1
,,
ROI_7,253,4
,,
ROI_7,254,6
,,
ROI_7,255,367
,,
ROI_8,0,15584
,,
ROI_8,1,1681
,,
ROI_8,2,1395
,,
ROI_8,3,1307
,,
ROI_8,4,1146
,,
ROI_8,5,1072
,,
ROI_8,6,902
,,
ROI_8,7,739
,,
ROI_8,8,795
,,
ROI_8,9,649
,,
ROI_8,10,627
,,
ROI_8,11,528
,,
ROI_8,12,500
,,
ROI_8,13,421
,,
ROI_8,14,433
,,
ROI_8,15,402
,,
ROI_8,16,411
,,
ROI_8,17,302
,,
ROI_8,18,334
,,
ROI_8,19,287
,,
ROI_8,20,276
,,
ROI_8,21,285
,,
ROI_8,22,243
,,
ROI_8,23,256
,,
ROI_8,24,202
,,
ROI_8,25,267
,,
ROI_8,26,213
,,
ROI_8,27,225
,,
ROI_8,28,206
,,
ROI_8,29,212
,,
ROI_8,30,184
,,
ROI_8,31,198
,,
ROI_8,32,175
,,
ROI_8,33,174
,,
ROI_8,34,152
,,
ROI_8,35,163
,,
ROI_8,36,140
,,
ROI_8,37,143
,,
ROI_8,38,144
,,
ROI_8,39,132
,,
ROI_8,40,154
,,
ROI_8,41,140
,,
ROI_8,42,128
,,
ROI_8,43,117
,,
ROI_8,44,120
,,
ROI_8,45,114
,,
ROI_8,46,115
,,
ROI_8,47,105
,,
ROI_8,48,94
,,
ROI_8,49,101
,,
ROI_8,50,111
,,
ROI_8,51,92
,,
ROI_8,52,86
,,
ROI_8,53,99
,,
ROI_8,54,88
,,
ROI_8,55,77
,,
ROI_8,56,90
,,
ROI_8,57,82
,,
ROI_8,58,72
,,
ROI_8,59,80
,,
ROI_8,60,81
,,
ROI_8,61,84
,,
ROI_8,62,65
,,
ROI_8,63,88
,,
ROI_8,64,75
,,
ROI_8,65,62
,,
ROI_8,66,65
,,
ROI_8,67,78
,,
ROI_8,68,73
,,
ROI_8,69,61
,,
ROI_8,70,66
,,
ROI_8,71,81
,,
ROI_8,72,67
,,
ROI_8,73,61
,,
ROI_8,74,78
,,
ROI_8,75,48
,,
ROI_8,76,63
,,
ROI_8,77,51
,,
ROI_8,78,51
,,
ROI_8,79,52
,,
ROI_8,80,44
,,
ROI_8,81,46
,,
ROI_8,82,49
,,
ROI_8,83,56
,,
ROI_8,84,40
,,
ROI_8,85,46
,,
ROI_8,86,50
,,
ROI_8,87,41
,,
ROI_8,88,42
,,
ROI_8,89,56
,,
ROI_8,90,37
,,
ROI_8,91,46
,,
ROI_8,92,45
,,
ROI_8,93,35
,,
ROI_8,94,42
,,
ROI_8,95,26
,,
ROI_8,96,44
,,
ROI_8,97,43
,,
ROI_8,98,39
,,
ROI_8,99,38
,,
ROI_8,100,43
,,
ROI_8,101,41
,,
ROI_8,102,34
,,
ROI_8,103,30
,,
ROI_8,104,36
,,
ROI_8,105,35
,,
ROI_8,106,48
,,
ROI_8,107,23
,,
ROI_8,108,39
,,
ROI_8,109,33
,,
ROI_8,110,31
,,
ROI_8,111,46
,,
ROI_8,112,40
,,
ROI_8,113,29
,,
ROI_8,114,31
,,
ROI_8,115,40
,,
ROI_8,116,23
,,
ROI_8,117,44
,,
ROI_8,118,16
,,
ROI_8,119,34
,,
ROI_8,120,32
,,
ROI_8,121,32
,,
ROI_8,122,31
,,
ROI_8,123,27
,,
ROI_8,124,37
,,
ROI_8,125,29
,,
ROI_8,126,29
,,
ROI_8,127,24
,,
ROI_8,128,32
,,
ROI_8,129,26
,,
ROI_8,130,31
,,
ROI_8,131,18
,,
ROI_8,132,30
,,
ROI_8,133,25
,,
ROI_8,134,23
,,
ROI_8,135,20
,,
ROI_8,136,30
,,
ROI_8,137,32
,,
ROI_8,138,18
,,
ROI_8,139,23
,,
ROI_8,140,17
,,
ROI_8,141,22
,,
ROI_8,142,23
,,
ROI_8,143,22
,,
ROI_8,144,20
,,
ROI_8,145,19
,,
ROI_8,146,25
,,
ROI_8,147,20
,,
ROI_8,148,13
,,
ROI_8,149,18
,,
ROI_8,150,27
,,
ROI_8,151,18
,,
ROI_8,152,27
,,
ROI_8,153,20
,,
ROI_8,154,14
,,
ROI_8,155,16
,,
ROI_8,156,26
,,
ROI_8,157,20
,,
ROI_8,158,16
,,
ROI_8,159,17
,,
ROI_8,160,24
,,
ROI_8,161,11
,,
ROI_8,162,19
,,
ROI_8,163,11
,,
ROI_8,164,16
,,
ROI_8,165,13
,,
ROI_8,166,15
,,
ROI_8,167,26
,,
ROI_8,168,16
,,
ROI_8,169,13
,,
ROI_8,170,12
,,
ROI_8,171,22
,,
ROI_8,172,16
,,
ROI_8,173,18
,,
ROI_8,174,19
,,
ROI_8,175,14
,,
ROI_8,176,22
,,
ROI_8,177,11
,,
ROI_8,178,20
,,
ROI_8,179,14
,,
ROI_8,180,24
,,
ROI_8,181,15
,,
ROI_8,182,18
,,
ROI_8,183,15
,,
ROI_8,184,17
,,
ROI_8,185,12
,,
ROI_8,186,14
,,
ROI_8,187,15
,,
ROI_8,188,10
,,
ROI_8,189,12
,,
ROI_8,190,12
,,
ROI_8,191,13
,,
ROI_8,192,8
,,
ROI_8,193,12
,,
ROI_8,194,15
,,
ROI_8,195,19
,,
ROI_8,196,8
,,
ROI_8,197,14
,,
ROI_8,198,9
,,
ROI_8,199,8
,,
ROI_8,200,15
,,
ROI_8,201,7
,,
ROI_8,202,5
,,
ROI_8,203,7
,,
ROI_8,204,5
,,
ROI_8,205,8
,,
ROI_8,206,12
,,
ROI_8,207,10
,,
ROI_8,208,11
,,
ROI_8,209,3
,,
ROI_8,210,10
,,
ROI_8,211,8
,,
ROI_8,212,9
,,
ROI_8,213,12
,,
ROI_8,214,18
,,
ROI_8,215,11
,,
ROI_8,216,15
,,
ROI_8,217,12
,,
ROI_8,218,7
,,
ROI_8,219,13
,,
ROI_8,220,7
,,
ROI_8,221,8
,,
ROI_8,222,6
,,
ROI_8,223,16
,,
ROI_8,224,10
,,
ROI_8,225,12
,,
ROI_8,226,14
,,
ROI_8,227,11
,,
ROI_8,228,10
,,
ROI_8,229,9
,,
ROI_8,230,7
,,
ROI_8,231,3
,,
ROI_8,232,9
,,
ROI_8,233,6
,,
ROI_8,234,9
,,
ROI_8,235,4
,,
ROI_8,236,4
,,
ROI_8,237,6
,,
ROI_8,238,6
,,
ROI_8,239,10
,,
ROI_8,240,9
,,
ROI_8,241,5
,,
ROI_8,242,9
,,
ROI_8,243,4
,,
ROI_8,244,10
,,
ROI_8,245,7
,,
ROI_8,246,9
,,
ROI_8,247,4
,,
ROI_8,248,3
,,
ROI_8,249,8
,,
ROI_8,250,9
,,
ROI_8,251,7
,,
ROI_8,252,8
,,
ROI_8,253,8
,,
ROI_8,254,14
,,
ROI_8,255,700
,,
ROI_9,0,53648
,,
ROI_9,1,1800
,,
ROI_9,2,1229
,,
ROI_9,3,1116
,,
ROI_9,4,919
,,
ROI_9,5,838
,,
ROI_9,6,638
,,
ROI_9,7,652
,,
ROI_9,8,632
,,
ROI_9,9,539
,,
ROI_9,10,488
,,
ROI_9,11,451
,,
ROI_9,12,444
,,
ROI_9,13,410
,,
ROI_9,14,400
,,
ROI_9,15,369
,,
ROI_9,16,388
,,
ROI_9,17,298
,,
ROI_9,18,355
,,
ROI_9,19,274
,,
ROI_9,20,327
,,
ROI_9,21,283
,,
ROI_9,22,238
,,
ROI_9,23,263
,,
ROI_9,24,247
,,
ROI_9,25,264
,,
ROI_9,26,211
,,
ROI_9,27,229
,,
ROI_9,28,183
,,
ROI_9,29,213
,,
ROI_9,30,235
,,
ROI_9,31,190
,,
ROI_9,32,196
,,
ROI_9,33,191
,,
ROI_9,34,175
,,
ROI_9,35,165
,,
ROI_9,36,157
,,
ROI_9,37,157
,,
ROI_9,38,143
,,
ROI_9,39,112
,,
ROI_9,40,143
,,
ROI_9,41,129
,,
ROI_9,42,124
,,
ROI_9,43,140
,,
ROI_9,44,111
,,
ROI_9,45,114
,,
ROI_9,46,107
,,
ROI_9,47,120
,,
ROI_9,48,111
,,
ROI_9,49,104
,,
ROI_9,50,98
,,
ROI_9,51,118
,,
ROI_9,52,105
,,
ROI_9,53,106
,,
ROI_9,54,78
,,
ROI_9,55,94
,,
ROI_9,56,76
,,
ROI_9,57,89
,,
ROI_9,58,82
,,
ROI_9,59,106
,,
ROI_9,60,82
,,
ROI_9,61,76
,,
ROI_9,62,85
,,
ROI_9,63,88
,,
ROI_9,64,66
,,
ROI_9,65,72
,,
ROI_9,66,71
,,
ROI_9,67,65
,,
ROI_9,68,69
,,
ROI_9,69,57
,,
ROI_9,70,48
,,
ROI_9,71,44
,,
ROI_9,72,49
,,
ROI_9,73,41
,,
ROI_9,74,54
,,
ROI_9,75,58
,,
ROI_9,76,62
,,
ROI_9,77,41
,,
ROI_9,78,46
,,
ROI_9,79,49
,,
ROI_9,80,49
,,
ROI_9,81,49
,,
ROI_9,82,57
,,
ROI_9,83,71
,,
ROI_9,84,55
,,
ROI_9,85,49
,,
ROI_9,86,42
,,
ROI_9,87,46
,,
ROI_9,88,39
,,
ROI_9,89,45
,,
ROI_9,90,52
,,
ROI_9,91,44
,,
ROI_9,92,41
,,
ROI_9,93,40
,,
ROI_9,94,34
,,
ROI_9,95,39
,,
ROI_9,96,26
,,
ROI_9,97,27
,,
ROI_9,98,47
,,
ROI_9,99,39
,,
ROI_9,100,32
,,
ROI_9,101,34
,,
ROI_9,102,30
,,
ROI_9,103,29
,,
ROI_9,104,38
,,
ROI_9,105,30
,,
ROI_9,106,37
,,
ROI_9,107,31
,,
ROI_9,108,39
,,
ROI_9,109,35
,,
ROI_9,110,25
,,
ROI_9,111,41
,,
ROI_9,112,23
,,
ROI_9,113,30
,,
ROI_9,114,36
,,
ROI_9,115,38
,,
ROI_9,116,28
,,
ROI_9,117,25
,,
ROI_9,118,23
,,
ROI_9,119,38
,,
ROI_9,120,23
,,
ROI_9,121,19
,,
ROI_9,122,21
,,
ROI_9,123,28
,,
ROI_9,124,30
,,
ROI_9,125,23
,,
ROI_9,126,32
,,
ROI_9,127,25
,,
ROI_9,128,28
,,
ROI_9,129,17
,,
ROI_9,130,15
,,
ROI_9,131,19
,,
ROI_9,132,26
,,
ROI_9,133,22
,,
ROI_9,134,23
,,
ROI_9,135,22
,,
ROI_9,136,16
,,
ROI_9,137,24
,,
ROI_9,138,25
,,
ROI_9,139,14
,,
ROI_9,140,13
,,
ROI_9,141,18
,,
ROI_9,142,24
,,
ROI_9,143,26
,,
ROI_9,144,22
,,
ROI_9,145,19
,,
ROI_9,146,12
,,
ROI_9,147,17
,,
ROI_9,148,16
,,
ROI_9,149,21
,,
ROI_9,150,17
,,
ROI_9,151,19
,,
ROI_9,152,15
,,
ROI_9,153,15
,,
ROI_9,154,17
,,
ROI_9,155,17
,,
ROI_9,156,13
,,
ROI_9,157,14
,,
ROI_9,158,21
,,
ROI_9,159,11
,,
ROI_9,160,17
,,
ROI_9,161,14
,,
ROI_9,162,18
,,
ROI_9,163,9
,,
ROI_9,164,11
,,
ROI_9,165,15
,,
ROI_9,166,8
,,
ROI_9,167,15
,,
ROI_9,168,13
,,
ROI_9,169,15
,,
ROI_9,170,11
,,
ROI_9,171,23
,,
ROI_9,172,12
,,
ROI_9,173,15
,,
ROI_9,174,19
,,
ROI_9,175,16
,,
ROI_9,176,12
,,
ROI_9,177,10
,,
ROI_9,178,12
,,
ROI_9,179,15
,,
ROI_9,180,17
,,
ROI_9,181,11
,,
ROI_9,182,11
,,
ROI_9,183,10
,,
ROI_9,184,12
,,
ROI_9,185,5
,,
ROI_9,186,17
,,
ROI_9,187,9
,,
ROI_9,188,5
,,
ROI_9,189,9
,,
ROI_9,190,12
,,
ROI_9,191,9
,,
ROI_9,192,9
,,
ROI_9,193,10
,,
ROI_9,194,8
,,
ROI_9,195,12
,,
ROI_9,196,16
,,
ROI_9,197,16
,,
ROI_9,198,11
,,
ROI_9,199,6
,,
ROI_9,200,6
,,
ROI_9,201,10
,,
ROI_9,202,5
,,
ROI_9,203,11
,,
ROI_9,204,9
,,
ROI_9,205,13
,,
ROI_9,206,12
,,
ROI_9,207,4
,,
ROI_9,208,6
,,
ROI_9,209,8
,,
ROI_9,210,5
,,
ROI_9,211,6
,,
ROI_9,212,8
,,
ROI_9,213,3
,,
ROI_9,214,5
,,
ROI_9,215,9
,,
ROI_9,216,11
,,
ROI_9,217,9
,,
ROI_9,218,10
,,
ROI_9,219,9
,,
ROI_9,220,7
,,
ROI_9,221,13
,,
ROI_9,222,5
,,
ROI_9,223,8
,,
ROI_9,224,7
,,
ROI_9,225,3
,,
ROI_9,226,4
,,
ROI_9,227,11
,,
ROI_9,228,9
,,
ROI_9,229,2
,,
ROI_9,230,10
,,
ROI_9,231,8
,,
ROI_9,232,6
,,
ROI_9,233,0
,,
ROI_9,234,9
,,
ROI_9,235,4
,,
ROI_9,236,11
,,
ROI_9,237,4
,,
ROI_9,238,2
,,
ROI_9,239,8
,,
ROI_9,240,5
,,
ROI_9,241,2
,,
ROI_9,242,3
,,
ROI_9,243,1
,,
ROI_9,244,6
,,
ROI_9,245,6
,,
ROI_9,246,5
,,
ROI_9,247,6
,,
ROI_9,248,4
,,
ROI_9,249,3
,,
ROI_9,250,12
,,
ROI_9,251,7
,,
ROI_9,252,7
,,
ROI_9,253,4
,,
ROI_9,254,9
,,
ROI_9,255,565
,,
ROI_10,0,10737
,,
ROI_10,1,543
,,
ROI_10,2,358
,,
ROI_10,3,325
,,
ROI_10,4,271
,,
ROI_10,5,242
,,
ROI_10,6,176
,,
ROI_10,7,176
,,
ROI_10,8,188
,,
ROI_10,9,166
,,
ROI_10,10,174
,,
ROI_10,11,116
,,
ROI_10,12,124
,,
ROI_10,13,115
,,
ROI_10,14,111
,,
ROI_10,15,93
,,
ROI_10,16,106
,,
ROI_10,17,108
,,
ROI_10,18,81
,,
ROI_10,19,88
,,
ROI_10,20,86
,,
ROI_10,21,81
,,
ROI_10,22,76
,,
ROI_10,23,85
,,
ROI_10,24,67
,,
ROI_10,25,63
,,
ROI_10,26,62
,,
ROI_10,27,69
,,
ROI_10,28,66
,,
ROI_10,29,59
,,
ROI_10,30,52
,,
ROI_10,31,54
,,
ROI_10,32,41
,,
ROI_10,33,47
,,
ROI_10,34,44
,,
ROI_10,35,41
,,
ROI_10,36,49
,,
ROI_10,37,29
,,
ROI_10,38,50
,,
ROI_10,39,41
,,
ROI_10,40,42
,,
ROI_10,41,33
,,
ROI_10,42,36
,,
ROI_10,43,32
,,
ROI_10,44,48
,,
ROI_10,45,30
,,
ROI_10,46,52
,,
ROI_10,47,39
,,
ROI_10,48,34
,,
ROI_10,49,46
,,
ROI_10,50,38
,,
ROI_10,51,24
,,
ROI_10,52,40
,,
ROI_10,53,29
,,
ROI_10,54,26
,,
ROI_10,55,35
,,
ROI_10,56,26
,,
ROI_10,57,32
,,
ROI_10,58,21
,,
ROI_10,59,28
,,
ROI_10,60,28
,,
ROI_10,61,20
,,
ROI_10,62,36
,,
ROI_10,63,17
,,
ROI_10,64,18
,,
ROI_10,65,23
,,
ROI_10,66,28
,,
ROI_10,67,14
,,
ROI_10,68,22
,,
ROI_10,69,16
,,
ROI_10,70,18
,,
ROI_10,71,16
,,
ROI_10,72,19
,,
ROI_10,73,13
,,
ROI_10,74,20
,,
ROI_10,75,14
,,
ROI_10,76,13
,,
ROI_10,77,14
,,
ROI_10,78,10
,,
ROI_10,79,17
,,
ROI_10,80,13
,,
ROI_10,81,10
,,
ROI_10,82,15
,,
ROI_10,83,7
,,
ROI_10,84,11
,,
ROI_10,85,12
,,
ROI_10,86,9
,,
ROI_10,87,9
,,
ROI_10,88,9
,,
ROI_10,89,9
,,
ROI_10,90,17
,,
ROI_10,91,11
,,
ROI_10,92,17
,,
ROI_10,93,11
,,
ROI_10,94,19
,,
ROI_10,95,16
,,
ROI_10,96,8
,,
ROI_10,97,17
,,
ROI_10,98,10
,,
ROI_10,99,8
,,
ROI_10,100,11
,,
ROI_10,101,8
,,
ROI_10,102,10
,,
ROI_10,103,11
,,
ROI_10,104,12
,,
ROI_10,105,9
,,
ROI_10,106,10
,,
ROI_10,107,5
,,
ROI_10,108,8
,,
ROI_10,109,10
,,
ROI_10,110,5
,,
ROI_10,111,2
,,
ROI_10,112,7
,,
ROI_10,113,13
,,
ROI_10,114,8
,,
ROI_10,115,11
,,
ROI_10,116,13
,,
ROI_10,117,9
,,
ROI_10,118,9
,,
ROI_10,119,12
,,
ROI_10,120,12
,,
ROI_10,121,8
,,
ROI_10,122,6
,,
ROI_10,123,7
,,
ROI_10,124,13
,,
ROI_10,125,9
,,
ROI_10,126,6
,,
ROI_10,127,7
,,
ROI_10,128,6
,,
ROI_10,129,10
,,
ROI_10,130,6
,,
ROI_10,131,8
,,
ROI_10,132,7
,,
ROI_10,133,10
,,
ROI_10,134,9
,,
ROI_10,135,8
,,
ROI_10,136,5
,,
ROI_10,137,7
,,
ROI_10,138,9
,,
ROI_10,139,6
,,
ROI_10,140,3
,,
ROI_10,141,10
,,
ROI_10,142,5
,,
ROI_10,143,8
,,
ROI_10,144,6
,,
ROI_10,145,9
,,
ROI_10,146,5
,,
ROI_10,147,5
,,
ROI_10,148,7
,,
ROI_10,149,4
,,
ROI_10,150,4
,,
ROI_10,151,5
,,
ROI_10,152,6
,,
ROI_10,153,7
,,
ROI_10,154,6
,,
ROI_10,155,4
,,
ROI_10,156,3
,,
ROI_10,157,6
,,
ROI_10,158,1
,,
ROI_10,159,6
,,
ROI_10,160,4
,,
ROI_10,161,7
,,
ROI_10,162,5
,,
ROI_10,163,9
,,
ROI_10,164,1
,,
ROI_10,165,6
,,
ROI_10,166,6
,,
ROI_10,167,7
,,
ROI_10,168,4
,,
ROI_10,169,6
,,
ROI_10,170,7
,,
ROI_10,171,1
,,
ROI_10,172,6
,,
ROI_10,173,4
,,
ROI_10,174,5
,,
ROI_10,175,3
,,
ROI_10,176,1
,,
ROI_10,177,9
,,
ROI_10,178,2
,,
ROI_10,179,4
,,
ROI_10,180,2
,,
ROI_10,181,3
,,
ROI_10,182,4
,,
ROI_10,183,3
,,
ROI_10,184,2
,,
ROI_10,185,7
,,
ROI_10,186,2
,,
ROI_10,187,3
,,
ROI_10,188,2
,,
ROI_10,189,1
,,
ROI_10,190,1
,,
ROI_10,191,4
,,
ROI_10,192,5
,,
ROI_10,193,5
,,
ROI_10,194,0
,,
ROI_10,195,1
,,
ROI_10,196,2
,,
ROI_10,197,3
,,
ROI_10,198,1
,,
ROI_10,199,3
,,
ROI_10,200,4
,,
ROI_10,201,2
,,
ROI_10,202,2
,,
ROI_10,203,2
,,
ROI_10,204,5
,,
ROI_10,205,3
,,
ROI_10,206,3
,,
ROI_10,207,3
,,
ROI_10,208,3
,,
ROI_10,209,4
,,
ROI_10,210,3
,,
ROI_10,211,2
,,
ROI_10,212,6
,,
ROI_10,213,0
,,
ROI_10,214,1
,,
ROI_10,215,2
,,
ROI_10,216,5
,,
ROI_10,217,3
,,
ROI_10,218,0
,,
ROI_10,219,2
,,
ROI_10,220,6
,,
ROI_10,221,3
,,
ROI_10,222,2
,,
ROI_10,223,3
,,
ROI_10,224,1
,,
ROI_10,225,2
,,
ROI_10,226,2
,,
ROI_10,227,4
,,
ROI_10,228,3
,,
ROI_10,229,4
,,
ROI_10,230,2
,,
ROI_10,231,3
,,
ROI_10,232,1
,,
ROI_10,233,4
,,
ROI_10,234,1
,,
ROI_10,235,6
,,
ROI_10,236,1
,,
ROI_10,237,0
,,
ROI_10,238,1
,,
ROI_10,239,2
,,
ROI_10,240,1
,,
ROI_10,241,0
,,
ROI_10,242,1
,,
ROI_10,243,3
,,
ROI_10,244,3
,,
ROI_10,245,2
,,
ROI_10,246,0
,,
ROI_10,247,0
,,
ROI_10,248,0
,,
ROI_10,249,1
,,
ROI_10,250,1
,,
ROI_10,251,2
,,
ROI_10,252,2
,,
ROI_10,253,3
,,
ROI_10,254,8
,,
ROI_10,255,311
,,
ROI_11,0,5284
,,
ROI_11,1,151
,,
ROI_11,2,99
,,
ROI_11,3,75
,,
ROI_11,4,78
,,
ROI_11,5,63
,,
ROI_11,6,54
,,
ROI_11,7,48
,,
ROI_11,8,49
,,
ROI_11,9,50
,,
ROI_11,10,56
,,
ROI_11,11,43
,,
ROI_11,12,47
,,
ROI_11,13,50
,,
ROI_11,14,43
,,
ROI_11,15,42
,,
ROI_11,16,32
,,
ROI_11,17,38
,,
ROI_11,18,36
,,
ROI_11,19,34
,,
ROI_11,20,42
,,
ROI_11,21,32
,,
ROI_11,22,30
,,
ROI_11,23,25
,,
ROI_11,24,17
,,
ROI_11,25,37
,,
ROI_11,26,22
,,
ROI_11,27,29
,,
ROI_11,28,25
,,
ROI_11,29,26
,,
ROI_11,30,25
,,
ROI_11,31,25
,,
ROI_11,32,17
,,
ROI_11,33,19
,,
ROI_11,34,19
,,
ROI_11,35,26
,,
ROI_11,36,18
,,
ROI_11,37,15
,,
ROI_11,38,14
,,
ROI_11,39,19
,,
ROI_11,40,16
,,
ROI_11,41,16
,,
ROI_11,42,19
,,
ROI_11,43,14
,,
ROI_11,44,12
,,
ROI_11,45,10
,,
ROI_11,46,12
,,
ROI_11,47,8
,,
ROI_11,48,14
,,
ROI_11,49,14
,,
ROI_11,50,16
,,
ROI_11,51,7
,,
ROI_11,52,16
,,
ROI_11,53,13
,,
ROI_11,54,10
,,
ROI_11,55,16
,,
ROI_11,56,9
,,
ROI_11,57,9
,,
ROI_11,58,9
,,
ROI_11,59,16
,,
ROI_11,60,13
,,
ROI_11,61,8
,,
ROI_11,62,8
,,
ROI_11,63,7
,,
ROI_11,64,11
,,
ROI_11,65,8
,,
ROI_11,66,7
,,
ROI_11,67,9
,,
ROI_11,68,10
,,
ROI_11,69,11
,,
ROI_11,70,14
,,
ROI_11,71,11
,,
ROI_11,72,9
,,
ROI_11,73,7
,,
ROI_11,74,6
,,
ROI_11,75,7
,,
ROI_11,76,4
,,
ROI_11,77,9
,,
ROI_11,78,8
,,
ROI_11,79,9
,,
ROI_11,80,10
,,
ROI_11,81,6
,,
ROI_11,82,3
,,
ROI_11,83,11
,,
ROI_11,84,8
,,
ROI_11,85,8
,,
ROI_11,86,3
,,
ROI_11,87,10
,,
ROI_11,88,11
,,
ROI_11,89,7
,,
ROI_11,90,12
,,
ROI_11,91,6
,,
ROI_11,92,12
,,
ROI_11,93,9
,,
ROI_11,94,6
,,
ROI_11,95,4
,,
ROI_11,96,4
,,
ROI_11,97,4
,,
ROI_11,98,4
,,
ROI_11,99,5
,,
ROI_11,100,7
,,
ROI_11,101,4
,,
ROI_11,102,4
,,
ROI_11,103,5
,,
ROI_11,104,3
,,
ROI_11,105,7
,,
ROI_11,106,6
,,
ROI_11,107,4
,,
ROI_11,108,5
,,
ROI_11,109,3
,,
ROI_11,110,8
,,
ROI_11,111,9
,,
ROI_11,112,9
,,
ROI_11,113,6
,,
ROI_11,114,5
,,
ROI_11,115,9
,,
ROI_11,116,6
,,
ROI_11,117,5
,,
ROI_11,118,6
,,
ROI_11,119,4
,,
ROI_11,120,1
,,
ROI_11,121,3
,,
ROI_11,122,3
,,
ROI_11,123,6
,,
ROI_11,124,1
,,
ROI_11,125,1
,,
ROI_11,126,3
,,
ROI_11,127,3
,,
ROI_11,128,7
,,
ROI_11,129,7
,,
ROI_11,130,3
,,
ROI_11,131,5
,,
ROI_11,132,6
,,
ROI_11,133,5
,,
ROI_11,134,3
,,
ROI_11,135,9
,,
ROI_11,136,2
,,
ROI_11,137,3
,,
ROI_11,138,7
,,
ROI_11,139,5
,,
ROI_11,140,2
,,
ROI_11,141,4
,,
ROI_11,142,3
,,
ROI_11,143,2
,,
ROI_11,144,4
,,
ROI_11,145,3
,,
ROI_11,146,2
,,
ROI_11,147,4
,,
ROI_11,148,4
,,
ROI_11,149,7
,,
ROI_11,150,4
,,
ROI_11,151,4
,,
ROI_11,152,3
,,
ROI_11,153,3
,,
ROI_11,154,3
,,
ROI_11,155,1
,,
ROI_11,156,0
,,
ROI_11,157,3
,,
ROI_11,158,3
,,
ROI_11,159,2
,,
ROI_11,160,1
,,
ROI_11,161,3
,,
ROI_11,162,1
,,
ROI_11,163,3
,,
ROI_11,164,3
,,
ROI_11,165,7
,,
ROI_11,166,2
,,
ROI_11,167,4
,,
ROI_11,168,1
,,
ROI_11,169,2
,,
ROI_11,170,1
,,
ROI_11,171,5
,,
ROI_11,172,0
,,
ROI_11,173,5
,,
ROI_11,174,1
,,
ROI_11,175,5
,,
ROI_11,176,4
,,
ROI_11,177,7
,,
ROI_11,178,3
,,
ROI_11,179,3
,,
ROI_11,180,1
,,
ROI_11,181,5
,,
ROI_11,182,5
,,
ROI_11,183,4
,,
ROI_11,184,1
,,
ROI_11,185,4
,,
ROI_11,186,6
,,
ROI_11,187,3
,,
ROI_11,188,5
,,
ROI_11,189,5
,,
ROI_11,190,3
,,
ROI_11,191,5
,,
ROI_11,192,2
,,
ROI_11,193,5
,,
ROI_11,194,6
,,
ROI_11,195,3
,,
ROI_11,196,2
,,
ROI_11,197,3
,,
ROI_11,198,2
,,
ROI_11,199,3
,,
ROI_11,200,3
,,
ROI_11,201,3
,,
ROI_11,202,2
,,
ROI_11,203,6
,,
ROI_11,204,1
,,
ROI_11,205,2
,,
ROI_11,206,4
,,
ROI_11,207,3
,,
ROI_11,208,4
,,
ROI_11,209,1
,,
ROI_11,210,3
,,
ROI_11,211,3
,,
ROI_11,212,2
,,
ROI_11,213,2
,,
ROI_11,214,6
,,
ROI_11,215,0
,,
ROI_11,216,2
,,
ROI_11,217,5
,,
ROI_11,218,5
,,
ROI_11,219,2
,,
ROI_11,220,2
,,
ROI_11,221,4
,,
ROI_11,222,1
,,
ROI_11,223,3
,,
ROI_11,224,0
,,
ROI_11,225,2
,,
ROI_11,226,5
,,
ROI_11,227,6
,,
ROI_11,228,6
,,
ROI_11,229,2
,,
ROI_11,230,4
,,
ROI_11,231,4
,,
ROI_11,232,2
,,
ROI_11,233,3
,,
ROI_11,234,2
,,
ROI_11,235,2
,,
ROI_11,236,1
,,
ROI_11,237,1
,,
ROI_11,238,6
,,
ROI_11,239,2
,,
ROI_11,240,3
,,
ROI_11,241,4
,,
ROI_11,242,1
,,
ROI_11,243,1
,,
ROI_11,244,2
,,
ROI_11,245,3
,,
ROI_11,246,0
,,
ROI_11,247,1
,,
ROI_11,248,3
,,
ROI_11,249,1
,,
ROI_11,250,2
,,
ROI_11,251,2
,,
ROI_11,252,2
,,
ROI_11,253,3
,,
ROI_11,254,2
,,
ROI_11,255,210
,,
ROI_12,0,5406
,,
ROI_12,1,342
,,
ROI_12,2,194
,,
ROI_12,3,194
,,
ROI_12,4,150
,,
ROI_12,5,155
,,
ROI_12,6,108
,,
ROI_12,7,132
,,
ROI_12,8,112
,,
ROI_12,9,97
,,
ROI_12,10,100
,,
ROI_12,11,79
,,
ROI_12,12,77
,,
ROI_12,13,57
,,
ROI_12,14,93
,,
ROI_12,15,63
,,
ROI_12,16,69
,,
ROI_12,17,61
,,
ROI_12,18,78
,,
ROI_12,19,62
,,
ROI_12,20,78
,,
ROI_12,21,63
,,
ROI_12,22,54
,,
ROI_12,23,74
,,
ROI_12,24,38
,,
ROI_12,25,66
,,
ROI_12,26,68
,,
ROI_12,27,60
,,
ROI_12,28,56
,,
ROI_12,29,57
,,
ROI_12,30,49
,,
ROI_12,31,47
,,
ROI_12,32,43
,,
ROI_12,33,50
,,
ROI_12,34,44
,,
ROI_12,35,35
,,
ROI_12,36,37
,,
ROI_12,37,35
,,
ROI_12,38,33
,,
ROI_12,39,44
,,
ROI_12,40,40
,,
ROI_12,41,28
,,
ROI_12,42,28
,,
ROI_12,43,29
,,
ROI_12,44,38
,,
ROI_12,45,36
,,
ROI_12,46,30
,,
ROI_12,47,39
,,
ROI_12,48,29
,,
ROI_12,49,30
,,
ROI_12,50,26
,,
ROI_12,51,23
,,
ROI_12,52,29
,,
ROI_12,53,28
,,
ROI_12,54,25
,,
ROI_12,55,16
,,
ROI_12,56,28
,,
ROI_12,57,20
,,
ROI_12,58,18
,,
ROI_12,59,18
,,
ROI_12,60,19
,,
ROI_12,61,20
,,
ROI_12,62,18
,,
ROI_12,63,19
,,
ROI_12,64,26
,,
ROI_12,65,16
,,
ROI_12,66,18
,,
ROI_12,67,8
,,
ROI_12,68,25
,,
ROI_12,69,26
,,
ROI_12,70,18
,,
ROI_12,71,16
,,
ROI_12,72,24
,,
ROI_12,73,19
,,
ROI_12,74,12
,,
ROI_12,75,18
,,
ROI_12,76,13
,,
ROI_12,77,14
,,
ROI_12,78,13
,,
ROI_12,79,14
,,
ROI_12,80,15
,,
ROI_12,81,21
,,
ROI_12,82,12
,,
ROI_12,83,17
,,
ROI_12,84,10
,,
ROI_12,85,23
,,
ROI_12,86,10
,,
ROI_12,87,13
,,
ROI_12,88,14
,,
ROI_12,89,11
,,
ROI_12,90,20
,,
ROI_12,91,15
,,
ROI_12,92,23
,,
ROI_12,93,9
,,
ROI_12,94,11
,,
ROI_12,95,9
,,
ROI_12,96,18
,,
ROI_12,97,15
,,
ROI_12,98,14
,,
ROI_12,99,14
,,
ROI_12,100,20
,,
ROI_12,101,9
,,
ROI_12,102,11
,,
ROI_12,103,8
,,
ROI_12,104,10
,,
ROI_12,105,9
,,
ROI_12,106,12
,,
ROI_12,107,11
,,
ROI_12,108,9
,,
ROI_12,109,12
,,
ROI_12,110,12
,,
ROI_12,111,14
,,
ROI_12,112,12
,,
ROI_12,113,5
,,
ROI_12,114,14
,,
ROI_12,115,5
,,
ROI_12,116,10
,,
ROI_12,117,9
,,
ROI_12,118,7
,,
ROI_12,119,12
,,
ROI_12,120,3
,,
ROI_12,121,11
,,
ROI_12,122,15
,,
ROI_12,123,8
,,
ROI_12,124,8
,,
ROI_12,125,5
,,
ROI_12,126,9
,,
ROI_12,127,4
,,
ROI_12,128,4
,,
ROI_12,129,10
,,
ROI_12,130,3
,,
ROI_12,131,9
,,
ROI_12,132,6
,,
ROI_12,133,8
,,
ROI_12,134,11
,,
ROI_12,135,13
,,
ROI_12,136,2
,,
ROI_12,137,8
,,
ROI_12,138,5
,,
ROI_12,139,9
,,
ROI_12,140,6
,,
ROI_12,141,4
,,
ROI_12,142,4
,,
ROI_12,143,11
,,
ROI_12,144,1
,,
ROI_12,145,6
,,
ROI_12,146,8
,,
ROI_12,147,15
,,
ROI_12,148,5
,,
ROI_12,149,8
,,
ROI_12,150,4
,,
ROI_12,151,6
,,
ROI_12,152,6
,,
ROI_12,153,3
,,
ROI_12,154,6
,,
ROI_12,155,8
,,
ROI_12,156,6
,,
ROI_12,157,8
,,
ROI_12,158,13
,,
ROI_12,159,8
,,
ROI_12,160,8
,,
ROI_12,161,6
,,
ROI_12,162,9
,,
ROI_12,163,2
,,
ROI_12,164,3
,,
ROI_12,165,5
,,
ROI_12,166,6
,,
ROI_12,167,6
,,
ROI_12,168,7
,,
ROI_12,169,7
,,
ROI_12,170,5
,,
ROI_12,171,1
,,
ROI_12,172,5
,,
ROI_12,173,5
,,
ROI_12,174,2
,,
ROI_12,175,1
,,
ROI_12,176,8
,,
ROI_12,177,4
,,
ROI_12,178,1
,,
ROI_12,179,3
,,
ROI_12,180,6
,,
ROI_12,181,7
,,
ROI_12,182,5
,,
ROI_12,183,1
,,
ROI_12,184,3
,,
ROI_12,185,1
,,
ROI_12,186,6
,,
ROI_12,187,1
,,
ROI_12,188,6
,,
ROI_12,189,3
,,
ROI_12,190,7
,,
ROI_12,191,6
,,
ROI_12,192,3
,,
ROI_12,193,6
,,
ROI_12,194,1
,,
ROI_12,195,2
,,
ROI_12,196,3
,,
ROI_12,197,3
,,
ROI_12,198,1
,,
ROI_12,199,1
,,
ROI_12,200,4
,,
ROI_12,201,1
,,
ROI_12,202,4
,,
ROI_12,203,2
,,
ROI_12,204,1
,,
ROI_12,205,4
,,
ROI_12,206,1
,,
ROI_12,207,2
,,
ROI_12,208,1
,,
ROI_12,209,3
,,
ROI_12,210,2
,,
ROI_12,211,5
,,
ROI_12,212,4
,,
ROI_12,213,1
,,
ROI_12,214,1
,,
ROI_12,215,2
,,
ROI_12,216,7
,,
ROI_12,217,5
,,
ROI_12,218,2
,,
ROI_12,219,4
,,
ROI_12,220,3
,,
ROI_12,221,5
,,
ROI_12,222,2
,,
ROI_12,223,8
,,
ROI_12,224,2
,,
ROI_12,225,6
,,
ROI_12,226,3
,,
ROI_12,227,3
,,
ROI_12,228,2
,,
ROI_12,229,3
,,
ROI_12,230,2
,,
ROI_12,231,0
,,
ROI_12,232,3
,,
ROI_12,233,0
,,
ROI_12,234,3
,,
ROI_12,235,3
,,
ROI_12,236,1
,,
ROI_12,237,1
,,
ROI_12,238,2
,,
ROI_12,239,0
,,
ROI_12,240,3
,,
ROI_12,241,3
,,
ROI_12,242,2
,,
ROI_12,243,1
,,
ROI_12,244,3
,,
ROI_12,245,4
,,
ROI_12,246,1
,,
ROI_12,247,0
,,
ROI_12,248,5
,,
ROI_12,249,4
,,
ROI_12,250,3
,,
ROI_12,251,2
,,
ROI_12,252,1
,,
ROI_12,253,1
,,
ROI_12,254,1
,,
ROI_12,255,345
,,
ROI_13,0,4968
,,
ROI_13,1,86
,,
ROI_13,2,35
,,
ROI_13,3,32
,,
ROI_13,4,23
,,
ROI_13,5,27
,,
ROI_13,6,32
,,
ROI_13,7,18
,,
ROI_13,8,8
,,
ROI_13,9,18
,,
ROI_13,10,13
,,
ROI_13,11,14
,,
ROI_13,12,17
,,
ROI_13,13,12
,,
ROI_13,14,9
,,
ROI_13,15,10
,,
ROI_13,16,11
,,
ROI_13,17,8
,,
ROI_13,18,11
,,
ROI_13,19,18
,,
ROI_13,20,7
,,
ROI_13,21,3
,,
ROI_13,22,8
,,
ROI_13,23,3
,,
ROI_13,24,11
,,
ROI_13,25,6
,,
ROI_13,26,5
,,
ROI_13,27,7
,,
ROI_13,28,5
,,
ROI_13,29,6
,,
ROI_13,30,5
,,
ROI_13,31,5
,,
ROI_13,32,4
,,
ROI_13,33,7
,,
ROI_13,34,4
,,
ROI_13,35,5
,,
ROI_13,36,7
,,
ROI_13,37,6
,,
ROI_13,38,4
,,
ROI_13,39,9
,,
ROI_13,40,2
,,
ROI_13,41,6
,,
ROI_13,42,7
,,
ROI_13,43,2
,,
ROI_13,44,7
,,
ROI_13,45,1
,,
ROI_13,46,3
,,
ROI_13,47,6
,,
ROI_13,48,4
,,
ROI_13,49,4
,,
ROI_13,50,2
,,
ROI_13,51,6
,,
ROI_13,52,5
,,
ROI_13,53,2
,,
ROI_13,54,2
,,
ROI_13,55,2
,,
ROI_13,56,1
,,
ROI_13,57,5
,,
ROI_13,58,6
,,
ROI_13,59,5
,,
ROI_13,60,2
,,
ROI_13,61,4
,,
ROI_13,62,0
,,
ROI_13,63,2
,,
ROI_13,64,5
,,
ROI_13,65,2
,,
ROI_13,66,8
,,
ROI_13,67,3
,,
ROI_13,68,2
,,
ROI_13,69,2
,,
ROI_13,70,4
,,
ROI_13,71,2
,,
ROI_13,72,8
,,
ROI_13,73,0
,,
ROI_13,74,2
,,
ROI_13,75,1
,,
ROI_13,76,4
,,
ROI_13,77,0
,,
ROI_13,78,5
,,
ROI_13,79,5
,,
ROI_13,80,3
,,
ROI_13,81,0
,,
ROI_13,82,2
,,
ROI_13,83,1
,,
ROI_13,84,2
,,
ROI_13,85,1
,,
ROI_13,86,1
,,
ROI_13,87,6
,,
ROI_13,88,5
,,
ROI_13,89,5
,,
ROI_13,90,4
,,
ROI_13,91,2
,,
ROI_13,92,6
,,
ROI_13,93,1
,,
ROI_13,94,1
,,
ROI_13,95,4
,,
ROI_13,96,2
,,
ROI_13,97,1
,,
ROI_13,98,1
,,
ROI_13,99,2
,,
ROI_13,100,2
,,
ROI_13,101,4
,,
ROI_13,102,2
,,
ROI_13,103,2
,,
ROI_13,104,2
,,
ROI_13,105,0
,,
ROI_13,106,1
,,
ROI_13,107,0
,,
ROI_13,108,3
,,
ROI_13,109,3
,,
ROI_13,110,1
,,
ROI_13,111,3
,,
ROI_13,112,2
,,
ROI_13,113,1
,,
ROI_13,114,1
,,
ROI_13,115,1
,,
ROI_13,116,2
,,
ROI_13,117,2
,,
ROI_13,118,1
,,
ROI_13,119,2
,,
ROI_13,120,3
,,
ROI_13,121,0
,,
ROI_13,122,2
,,
ROI_13,123,2
,,
ROI_13,124,2
,,
ROI_13,125,1
,,
ROI_13,126,1
,,
ROI_13,127,1
,,
ROI_13,128,2
,,
ROI_13,129,4
,,
ROI_13,130,6
,,
ROI_13,131,4
,,
ROI_13,132,3
,,
ROI_13,133,2
,,
ROI_13,134,0
,,
ROI_13,135,0
,,
ROI_13,136,0
,,
ROI_13,137,2
,,
ROI_13,138,3
,,
ROI_13,139,2
,,
ROI_13,140,2
,,
ROI_13,141,1
,,
ROI_13,142,2
,,
ROI_13,143,3
,,
ROI_13,144,2
,,
ROI_13,145,1
,,
ROI_13,146,3
,,
ROI_13,147,5
,,
ROI_13,148,1
,,
ROI_13,149,3
,,
ROI_13,150,1
,,
ROI_13,151,0
,,
ROI_13,152,5
,,
ROI_13,153,2
,,
ROI_13,154,4
,,
ROI_13,155,2
,,
ROI_13,156,3
,,
ROI_13,157,2
,,
ROI_13,158,1
,,
ROI_13,159,3
,,
ROI_13,160,1
,,
ROI_13,161,1
,,
ROI_13,162,3
,,
ROI_13,163,1
,,
ROI_13,164,1
,,
ROI_13,165,4
,,
ROI_13,166,1
,,
ROI_13,167,2
,,
ROI_13,168,3
,,
ROI_13,169,1
,,
ROI_13,170,2
,,
ROI_13,171,0
,,
ROI_13,172,2
,,
ROI_13,173,3
,,
ROI_13,174,1
,,
ROI_13,175,1
,,
ROI_13,176,2
,,
ROI_13,177,6
,,
ROI_13,178,4
,,
ROI_13,179,4
,,
ROI_13,180,1
,,
ROI_13,181,0
,,
ROI_13,182,2
,,
ROI_13,183,1
,,
ROI_13,184,0
,,
ROI_13,185,2
,,
ROI_13,186,1
,,
ROI_13,187,2
,,
ROI_13,188,1
,,
ROI_13,189,2
,,
ROI_13,190,1
,,
ROI_13,191,2
,,
ROI_13,192,3
,,
ROI_13,193,1
,,
ROI_13,194,2
,,
ROI_13,195,1
,,
ROI_13,196,2
,,
ROI_13,197,2
,,
ROI_13,198,2
,,
ROI_13,199,1
,,
ROI_13,200,2
,,
ROI_13,201,1
,,
ROI_13,202,0
,,
ROI_13,203,1
,,
ROI_13,204,2
,,
ROI_13,205,1
,,
ROI_13,206,2
,,
ROI_13,207,2
,,
ROI_13,208,1
,,
ROI_13,209,3
,,
ROI_13,210,3
,,
ROI_13,211,0
,,
ROI_13,212,2
,,
ROI_13,213,0
,,
ROI_13,214,3
,,
ROI_13,215,1
,,
ROI_13,216,1
,,
ROI_13,217,2
,,
ROI_13,218,1
,,
ROI_13,219,0
,,
ROI_13,220,2
,,
ROI_13,221,2
,,
ROI_13,222,3
,,
ROI_13,223,1
,,
ROI_13,224,0
,,
ROI_13,225,1
,,
ROI_13,226,1
,,
ROI_13,227,1
,,
ROI_13,228,2
,,
ROI_13,229,1
,,
ROI_13,230,0
,,
ROI_13,231,1
,,
ROI_13,232,1
,,
ROI_13,233,3
,,
ROI_13,234,0
,,
ROI_13,235,1
,,
ROI_13,236,1
,,
ROI_13,237,2
,,
ROI_13,238,1
,,
ROI_13,239,1
,,
ROI_13,240,1
,,
ROI_13,241,1
,,
ROI_13,242,3
,,
ROI_13,243,0
,,
ROI_13,244,1
,,
ROI_13,245,3
,,
ROI_13,246,0
,,
ROI_13,247,0
,,
ROI_13,248,0
,,
ROI_13,249,1
,,
ROI_13,250,2
,,
ROI_13,251,3
,,
ROI_13,252,0
,,
ROI_13,253,0
,,
ROI_13,254,1
,,
ROI_13,255,279
,,
ROI_14,0,29700
,,
ROI_14,1,1003
,,
ROI_14,2,636
,,
ROI_14,3,586
,,
ROI_14,4,483
,,
ROI_14,5,490
,,
ROI_14,6,405
,,
ROI_14,7,369
,,
ROI_14,8,361
,,
ROI_14,9,302
,,
ROI_14,10,289
,,
ROI_14,11,253
,,
ROI_14,12,261
,,
ROI_14,13,181
,,
ROI_14,14,209
,,
ROI_14,15,185
,,
ROI_14,16,186
,,
ROI_14,17,163
,,
ROI_14,18,145
,,
ROI_14,19,135
,,
ROI_14,20,147
,,
ROI_14,21,127
,,
ROI_14,22,127
,,
ROI_14,23,125
,,
ROI_14,24,99
,,
ROI_14,25,121
,,
ROI_14,26,105
,,
ROI_14,27,96
,,
ROI_14,28,91
,,
ROI_14,29,108
,,
ROI_14,30,96
,,
ROI_14,31,85
,,
ROI_14,32,80
,,
ROI_14,33,94
,,
ROI_14,34,69
,,
ROI_14,35,70
,,
ROI_14,36,85
,,
ROI_14,37,72
,,
ROI_14,38,74
,,
ROI_14,39,61
,,
ROI_14,40,70
,,
ROI_14,41,69
,,
ROI_14,42,55
,,
ROI_14,43,55
,,
ROI_14,44,70
,,
ROI_14,45,49
,,
ROI_14,46,55
,,
ROI_14,47,49
,,
ROI_14,48,61
,,
ROI_14,49,57
,,
ROI_14,50,53
,,
ROI_14,51,61
,,
ROI_14,52,49
,,
ROI_14,53,59
,,
ROI_14,54,60
,,
ROI_14,55,38
,,
ROI_14,56,51
,,
ROI_14,57,45
,,
ROI_14,58,38
,,
ROI_14,59,50
,,
ROI_14,60,59
,,
ROI_14,61,54
,,
ROI_14,62,42
,,
ROI_14,63,51
,,
ROI_14,64,38
,,
ROI_14,65,33
,,
ROI_14,66,40
,,
ROI_14,67,37
,,
ROI_14,68,39
,,
ROI_14,69,41
,,
ROI_14,70,37
,,
ROI_14,71,29
,,
ROI_14,72,43
,,
ROI_14,73,33
,,
ROI_14,74,33
,,
ROI_14,75,36
,,
ROI_14,76,44
,,
ROI_14,77,31
,,
ROI_14,78,30
,,
ROI_14,79,39
,,
ROI_14,80,36
,,
ROI_14,81,25
,,
ROI_14,82,31
,,
ROI_14,83,23
,,
ROI_14,84,35
,,
ROI_14,85,32
,,
ROI_14,86,31
,,
ROI_14,87,26
,,
ROI_14,88,30
,,
ROI_14,89,27
,,
ROI_14,90,29
,,
ROI_14,91,19
,,
ROI_14,92,24
,,
ROI_14,93,27
,,
ROI_14,94,29
,,
ROI_14,95,23
,,
ROI_14,96,29
,,
ROI_14,97,18
,,
ROI_14,98,21
,,
ROI_14,99,28
,,
ROI_14,100,28
,,
ROI_14,101,10
,,
ROI_14,102,17
,,
ROI_14,103,28
,,
ROI_14,104,23
,,
ROI_14,105,15
,,
ROI_14,106,21
,,
ROI_14,107,21
,,
ROI_14,108,11
,,
ROI_14,109,28
,,
ROI_14,110,17
,,
ROI_14,111,16
,,
ROI_14,112,15
,,
ROI_14,113,15
,,
ROI_14,114,20
,,
ROI_14,115,23
,,
ROI_14,116,20
,,
ROI_14,117,26
,,
ROI_14,118,26
,,
ROI_14,119,14
,,
ROI_14,120,22
,,
ROI_14,121,21
,,
ROI_14,122,14
,,
ROI_14,123,13
,,
ROI_14,124,15
,,
ROI_14,125,17
,,
ROI_14,126,17
,,
ROI_14,127,19
,,
ROI_14,128,21
,,
ROI_14,129,14
,,
ROI_14,130,14
,,
ROI_14,131,11
,,
ROI_14,132,15
,,
ROI_14,133,10
,,
ROI_14,134,16
,,
ROI_14,135,22
,,
ROI_14,136,13
,,
ROI_14,137,12
,,
ROI_14,138,16
,,
ROI_14,139,12
,,
ROI_14,140,11
,,
ROI_14,141,14
,,
ROI_14,142,10
,,
ROI_14,143,19
,,
ROI_14,144,20
,,
ROI_14,145,20
,,
ROI_14,146,14
,,
ROI_14,147,17
,,
ROI_14,148,19
,,
ROI_14,149,14
,,
ROI_14,150,18
,,
ROI_14,151,18
,,
ROI_14,152,15
,,
ROI_14,153,10
,,
ROI_14,154,21
,,
ROI_14,155,8
,,
ROI_14,156,13
,,
ROI_14,157,7
,,
ROI_14,158,16
,,
ROI_14,159,13
,,
ROI_14,160,14
,,
ROI_14,161,8
,,
ROI_14,162,16
,,
ROI_14,163,7
,,
ROI_14,164,8
,,
ROI_14,165,11
,,
ROI_14,166,11
,,
ROI_14,167,11
,,
ROI_14,168,14
,,
ROI_14,169,19
,,
ROI_14,170,11
,,
ROI_14,171,15
,,
ROI_14,172,11
,,
ROI_14,173,6
,,
ROI_14,174,9
,,
ROI_14,175,13
,,
ROI_14,176,12
,,
ROI_14,177,14
,,
ROI_14,178,6
,,
ROI_14,179,6
,,
ROI_14,180,12
,,
ROI_14,181,10
,,
ROI_14,182,8
,,
ROI_14,183,14
,,
ROI_14,184,15
,,
ROI_14,185,7
,,
ROI_14,186,9
,,
ROI_14,187,8
,,
ROI_14,188,12
,,
ROI_14,189,14
,,
ROI_14,190,13
,,
ROI_14,191,9
,,
ROI_14,192,11
,,
ROI_14,193,13
,,
ROI_14,194,9
,,
ROI_14,195,4
,,
ROI_14,196,13
,,
ROI_14,197,7
,,
ROI_14,198,6
,,
ROI_14,199,11
,,
ROI_14,200,4
,,
ROI_14,201,8
,,
ROI_14,202,4
,,
ROI_14,203,9
,,
ROI_14,204,8
,,
ROI_14,205,7
,,
ROI_14,206,9
,,
ROI_14,207,6
,,
ROI_14,208,4
,,
ROI_14,209,6
,,
ROI_14,210,18
,,
ROI_14,211,6
,,
ROI_14,212,9
,,
ROI_14,213,9
,,
ROI_14,214,8
,,
ROI_14,215,9
,,
ROI_14,216,4
,,
ROI_14,217,12
,,
ROI_14,218,5
,,
ROI_14,219,4
,,
ROI_14,220,12
,,
ROI_14,221,7
,,
ROI_14,222,8
,,
ROI_14,223,7
,,
ROI_14,224,5
,,
ROI_14,225,8
,,
ROI_14,226,8
,,
ROI_14,227,10
,,
ROI_14,228,7
,,
ROI_14,229,8
,,
ROI_14,230,9
,,
ROI_14,231,8
,,
ROI_14,232,5
,,
ROI_14,233,6
,,
ROI_14,234,4
,,
ROI_14,235,3
,,
ROI_14,236,6
,,
ROI_14,237,4
,,
ROI_14,238,13
,,
ROI_14,239,9
,,
ROI_14,240,7
,,
ROI_14,241,2
,,
ROI_14,242,8
,,
ROI_14,243,6
,,
ROI_14,244,6
,,
ROI_14,245,6
,,
ROI_14,246,3
,,
ROI_14,247,3
,,
ROI_14,248,4
,,
ROI_14,249,9
,,
ROI_14,250,2
,,
ROI_14,251,8
,,
ROI_14,252,9
,,
ROI_14,253,8
,,
ROI_14,254,4
,,
ROI_14,255,1065
,,
ROI_15,0,30197
,,
ROI_15,1,958
,,
ROI_15,2,599
,,
ROI_15,3,551
,,
ROI_15,4,442
,,
ROI_15,5,395
,,
ROI_15,6,319
,,
ROI_15,7,286
,,
ROI_15,8,249
,,
ROI_15,9,233
,,
ROI_15,10,220
,,
ROI_15,11,158
,,
ROI_15,12,198
,,
ROI_15,13,137
,,
ROI_15,14,143
,,
ROI_15,15,107
,,
ROI_15,16,133
,,
ROI_15,17,98
,,
ROI_15,18,111
,,
ROI_15,19,101
,,
ROI_15,20,90
,,
ROI_15,21,87
,,
ROI_15,22,80
,,
ROI_15,23,90
,,
ROI_15,24,76
,,
ROI_15,25,74
,,
ROI_15,26,60
,,
ROI_15,27,87
,,
ROI_15,28,58
,,
ROI_15,29,64
,,
ROI_15,30,62
,,
ROI_15,31,71
,,
ROI_15,32,47
,,
ROI_15,33,49
,,
ROI_15,34,51
,,
ROI_15,35,59
,,
ROI_15,36,52
,,
ROI_15,37,50
,,
ROI_15,38,45
,,
ROI_15,39,47
,,
ROI_15,40,28
,,
ROI_15,41,35
,,
ROI_15,42,33
,,
ROI_15,43,35
,,
ROI_15,44,35
,,
ROI_15,45,37
,,
ROI_15,46,27
,,
ROI_15,47,22
,,
ROI_15,48,37
,,
ROI_15,49,35
,,
ROI_15,50,28
,,
ROI_15,51,36
,,
ROI_15,52,24
,,
ROI_15,53,32
,,
ROI_15,54,24
,,
ROI_15,55,34
,,
ROI_15,56,28
,,
ROI_15,57,32
,,
ROI_15,58,23
,,
ROI_15,59,28
,,
ROI_15,60,31
,,
ROI_15,61,18
,,
ROI_15,62,18
,,
ROI_15,63,24
,,
ROI_15,64,21
,,
ROI_15,65,36
,,
ROI_15,66,19
,,
ROI_15,67,18
,,
ROI_15,68,21
,,
ROI_15,69,19
,,
ROI_15,70,21
,,
ROI_15,71,22
,,
ROI_15,72,17
,,
ROI_15,73,14
,,
ROI_15,74,16
,,
ROI_15,75,18
,,
ROI_15,76,19
,,
ROI_15,77,16
,,
ROI_15,78,17
,,
ROI_15,79,15
,,
ROI_15,80,13
,,
ROI_15,81,11
,,
ROI_15,82,10
,,
ROI_15,83,13
,,
ROI_15,84,12
,,
ROI_15,85,18
,,
ROI_15,86,17
,,
ROI_15,87,9
,,
ROI_15,88,10
,,
ROI_15,89,8
,,
ROI_15,90,11
,,
ROI_15,91,15
,,
ROI_15,92,12
,,
ROI_15,93,13
,,
ROI_15,94,9
,,
ROI_15,95,11
,,
ROI_15,96,20
,,
ROI_15,97,9
,,
ROI_15,98,16
,,
ROI_15,99,16
,,
ROI_15,100,13
,,
ROI_15,101,8
,,
ROI_15,102,12
,,
ROI_15,103,7
,,
ROI_15,104,9
,,
ROI_15,105,8
,,
ROI_15,106,9
,,
ROI_15,107,11
,,
ROI_15,108,15
,,
ROI_15,109,8
,,
ROI_15,110,13
,,
ROI_15,111,11
,,
ROI_15,112,9
,,
ROI_15,113,11
,,
ROI_15,114,13
,,
ROI_15,115,10
,,
ROI_15,116,14
,,
ROI_15,117,13
,,
ROI_15,118,8
,,
ROI_15,119,14
,,
ROI_15,120,6
,,
ROI_15,121,8
,,
ROI_15,122,12
,,
ROI_15,123,9
,,
ROI_15,124,13
,,
ROI_15,125,7
,,
ROI_15,126,6
,,
ROI_15,127,4
,,
ROI_15,128,10
,,
ROI_15,129,5
,,
ROI_15,130,8
,,
ROI_15,131,4
,,
ROI_15,132,3
,,
ROI_15,133,14
,,
ROI_15,134,8
,,
ROI_15,135,11
,,
ROI_15,136,9
,,
ROI_15,137,5
,,
ROI_15,138,8
,,
ROI_15,139,5
,,
ROI_15,140,3
,,
ROI_15,141,8
,,
ROI_15,142,9
,,
ROI_15,143,4
,,
ROI_15,144,3
,,
ROI_15,145,5
,,
ROI_15,146,6
,,
ROI_15,147,7
,,
ROI_15,148,5
,,
ROI_15,149,9
,,
ROI_15,150,5
,,
ROI_15,151,5
,,
ROI_15,152,11
,,
ROI_15,153,7
,,
ROI_15,154,7
,,
ROI_15,155,6
,,
ROI_15,156,3
,,
ROI_15,157,6
,,
ROI_15,158,6
,,
ROI_15,159,4
,,
ROI_15,160,6
,,
ROI_15,161,4
,,
ROI_15,162,6
,,
ROI_15,163,5
,,
ROI_15,164,3
,,
ROI_15,165,8
,,
ROI_15,166,1
,,
ROI_15,167,8
,,
ROI_15,168,7
,,
ROI_15,169,5
,,
ROI_15,170,5
,,
ROI_15,171,7
,,
ROI_15,172,3
,,
ROI_15,173,5
,,
ROI_15,174,3
,,
ROI_15,175,3
,,
ROI_15,176,5
,,
ROI_15,177,5
,,
ROI_15,178,9
,,
ROI_15,179,2
,,
ROI_15,180,3
,,
ROI_15,181,3
,,
ROI_15,182,5
,,
ROI_15,183,5
,,
ROI_15,184,2
,,
ROI_15,185,1
,,
ROI_15,186,3
,,
ROI_15,187,7
,,
ROI_15,188,7
,,
ROI_15,189,2
,,
ROI_15,190,6
,,
ROI_15,191,3
,,
ROI_15,192,0
,,
ROI_15,193,3
,,
ROI_15,194,0
,,
ROI_15,195,9
,,
ROI_15,196,1
,,
ROI_15,197,1
,,
ROI_15,198,5
,,
ROI_15,199,5
,,
ROI_15,200,3
,,
ROI_15,201,2
,,
ROI_15,202,0
,,
ROI_15,203,3
,,
ROI_15,204,3
,,
ROI_15,205,2
,,
ROI_15,206,2
,,
ROI_15,207,3
,,
ROI_15,208,5
,,
ROI_15,209,1
,,
ROI_15,210,3
,,
ROI_15,211,2
,,
ROI_15,212,1
,,
ROI_15,213,3
,,
ROI_15,214,3
,,
ROI_15,215,1
,,
ROI_15,216,0
,,
ROI_15,217,2
,,
ROI_15,218,3
,,
ROI_15,219,0
,,
ROI_15,220,0
,,
ROI_15,221,2
,,
ROI_15,222,3
,,
ROI_15,223,0
,,
ROI_15,224,1
,,
ROI_15,225,3
,,
ROI_15,226,5
,,
ROI_15,227,5
,,
ROI_15,228,2
,,
ROI_15,229,3
,,
ROI_15,230,4
,,
ROI_15,231,2
,,
ROI_15,232,2
,,
ROI_15,233,2
,,
ROI_15,234,0
,,
ROI_15,235,1
,,
ROI_15,236,1
,,
ROI_15,237,4
,,
ROI_15,238,0
,,
ROI_15,239,4
,,
ROI_15,240,1
,,
ROI_15,241,2
,,
ROI_15,242,3
,,
ROI_15,243,4
,,
ROI_15,244,0
,,
ROI_15,245,3
,,
ROI_15,246,1
,,
ROI_15,247,2
,,
ROI_15,248,1
,,
ROI_15,249,2
,,
ROI_15,250,3
,,
ROI_15,251,2
,,
ROI_15,252,2
,,
ROI_15,253,1
,,
ROI_15,254,1
,,
ROI_15,255,238
,,
ROI_16,0,26047
,,
ROI_16,1,2090
,,
ROI_16,2,1440
,,
ROI_16,3,1354
,,
ROI_16,4,1073
,,
ROI_16,5,974
,,
ROI_16,6,771
,,
ROI_16,7,734
,,
ROI_16,8,692
,,
ROI_16,9,596
,,
ROI_16,10,609
,,
ROI_16,11,506
,,
ROI_16,12,543
,,
ROI_16,13,426
,,
ROI_16,14,458
,,
ROI_16,15,394
,,
ROI_16,16,378
,,
ROI_16,17,351
,,
ROI_16,18,343
,,
ROI_16,19,315
,,
ROI_16,20,330
,,
ROI_16,21,303
,,
ROI_16,22,268
,,
ROI_16,23,280
,,
ROI_16,24,276
,,
ROI_16,25,317
,,
ROI_16,26,197
,,
ROI_16,27,254
,,
ROI_16,28,203
,,
ROI_16,29,242
,,
ROI_16,30,232
,,
ROI_16,31,238
,,
ROI_16,32,205
,,
ROI_16,33,210
,,
ROI_16,34,190
,,
ROI_16,35,190
,,
ROI_16,36,156
,,
ROI_16,37,150
,,
ROI_16,38,194
,,
ROI_16,39,151
,,
ROI_16,40,163
,,
ROI_16,41,128
,,
ROI_16,42,162
,,
ROI_16,43,143
,,
ROI_16,44,145
,,
ROI_16,45,135
,,
ROI_16,46,151
,,
ROI_16,47,137
,,
ROI_16,48,159
,,
ROI_16,49,130
,,
ROI_16,50,135
,,
ROI_16,51,152
,,
ROI_16,52,127
,,
ROI_16,53,130
,,
ROI_16,54,132
,,
ROI_16,55,133
,,
ROI_16,56,136
,,
ROI_16,57,122
,,
ROI_16,58,94
,,
ROI_16,59,106
,,
ROI_16,60,100
,,
ROI_16,61,116
,,
ROI_16,62,94
,,
ROI_16,63,114
,,
ROI_16,64,90
,,
ROI_16,65,80
,,
ROI_16,66,94
,,
ROI_16,67,77
,,
ROI_16,68,82
,,
ROI_16,69,64
,,
ROI_16,70,93
,,
ROI_16,71,86
,,
ROI_16,72,84
,,
ROI_16,73,83
,,
ROI_16,74,80
,,
ROI_16,75,63
,,
ROI_16,76,89
,,
ROI_16,77,81
,,
ROI_16,78,72
,,
ROI_16,79,78
,,
ROI_16,80,66
,,
ROI_16,81,54
,,
ROI_16,82,71
,,
ROI_16,83,69
,,
ROI_16,84,65
,,
ROI_16,85,77
,,
ROI_16,86,53
,,
ROI_16,87,62
,,
ROI_16,88,57
,,
ROI_16,89,58
,,
ROI_16,90,51
,,
ROI_16,91,63
,,
ROI_16,92,50
,,
ROI_16,93,53
,,
ROI_16,94,53
,,
ROI_16,95,51
,,
ROI_16,96,55
,,
ROI_16,97,47
,,
ROI_16,98,45
,,
ROI_16,99,44
,,
ROI_16,100,41
,,
ROI_16,101,50
,,
ROI_16,102,40
,,
ROI_16,103,48
,,
ROI_16,104,49
,,
ROI_16,105,35
,,
ROI_16,106,44
,,
ROI_16,107,42
,,
ROI_16,108,46
,,
ROI_16,109,43
,,
ROI_16,110,42
,,
ROI_16,111,53
,,
ROI_16,112,33
,,
ROI_16,113,51
,,
ROI_16,114,34
,,
ROI_16,115,33
,,
ROI_16,116,39
,,
ROI_16,117,31
,,
ROI_16,118,45
,,
ROI_16,119,53
,,
ROI_16,120,34
,,
ROI_16,121,36
,,
ROI_16,122,38
,,
ROI_16,123,45
,,
ROI_16,124,37
,,
ROI_16,125,32
,,
ROI_16,126,26
,,
ROI_16,127,34
,,
ROI_16,128,34
,,
ROI_16,129,33
,,
ROI_16,130,32
,,
ROI_16,131,24
,,
ROI_16,132,37
,,
ROI_16,133,24
,,
ROI_16,134,32
,,
ROI_16,135,31
,,
ROI_16,136,22
,,
ROI_16,137,35
,,
ROI_16,138,23
,,
ROI_16,139,26
,,
ROI_16,140,31
,,
ROI_16,141,27
,,
ROI_16,142,27
,,
ROI_16,143,35
,,
ROI_16,144,22
,,
ROI_16,145,25
,,
ROI_16,146,30
,,
ROI_16,147,28
,,
ROI_16,148,15
,,
ROI_16,149,18
,,
ROI_16,150,28
,,
ROI_16,151,20
,,
ROI_16,152,32
,,
ROI_16,153,15
,,
ROI_16,154,24
,,
ROI_16,155,17
,,
ROI_16,156,18
,,
ROI_16,157,16
,,
ROI_16,158,26
,,
ROI_16,159,16
,,
ROI_16,160,27
,,
ROI_16,161,19
,,
ROI_16,162,12
,,
ROI_16,163,13
,,
ROI_16,164,17
,,
ROI_16,165,22
,,
ROI_16,166,30
,,
ROI_16,167,18
,,
ROI_16,168,21
,,
ROI_16,169,30
,,
ROI_16,170,14
,,
ROI_16,171,26
,,
ROI_16,172,13
,,
ROI_16,173,20
,,
ROI_16,174,19
,,
ROI_16,175,16
,,
ROI_16,176,24
,,
ROI_16,177,17
,,
ROI_16,178,15
,,
ROI_16,179,16
,,
ROI_16,180,15
,,
ROI_16,181,20
,,
ROI_16,182,14
,,
ROI_16,183,12
,,
ROI_16,184,13
,,
ROI_16,185,13
,,
ROI_16,186,17
,,
ROI_16,187,21
,,
ROI_16,188,20
,,
ROI_16,189,15
,,
ROI_16,190,14
,,
ROI_16,191,20
,,
ROI_16,192,9
,,
ROI_16,193,19
,,
ROI_16,194,12
,,
ROI_16,195,12
,,
ROI_16,196,12
,,
ROI_16,197,13
,,
ROI_16,198,7
,,
ROI_16,199,5
,,
ROI_16,200,17
,,
ROI_16,201,12
,,
ROI_16,202,11
,,
ROI_16,203,11
,,
ROI_16,204,13
,,
ROI_16,205,15
,,
ROI_16,206,16
,,
ROI_16,207,8
,,
ROI_16,208,10
,,
ROI_16,209,19
,,
ROI_16,210,16
,,
ROI_16,211,14
,,
ROI_16,212,14
,,
ROI_16,213,9
,,
ROI_16,214,12
,,
ROI_16,215,10
,,
ROI_16,216,17
,,
ROI_16,217,4
,,
ROI_16,218,14
,,
ROI_16,219,19
,,
ROI_16,220,7
,,
ROI_16,221,13
,,
ROI_16,222,10
,,
ROI_16,223,9
,,
ROI_16,224,6
,,
ROI_16,225,12
,,
ROI_16,226,6
,,
ROI_16,227,11
,,
ROI_16,228,6
,,
ROI_16,229,15
,,
ROI_16,230,11
,,
ROI_16,231,12
,,
ROI_16,232,8
,,
ROI_16,233,11
,,
ROI_16,234,10
,,
ROI_16,235,12
,,
ROI_16,236,9
,,
ROI_16,237,12
,,
ROI_16,238,7
,,
ROI_16,239,9
,,
ROI_16,240,6
,,
ROI_16,241,13
,,
ROI_16,242,7
,,
ROI_16,243,6
,,
ROI_16,244,9
,,
ROI_16,245,7
,,
ROI_16,246,9
,,
ROI_16,247,3
,,
ROI_16,248,11
,,
ROI_16,249,10
,,
ROI_16,250,5
,,
ROI_16,251,12
,,
ROI_16,252,5
,,
ROI_16,253,10
,,
ROI_16,254,6
,,
ROI_16,255,981
,,
ROI_17,0,10815
,,
ROI_17,1,472
,,
ROI_17,2,296
,,
ROI_17,3,226
,,
ROI_17,4,192
,,
ROI_17,5,153
,,
ROI_17,6,161
,,
ROI_17,7,136
,,
ROI_17,8,130
,,
ROI_17,9,130
,,
ROI_17,10,134
,,
ROI_17,11,87
,,
ROI_17,12,87
,,
ROI_17,13,71
,,
ROI_17,14,84
,,
ROI_17,15,66
,,
ROI_17,16,83
,,
ROI_17,17,69
,,
ROI_17,18,74
,,
ROI_17,19,61
,,
ROI_17,20,70
,,
ROI_17,21,62
,,
ROI_17,22,47
,,
ROI_17,23,64
,,
ROI_17,24,43
,,
ROI_17,25,55
,,
ROI_17,26,41
,,
ROI_17,27,53
,,
ROI_17,28,42
,,
ROI_17,29,44
,,
ROI_17,30,42
,,
ROI_17,31,52
,,
ROI_17,32,40
,,
ROI_17,33,42
,,
ROI_17,34,38
,,
ROI_17,35,43
,,
ROI_17,36,33
,,
ROI_17,37,42
,,
ROI_17,38,34
,,
ROI_17,39,30
,,
ROI_17,40,30
,,
ROI_17,41,32
,,
ROI_17,42,33
,,
ROI_17,43,28
,,
ROI_17,44,18
,,
ROI_17,45,20
,,
ROI_17,46,30
,,
ROI_17,47,34
,,
ROI_17,48,24
,,
ROI_17,49,23
,,
ROI_17,50,21
,,
ROI_17,51,19
,,
ROI_17,52,24
,,
ROI_17,53,22
,,
ROI_17,54,23
,,
ROI_17,55,24
,,
ROI_17,56,22
,,
ROI_17,57,31
,,
ROI_17,58,16
,,
ROI_17,59,17
,,
ROI_17,60,18
,,
ROI_17,61,23
,,
ROI_17,62,18
,,
ROI_17,63,13
,,
ROI_17,64,11
,,
ROI_17,65,18
,,
ROI_17,66,16
,,
ROI_17,67,17
,,
ROI_17,68,18
,,
ROI_17,69,13
,,
ROI_17,70,18
,,
ROI_17,71,11
,,
ROI_17,72,11
,,
ROI_17,73,14
,,
ROI_17,74,14
,,
ROI_17,75,12
,,
ROI_17,76,13
,,
ROI_17,77,11
,,
ROI_17,78,8
,,
ROI_17,79,20
,,
ROI_17,80,7
,,
ROI_17,81,16
,,
ROI_17,82,11
,,
ROI_17,83,27
,,
ROI_17,84,8
,,
ROI_17,85,4
,,
ROI_17,86,12
,,
ROI_17,87,15
,,
ROI_17,88,6
,,
ROI_17,89,15
,,
ROI_17,90,5
,,
ROI_17,91,8
,,
ROI_17,92,10
,,
ROI_17,93,6
,,
ROI_17,94,9
,,
ROI_17,95,14
,,
ROI_17,96,11
,,
ROI_17,97,14
,,
ROI_17,98,11
,,
ROI_17,99,6
,,
ROI_17,100,8
,,
ROI_17,101,11
,,
ROI_17,102,10
,,
ROI_17,103,8
,,
ROI_17,104,11
,,
ROI_17,105,9
,,
ROI_17,106,9
,,
ROI_17,107,10
,,
ROI_17,108,7
,,
ROI_17,109,7
,,
ROI_17,110,5
,,
ROI_17,111,8
,,
ROI_17,112,4
,,
ROI_17,113,11
,,
ROI_17,114,7
,,
ROI_17,115,4
,,
ROI_17,116,8
,,
ROI_17,117,7
,,
ROI_17,118,7
,,
ROI_17,119,4
,,
ROI_17,120,6
,,
ROI_17,121,8
,,
ROI_17,122,9
,,
ROI_17,123,4
,,
ROI_17,124,8
,,
ROI_17,125,6
,,
ROI_17,126,9
,,
ROI_17,127,7
,,
ROI_17,128,8
,,
ROI_17,129,3
,,
ROI_17,130,10
,,
ROI_17,131,2
,,
ROI_17,132,6
,,
ROI_17,133,3
,,
ROI_17,134,5
,,
ROI_17,135,6
,,
ROI_17,136,4
,,
ROI_17,137,6
,,
ROI_17,138,4
,,
ROI_17,139,8
,,
ROI_17,140,2
,,
ROI_17,141,0
,,
ROI_17,142,6
,,
ROI_17,143,8
,,
ROI_17,144,4
,,
ROI_17,145,5
,,
ROI_17,146,1
,,
ROI_17,147,4
,,
ROI_17,148,8
,,
ROI_17,149,4
,,
ROI_17,150,3
,,
ROI_17,151,3
,,
ROI_17,152,3
,,
ROI_17,153,7
,,
ROI_17,154,4
,,
ROI_17,155,4
,,
ROI_17,156,3
,,
ROI_17,157,3
,,
ROI_17,158,4
,,
ROI_17,159,4
,,
ROI_17,160,2
,,
ROI_17,161,1
,,
ROI_17,162,5
,,
ROI_17,163,3
,,
ROI_17,164,3
,,
ROI_17,165,6
,,
ROI_17,166,3
,,
ROI_17,167,1
,,
ROI_17,168,4
,,
ROI_17,169,0
,,
ROI_17,170,4
,,
ROI_17,171,6
,,
ROI_17,172,3
,,
ROI_17,173,0
,,
ROI_17,174,3
,,
ROI_17,175,3
,,
ROI_17,176,3
,,
ROI_17,177,2
,,
ROI_17,178,2
,,
ROI_17,179,3
,,
ROI_17,180,4
,,
ROI_17,181,0
,,
ROI_17,182,2
,,
ROI_17,183,3
,,
ROI_17,184,8
,,
ROI_17,185,2
,,
ROI_17,186,1
,,
ROI_17,187,6
,,
ROI_17,188,1
,,
ROI_17,189,4
,,
ROI_17,190,1
,,
ROI_17,191,5
,,
ROI_17,192,0
,,
ROI_17,193,2
,,
ROI_17,194,4
,,
ROI_17,195,0
,,
ROI_17,196,2
,,
ROI_17,197,2
,,
ROI_17,198,5
,,
ROI_17,199,2
,,
ROI_17,200,3
,,
ROI_17,201,3
,,
ROI_17,202,3
,,
ROI_17,203,3
,,
ROI_17,204,2
,,
ROI_17,205,1
,,
ROI_17,206,2
,,
ROI_17,207,2
,,
ROI_17,208,2
,,
ROI_17,209,2
,,
ROI_17,210,1
,,
ROI_17,211,4
,,
ROI_17,212,3
,,
ROI_17,213,2
,,
ROI_17,214,1
,,
ROI_17,215,1
,,
ROI_17,216,2
,,
ROI_17,217,2
,,
ROI_17,218,2
,,
ROI_17,219,4
,,
ROI_17,220,4
,,
ROI_17,221,1
,,
ROI_17,222,0
,,
ROI_17,223,2
,,
ROI_17,224,1
,,
ROI_17,225,2
,,
ROI_17,226,1
,,
ROI_17,227,2
,,
ROI_17,228,1
,,
ROI_17,229,4
,,
ROI_17,230,5
,,
ROI_17,231,1
,,
ROI_17,232,3
,,
ROI_17,233,4
,,
ROI_17,234,2
,,
ROI_17,235,2
,,
ROI_17,236,2
,,
ROI_17,237,1
,,
ROI_17,238,1
,,
ROI_17,239,2
,,
ROI_17,240,1
,,
ROI_17,241,1
,,
ROI_17,242,3
,,
ROI_17,243,2
,,
ROI_17,244,1
,,
ROI_17,245,0
,,
ROI_17,246,2
,,
ROI_17,247,4
,,
ROI_17,248,3
,,
ROI_17,249,4
,,
ROI_17,250,0
,,
ROI_17,251,1
,,
ROI_17,252,0
,,
ROI_17,253,2
,,
ROI_17,254,5
,,
ROI_17,255,198
,,
ROI_18,0,13537
,,
ROI_18,1,485
,,
ROI_18,2,322
,,
ROI_18,3,298
,,
ROI_18,4,234
,,
ROI_18,5,184
,,
ROI_18,6,176
,,
ROI_18,7,145
,,
ROI_18,8,134
,,
ROI_18,9,131
,,
ROI_18,10,114
,,
ROI_18,11,98
,,
ROI_18,12,95
,,
ROI_18,13,79
,,
ROI_18,14,76
,,
ROI_18,15,71
,,
ROI_18,16,68
,,
ROI_18,17,68
,,
ROI_18,18,65
,,
ROI_18,19,58
,,
ROI_18,20,52
,,
ROI_18,21,49
,,
ROI_18,22,47
,,
ROI_18,23,50
,,
ROI_18,24,55
,,
ROI_18,25,43
,,
ROI_18,26,50
,,
ROI_18,27,41
,,
ROI_18,28,47
,,
ROI_18,29,50
,,
ROI_18,30,32
,,
ROI_18,31,36
,,
ROI_18,32,37
,,
ROI_18,33,36
,,
ROI_18,34,29
,,
ROI_18,35,34
,,
ROI_18,36,31
,,
ROI_18,37,23
,,
ROI_18,38,39
,,
ROI_18,39,28
,,
ROI_18,40,24
,,
ROI_18,41,30
,,
ROI_18,42,17
,,
ROI_18,43,23
,,
ROI_18,44,18
,,
ROI_18,45,23
,,
ROI_18,46,22
,,
ROI_18,47,24
,,
ROI_18,48,18
,,
ROI_18,49,18
,,
ROI_18,50,16
,,
ROI_18,51,22
,,
ROI_18,52,18
,,
ROI_18,53,19
,,
ROI_18,54,16
,,
ROI_18,55,23
,,
ROI_18,56,13
,,
ROI_18,57,16
,,
ROI_18,58,16
,,
ROI_18,59,17
,,
ROI_18,60,13
,,
ROI_18,61,17
,,
ROI_18,62,10
,,
ROI_18,63,13
,,
ROI_18,64,15
,,
ROI_18,65,9
,,
ROI_18,66,21
,,
ROI_18,67,7
,,
ROI_18,68,11
,,
ROI_18,69,9
,,
ROI_18,70,9
,,
ROI_18,71,10
,,
ROI_18,72,12
,,
ROI_18,73,15
,,
ROI_18,74,7
,,
ROI_18,75,12
,,
ROI_18,76,7
,,
ROI_18,77,9
,,
ROI_18,78,10
,,
ROI_18,79,8
,,
ROI_18,80,10
,,
ROI_18,81,10
,,
ROI_18,82,6
,,
ROI_18,83,13
,,
ROI_18,84,3
,,
ROI_18,85,6
,,
ROI_18,86,8
,,
ROI_18,87,8
,,
ROI_18,88,12
,,
ROI_18,89,5
,,
ROI_18,90,9
,,
ROI_18,91,14
,,
ROI_18,92,3
,,
ROI_18,93,7
,,
ROI_18,94,10
,,
ROI_18,95,10
,,
ROI_18,96,6
,,
ROI_18,97,11
,,
ROI_18,98,5
,,
ROI_18,99,7
,,
ROI_18,100,3
,,
ROI_18,101,4
,,
ROI_18,102,13
,,
ROI_18,103,8
,,
ROI_18,104,10
,,
ROI_18,105,6
,,
ROI_18,106,5
,,
ROI_18,107,2
,,
ROI_18,108,3
,,
ROI_18,109,6
,,
ROI_18,110,9
,,
ROI_18,111,7
,,
ROI_18,112,6
,,
ROI_18,113,7
,,
ROI_18,114,6
,,
ROI_18,115,4
,,
ROI_18,116,5
,,
ROI_18,117,4
,,
ROI_18,118,3
,,
ROI_18,119,5
,,
ROI_18,120,3
,,
ROI_18,121,6
,,
ROI_18,122,2
,,
ROI_18,123,1
,,
ROI_18,124,5
,,
ROI_18,125,3
,,
ROI_18,126,2
,,
ROI_18,127,2
,,
ROI_18,128,2
,,
ROI_18,129,5
,,
ROI_18,130,7
,,
ROI_18,131,5
,,
ROI_18,132,6
,,
ROI_18,133,4
,,
ROI_18,134,7
,,
ROI_18,135,7
,,
ROI_18,136,2
,,
ROI_18,137,3
,,
ROI_18,138,1
,,
ROI_18,139,3
,,
ROI_18,140,1
,,
ROI_18,141,1
,,
ROI_18,142,4
,,
ROI_18,143,4
,,
ROI_18,144,4
,,
ROI_18,145,1
,,
ROI_18,146,1
,,
ROI_18,147,2
,,
ROI_18,148,1
,,
ROI_18,149,6
,,
ROI_18,150,3
,,
ROI_18,151,3
,,
ROI_18,152,5
,,
ROI_18,153,6
,,
ROI_18,154,3
,,
ROI_18,155,5
,,
ROI_18,156,5
,,
ROI_18,157,2
,,
ROI_18,158,0
,,
ROI_18,159,2
,,
ROI_18,160,0
,,
ROI_18,161,1
,,
ROI_18,162,3
,,
ROI_18,163,6
,,
ROI_18,164,3
,,
ROI_18,165,2
,,
ROI_18,166,3
,,
ROI_18,167,3
,,
ROI_18,168,6
,,
ROI_18,169,2
,,
ROI_18,170,2
,,
ROI_18,171,2
,,
ROI_18,172,0
,,
ROI_18,173,4
,,
ROI_18,174,4
,,
ROI_18,175,1
,,
ROI_18,176,3
,,
ROI_18,177,1
,,
ROI_18,178,5
,,
ROI_18,179,0
,,
ROI_18,180,5
,,
ROI_18,181,2
,,
ROI_18,182,1
,,
ROI_18,183,2
,,
ROI_18,184,2
,,
ROI_18,185,2
,,
ROI_18,186,2
,,
ROI_18,187,3
,,
ROI_18,188,3
,,
ROI_18,189,3
,,
ROI_18,190,4
,,
ROI_18,191,3
,,
ROI_18,192,2
,,
ROI_18,193,3
,,
ROI_18,194,2
,,
ROI_18,195,2
,,
ROI_18,196,2
,,
ROI_18,197,2
,,
ROI_18,198,4
,,
ROI_18,199,0
,,
ROI_18,200,3
,,
ROI_18,201,3
,,
ROI_18,202,1
,,
ROI_18,203,1
,,
ROI_18,204,3
,,
ROI_18,205,1
,,
ROI_18,206,2
,,
ROI_18,207,3
,,
ROI_18,208,3
,,
ROI_18,209,1
,,
ROI_18,210,0
,,
ROI_18,211,3
,,
ROI_18,212,2
,,
ROI_18,213,1
,,
ROI_18,214,0
,,
ROI_18,215,0
,,
ROI_18,216,1
,,
ROI_18,217,2
,,
ROI_18,218,1
,,
ROI_18,219,1
,,
ROI_18,220,0
,,
ROI_18,221,2
,,
ROI_18,222,0
,,
ROI_18,223,1
,,
ROI_18,224,1
,,
ROI_18,225,1
,,
ROI_18,226,1
,,
ROI_18,227,2
,,
ROI_18,228,2
,,
ROI_18,229,2
,,
ROI_18,230,0
,,
ROI_18,231,0
,,
ROI_18,232,1
,,
ROI_18,233,0
,,
ROI_18,234,3
,,
ROI_18,235,0
,,
ROI_18,236,2
,,
ROI_18,237,1
,,
ROI_18,238,0
,,
ROI_18,239,3
,,
ROI_18,240,1
,,
ROI_18,241,0
,,
ROI_18,242,1
,,
ROI_18,243,1
,,
ROI_18,244,3
,,
ROI_18,245,1
,,
ROI_18,246,0
,,
ROI_18,247,4
,,
ROI_18,248,0
,,
ROI_18,249,0
,,
ROI_18,250,2
,,
ROI_18,251,0
,,
ROI_18,252,1
,,
ROI_18,253,0
,,
ROI_18,254,1
,,
ROI_18,255,176
,,
ROI_19,0,4713
,,
ROI_19,1,333
,,
ROI_19,2,226
,,
ROI_19,3,196
,,
ROI_19,4,180
,,
ROI_19,5,188
,,
ROI_19,6,140
,,
ROI_19,7,115
,,
ROI_19,8,116
,,
ROI_19,9,96
,,
ROI_19,10,96
,,
ROI_19,11,78
,,
ROI_19,12,66
,,
ROI_19,13,78
,,
ROI_19,14,62
,,
ROI_19,15,59
,,
ROI_19,16,65
,,
ROI_19,17,56
,,
ROI_19,18,50
,,
ROI_19,19,49
,,
ROI_19,20,50
,,
ROI_19,21,49
,,
ROI_19,22,37
,,
ROI_19,23,44
,,
ROI_19,24,42
,,
ROI_19,25,26
,,
ROI_19,26,44
,,
ROI_19,27,27
,,
ROI_19,28,29
,,
ROI_19,29,34
,,
ROI_19,30,28
,,
ROI_19,31,35
,,
ROI_19,32,28
,,
ROI_19,33,25
,,
ROI_19,34,32
,,
ROI_19,35,34
,,
ROI_19,36,20
,,
ROI_19,37,42
,,
ROI_19,38,28
,,
ROI_19,39,22
,,
ROI_19,40,19
,,
ROI_19,41,16
,,
ROI_19,42,25
,,
ROI_19,43,18
,,
ROI_19,44,25
,,
ROI_19,45,26
,,
ROI_19,46,22
,,
ROI_19,47,9
,,
ROI_19,48,26
,,
ROI_19,49,14
,,
ROI_19,50,20
,,
ROI_19,51,16
,,
ROI_19,52,13
,,
ROI_19,53,20
,,
ROI_19,54,16
,,
ROI_19,55,11
,,
ROI_19,56,9
,,
ROI_19,57,13
,,
ROI_19,58,18
,,
ROI_19,59,13
,,
ROI_19,60,8
,,
ROI_19,61,8
,,
ROI_19,62,7
,,
ROI_19,63,16
,,
ROI_19,64,8
,,
ROI_19,65,5
,,
ROI_19,66,9
,,
ROI_19,67,5
,,
ROI_19,68,8
,,
ROI_19,69,8
,,
ROI_19,70,6
,,
ROI_19,71,5
,,
ROI_19,72,3
,,
ROI_19,73,2
,,
ROI_19,74,9
,,
ROI_19,75,8
,,
ROI_19,76,10
,,
ROI_19,77,7
,,
ROI_19,78,8
,,
ROI_19,79,8
,,
ROI_19,80,2
,,
ROI_19,81,4
,,
ROI_19,82,5
,,
ROI_19,83,5
,,
ROI_19,84,8
,,
ROI_19,85,10
,,
ROI_19,86,3
,,
ROI_19,87,11
,,
ROI_19,88,12
,,
ROI_19,89,7
,,
ROI_19,90,5
,,
ROI_19,91,7
,,
ROI_19,92,3
,,
ROI_19,93,3
,,
ROI_19,94,5
,,
ROI_19,95,2
,,
ROI_19,96,2
,,
ROI_19,97,1
,,
ROI_19,98,6
,,
ROI_19,99,5
,,
ROI_19,100,8
,,
ROI_19,101,7
,,
ROI_19,102,8
,,
ROI_19,103,6
,,
ROI_19,104,4
,,
ROI_19,105,0
,,
ROI_19,106,4
,,
ROI_19,107,4
,,
ROI_19,108,2
,,
ROI_19,109,3
,,
ROI_19,110,3
,,
ROI_19,111,2
,,
ROI_19,112,2
,,
ROI_19,113,3
,,
ROI_19,114,5
,,
ROI_19,115,7
,,
ROI_19,116,3
,,
ROI_19,117,6
,,
ROI_19,118,6
,,
ROI_19,119,2
,,
ROI_19,120,4
,,
ROI_19,121,4
,,
ROI_19,122,3
,,
ROI_19,123,1
,,
ROI_19,124,2
,,
ROI_19,125,1
,,
ROI_19,126,6
,,
ROI_19,127,2
,,
ROI_19,128,3
,,
ROI_19,129,1
,,
ROI_19,130,6
,,
ROI_19,131,0
,,
ROI_19,132,1
,,
ROI_19,133,3
,,
ROI_19,134,4
,,
ROI_19,135,1
,,
ROI_19,136,6
,,
ROI_19,137,4
,,
ROI_19,138,4
,,
ROI_19,139,3
,,
ROI_19,140,3
,,
ROI_19,141,4
,,
ROI_19,142,5
,,
ROI_19,143,4
,,
ROI_19,144,3
,,
ROI_19,145,5
,,
ROI_19,146,0
,,
ROI_19,147,3
,,
ROI_19,148,3
,,
ROI_19,149,3
,,
ROI_19,150,1
,,
ROI_19,151,3
,,
ROI_19,152,5
,,
ROI_19,153,2
,,
ROI_19,154,1
,,
ROI_19,155,2
,,
ROI_19,156,0
,,
ROI_19,157,4
,,
ROI_19,158,6
,,
ROI_19,159,5
,,
ROI_19,160,2
,,
ROI_19,161,0
,,
ROI_19,162,0
,,
ROI_19,163,3
,,
ROI_19,164,1
,,
ROI_19,165,1
,,
ROI_19,166,0
,,
ROI_19,167,0
,,
ROI_19,168,2
,,
ROI_19,169,3
,,
ROI_19,170,0
,,
ROI_19,171,1
,,
ROI_19,172,6
,,
ROI_19,173,3
,,
ROI_19,174,1
,,
ROI_19,175,5
,,
ROI_19,176,3
,,
ROI_19,177,1
,,
ROI_19,178,1
,,
ROI_19,179,2
,,
ROI_19,180,0
,,
ROI_19,181,2
,,
ROI_19,182,4
,,
ROI_19,183,2
,,
ROI_19,184,2
,,
ROI_19,185,2
,,
ROI_19,186,1
,,
ROI_19,187,4
,,
ROI_19,188,2
,,
ROI_19,189,0
,,
ROI_19,190,2
,,
ROI_19,191,3
,,
ROI_19,192,1
,,
ROI_19,193,5
,,
ROI_19,194,4
,,
ROI_19,195,0
,,
ROI_19,196,5
,,
ROI_19,197,4
,,
ROI_19,198,1
,,
ROI_19,199,1
,,
ROI_19,200,2
,,
ROI_19,201,1
,,
ROI_19,202,2
,,
ROI_19,203,0
,,
ROI_19,204,4
,,
ROI_19,205,3
,,
ROI_19,206,2
,,
ROI_19,207,1
,,
ROI_19,208,1
,,
ROI_19,209,0
,,
ROI_19,210,0
,,
ROI_19,211,3
,,
ROI_19,212,1
,,
ROI_19,213,2
,,
ROI_19,214,1
,,
ROI_19,215,4
,,
ROI_19,216,1
,,
ROI_19,217,5
,,
ROI_19,218,1
,,
ROI_19,219,1
,,
ROI_19,220,1
,,
ROI_19,221,0
,,
ROI_19,222,1
,,
ROI_19,223,2
,,
ROI_19,224,1
,,
ROI_19,225,0
,,
ROI_19,226,5
,,
ROI_19,227,1
,,
ROI_19,228,2
,,
ROI_19,229,0
,,
ROI_19,230,0
,,
ROI_19,231,0
,,
ROI_19,232,1
,,
ROI_19,233,2
,,
ROI_19,234,0
,,
ROI_19,235,1
,,
ROI_19,236,0
,,
ROI_19,237,1
,,
ROI_19,238,2
,,
ROI_19,239,5
,,
ROI_19,240,0
,,
ROI_19,241,1
,,
ROI_19,242,0
,,
ROI_19,243,0
,,
ROI_19,244,0
,,
ROI_19,245,0
,,
ROI_19,246,0
,,
ROI_19,247,0
,,
ROI_19,248,0
,,
ROI_19,249,2
,,
ROI_19,250,1
,,
ROI_19,251,4
,,
ROI_19,252,4
,,
ROI_19,253,0
,,
ROI_19,254,0
,,
ROI_19,255,34
,,
ROI_20,0,31430
,,
ROI_20,1,1747
,,
ROI_20,2,1170
,,
ROI_20,3,1024
,,
ROI_20,4,862
,,
ROI_20,5,856
,,
ROI_20,6,599
,,
ROI_20,7,658
,,
ROI_20,8,606
,,
ROI_20,9,484
,,
ROI_20,10,422
,,
ROI_20,11,438
,,
ROI_20,12,416
,,
ROI_20,13,319
,,
ROI_20,14,357
,,
ROI_20,15,313
,,
ROI_20,16,305
,,
ROI_20,17,277
,,
ROI_20,18,256
,,
ROI_20,19,193
,,
ROI_20,20,253
,,
ROI_20,21,195
,,
ROI_20,22,230
,,
ROI_20,23,219
,,
ROI_20,24,173
,,
ROI_20,25,219
,,
ROI_20,26,150
,,
ROI_20,27,187
,,
ROI_20,28,184
,,
ROI_20,29,178
,,
ROI_20,30,146
,,
ROI_20,31,169
,,
ROI_20,32,136
,,
ROI_20,33,165
,,
ROI_20,34,116
,,
ROI_20,35,139
,,
ROI_20,36,125
,,
ROI_20,37,124
,,
ROI_20,38,117
,,
ROI_20,39,107
,,
ROI_20,40,131
,,
ROI_20,41,104
,,
ROI_20,42,123
,,
ROI_20,43,88
,,
ROI_20,44,124
,,
ROI_20,45,125
,,
ROI_20,46,97
,,
ROI_20,47,97
,,
ROI_20,48,117
,,
ROI_20,49,91
,,
ROI_20,50,96
,,
ROI_20,51,87
,,
ROI_20,52,79
,,
ROI_20,53,86
,,
ROI_20,54,66
,,
ROI_20,55,97
,,
ROI_20,56,89
,,
ROI_20,57,77
,,
ROI_20,58,79
,,
ROI_20,59,67
,,
ROI_20,60,74
,,
ROI_20,61,74
,,
ROI_20,62,69
,,
ROI_20,63,72
,,
ROI_20,64,66
,,
ROI_20,65,54
,,
ROI_20,66,74
,,
ROI_20,67,46
,,
ROI_20,68,73
,,
ROI_20,69,54
,,
ROI_20,70,73
,,
ROI_20,71,58
,,
ROI_20,72,62
,,
ROI_20,73,69
,,
ROI_20,74,56
,,
ROI_20,75,55
,,
ROI_20,76,50
,,
ROI_20,77,48
,,
ROI_20,78,58
,,
ROI_20,79,41
,,
ROI_20,80,45
,,
ROI_20,81,49
,,
ROI_20,82,33
,,
ROI_20,83,49
,,
ROI_20,84,40
,,
ROI_20,85,52
,,
ROI_20,86,44
,,
ROI_20,87,43
,,
ROI_20,88,42
,,
ROI_20,89,42
,,
ROI_20,90,39
,,
ROI_20,91,52
,,
ROI_20,92,42
,,
ROI_20,93,37
,,
ROI_20,94,50
,,
ROI_20,95,35
,,
ROI_20,96,45
,,
ROI_20,97,24
,,
ROI_20,98,45
,,
ROI_20,99,34
,,
ROI_20,100,34
,,
ROI_20,101,36
,,
ROI_20,102,36
,,
ROI_20,103,36
,,
ROI_20,104,34
,,
ROI_20,105,27
,,
ROI_20,106,34
,,
ROI_20,107,24
,,
ROI_20,108,28
,,
ROI_20,109,31
,,
ROI_20,110,25
,,
ROI_20,111,24
,,
ROI_20,112,22
,,
ROI_20,113,21
,,
ROI_20,114,33
,,
ROI_20,115,35
,,
ROI_20,116,27
,,
ROI_20,117,34
,,
ROI_20,118,34
,,
ROI_20,119,23
,,
ROI_20,120,26
,,
ROI_20,121,25
,,
ROI_20,122,33
,,
ROI_20,123,28
,,
ROI_20,124,33
,,
ROI_20,125,24
,,
ROI_20,126,21
,,
ROI_20,127,17
,,
ROI_20,128,25
,,
ROI_20,129,20
,,
ROI_20,130,22
,,
ROI_20,131,16
,,
ROI_20,132,30
,,
ROI_20,133,15
,,
ROI_20,134,24
,,
ROI_20,135,15
,,
ROI_20,136,23
,,
ROI_20,137,20
,,
ROI_20,138,23
,,
ROI_20,139,14
,,
ROI_20,140,13
,,
ROI_20,141,21
,,
ROI_20,142,9
,,
ROI_20,143,19
,,
ROI_20,144,16
,,
ROI_20,145,13
,,
ROI_20,146,13
,,
ROI_20,147,33
,,
ROI_20,148,14
,,
ROI_20,149,14
,,
ROI_20,150,25
,,
ROI_20,151,12
,,
ROI_20,152,12
,,
ROI_20,153,17
,,
ROI_20,154,26
,,
ROI_20,155,14
,,
ROI_20,156,17
,,
ROI_20,157,20
,,
ROI_20,158,12
,,
ROI_20,159,17
,,
ROI_20,160,16
,,
ROI_20,161,11
,,
ROI_20,162,22
,,
ROI_20,163,13
,,
ROI_20,164,13
,,
ROI_20,165,11
,,
ROI_20,166,17
,,
ROI_20,167,19
,,
ROI_20,168,23
,,
ROI_20,169,19
,,
ROI_20,170,17
,,
ROI_20,171,13
,,
ROI_20,172,11
,,
ROI_20,173,18
,,
ROI_20,174,10
,,
ROI_20,175,15
,,
ROI_20,176,10
,,
ROI_20,177,11
,,
ROI_20,178,15
,,
ROI_20,179,14
,,
ROI_20,180,13
,,
ROI_20,181,9
,,
ROI_20,182,16
,,
ROI_20,183,12
,,
ROI_20,184,10
,,
ROI_20,185,5
,,
ROI_20,186,8
,,
ROI_20,187,7
,,
ROI_20,188,7
,,
ROI_20,189,15
,,
ROI_20,190,10
,,
ROI_20,191,13
,,
ROI_20,192,12
,,
ROI_20,193,6
,,
ROI_20,194,7
,,
ROI_20,195,4
,,
ROI_20,196,11
,,
ROI_20,197,17
,,
ROI_20,198,11
,,
ROI_20,199,10
,,
ROI_20,200,11
,,
ROI_20,201,13
,,
ROI_20,202,7
,,
ROI_20,203,11
,,
ROI_20,204,9
,,
ROI_20,205,15
,,
ROI_20,206,10
,,
ROI_20,207,5
,,
ROI_20,208,12
,,
ROI_20,209,9
,,
ROI_20,210,11
,,
ROI_20,211,14
,,
ROI_20,212,11
,,
ROI_20,213,9
,,
ROI_20,214,13
,,
ROI_20,215,11
,,
ROI_20,216,6
,,
ROI_20,217,8
,,
ROI_20,218,8
,,
ROI_20,219,8
,,
ROI_20,220,8
,,
ROI_20,221,6
,,
ROI_20,222,10
,,
ROI_20,223,8
,,
ROI_20,224,3
,,
ROI_20,225,7
,,
ROI_20,226,9
,,
ROI_20,227,6
,,
ROI_20,228,8
,,
ROI_20,229,3
,,
ROI_20,230,13
,,
ROI_20,231,9
,,
ROI_20,232,9
,,
ROI_20,233,12
,,
ROI_20,234,5
,,
ROI_20,235,2
,,
ROI_20,236,10
,,
ROI_20,237,7
,,
ROI_20,238,7
,,
ROI_20,239,6
,,
ROI_20,240,9
,,
ROI_20,241,4
,,
ROI_20,242,13
,,
ROI_20,243,8
,,
ROI_20,244,5
,,
ROI_20,245,3
,,
ROI_20,246,9
,,
ROI_20,247,8
,,
ROI_20,248,3
,,
ROI_20,249,9
,,
ROI_20,250,4
,,
ROI_20,251,2
,,
ROI_20,252,5
,,
ROI_20,253,3
,,
ROI_20,254,7
,,
ROI_20,255,897
,,
ROI_21,0,12026
,,
ROI_21,1,169
,,
ROI_21,2,82
,,
ROI_21,3,72
,,
ROI_21,4,65
,,
ROI_21,5,59
,,
ROI_21,6,49
,,
ROI_21,7,39
,,
ROI_21,8,47
,,
ROI_21,9,30
,,
ROI_21,10,38
,,
ROI_21,11,26
,,
ROI_21,12,24
,,
ROI_21,13,19
,,
ROI_21,14,29
,,
ROI_21,15,22
,,
ROI_21,16,16
,,
ROI_21,17,15
,,
ROI_21,18,18
,,
ROI_21,19,13
,,
ROI_21,20,13
,,
ROI_21,21,16
,,
ROI_21,22,9
,,
ROI_21,23,16
,,
ROI_21,24,13
,,
ROI_21,25,18
,,
ROI_21,26,9
,,
ROI_21,27,15
,,
ROI_21,28,6
,,
ROI_21,29,6
,,
ROI_21,30,12
,,
ROI_21,31,9
,,
ROI_21,32,15
,,
ROI_21,33,11
,,
ROI_21,34,7
,,
ROI_21,35,8
,,
ROI_21,36,6
,,
ROI_21,37,10
,,
ROI_21,38,3
,,
ROI_21,39,8
,,
ROI_21,40,11
,,
ROI_21,41,7
,,
ROI_21,42,11
,,
ROI_21,43,7
,,
ROI_21,44,4
,,
ROI_21,45,6
,,
ROI_21,46,8
,,
ROI_21,47,5
,,
ROI_21,48,7
,,
ROI_21,49,5
,,
ROI_21,50,3
,,
ROI_21,51,6
,,
ROI_21,52,5
,,
ROI_21,53,9
,,
ROI_21,54,11
,,
ROI_21,55,5
,,
ROI_21,56,2
,,
ROI_21,57,6
,,
ROI_21,58,4
,,
ROI_21,59,7
,,
ROI_21,60,5
,,
ROI_21,61,4
,,
ROI_21,62,1
,,
ROI_21,63,5
,,
ROI_21,64,3
,,
ROI_21,65,4
,,
ROI_21,66,7
,,
ROI_21,67,4
,,
ROI_21,68,8
,,
ROI_21,69,4
,,
ROI_21,70,6
,,
ROI_21,71,6
,,
ROI_21,72,1
,,
ROI_21,73,9
,,
ROI_21,74,4
,,
ROI_21,75,4
,,
ROI_21,76,3
,,
ROI_21,77,2
,,
ROI_21,78,7
,,
ROI_21,79,4
,,
ROI_21,80,4
,,
ROI_21,81,7
,,
ROI_21,82,3
,,
ROI_21,83,4
,,
ROI_21,84,3
,,
ROI_21,85,4
,,
ROI_21,86,3
,,
ROI_21,87,4
,,
ROI_21,88,6
,,
ROI_21,89,2
,,
ROI_21,90,3
,,
ROI_21,91,7
,,
ROI_21,92,1
,,
ROI_21,93,5
,,
ROI_21,94,2
,,
ROI_21,95,2
,,
ROI_21,96,2
,,
ROI_21,97,4
,,
ROI_21,98,7
,,
ROI_21,99,2
,,
ROI_21,100,4
,,
ROI_21,101,1
,,
ROI_21,102,3
,,
ROI_21,103,8
,,
ROI_21,104,4
,,
ROI_21,105,4
,,
ROI_21,106,5
,,
ROI_21,107,2
,,
ROI_21,108,2
,,
ROI_21,109,4
,,
ROI_21,110,3
,,
ROI_21,111,3
,,
ROI_21,112,1
,,
ROI_21,113,2
,,
ROI_21,114,2
,,
ROI_21,115,4
,,
ROI_21,116,0
,,
ROI_21,117,5
,,
ROI_21,118,5
,,
ROI_21,119,1
,,
ROI_21,120,2
,,
ROI_21,121,0
,,
ROI_21,122,2
,,
ROI_21,123,0
,,
ROI_21,124,0
,,
ROI_21,125,0
,,
ROI_21,126,3
,,
ROI_21,127,1
,,
ROI_21,128,5
,,
ROI_21,129,1
,,
ROI_21,130,1
,,
ROI_21,131,1
,,
ROI_21,132,2
,,
ROI_21,133,1
,,
ROI_21,134,0
,,
ROI_21,135,2
,,
ROI_21,136,1
,,
ROI_21,137,4
,,
ROI_21,138,1
,,
ROI_21,139,4
,,
ROI_21,140,2
,,
ROI_21,141,1
,,
ROI_21,142,0
,,
ROI_21,143,2
,,
ROI_21,144,0
,,
ROI_21,145,2
,,
ROI_21,146,0
,,
ROI_21,147,3
,,
ROI_21,148,2
,,
ROI_21,149,1
,,
ROI_21,150,1
,,
ROI_21,151,3
,,
ROI_21,152,1
,,
ROI_21,153,2
,,
ROI_21,154,0
,,
ROI_21,155,2
,,
ROI_21,156,1
,,
ROI_21,157,3
,,
ROI_21,158,1
,,
ROI_21,159,3
,,
ROI_21,160,1
,,
ROI_21,161,0
,,
ROI_21,162,1
,,
ROI_21,163,5
,,
ROI_21,164,0
,,
ROI_21,165,2
,,
ROI_21,166,3
,,
ROI_21,167,0
,,
ROI_21,168,0
,,
ROI_21,169,2
,,
ROI_21,170,1
,,
ROI_21,171,0
,,
ROI_21,172,0
,,
ROI_21,173,1
,,
ROI_21,174,1
,,
ROI_21,175,1
,,
ROI_21,176,0
,,
ROI_21,177,2
,,
ROI_21,178,1
,,
ROI_21,179,0
,,
ROI_21,180,2
,,
ROI_21,181,2
,,
ROI_21,182,2
,,
ROI_21,183,1
,,
ROI_21,184,1
,,
ROI_21,185,1
,,
ROI_21,186,1
,,
ROI_21,187,0
,,
ROI_21,188,1
,,
ROI_21,189,0
,,
ROI_21,190,1
,,
ROI_21,191,1
,,
ROI_21,192,0
,,
ROI_21,193,1
,,
ROI_21,194,1
,,
ROI_21,195,1
,,
ROI_21,196,2
,,
ROI_21,197,1
,,
ROI_21,198,1
,,
ROI_21,199,0
,,
ROI_21,200,0
,,
ROI_21,201,0
,,
ROI_21,202,0
,,
ROI_21,203,0
,,
ROI_21,204,1
,,
ROI_21,205,0
,,
ROI_21,206,0
,,
ROI_21,207,2
,,
ROI_21,208,0
,,
ROI_21,209,1
,,
ROI_21,210,3
,,
ROI_21,211,1
,,
ROI_21,212,1
,,
ROI_21,213,0
,,
ROI_21,214,1
,,
ROI_21,215,0
,,
ROI_21,216,0
,,
ROI_21,217,1
,,
ROI_21,218,1
,,
ROI_21,219,0
,,
ROI_21,220,3
,,
ROI_21,221,0
,,
ROI_21,222,0
,,
ROI_21,223,1
,,
ROI_21,224,1
,,
ROI_21,225,2
,,
ROI_21,226,2
,,
ROI_21,227,1
,,
ROI_21,228,2
,,
ROI_21,229,2
,,
ROI_21,230,0
,,
ROI_21,231,0
,,
ROI_21,232,0
,,
ROI_21,233,2
,,
ROI_21,234,0
,,
ROI_21,235,0
,,
ROI_21,236,1
,,
ROI_21,237,0
,,
ROI_21,238,1
,,
ROI_21,239,1
,,
ROI_21,240,1
,,
ROI_21,241,1
,,
ROI_21,242,1
,,
ROI_21,243,0
,,
ROI_21,244,2
,,
ROI_21,245,1
,,
ROI_21,246,0
,,
ROI_21,247,1
,,
ROI_21,248,3
,,
ROI_21,249,2
,,
ROI_21,250,0
,,
ROI_21,251,1
,,
ROI_21,252,1
,,
ROI_21,253,0
,,
ROI_21,254,1
,,
ROI_21,255,50
,,
ROI_22,0,44024
,,
ROI_22,1,2139
,,
ROI_22,2,1528
,,
ROI_22,3,1472
,,
ROI_22,4,1298
,,
ROI_22,5,1238
,,
ROI_22,6,992
,,
ROI_22,7,972
,,
ROI_22,8,971
,,
ROI_22,9,816
,,
ROI_22,10,791
,,
ROI_22,11,629
,,
ROI_22,12,709
,,
ROI_22,13,569
,,
ROI_22,14,553
,,
ROI_22,15,546
,,
ROI_22,16,496
,,
ROI_22,17,488
,,
ROI_22,18,435
,,
ROI_22,19,389
,,
ROI_22,20,453
,,
ROI_22,21,358
,,
ROI_22,22,338
,,
ROI_22,23,342
,,
ROI_22,24,303
,,
ROI_22,25,328
,,
ROI_22,26,279
,,
ROI_22,27,340
,,
ROI_22,28,271
,,
ROI_22,29,287
,,
ROI_22,30,256
,,
ROI_22,31,261
,,
ROI_22,32,238
,,
ROI_22,33,236
,,
ROI_22,34,236
,,
ROI_22,35,236
,,
ROI_22,36,212
,,
ROI_22,37,186
,,
ROI_22,38,206
,,
ROI_22,39,214
,,
ROI_22,40,200
,,
ROI_22,41,183
,,
ROI_22,42,202
,,
ROI_22,43,183
,,
ROI_22,44,179
,,
ROI_22,45,169
,,
ROI_22,46,171
,,
ROI_22,47,136
,,
ROI_22,48,169
,,
ROI_22,49,148
,,
ROI_22,50,150
,,
ROI_22,51,167
,,
ROI_22,52,142
,,
ROI_22,53,136
,,
ROI_22,54,135
,,
ROI_22,55,173
,,
ROI_22,56,132
,,
ROI_22,57,144
,,
ROI_22,58,114
,,
ROI_22,59,128
,,
ROI_22,60,124
,,
ROI_22,61,132
,,
ROI_22,62,88
,,
ROI_22,63,107
,,
ROI_22,64,111
,,
ROI_22,65,93
,,
ROI_22,66,119
,,
ROI_22,67,84
,,
ROI_22,68,116
,,
ROI_22,69,90
,,
ROI_22,70,122
,,
ROI_22,71,85
,,
ROI_22,72,98
,,
ROI_22,73,90
,,
ROI_22,74,96
,,
ROI_22,75,92
,,
ROI_22,76,98
,,
ROI_22,77,69
,,
ROI_22,78,79
,,
ROI_22,79,89
,,
ROI_22,80,79
,,
ROI_22,81,75
,,
ROI_22,82,71
,,
ROI_22,83,87
,,
ROI_22,84,61
,,
ROI_22,85,73
,,
ROI_22,86,77
,,
ROI_22,87,83
,,
ROI_22,88,56
,,
ROI_22,89,82
,,
ROI_22,90,68
,,
ROI_22,91,52
,,
ROI_22,92,54
,,
ROI_22,93,69
,,
ROI_22,94,69
,,
ROI_22,95,63
,,
ROI_22,96,71
,,
ROI_22,97,53
,,
ROI_22,98,59
,,
ROI_22,99,50
,,
ROI_22,100,53
,,
ROI_22,101,69
,,
ROI_22,102,57
,,
ROI_22,103,51
,,
ROI_22,104,51
,,
ROI_22,105,55
,,
ROI_22,106,54
,,
ROI_22,107,46
,,
ROI_22,108,41
,,
ROI_22,109,56
,,
ROI_22,110,42
,,
ROI_22,111,57
,,
ROI_22,112,47
,,
ROI_22,113,46
,,
ROI_22,114,52
,,
ROI_22,115,49
,,
ROI_22,116,50
,,
ROI_22,117,42
,,
ROI_22,118,44
,,
ROI_22,119,43
,,
ROI_22,120,37
,,
ROI_22,121,41
,,
ROI_22,122,40
,,
ROI_22,123,29
,,
ROI_22,124,33
,,
ROI_22,125,34
,,
ROI_22,126,33
,,
ROI_22,127,35
,,
ROI_22,128,48
,,
ROI_22,129,16
,,
ROI_22,130,43
,,
ROI_22,131,37
,,
ROI_22,132,43
,,
ROI_22,133,38
,,
ROI_22,134,31
,,
ROI_22,135,33
,,
ROI_22,136,36
,,
ROI_22,137,36
,,
ROI_22,138,30
,,
ROI_22,139,28
,,
ROI_22,140,32
,,
ROI_22,141,29
,,
ROI_22,142,21
,,
ROI_22,143,28
,,
ROI_22,144,21
,,
ROI_22,145,27
,,
ROI_22,146,26
,,
ROI_22,147,28
,,
ROI_22,148,22
,,
ROI_22,149,21
,,
ROI_22,150,24
,,
ROI_22,151,27
,,
ROI_22,152,31
,,
ROI_22,153,30
,,
ROI_22,154,29
,,
ROI_22,155,24
,,
ROI_22,156,28
,,
ROI_22,157,18
,,
ROI_22,158,22
,,
ROI_22,159,14
,,
ROI_22,160,37
,,
ROI_22,161,24
,,
ROI_22,162,28
,,
ROI_22,163,17
,,
ROI_22,164,22
,,
ROI_22,165,31
,,
ROI_22,166,19
,,
ROI_22,167,19
,,
ROI_22,168,17
,,
ROI_22,169,28
,,
ROI_22,170,26
,,
ROI_22,171,13
,,
ROI_22,172,10
,,
ROI_22,173,29
,,
ROI_22,174,11
,,
ROI_22,175,21
,,
ROI_22,176,17
,,
ROI_22,177,19
,,
ROI_22,178,25
,,
ROI_22,179,13
,,
ROI_22,180,13
,,
ROI_22,181,17
,,
ROI_22,182,26
,,
ROI_22,183,14
,,
ROI_22,184,18
,,
ROI_22,185,11
,,
ROI_22,186,22
,,
ROI_22,187,9
,,
ROI_22,188,20
,,
ROI_22,189,17
,,
ROI_22,190,20
,,
ROI_22,191,11
,,
ROI_22,192,15
,,
ROI_22,193,16
,,
ROI_22,194,7
,,
ROI_22,195,9
,,
ROI_22,196,18
,,
ROI_22,197,21
,,
ROI_22,198,20
,,
ROI_22,199,15
,,
ROI_22,200,14
,,
ROI_22,201,15
,,
ROI_22,202,11
,,
ROI_22,203,13
,,
ROI_22,204,16
,,
ROI_22,205,10
,,
ROI_22,206,12
,,
ROI_22,207,16
,,
ROI_22,208,15
,,
ROI_22,209,10
,,
ROI_22,210,10
,,
ROI_22,211,13
,,
ROI_22,212,14
,,
ROI_22,213,14
,,
ROI_22,214,15
,,
ROI_22,215,11
,,
ROI_22,216,7
,,
ROI_22,217,9
,,
ROI_22,218,14
,,
ROI_22,219,16
,,
ROI_22,220,15
,,
ROI_22,221,12
,,
ROI_22,222,11
,,
ROI_22,223,18
,,
ROI_22,224,9
,,
ROI_22,225,16
,,
ROI_22,226,17
,,
ROI_22,227,9
,,
ROI_22,228,7
,,
ROI_22,229,7
,,
ROI_22,230,9
,,
ROI_22,231,6
,,
ROI_22,232,8
,,
ROI_22,233,6
,,
ROI_22,234,9
,,
ROI_22,235,6
,,
ROI_22,236,14
,,
ROI_22,237,5
,,
ROI_22,238,10
,,
ROI_22,239,8
,,
ROI_22,240,11
,,
ROI_22,241,5
,,
ROI_22,242,9
,,
ROI_22,243,10
,,
ROI_22,244,6
,,
ROI_22,245,6
,,
ROI_22,246,5
,,
ROI_22,247,9
,,
ROI_22,248,4
,,
ROI_22,249,5
,,
ROI_22,250,6
,,
ROI_22,251,6
,,
ROI_22,252,9
,,
ROI_22,253,7
,,
ROI_22,254,11
,,
ROI_22,255,895
,,
ROI_23,0,19425
,,
ROI_23,1,1524
,,
ROI_23,2,1073
,,
ROI_23,3,1011
,,
ROI_23,4,775
,,
ROI_23,5,740
,,
ROI_23,6,581
,,
ROI_23,7,582
,,
ROI_23,8,501
,,
ROI_23,9,415
,,
ROI_23,10,437
,,
ROI_23,11,353
,,
ROI_23,12,343
,,
ROI_23,13,280
,,
ROI_23,14,321
,,
ROI_23,15,272
,,
ROI_23,16,245
,,
ROI_23,17,225
,,
ROI_23,18,247
,,
ROI_23,19,196
,,
ROI_23,20,211
,,
ROI_23,21,166
,,
ROI_23,22,175
,,
ROI_23,23,212
,,
ROI_23,24,175
,,
ROI_23,25,183
,,
ROI_23,26,150
,,
ROI_23,27,164
,,
ROI_23,28,142
,,
ROI_23,29,150
,,
ROI_23,30,142
,,
ROI_23,31,145
,,
ROI_23,32,135
,,
ROI_23,33,127
,,
ROI_23,34,122
,,
ROI_23,35,126
,,
ROI_23,36,100
,,
ROI_23,37,124
,,
ROI_23,38,110
,,
ROI_23,39,98
,,
ROI_23,40,99
,,
ROI_23,41,85
,,
ROI_23,42,113
,,
ROI_23,43,94
,,
ROI_23,44,113
,,
ROI_23,45,81
,,
ROI_23,46,81
,,
ROI_23,47,74
,,
ROI_23,48,63
,,
ROI_23,49,75
,,
ROI_23,50,76
,,
ROI_23,51,87
,,
ROI_23,52,61
,,
ROI_23,53,88
,,
ROI_23,54,54
,,
ROI_23,55,68
,,
ROI_23,56,64
,,
ROI_23,57,76
,,
ROI_23,58,58
,,
ROI_23,59,67
,,
ROI_23,60,48
,,
ROI_23,61,54
,,
ROI_23,62,56
,,
ROI_23,63,63
,,
ROI_23,64,53
,,
ROI_23,65,45
,,
ROI_23,66,55
,,
ROI_23,67,53
,,
ROI_23,68,40
,,
ROI_23,69,41
,,
ROI_23,70,54
,,
ROI_23,71,46
,,
ROI_23,72,43
,,
ROI_23,73,44
,,
ROI_23,74,25
,,
ROI_23,75,42
,,
ROI_23,76,53
,,
ROI_23,77,34
,,
ROI_23,78,35
,,
ROI_23,79,36
,,
ROI_23,80,41
,,
ROI_23,81,31
,,
ROI_23,82,33
,,
ROI_23,83,34
,,
ROI_23,84,28
,,
ROI_23,85,34
,,
ROI_23,86,31
,,
ROI_23,87,40
,,
ROI_23,88,29
,,
ROI_23,89,32
,,
ROI_23,90,36
,,
ROI_23,91,42
,,
ROI_23,92,26
,,
ROI_23,93,27
,,
ROI_23,94,30
,,
ROI_23,95,22
,,
ROI_23,96,26
,,
ROI_23,97,22
,,
ROI_23,98,23
,,
ROI_23,99,23
,,
ROI_23,100,26
,,
ROI_23,101,27
,,
ROI_23,102,23
,,
ROI_23,103,25
,,
ROI_23,104,19
,,
ROI_23,105,24
,,
ROI_23,106,20
,,
ROI_23,107,14
,,
ROI_23,108,23
,,
ROI_23,109,24
,,
ROI_23,110,14
,,
ROI_23,111,19
,,
ROI_23,112,16
,,
ROI_23,113,14
,,
ROI_23,114,17
,,
ROI_23,115,19
,,
ROI_23,116,16
,,
ROI_23,117,17
,,
ROI_23,118,23
,,
ROI_23,119,16
,,
ROI_23,120,14
,,
ROI_23,121,9
,,
ROI_23,122,25
,,
ROI_23,123,21
,,
ROI_23,124,27
,,
ROI_23,125,19
,,
ROI_23,126,13
,,
ROI_23,127,24
,,
ROI_23,128,20
,,
ROI_23,129,20
,,
ROI_23,130,18
,,
ROI_23,131,13
,,
ROI_23,132,24
,,
ROI_23,133,11
,,
ROI_23,134,10
,,
ROI_23,135,7
,,
ROI_23,136,9
,,
ROI_23,137,17
,,
ROI_23,138,14
,,
ROI_23,139,8
,,
ROI_23,140,9
,,
ROI_23,141,17
,,
ROI_23,142,13
,,
ROI_23,143,20
,,
ROI_23,144,9
,,
ROI_23,145,16
,,
ROI_23,146,8
,,
ROI_23,147,19
,,
ROI_23,148,6
,,
ROI_23,149,6
,,
ROI_23,150,7
,,
ROI_23,151,11
,,
ROI_23,152,16
,,
ROI_23,153,17
,,
ROI_23,154,13
,,
ROI_23,155,14
,,
ROI_23,156,19
,,
ROI_23,157,9
,,
ROI_23,158,18
,,
ROI_23,159,14
,,
ROI_23,160,14
,,
ROI_23,161,10
,,
ROI_23,162,15
,,
ROI_23,163,11
,,
ROI_23,164,10
,,
ROI_23,165,12
,,
ROI_23,166,8
,,
ROI_23,167,7
,,
ROI_23,168,11
,,
ROI_23,169,14
,,
ROI_23,170,18
,,
ROI_23,171,14
,,
ROI_23,172,7
,,
ROI_23,173,15
,,
ROI_23,174,16
,,
ROI_23,175,2
,,
ROI_23,176,11
,,
ROI_23,177,11
,,
ROI_23,178,7
,,
ROI_23,179,6
,,
ROI_23,180,8
,,
ROI_23,181,13
,,
ROI_23,182,7
,,
ROI_23,183,6
,,
ROI_23,184,8
,,
ROI_23,185,9
,,
ROI_23,186,10
,,
ROI_23,187,4
,,
ROI_23,188,6
,,
ROI_23,189,9
,,
ROI_23,190,7
,,
ROI_23,191,8
,,
ROI_23,192,14
,,
ROI_23,193,11
,,
ROI_23,194,9
,,
ROI_23,195,7
,,
ROI_23,196,8
,,
ROI_23,197,9
,,
ROI_23,198,6
,,
ROI_23,199,6
,,
ROI_23,200,6
,,
ROI_23,201,6
,,
ROI_23,202,8
,,
ROI_23,203,4
,,
ROI_23,204,9
,,
ROI_23,205,7
,,
ROI_23,206,5
,,
ROI_23,207,5
,,
ROI_23,208,6
,,
ROI_23,209,4
,,
ROI_23,210,8
,,
ROI_23,211,4
,,
ROI_23,212,8
,,
ROI_23,213,5
,,
ROI_23,214,8
,,
ROI_23,215,4
,,
ROI_23,216,7
,,
ROI_23,217,5
,,
ROI_23,218,5
,,
ROI_23,219,4
,,
ROI_23,220,2
,,
ROI_23,221,7
,,
ROI_23,222,3
,,
ROI_23,223,6
,,
ROI_23,224,3
,,
ROI_23,225,8
,,
ROI_23,226,5
,,
ROI_23,227,9
,,
ROI_23,228,4
,,
ROI_23,229,3
,,
ROI_23,230,4
,,
ROI_23,231,5
,,
ROI_23,232,7
,,
ROI_23,233,4
,,
ROI_23,234,2
,,
ROI_23,235,2
,,
ROI_23,236,5
,,
ROI_23,237,1
,,
ROI_23,238,2
,,
ROI_23,239,4
,,
ROI_23,240,4
,,
ROI_23,241,2
,,
ROI_23,242,5
,,
ROI_23,243,7
,,
ROI_23,244,3
,,
ROI_23,245,2
,,
ROI_23,246,2
,,
ROI_23,247,2
,,
ROI_23,248,5
,,
ROI_23,249,7
,,
ROI_23,250,5
,,
ROI_23,251,5
,,
ROI_23,252,1
,,
ROI_23,253,4
,,
ROI_23,254,3
,,
ROI_23,255,208
,,
ROI_24,0,17153
,,
ROI_24,1,824
,,
ROI_24,2,552
,,
ROI_24,3,509
,,
ROI_24,4,405
,,
ROI_24,5,401
,,
ROI_24,6,304
,,
ROI_24,7,236
,,
ROI_24,8,281
,,
ROI_24,9,207
,,
ROI_24,10,200
,,
ROI_24,11,182
,,
ROI_24,12,186
,,
ROI_24,13,133
,,
ROI_24,14,153
,,
ROI_24,15,137
,,
ROI_24,16,154
,,
ROI_24,17,113
,,
ROI_24,18,130
,,
ROI_24,19,106
,,
ROI_24,20,127
,,
ROI_24,21,111
,,
ROI_24,22,88
,,
ROI_24,23,75
,,
ROI_24,24,91
,,
ROI_24,25,96
,,
ROI_24,26,81
,,
ROI_24,27,114
,,
ROI_24,28,59
,,
ROI_24,29,72
,,
ROI_24,30,72
,,
ROI_24,31,80
,,
ROI_24,32,74
,,
ROI_24,33,63
,,
ROI_24,34,48
,,
ROI_24,35,57
,,
ROI_24,36,64
,,
ROI_24,37,61
,,
ROI_24,38,58
,,
ROI_24,39,50
,,
ROI_24,40,59
,,
ROI_24,41,46
,,
ROI_24,42,46
,,
ROI_24,43,55
,,
ROI_24,44,54
,,
ROI_24,45,50
,,
ROI_24,46,55
,,
ROI_24,47,49
,,
ROI_24,48,45
,,
ROI_24,49,35
,,
ROI_24,50,38
,,
ROI_24,51,45
,,
ROI_24,52,29
,,
ROI_24,53,34
,,
ROI_24,54,45
,,
ROI_24,55,38
,,
ROI_24,56,32
,,
ROI_24,57,31
,,
ROI_24,58,35
,,
ROI_24,59,39
,,
ROI_24,60,21
,,
ROI_24,61,33
,,
ROI_24,62,27
,,
ROI_24,63,29
,,
ROI_24,64,38
,,
ROI_24,65,29
,,
ROI_24,66,26
,,
ROI_24,67,23
,,
ROI_24,68,25
,,
ROI_24,69,28
,,
ROI_24,70,30
,,
ROI_24,71,25
,,
ROI_24,72,21
,,
ROI_24,73,19
,,
ROI_24,74,36
,,
ROI_24,75,26
,,
ROI_24,76,30
,,
ROI_24,77,24
,,
ROI_24,78,14
,,
ROI_24,79,29
,,
ROI_24,80,25
,,
ROI_24,81,27
,,
ROI_24,82,24
,,
ROI_24,83,19
,,
ROI_24,84,20
,,
ROI_24,85,23
,,
ROI_24,86,18
,,
ROI_24,87,20
,,
ROI_24,88,26
,,
ROI_24,89,17
,,
ROI_24,90,19
,,
ROI_24,91,20
,,
ROI_24,92,15
,,
ROI_24,93,20
,,
ROI_24,94,17
,,
ROI_24,95,18
,,
ROI_24,96,15
,,
ROI_24,97,17
,,
ROI_24,98,23
,,
ROI_24,99,20
,,
ROI_24,100,12
,,
ROI_24,101,7
,,
ROI_24,102,20
,,
ROI_24,103,18
,,
ROI_24,104,12
,,
ROI_24,105,17
,,
ROI_24,106,19
,,
ROI_24,107,13
,,
ROI_24,108,14
,,
ROI_24,109,18
,,
ROI_24,110,10
,,
ROI_24,111,21
,,
ROI_24,112,10
,,
ROI_24,113,14
,,
ROI_24,114,12
,,
ROI_24,115,15
,,
ROI_24,116,11
,,
ROI_24,117,11
,,
ROI_24,118,16
,,
ROI_24,119,18
,,
ROI_24,120,16
,,
ROI_24,121,7
,,
ROI_24,122,10
,,
ROI_24,123,13
,,
ROI_24,124,16
,,
ROI_24,125,7
,,
ROI_24,126,8
,,
ROI_24,127,12
,,
ROI_24,128,12
,,
ROI_24,129,6
,,
ROI_24,130,6
,,
ROI_24,131,12
,,
ROI_24,132,10
,,
ROI_24,133,9
,,
ROI_24,134,8
,,
ROI_24,135,7
,,
ROI_24,136,8
,,
ROI_24,137,9
,,
ROI_24,138,6
,,
ROI_24,139,11
,,
ROI_24,140,9
,,
ROI_24,141,8
,,
ROI_24,142,8
,,
ROI_24,143,9
,,
ROI_24,144,5
,,
ROI_24,145,13
,,
ROI_24,146,8
,,
ROI_24,147,10
,,
ROI_24,148,7
,,
ROI_24,149,9
,,
ROI_24,150,6
,,
ROI_24,151,8
,,
ROI_24,152,9
,,
ROI_24,153,15
,,
ROI_24,154,5
,,
ROI_24,155,8
,,
ROI_24,156,9
,,
ROI_24,157,13
,,
ROI_24,158,5
,,
ROI_24,159,7
,,
ROI_24,160,5
,,
ROI_24,161,6
,,
ROI_24,162,7
,,
ROI_24,163,9
,,
ROI_24,164,7
,,
ROI_24,165,17
,,
ROI_24,166,4
,,
ROI_24,167,8
,,
ROI_24,168,15
,,
ROI_24,169,3
,,
ROI_24,170,10
,,
ROI_24,171,3
,,
ROI_24,172,6
,,
ROI_24,173,4
,,
ROI_24,174,4
,,
ROI_24,175,7
,,
ROI_24,176,7
,,
ROI_24,177,7
,,
ROI_24,178,4
,,
ROI_24,179,1
,,
ROI_24,180,6
,,
ROI_24,181,6
,,
ROI_24,182,9
,,
ROI_24,183,9
,,
ROI_24,184,11
,,
ROI_24,185,5
,,
ROI_24,186,6
,,
ROI_24,187,6
,,
ROI_24,188,8
,,
ROI_24,189,5
,,
ROI_24,190,9
,,
ROI_24,191,2
,,
ROI_24,192,4
,,
ROI_24,193,5
,,
ROI_24,194,4
,,
ROI_24,195,2
,,
ROI_24,196,4
,,
ROI_24,197,5
,,
ROI_24,198,8
,,
ROI_24,199,8
,,
ROI_24,200,7
,,
ROI_24,201,5
,,
ROI_24,202,1
,,
ROI_24,203,7
,,
ROI_24,204,6
,,
ROI_24,205,3
,,
ROI_24,206,5
,,
ROI_24,207,2
,,
ROI_24,208,9
,,
ROI_24,209,10
,,
ROI_24,210,2
,,
ROI_24,211,4
,,
ROI_24,212,7
,,
ROI_24,213,4
,,
ROI_24,214,8
,,
ROI_24,215,7
,,
ROI_24,216,8
,,
ROI_24,217,2
,,
ROI_24,218,2
,,
ROI_24,219,4
,,
ROI_24,220,2
,,
ROI_24,221,3
,,
ROI_24,222,5
,,
ROI_24,223,1
,,
ROI_24,224,5
,,
ROI_24,225,4
,,
ROI_24,226,3
,,
ROI_24,227,4
,,
ROI_24,228,8
,,
ROI_24,229,4
,,
ROI_24,230,2
,,
ROI_24,231,2
,,
ROI_24,232,3
,,
ROI_24,233,1
,,
ROI_24,234,0
,,
ROI_24,235,4
,,
ROI_24,236,5
,,
ROI_24,237,2
,,
ROI_24,238,6
,,
ROI_24,239,2
,,
ROI_24,240,1
,,
ROI_24,241,1
,,
ROI_24,242,3
,,
ROI_24,243,4
,,
ROI_24,244,2
,,
ROI_24,245,4
,,
ROI_24,246,2
,,
ROI_24,247,2
,,
ROI_24,248,5
,,
ROI_24,249,0
,,
ROI_24,250,4
,,
ROI_24,251,1
,,
ROI_24,252,3
,,
ROI_24,253,2
,,
ROI_24,254,2
,,
ROI_24,255,390
,,
ROI_25,0,11854
,,
ROI_25,1,755
,,
ROI_25,2,470
,,
ROI_25,3,419
,,
ROI_25,4,350
,,
ROI_25,5,368
,,
ROI_25,6,231
,,
ROI_25,7,251
,,
ROI_25,8,214
,,
ROI_25,9,165
,,
ROI_25,10,154
,,
ROI_25,11,123
,,
ROI_25,12,126
,,
ROI_25,13,104
,,
ROI_25,14,110
,,
ROI_25,15,87
,,
ROI_25,16,100
,,
ROI_25,17,80
,,
ROI_25,18,95
,,
ROI_25,19,80
,,
ROI_25,20,83
,,
ROI_25,21,66
,,
ROI_25,22,87
,,
ROI_25,23,84
,,
ROI_25,24,66
,,
ROI_25,25,70
,,
ROI_25,26,53
,,
ROI_25,27,51
,,
ROI_25,28,53
,,
ROI_25,29,60
,,
ROI_25,30,49
,,
ROI_25,31,63
,,
ROI_25,32,42
,,
ROI_25,33,47
,,
ROI_25,34,49
,,
ROI_25,35,52
,,
ROI_25,36,45
,,
ROI_25,37,37
,,
ROI_25,38,40
,,
ROI_25,39,36
,,
ROI_25,40,29
,,
ROI_25,41,25
,,
ROI_25,42,43
,,
ROI_25,43,24
,,
ROI_25,44,27
,,
ROI_25,45,24
,,
ROI_25,46,29
,,
ROI_25,47,31
,,
ROI_25,48,23
,,
ROI_25,49,28
,,
ROI_25,50,19
,,
ROI_25,51,26
,,
ROI_25,52,25
,,
ROI_25,53,34
,,
ROI_25,54,20
,,
ROI_25,55,32
,,
ROI_25,56,22
,,
ROI_25,57,28
,,
ROI_25,58,22
,,
ROI_25,59,27
,,
ROI_25,60,19
,,
ROI_25,61,26
,,
ROI_25,62,15
,,
ROI_25,63,22
,,
ROI_25,64,18
,,
ROI_25,65,14
,,
ROI_25,66,26
,,
ROI_25,67,13
,,
ROI_25,68,25
,,
ROI_25,69,10
,,
ROI_25,70,23
,,
ROI_25,71,20
,,
ROI_25,72,14
,,
ROI_25,73,19
,,
ROI_25,74,18
,,
ROI_25,75,17
,,
ROI_25,76,20
,,
ROI_25,77,15
,,
ROI_25,78,5
,,
ROI_25,79,14
,,
ROI_25,80,13
,,
ROI_25,81,15
,,
ROI_25,82,14
,,
ROI_25,83,11
,,
ROI_25,84,12
,,
ROI_25,85,15
,,
ROI_25,86,15
,,
ROI_25,87,19
,,
ROI_25,88,8
,,
ROI_25,89,10
,,
ROI_25,90,14
,,
ROI_25,91,10
,,
ROI_25,92,10
,,
ROI_25,93,10
,,
ROI_25,94,14
,,
ROI_25,95,10
,,
ROI_25,96,13
,,
ROI_25,97,6
,,
ROI_25,98,15
,,
ROI_25,99,14
,,
ROI_25,100,9
,,
ROI_25,101,8
,,
ROI_25,102,8
,,
ROI_25,103,12
,,
ROI_25,104,7
,,
ROI_25,105,9
,,
ROI_25,106,6
,,
ROI_25,107,9
,,
ROI_25,108,8
,,
ROI_25,109,5
,,
ROI_25,110,7
,,
ROI_25,111,11
,,
ROI_25,112,12
,,
ROI_25,113,13
,,
ROI_25,114,3
,,
ROI_25,115,9
,,
ROI_25,116,9
,,
ROI_25,117,7
,,
ROI_25,118,8
,,
ROI_25,119,10
,,
ROI_25,120,8
,,
ROI_25,121,6
,,
ROI_25,122,7
,,
ROI_25,123,7
,,
ROI_25,124,3
,,
ROI_25,125,6
,,
ROI_25,126,4
,,
ROI_25,127,6
,,
ROI_25,128,6
,,
ROI_25,129,5
,,
ROI_25,130,4
,,
ROI_25,131,3
,,
ROI_25,132,2
,,
ROI_25,133,6
,,
ROI_25,134,1
,,
ROI_25,135,3
,,
ROI_25,136,6
,,
ROI_25,137,4
,,
ROI_25,138,1
,,
ROI_25,139,7
,,
ROI_25,140,2
,,
ROI_25,141,3
,,
ROI_25,142,2
,,
ROI_25,143,3
,,
ROI_25,144,1
,,
ROI_25,145,3
,,
ROI_25,146,5
,,
ROI_25,147,4
,,
ROI_25,148,2
,,
ROI_25,149,1
,,
ROI_25,150,2
,,
ROI_25,151,4
,,
ROI_25,152,2
,,
ROI_25,153,0
,,
ROI_25,154,3
,,
ROI_25,155,2
,,
ROI_25,156,0
,,
ROI_25,157,2
,,
ROI_25,158,2
,,
ROI_25,159,3
,,
ROI_25,160,0
,,
ROI_25,161,2
,,
ROI_25,162,3
,,
ROI_25,163,0
,,
ROI_25,164,3
,,
ROI_25,165,2
,,
ROI_25,166,3
,,
ROI_25,167,4
,,
ROI_25,168,4
,,
ROI_25,169,1
,,
ROI_25,170,3
,,
ROI_25,171,4
,,
ROI_25,172,1
,,
ROI_25,173,2
,,
ROI_25,174,2
,,
ROI_25,175,3
,,
ROI_25,176,2
,,
ROI_25,177,2
,,
ROI_25,178,0
,,
ROI_25,179,0
,,
ROI_25,180,2
,,
ROI_25,181,0
,,
ROI_25,182,2
,,
ROI_25,183,1
,,
ROI_25,184,5
,,
ROI_25,185,1
,,
ROI_25,186,3
,,
ROI_25,187,0
,,
ROI_25,188,4
,,
ROI_25,189,0
,,
ROI_25,190,2
,,
ROI_25,191,0
,,
ROI_25,192,1
,,
ROI_25,193,0
,,
ROI_25,194,1
,,
ROI_25,195,2
,,
ROI_25,196,1
,,
ROI_25,197,0
,,
ROI_25,198,3
,,
ROI_25,199,0
,,
ROI_25,200,2
,,
ROI_25,201,3
,,
ROI_25,202,1
,,
ROI_25,203,1
,,
ROI_25,204,0
,,
ROI_25,205,2
,,
ROI_25,206,1
,,
ROI_25,207,0
,,
ROI_25,208,0
,,
ROI_25,209,2
,,
ROI_25,210,0
,,
ROI_25,211,0
,,
ROI_25,212,2
,,
ROI_25,213,2
,,
ROI_25,214,1
,,
ROI_25,215,0
,,
ROI_25,216,1
,,
ROI_25,217,2
,,
ROI_25,218,0
,,
ROI_25,219,0
,,
ROI_25,220,0
,,
ROI_25,221,0
,,
ROI_25,222,2
,,
ROI_25,223,1
,,
ROI_25,224,1
,,
ROI_25,225,0
,,
ROI_25,226,1
,,
ROI_25,227,1
,,
ROI_25,228,1
,,
ROI_25,229,0
,,
ROI_25,230,0
,,
ROI_25,231,0
,,
ROI_25,232,0
,,
ROI_25,233,0
,,
ROI_25,234,1
,,
ROI_25,235,0
,,
ROI_25,236,1
,,
ROI_25,237,1
,,
ROI_25,238,0
,,
ROI_25,239,0
,,
ROI_25,240,1
,,
ROI_25,241,1
,,
ROI_25,242,0
,,
ROI_25,243,0
,,
ROI_25,244,0
,,
ROI_25,245,0
,,
ROI_25,246,1
,,
ROI_25,247,1
,,
ROI_25,248,1
,,
ROI_25,249,0
,,
ROI_25,250,0
,,
ROI_25,251,0
,,
ROI_25,252,0
,,
ROI_25,253,0
,,
ROI_25,254,1
,,
ROI_25,255,7