ROI,Bin,Count
ROI_1,0,1066
,,
ROI_1,1,321
,,
ROI_1,2,436
,,
ROI_1,3,359
,,
ROI_1,4,349
,,
ROI_1,5,329
,,
ROI_1,6,372
,,
ROI_1,7,367
,,
ROI_1,8,316
,,
ROI_1,9,298
,,
ROI_1,10,290
,,
ROI_1,11,316
,,
ROI_1,12,244
,,
ROI_1,13,249
,,
ROI_1,14,260
,,
ROI_1,15,252
,,
ROI_1,16,237
,,
ROI_1,17,211
,,
ROI_1,18,221
,,
ROI_1,19,208
,,
ROI_1,20,222
,,
ROI_1,21,194
,,
ROI_1,22,195
,,
ROI_1,23,177
,,
ROI_1,24,176
,,
ROI_1,25,210
,,
ROI_1,26,163
,,
ROI_1,27,135
,,
ROI_1,28,171
,,
ROI_1,29,154
,,
ROI_1,30,148
,,
ROI_1,31,131
,,
ROI_1,32,108
,,
ROI_1,33,135
,,
ROI_1,34,150
,,
ROI_1,35,119
,,
ROI_1,36,130
,,
ROI_1,37,110
,,
ROI_1,38,174
,,
ROI_1,39,130
,,
ROI_1,40,129
,,
ROI_1,41,102
,,
ROI_1,42,114
,,
ROI_1,43,112
,,
ROI_1,44,127
,,
ROI_1,45,96
,,
ROI_1,46,85
,,
ROI_1,47,108
,,
ROI_1,48,76
,,
ROI_1,49,103
,,
ROI_1,50,98
,,
ROI_1,51,80
,,
ROI_1,52,104
,,
ROI_1,53,75
,,
ROI_1,54,74
,,
ROI_1,55,68
,,
ROI_1,56,92
,,
ROI_1,57,73
,,
ROI_1,58,43
,,
ROI_1,59,69
,,
ROI_1,60,65
,,
ROI_1,61,65
,,
ROI_1,62,63
,,
ROI_1,63,64
,,
ROI_1,64,57
,,
ROI_1,65,64
,,
ROI_1,66,50
,,
ROI_1,67,62
,,
ROI_1,68,57
,,
ROI_1,69,68
,,
ROI_1,70,68
,,
ROI_1,71,59
,,
ROI_1,72,51
,,
ROI_1,73,45
,,
ROI_1,74,50
,,
ROI_1,75,56
,,
ROI_1,76,47
,,
ROI_1,77,49
,,
ROI_1,78,47
,,
ROI_1,79,52
,,
ROI_1,80,30
,,
ROI_1,81,52
,,
ROI_1,82,51
,,
ROI_1,83,41
,,
ROI_1,84,28
,,
ROI_1,85,38
,,
ROI_1,86,32
,,
ROI_1,87,41
,,
ROI_1,88,58
,,
ROI_1,89,33
,,
ROI_1,90,38
,,
ROI_1,91,30
,,
ROI_1,92,40
,,
ROI_1,93,37
,,
ROI_1,94,36
,,
ROI_1,95,39
,,
ROI_1,96,26
,,
ROI_1,97,37
,,
ROI_1,98,24
,,
ROI_1,99,35
,,
ROI_1,100,33
,,
ROI_1,101,25
,,
ROI_1,102,32
,,
ROI_1,103,31
,,
ROI_1,104,29
,,
ROI_1,105,36
,,
ROI_1,106,27
,,
ROI_1,107,23
,,
ROI_1,108,25
,,
ROI_1,109,22
,,
ROI_1,110,35
,,
ROI_1,111,17
,,
ROI_1,112,16
,,
ROI_1,113,26
,,
ROI_1,114,16
,,
ROI_1,115,29
,,
ROI_1,116,21
,,
ROI_1,117,20
,,
ROI_1,118,16
,,
ROI_1,119,27
,,
ROI_1,120,22
,,
ROI_1,121,24
,,
ROI_1,122,13
,,
ROI_1,123,17
,,
ROI_1,124,26
,,
ROI_1,125,21
,,
ROI_1,126,24
,,
ROI_1,127,19
,,
ROI_1,128,24
,,
ROI_1,129,17
,,
ROI_1,130,15
,,
ROI_1,131,22
,,
ROI_1,132,20
,,
ROI_1,133,22
,,
ROI_1,134,16
,,
ROI_1,135,13
,,
ROI_1,136,13
,,
ROI_1,137,20
,,
ROI_1,138,14
,,
ROI_1,139,16
,,
ROI_1,140,20
,,
ROI_1,141,20
,,
ROI_1,142,12
,,
ROI_1,143,13
,,
ROI_1,144,11
,,
ROI_1,145,14
,,
ROI_1,146,16
,,
ROI_1,147,19
,,
ROI_1,148,13
,,
ROI_1,149,18
,,
ROI_1,150,16
,,
ROI_1,151,9
,,
ROI_1,152,14
,,
ROI_1,153,10
,,
ROI_1,154,14
,,
ROI_1,155,11
,,
ROI_1,156,19
,,
ROI_1,157,12
,,
ROI_1,158,12
,,
ROI_1,159,13
,,
ROI_1,160,10
,,
ROI_1,161,12
,,
ROI_1,162,13
,,
ROI_1,163,5
,,
ROI_1,164,12
,,
ROI_1,165,9
,,
ROI_1,166,9
,,
ROI_1,167,14
,,
ROI_1,168,15
,,
ROI_1,169,13
,,
ROI_1,170,7
,,
ROI_1,171,14
,,
ROI_1,172,15
,,
ROI_1,173,14
,,
ROI_1,174,17
,,
ROI_1,175,7
,,
ROI_1,176,14
,,
ROI_1,177,7
,,
ROI_1,178,5
,,
ROI_1,179,5
,,
ROI_1,180,17
,,
ROI_1,181,8
,,
ROI_1,182,18
,,
ROI_1,183,13
,,
ROI_1,184,7
,,
ROI_1,185,8
,,
ROI_1,186,5
,,
ROI_1,187,12
,,
ROI_1,188,4
,,
ROI_1,189,10
,,
ROI_1,190,6
,,
ROI_1,191,8
,,
ROI_1,192,8
,,
ROI_1,193,7
,,
ROI_1,194,2
,,
ROI_1,195,9
,,
ROI_1,196,12
,,
ROI_1,197,4
,,
ROI_1,198,5
,,
ROI_1,199,6
,,
ROI_1,200,8
,,
ROI_1,201,8
,,
ROI_1,202,3
,,
ROI_1,203,3
,,
ROI_1,204,6
,,
ROI_1,205,7
,,
ROI_1,206,7
,,
ROI_1,207,5
,,
ROI_1,208,6
,,
ROI_1,209,8
,,
ROI_1,210,5
,,
ROI_1,211,7
,,
ROI_1,212,7
,,
ROI_1,213,5
,,
ROI_1,214,7
,,
ROI_1,215,3
,,
ROI_1,216,5
,,
ROI_1,217,6
,,
ROI_1,218,4
,,
ROI_1,219,6
,,
ROI_1,220,6
,,
ROI_1,221,9
,,
ROI_1,222,6
,,
ROI_1,223,6
,,
ROI_1,224,6
,,
ROI_1,225,4
,,
ROI_1,226,3
,,
ROI_1,227,10
,,
ROI_1,228,3
,,
ROI_1,229,6
,,
ROI_1,230,8
,,
ROI_1,231,7
,,
ROI_1,232,7
,,
ROI_1,233,6
,,
ROI_1,234,3
,,
ROI_1,235,6
,,
ROI_1,236,3
,,
ROI_1,237,5
,,
ROI_1,238,2
,,
ROI_1,239,0
,,
ROI_1,240,7
,,
ROI_1,241,3
,,
ROI_1,242,2
,,
ROI_1,243,3
,,
ROI_1,244,4
,,
ROI_1,245,3
,,
ROI_1,246,4
,,
ROI_1,247,4
,,
ROI_1,248,3
,,
ROI_1,249,2
,,
ROI_1,250,2
,,
ROI_1,251,5
,,
ROI_1,252,0
,,
ROI_1,253,5
,,
ROI_1,254,7
,,
ROI_1,255,233
,,
ROI_2,0,3282
,,
ROI_2,1,975
,,
ROI_2,2,866
,,
ROI_2,3,517
,,
ROI_2,4,424
,,
ROI_2,5,326
,,
ROI_2,6,302
,,
ROI_2,7,316
,,
ROI_2,8,248
,,
ROI_2,9,230
,,
ROI_2,10,248
,,
ROI_2,11,227
,,
ROI_2,12,178
,,
ROI_2,13,216
,,
ROI_2,14,165
,,
ROI_2,15,200
,,
ROI_2,16,198
,,
ROI_2,17,142
,,
ROI_2,18,151
,,
ROI_2,19,131
,,
ROI_2,20,145
,,
ROI_2,21,148
,,
ROI_2,22,131
,,
ROI_2,23,115
,,
ROI_2,24,117
,,
ROI_2,25,126
,,
ROI_2,26,87
,,
ROI_2,27,93
,,
ROI_2,28,84
,,
ROI_2,29,113
,,
ROI_2,30,81
,,
ROI_2,31,82
,,
ROI_2,32,73
,,
ROI_2,33,90
,,
ROI_2,34,83
,,
ROI_2,35,62
,,
ROI_2,36,69
,,
ROI_2,37,68
,,
ROI_2,38,63
,,
ROI_2,39,61
,,
ROI_2,40,44
,,
ROI_2,41,65
,,
ROI_2,42,49
,,
ROI_2,43,47
,,
ROI_2,44,50
,,
ROI_2,45,46
,,
ROI_2,46,54
,,
ROI_2,47,55
,,
ROI_2,48,41
,,
ROI_2,49,51
,,
ROI_2,50,40
,,
ROI_2,51,28
,,
ROI_2,52,34
,,
ROI_2,53,32
,,
ROI_2,54,24
,,
ROI_2,55,32
,,
ROI_2,56,39
,,
ROI_2,57,22
,,
ROI_2,58,23
,,
ROI_2,59,26
,,
ROI_2,60,26
,,
ROI_2,61,22
,,
ROI_2,62,38
,,
ROI_2,63,36
,,
ROI_2,64,23
,,
ROI_2,65,30
,,
ROI_2,66,19
,,
ROI_2,67,14
,,
ROI_2,68,25
,,
ROI_2,69,24
,,
ROI_2,70,22
,,
ROI_2,71,21
,,
ROI_2,72,20
,,
ROI_2,73,14
,,
ROI_2,74,16
,,
ROI_2,75,18
,,
ROI_2,76,18
,,
ROI_2,77,15
,,
ROI_2,78,24
,,
ROI_2,79,17
,,
ROI_2,80,16
,,
ROI_2,81,17
,,
ROI_2,82,14
,,
ROI_2,83,17
,,
ROI_2,84,11
,,
ROI_2,85,12
,,
ROI_2,86,20
,,
ROI_2,87,9
,,
ROI_2,88,11
,,
ROI_2,89,14
,,
ROI_2,90,8
,,
ROI_2,91,10
,,
ROI_2,92,16
,,
ROI_2,93,19
,,
ROI_2,94,9
,,
ROI_2,95,8
,,
ROI_2,96,18
,,
ROI_2,97,9
,,
ROI_2,98,8
,,
ROI_2,99,8
,,
ROI_2,100,8
,,
ROI_2,101,14
,,
ROI_2,102,10
,,
ROI_2,103,7
,,
ROI_2,104,5
,,
ROI_2,105,9
,,
ROI_2,106,15
,,
ROI_2,107,5
,,
ROI_2,108,7
,,
ROI_2,109,6
,,
ROI_2,110,10
,,
ROI_2,111,4
,,
ROI_2,112,5
,,
ROI_2,113,3
,,
ROI_2,114,7
,,
ROI_2,115,7
,,
ROI_2,116,6
,,
ROI_2,117,8
,,
ROI_2,118,7
,,
ROI_2,119,10
,,
ROI_2,120,4
,,
ROI_2,121,10
,,
ROI_2,122,7
,,
ROI_2,123,3
,,
ROI_2,124,7
,,
ROI_2,125,7
,,
ROI_2,126,5
,,
ROI_2,127,7
,,
ROI_2,128,7
,,
ROI_2,129,9
,,
ROI_2,130,5
,,
ROI_2,131,7
,,
ROI_2,132,6
,,
ROI_2,133,3
,,
ROI_2,134,9
,,
ROI_2,135,8
,,
ROI_2,136,5
,,
ROI_2,137,2
,,
ROI_2,138,5
,,
ROI_2,139,5
,,
ROI_2,140,1
,,
ROI_2,141,5
,,
ROI_2,142,4
,,
ROI_2,143,4
,,
ROI_2,144,1
,,
ROI_2,145,4
,,
ROI_2,146,3
,,
ROI_2,147,3
,,
ROI_2,148,6
,,
ROI_2,149,4
,,
ROI_2,150,4
,,
ROI_2,151,5
,,
ROI_2,152,3
,,
ROI_2,153,4
,,
ROI_2,154,4
,,
ROI_2,155,3
,,
ROI_2,156,2
,,
ROI_2,157,3
,,
ROI_2,158,6
,,
ROI_2,159,4
,,
ROI_2,160,2
,,
ROI_2,161,5
,,
ROI_2,162,3
,,
ROI_2,163,2
,,
ROI_2,164,2
,,
ROI_2,165,1
,,
ROI_2,166,1
,,
ROI_2,167,1
,,
ROI_2,168,3
,,
ROI_2,169,1
,,
ROI_2,170,1
,,
ROI_2,171,2
,,
ROI_2,172,0
,,
ROI_2,173,1
,,
ROI_2,174,3
,,
ROI_2,175,5
,,
ROI_2,176,1
,,
ROI_2,177,0
,,
ROI_2,178,2
,,
ROI_2,179,1
,,
ROI_2,180,2
,,
ROI_2,181,3
,,
ROI_2,182,3
,,
ROI_2,183,0
,,
ROI_2,184,1
,,
ROI_2,185,3
,,
ROI_2,186,0
,,
ROI_2,187,1
,,
ROI_2,188,1
,,
ROI_2,189,0
,,
ROI_2,190,0
,,
ROI_2,191,3
,,
ROI_2,192,3
,,
ROI_2,193,1
,,
ROI_2,194,0
,,
ROI_2,195,0
,,
ROI_2,196,1
,,
ROI_2,197,1
,,
ROI_2,198,1
,,
ROI_2,199,0
,,
ROI_2,200,2
,,
ROI_2,201,1
,,
ROI_2,202,1
,,
ROI_2,203,0
,,
ROI_2,204,1
,,
ROI_2,205,0
,,
ROI_2,206,3
,,
ROI_2,207,0
,,
ROI_2,208,0
,,
ROI_2,209,0
,,
ROI_2,210,0
,,
ROI_2,211,2
,,
ROI_2,212,1
,,
ROI_2,213,1
,,
ROI_2,214,1
,,
ROI_2,215,0
,,
ROI_2,216,1
,,
ROI_2,217,1
,,
ROI_2,218,1
,,
ROI_2,219,0
,,
ROI_2,220,0
,,
ROI_2,221,0
,,
ROI_2,222,1
,,
ROI_2,223,1
,,
ROI_2,224,0
,,
ROI_2,225,0
,,
ROI_2,226,0
,,
ROI_2,227,1
,,
ROI_2,228,1
,,
ROI_2,229,1
,,
ROI_2,230,1
,,
ROI_2,231,0
,,
ROI_2,232,0
,,
ROI_2,233,1
,,
ROI_2,234,1
,,
ROI_2,235,0
,,
ROI_2,236,1
,,
ROI_2,237,0
,,
ROI_2,238,0
,,
ROI_2,239,0
,,
ROI_2,240,0
,,
ROI_2,241,0
,,
ROI_2,242,0
,,
ROI_2,243,2
,,
ROI_2,244,0
,,
ROI_2,245,0
,,
ROI_2,246,1
,,
ROI_2,247,0
,,
ROI_2,248,0
,,
ROI_2,249,0
,,
ROI_2,250,0
,,
ROI_2,251,0
,,
ROI_2,252,0
,,
ROI_2,253,0
,,
ROI_2,254,0
,,
ROI_2,255,18
,,
ROI_3,0,4872
,,
ROI_3,1,1052
,,
ROI_3,2,887
,,
ROI_3,3,693
,,
ROI_3,4,596
,,
ROI_3,5,482
,,
ROI_3,6,534
,,
ROI_3,7,525
,,
ROI_3,8,472
,,
ROI_3,9,416
,,
ROI_3,10,399
,,
ROI_3,11,495
,,
ROI_3,12,384
,,
ROI_3,13,378
,,
ROI_3,14,319
,,
ROI_3,15,323
,,
ROI_3,16,350
,,
ROI_3,17,319
,,
ROI_3,18,300
,,
ROI_3,19,311
,,
ROI_3,20,279
,,
ROI_3,21,277
,,
ROI_3,22,250
,,
ROI_3,23,257
,,
ROI_3,24,246
,,
ROI_3,25,237
,,
ROI_3,26,219
,,
ROI_3,27,231
,,
ROI_3,28,222
,,
ROI_3,29,205
,,
ROI_3,30,200
,,
ROI_3,31,201
,,
ROI_3,32,193
,,
ROI_3,33,185
,,
ROI_3,34,191
,,
ROI_3,35,169
,,
ROI_3,36,183
,,
ROI_3,37,191
,,
ROI_3,38,199
,,
ROI_3,39,176
,,
ROI_3,40,162
,,
ROI_3,41,145
,,
ROI_3,42,176
,,
ROI_3,43,188
,,
ROI_3,44,151
,,
ROI_3,45,145
,,
ROI_3,46,142
,,
ROI_3,47,162
,,
ROI_3,48,124
,,
ROI_3,49,109
,,
ROI_3,50,146
,,
ROI_3,51,135
,,
ROI_3,52,139
,,
ROI_3,53,140
,,
ROI_3,54,128
,,
ROI_3,55,114
,,
ROI_3,56,129
,,
ROI_3,57,127
,,
ROI_3,58,104
,,
ROI_3,59,122
,,
ROI_3,60,102
,,
ROI_3,61,137
,,
ROI_3,62,117
,,
ROI_3,63,105
,,
ROI_3,64,112
,,
ROI_3,65,103
,,
ROI_3,66,97
,,
ROI_3,67,82
,,
ROI_3,68,83
,,
ROI_3,69,94
,,
ROI_3,70,118
,,
ROI_3,71,83
,,
ROI_3,72,85
,,
ROI_3,73,91
,,
ROI_3,74,98
,,
ROI_3,75,79
,,
ROI_3,76,72
,,
ROI_3,77,79
,,
ROI_3,78,77
,,
ROI_3,79,93
,,
ROI_3,80,72
,,
ROI_3,81,62
,,
ROI_3,82,69
,,
ROI_3,83,65
,,
ROI_3,84,72
,,
ROI_3,85,64
,,
ROI_3,86,77
,,
ROI_3,87,60
,,
ROI_3,88,74
,,
ROI_3,89,68
,,
ROI_3,90,56
,,
ROI_3,91,55
,,
ROI_3,92,70
,,
ROI_3,93,58
,,
ROI_3,94,50
,,
ROI_3,95,52
,,
ROI_3,96,69
,,
ROI_3,97,71
,,
ROI_3,98,55
,,
ROI_3,99,55
,,
ROI_3,100,51
,,
ROI_3,101,75
,,
ROI_3,102,40
,,
ROI_3,103,66
,,
ROI_3,104,60
,,
ROI_3,105,65
,,
ROI_3,106,65
,,
ROI_3,107,53
,,
ROI_3,108,61
,,
ROI_3,109,56
,,
ROI_3,110,38
,,
ROI_3,111,44
,,
ROI_3,112,43
,,
ROI_3,113,48
,,
ROI_3,114,43
,,
ROI_3,115,39
,,
ROI_3,116,46
,,
ROI_3,117,35
,,
ROI_3,118,48
,,
ROI_3,119,42
,,
ROI_3,120,44
,,
ROI_3,121,42
,,
ROI_3,122,48
,,
ROI_3,123,33
,,
ROI_3,124,59
,,
ROI_3,125,33
,,
ROI_3,126,67
,,
ROI_3,127,40
,,
ROI_3,128,40
,,
ROI_3,129,39
,,
ROI_3,130,41
,,
ROI_3,131,49
,,
ROI_3,132,46
,,
ROI_3,133,51
,,
ROI_3,134,29
,,
ROI_3,135,44
,,
ROI_3,136,43
,,
ROI_3,137,45
,,
ROI_3,138,34
,,
ROI_3,139,37
,,
ROI_3,140,45
,,
ROI_3,141,36
,,
ROI_3,142,25
,,
ROI_3,143,26
,,
ROI_3,144,33
,,
ROI_3,145,42
,,
ROI_3,146,32
,,
ROI_3,147,21
,,
ROI_3,148,38
,,
ROI_3,149,24
,,
ROI_3,150,35
,,
ROI_3,151,22
,,
ROI_3,152,26
,,
ROI_3,153,15
,,
ROI_3,154,26
,,
ROI_3,155,27
,,
ROI_3,156,16
,,
ROI_3,157,22
,,
ROI_3,158,32
,,
ROI_3,159,29
,,
ROI_3,160,26
,,
ROI_3,161,24
,,
ROI_3,162,20
,,
ROI_3,163,40
,,
ROI_3,164,28
,,
ROI_3,165,15
,,
ROI_3,166,31
,,
ROI_3,167,27
,,
ROI_3,168,22
,,
ROI_3,169,25
,,
ROI_3,170,23
,,
ROI_3,171,18
,,
ROI_3,172,29
,,
ROI_3,173,22
,,
ROI_3,174,22
,,
ROI_3,175,21
,,
ROI_3,176,25
,,
ROI_3,177,19
,,
ROI_3,178,16
,,
ROI_3,179,19
,,
ROI_3,180,19
,,
ROI_3,181,25
,,
ROI_3,182,21
,,
ROI_3,183,22
,,
ROI_3,184,26
,,
ROI_3,185,10
,,
ROI_3,186,14
,,
ROI_3,187,17
,,
ROI_3,188,15
,,
ROI_3,189,15
,,
ROI_3,190,23
,,
ROI_3,191,25
,,
ROI_3,192,17
,,
ROI_3,193,22
,,
ROI_3,194,26
,,
ROI_3,195,17
,,
ROI_3,196,16
,,
ROI_3,197,12
,,
ROI_3,198,11
,,
ROI_3,199,13
,,
ROI_3,200,17
,,
ROI_3,201,12
,,
ROI_3,202,16
,,
ROI_3,203,15
,,
ROI_3,204,14
,,
ROI_3,205,13
,,
ROI_3,206,18
,,
ROI_3,207,14
,,
ROI_3,208,22
,,
ROI_3,209,14
,,
ROI_3,210,10
,,
ROI_3,211,14
,,
ROI_3,212,14
,,
ROI_3,213,16
,,
ROI_3,214,13
,,
ROI_3,215,7
,,
ROI_3,216,12
,,
ROI_3,217,11
,,
ROI_3,218,15
,,
ROI_3,219,10
,,
ROI_3,220,10
,,
ROI_3,221,15
,,
ROI_3,222,11
,,
ROI_3,223,19
,,
ROI_3,224,12
,,
ROI_3,225,13
,,
ROI_3,226,15
,,
ROI_3,227,13
,,
ROI_3,228,13
,,
ROI_3,229,19
,,
ROI_3,230,11
,,
ROI_3,231,8
,,
ROI_3,232,10
,,
ROI_3,233,6
,,
ROI_3,234,6
,,
ROI_3,235,12
,,
ROI_3,236,13
,,
ROI_3,237,11
,,
ROI_3,238,12
,,
ROI_3,239,7
,,
ROI_3,240,9
,,
ROI_3,241,11
,,
ROI_3,242,14
,,
ROI_3,243,9
,,
ROI_3,244,10
,,
ROI_3,245,7
,,
ROI_3,246,6
,,
ROI_3,247,7
,,
ROI_3,248,7
,,
ROI_3,249,5
,,
ROI_3,250,3
,,
ROI_3,251,6
,,
ROI_3,252,18
,,
ROI_3,253,10
,,
ROI_3,254,12
,,
ROI_3,255,633
,,
ROI_4,0,3302
,,
ROI_4,1,166
,,
ROI_4,2,65
,,
ROI_4,3,20
,,
ROI_4,4,12
,,
ROI_4,5,10
,,
ROI_4,6,4
,,
ROI_4,7,6
,,
ROI_4,8,1
,,
ROI_4,9,3
,,
ROI_4,10,1
,,
ROI_4,11,2
,,
ROI_4,12,0
,,
ROI_4,13,0
,,
ROI_4,14,1
,,
ROI_4,15,0
,,
ROI_4,16,1
,,
ROI_4,17,0
,,
ROI_4,18,0
,,
ROI_4,19,0
,,
ROI_4,20,0
,,
ROI_4,21,0
,,
ROI_4,22,0
,,
ROI_4,23,0
,,
ROI_4,24,0
,,
ROI_4,25,0
,,
ROI_4,26,0
,,
ROI_4,27,0
,,
ROI_4,28,0
,,
ROI_4,29,0
,,
ROI_4,30,0
,,
ROI_4,31,0
,,
ROI_4,32,0
,,
ROI_4,33,0
,,
ROI_4,34,0
,,
ROI_4,35,0
,,
ROI_4,36,0
,,
ROI_4,37,0
,,
ROI_4,38,0
,,
ROI_4,39,0
,,
ROI_4,40,0
,,
ROI_4,41,0
,,
ROI_4,42,0
,,
ROI_4,43,0
,,
ROI_4,44,0
,,
ROI_4,45,0
,,
ROI_4,46,0
,,
ROI_4,47,0
,,
ROI_4,48,0
,,
ROI_4,49,0
,,
ROI_4,50,0
,,
ROI_4,51,0
,,
ROI_4,52,0
,,
ROI_4,53,0
,,
ROI_4,54,0
,,
ROI_4,55,0
,,
ROI_4,56,0
,,
ROI_4,57,0
,,
ROI_4,58,0
,,
ROI_4,59,0
,,
ROI_4,60,0
,,
ROI_4,61,0
,,
ROI_4,62,0
,,
ROI_4,63,0
,,
ROI_4,64,0
,,
ROI_4,65,0
,,
ROI_4,66,0
,,
ROI_4,67,0
,,
ROI_4,68,0
,,
ROI_4,69,0
,,
ROI_4,70,0
,,
ROI_4,71,0
,,
ROI_4,72,0
,,
ROI_4,73,0
,,
ROI_4,74,0
,,
ROI_4,75,0
,,
ROI_4,76,0
,,
ROI_4,77,0
,,
ROI_4,78,0
,,
ROI_4,79,0
,,
ROI_4,80,0
,,
ROI_4,81,0
,,
ROI_4,82,0
,,
ROI_4,83,0
,,
ROI_4,84,0
,,
ROI_4,85,0
,,
ROI_4,86,0
,,
ROI_4,87,0
,,
ROI_4,88,0
,,
ROI_4,89,0
,,
ROI_4,90,0
,,
ROI_4,91,0
,,
ROI_4,92,0
,,
ROI_4,93,0
,,
ROI_4,94,0
,,
ROI_4,95,0
,,
ROI_4,96,0
,,
ROI_4,97,0
,,
ROI_4,98,0
,,
ROI_4,99,0
,,
ROI_4,100,0
,,
ROI_4,101,0
,,
ROI_4,102,0
,,
ROI_4,103,0
,,
ROI_4,104,0
,,
ROI_4,105,0
,,
ROI_4,106,0
,,
ROI_4,107,0
,,
ROI_4,108,0
,,
ROI_4,109,0
,,
ROI_4,110,0
,,
ROI_4,111,0
,,
ROI_4,112,0
,,
ROI_4,113,0
,,
ROI_4,114,0
,,
ROI_4,115,0
,,
ROI_4,116,0
,,
ROI_4,117,0
,,
ROI_4,118,0
,,
ROI_4,119,0
,,
ROI_4,120,0
,,
ROI_4,121,0
,,
ROI_4,122,0
,,
ROI_4,123,0
,,
ROI_4,124,0
,,
ROI_4,125,0
,,
ROI_4,126,0
,,
ROI_4,127,0
,,
ROI_4,128,0
,,
ROI_4,129,0
,,
ROI_4,130,0
,,
ROI_4,131,0
,,
ROI_4,132,0
,,
ROI_4,133,0
,,
ROI_4,134,0
,,
ROI_4,135,0
,,
ROI_4,136,0
,,
ROI_4,137,0
,,
ROI_4,138,0
,,
ROI_4,139,0
,,
ROI_4,140,0
,,
ROI_4,141,0
,,
ROI_4,142,0
,,
ROI_4,143,0
,,
ROI_4,144,0
,,
ROI_4,145,0
,,
ROI_4,146,0
,,
ROI_4,147,0
,,
ROI_4,148,0
,,
ROI_4,149,0
,,
ROI_4,150,0
,,
ROI_4,151,0
,,
ROI_4,152,0
,,
ROI_4,153,0
,,
ROI_4,154,0
,,
ROI_4,155,0
,,
ROI_4,156,0
,,
ROI_4,157,0
,,
ROI_4,158,0
,,
ROI_4,159,0
,,
ROI_4,160,0
,,
ROI_4,161,0
,,
ROI_4,162,0
,,
ROI_4,163,0
,,
ROI_4,164,0
,,
ROI_4,165,0
,,
ROI_4,166,0
,,
ROI_4,167,0
,,
ROI_4,168,0
,,
ROI_4,169,0
,,
ROI_4,170,0
,,
ROI_4,171,0
,,
ROI_4,172,0
,,
ROI_4,173,0
,,
ROI_4,174,0
,,
ROI_4,175,0
,,
ROI_4,176,0
,,
ROI_4,177,0
,,
ROI_4,178,0
,,
ROI_4,179,0
,,
ROI_4,180,0
,,
ROI_4,181,0
,,
ROI_4,182,0
,,
ROI_4,183,0
,,
ROI_4,184,0
,,
ROI_4,185,0
,,
ROI_4,186,0
,,
ROI_4,187,0
,,
ROI_4,188,0
,,
ROI_4,189,0
,,
ROI_4,190,0
,,
ROI_4,191,0
,,
ROI_4,192,0
,,
ROI_4,193,0
,,
ROI_4,194,0
,,
ROI_4,195,0
,,
ROI_4,196,0
,,
ROI_4,197,0
,,
ROI_4,198,0
,,
ROI_4,199,0
,,
ROI_4,200,0
,,
ROI_4,201,0
,,
ROI_4,202,0
,,
ROI_4,203,0
,,
ROI_4,204,0
,,
ROI_4,205,0
,,
ROI_4,206,0
,,
ROI_4,207,0
,,
ROI_4,208,0
,,
ROI_4,209,0
,,
ROI_4,210,0
,,
ROI_4,211,0
,,
ROI_4,212,0
,,
ROI_4,213,0
,,
ROI_4,214,0
,,
ROI_4,215,0
,,
ROI_4,216,0
,,
ROI_4,217,0
,,
ROI_4,218,0
,,
ROI_4,219,0
,,
ROI_4,220,0
,,
ROI_4,221,0
,,
ROI_4,222,0
,,
ROI_4,223,0
,,
ROI_4,224,0
,,
ROI_4,225,0
,,
ROI_4,226,0
,,
ROI_4,227,0
,,
ROI_4,228,0
,,
ROI_4,229,0
,,
ROI_4,230,0
,,
ROI_4,231,0
,,
ROI_4,232,0
,,
ROI_4,233,0
,,
ROI_4,234,0
,,
ROI_4,235,0
,,
ROI_4,236,0
,,
ROI_4,237,0
,,
ROI_4,238,0
,,
ROI_4,239,0
,,
ROI_4,240,0
,,
ROI_4,241,0
,,
ROI_4,242,0
,,
ROI_4,243,0
,,
ROI_4,244,0
,,
ROI_4,245,0
,,
ROI_4,246,0
,,
ROI_4,247,0
,,
ROI_4,248,0
,,
ROI_4,249,0
,,
ROI_4,250,0
,,
ROI_4,251,0
,,
ROI_4,252,0
,,
ROI_4,253,0
,,
ROI_4,254,0
,,
ROI_4,255,0
,,
ROI_5,0,586
,,
ROI_5,1,231
,,
ROI_5,2,225
,,
ROI_5,3,180
,,
ROI_5,4,215
,,
ROI_5,5,252
,,
ROI_5,6,268
,,
ROI_5,7,295
,,
ROI_5,8,259
,,
ROI_5,9,265
,,
ROI_5,10,249
,,
ROI_5,11,276
,,
ROI_5,12,215
,,
ROI_5,13,260
,,
ROI_5,14,262
,,
ROI_5,15,287
,,
ROI_5,16,306
,,
ROI_5,17,254
,,
ROI_5,18,244
,,
ROI_5,19,242
,,
ROI_5,20,264
,,
ROI_5,21,206
,,
ROI_5,22,241
,,
ROI_5,23,182
,,
ROI_5,24,183
,,
ROI_5,25,206
,,
ROI_5,26,189
,,
ROI_5,27,160
,,
ROI_5,28,183
,,
ROI_5,29,178
,,
ROI_5,30,160
,,
ROI_5,31,169
,,
ROI_5,32,143
,,
ROI_5,33,153
,,
ROI_5,34,170
,,
ROI_5,35,132
,,
ROI_5,36,135
,,
ROI_5,37,144
,,
ROI_5,38,160
,,
ROI_5,39,134
,,
ROI_5,40,140
,,
ROI_5,41,117
,,
ROI_5,42,126
,,
ROI_5,43,168
,,
ROI_5,44,111
,,
ROI_5,45,99
,,
ROI_5,46,112
,,
ROI_5,47,130
,,
ROI_5,48,114
,,
ROI_5,49,101
,,
ROI_5,50,86
,,
ROI_5,51,105
,,
ROI_5,52,129
,,
ROI_5,53,93
,,
ROI_5,54,115
,,
ROI_5,55,87
,,
ROI_5,56,109
,,
ROI_5,57,96
,,
ROI_5,58,67
,,
ROI_5,59,87
,,
ROI_5,60,93
,,
ROI_5,61,92
,,
ROI_5,62,80
,,
ROI_5,63,79
,,
ROI_5,64,93
,,
ROI_5,65,87
,,
ROI_5,66,60
,,
ROI_5,67,85
,,
ROI_5,68,81
,,
ROI_5,69,80
,,
ROI_5,70,80
,,
ROI_5,71,76
,,
ROI_5,72,69
,,
ROI_5,73,62
,,
ROI_5,74,85
,,
ROI_5,75,69
,,
ROI_5,76,78
,,
ROI_5,77,71
,,
ROI_5,78,71
,,
ROI_5,79,75
,,
ROI_5,80,74
,,
ROI_5,81,49
,,
ROI_5,82,81
,,
ROI_5,83,68
,,
ROI_5,84,71
,,
ROI_5,85,45
,,
ROI_5,86,59
,,
ROI_5,87,55
,,
ROI_5,88,56
,,
ROI_5,89,57
,,
ROI_5,90,56
,,
ROI_5,91,59
,,
ROI_5,92,69
,,
ROI_5,93,59
,,
ROI_5,94,51
,,
ROI_5,95,42
,,
ROI_5,96,53
,,
ROI_5,97,49
,,
ROI_5,98,53
,,
ROI_5,99,42
,,
ROI_5,100,53
,,
ROI_5,101,52
,,
ROI_5,102,40
,,
ROI_5,103,50
,,
ROI_5,104,43
,,
ROI_5,105,40
,,
ROI_5,106,49
,,
ROI_5,107,54
,,
ROI_5,108,28
,,
ROI_5,109,42
,,
ROI_5,110,61
,,
ROI_5,111,39
,,
ROI_5,112,30
,,
ROI_5,113,43
,,
ROI_5,114,31
,,
ROI_5,115,46
,,
ROI_5,116,43
,,
ROI_5,117,37
,,
ROI_5,118,34
,,
ROI_5,119,36
,,
ROI_5,120,21
,,
ROI_5,121,37
,,
ROI_5,122,36
,,
ROI_5,123,41
,,
ROI_5,124,43
,,
ROI_5,125,38
,,
ROI_5,126,40
,,
ROI_5,127,38
,,
ROI_5,128,43
,,
ROI_5,129,37
,,
ROI_5,130,28
,,
ROI_5,131,26
,,
ROI_5,132,38
,,
ROI_5,133,37
,,
ROI_5,134,25
,,
ROI_5,135,35
,,
ROI_5,136,29
,,
ROI_5,137,46
,,
ROI_5,138,23
,,
ROI_5,139,33
,,
ROI_5,140,25
,,
ROI_5,141,24
,,
ROI_5,142,18
,,
ROI_5,143,26
,,
ROI_5,144,29
,,
ROI_5,145,20
,,
ROI_5,146,31
,,
ROI_5,147,37
,,
ROI_5,148,31
,,
ROI_5,149,26
,,
ROI_5,150,22
,,
ROI_5,151,28
,,
ROI_5,152,28
,,
ROI_5,153,26
,,
ROI_5,154,19
,,
ROI_5,155,23
,,
ROI_5,156,24
,,
ROI_5,157,18
,,
ROI_5,158,20
,,
ROI_5,159,16
,,
ROI_5,160,14
,,
ROI_5,161,23
,,
ROI_5,162,19
,,
ROI_5,163,25
,,
ROI_5,164,28
,,
ROI_5,165,21
,,
ROI_5,166,24
,,
ROI_5,167,25
,,
ROI_5,168,31
,,
ROI_5,169,23
,,
ROI_5,170,18
,,
ROI_5,171,23
,,
ROI_5,172,25
,,
ROI_5,173,17
,,
ROI_5,174,17
,,
ROI_5,175,10
,,
ROI_5,176,17
,,
ROI_5,177,24
,,
ROI_5,178,20
,,
ROI_5,179,15
,,
ROI_5,180,29
,,
ROI_5,181,17
,,
ROI_5,182,27
,,
ROI_5,183,19
,,
ROI_5,184,18
,,
ROI_5,185,21
,,
ROI_5,186,20
,,
ROI_5,187,19
,,
ROI_5,188,21
,,
ROI_5,189,17
,,
ROI_5,190,16
,,
ROI_5,191,20
,,
ROI_5,192,12
,,
ROI_5,193,18
,,
ROI_5,194,16
,,
ROI_5,195,16
,,
ROI_5,196,13
,,
ROI_5,197,16
,,
ROI_5,198,14
,,
ROI_5,199,12
,,
ROI_5,200,23
,,
ROI_5,201,15
,,
ROI_5,202,12
,,
ROI_5,203,17
,,
ROI_5,204,13
,,
ROI_5,205,15
,,
ROI_5,206,8
,,
ROI_5,207,13
,,
ROI_5,208,13
,,
ROI_5,209,13
,,
ROI_5,210,11
,,
ROI_5,211,17
,,
ROI_5,212,10
,,
ROI_5,213,15
,,
ROI_5,214,17
,,
ROI_5,215,15
,,
ROI_5,216,11
,,
ROI_5,217,13
,,
ROI_5,218,12
,,
ROI_5,219,11
,,
ROI_5,220,15
,,
ROI_5,221,8
,,
ROI_5,222,17
,,
ROI_5,223,5
,,
ROI_5,224,10
,,
ROI_5,225,18
,,
ROI_5,226,12
,,
ROI_5,227,8
,,
ROI_5,228,11
,,
ROI_5,229,5
,,
ROI_5,230,7
,,
ROI_5,231,13
,,
ROI_5,232,13
,,
ROI_5,233,8
,,
ROI_5,234,12
,,
ROI_5,235,7
,,
ROI_5,236,8
,,
ROI_5,237,6
,,
ROI_5,238,7
,,
ROI_5,239,6
,,
ROI_5,240,13
,,
ROI_5,241,7
,,
ROI_5,242,11
,,
ROI_5,243,6
,,
ROI_5,244,10
,,
ROI_5,245,15
,,
ROI_5,246,6
,,
ROI_5,247,14
,,
ROI_5,248,8
,,
ROI_5,249,9
,,
ROI_5,250,9
,,
ROI_5,251,7
,,
ROI_5,252,12
,,
ROI_5,253,5
,,
ROI_5,254,6
,,
ROI_5,255,876
,,
ROI_6,0,5083
,,
ROI_6,1,1464
,,
ROI_6,2,1634
,,
ROI_6,3,1269
,,
ROI_6,4,1102
,,
ROI_6,5,979
,,
ROI_6,6,984
,,
ROI_6,7,1007
,,
ROI_6,8,815
,,
ROI_6,9,784
,,
ROI_6,10,826
,,
ROI_6,11,898
,,
ROI_6,12,824
,,
ROI_6,13,675
,,
ROI_6,14,701
,,
ROI_6,15,714
,,
ROI_6,16,683
,,
ROI_6,17,605
,,
ROI_6,18,563
,,
ROI_6,19,566
,,
ROI_6,20,585
,,
ROI_6,21,489
,,
ROI_6,22,467
,,
ROI_6,23,430
,,
ROI_6,24,441
,,
ROI_6,25,475
,,
ROI_6,26,417
,,
ROI_6,27,379
,,
ROI_6,28,372
,,
ROI_6,29,357
,,
ROI_6,30,399
,,
ROI_6,31,325
,,
ROI_6,32,333
,,
ROI_6,33,329
,,
ROI_6,34,364
,,
ROI_6,35,338
,,
ROI_6,36,275
,,
ROI_6,37,295
,,
ROI_6,38,292
,,
ROI_6,39,285
,,
ROI_6,40,265
,,
ROI_6,41,265
,,
ROI_6,42,231
,,
ROI_6,43,260
,,
ROI_6,44,228
,,
ROI_6,45,209
,,
ROI_6,46,201
,,
ROI_6,47,240
,,
ROI_6,48,189
,,
ROI_6,49,206
,,
ROI_6,50,202
,,
ROI_6,51,168
,,
ROI_6,52,201
,,
ROI_6,53,170
,,
ROI_6,54,177
,,
ROI_6,55,150
,,
ROI_6,56,165
,,
ROI_6,57,159
,,
ROI_6,58,153
,,
ROI_6,59,124
,,
ROI_6,60,130
,,
ROI_6,61,162
,,
ROI_6,62,126
,,
ROI_6,63,142
,,
ROI_6,64,114
,,
ROI_6,65,143
,,
ROI_6,66,113
,,
ROI_6,67,113
,,
ROI_6,68,109
,,
ROI_6,69,120
,,
ROI_6,70,108
,,
ROI_6,71,94
,,
ROI_6,72,94
,,
ROI_6,73,109
,,
ROI_6,74,130
,,
ROI_6,75,89
,,
ROI_6,76,92
,,
ROI_6,77,96
,,
ROI_6,78,97
,,
ROI_6,79,96
,,
ROI_6,80,96
,,
ROI_6,81,87
,,
ROI_6,82,83
,,
ROI_6,83,92
,,
ROI_6,84,72
,,
ROI_6,85,74
,,
ROI_6,86,69
,,
ROI_6,87,60
,,
ROI_6,88,72
,,
ROI_6,89,69
,,
ROI_6,90,65
,,
ROI_6,91,79
,,
ROI_6,92,74
,,
ROI_6,93,67
,,
ROI_6,94,58
,,
ROI_6,95,68
,,
ROI_6,96,71
,,
ROI_6,97,74
,,
ROI_6,98,60
,,
ROI_6,99,69
,,
ROI_6,100,80
,,
ROI_6,101,73
,,
ROI_6,102,53
,,
ROI_6,103,57
,,
ROI_6,104,40
,,
ROI_6,105,48
,,
ROI_6,106,49
,,
ROI_6,107,59
,,
ROI_6,108,51
,,
ROI_6,109,59
,,
ROI_6,110,46
,,
ROI_6,111,52
,,
ROI_6,112,42
,,
ROI_6,113,52
,,
ROI_6,114,45
,,
ROI_6,115,47
,,
ROI_6,116,42
,,
ROI_6,117,50
,,
ROI_6,118,35
,,
ROI_6,119,56
,,
ROI_6,120,41
,,
ROI_6,121,50
,,
ROI_6,122,42
,,
ROI_6,123,45
,,
ROI_6,124,51
,,
ROI_6,125,44
,,
ROI_6,126,50
,,
ROI_6,127,36
,,
ROI_6,128,37
,,
ROI_6,129,37
,,
ROI_6,130,29
,,
ROI_6,131,23
,,
ROI_6,132,42
,,
ROI_6,133,36
,,
ROI_6,134,27
,,
ROI_6,135,45
,,
ROI_6,136,33
,,
ROI_6,137,37
,,
ROI_6,138,31
,,
ROI_6,139,31
,,
ROI_6,140,36
,,
ROI_6,141,34
,,
ROI_6,142,30
,,
ROI_6,143,31
,,
ROI_6,144,30
,,
ROI_6,145,31
,,
ROI_6,146,33
,,
ROI_6,147,25
,,
ROI_6,148,28
,,
ROI_6,149,26
,,
ROI_6,150,43
,,
ROI_6,151,30
,,
ROI_6,152,29
,,
ROI_6,153,19
,,
ROI_6,154,23
,,
ROI_6,155,33
,,
ROI_6,156,16
,,
ROI_6,157,35
,,
ROI_6,158,26
,,
ROI_6,159,23
,,
ROI_6,160,24
,,
ROI_6,161,28
,,
ROI_6,162,34
,,
ROI_6,163,34
,,
ROI_6,164,26
,,
ROI_6,165,16
,,
ROI_6,166,17
,,
ROI_6,167,14
,,
ROI_6,168,20
,,
ROI_6,169,26
,,
ROI_6,170,18
,,
ROI_6,171,11
,,
ROI_6,172,22
,,
ROI_6,173,28
,,
ROI_6,174,22
,,
ROI_6,175,16
,,
ROI_6,176,20
,,
ROI_6,177,22
,,
ROI_6,178,13
,,
ROI_6,179,16
,,
ROI_6,180,14
,,
ROI_6,181,18
,,
ROI_6,182,19
,,
ROI_6,183,11
,,
ROI_6,184,14
,,
ROI_6,185,12
,,
ROI_6,186,25
,,
ROI_6,187,16
,,
ROI_6,188,12
,,
ROI_6,189,14
,,
ROI_6,190,9
,,
ROI_6,191,16
,,
ROI_6,192,15
,,
ROI_6,193,11
,,
ROI_6,194,14
,,
ROI_6,195,26
,,
ROI_6,196,7
,,
ROI_6,197,12
,,
ROI_6,198,13
,,
ROI_6,199,10
,,
ROI_6,200,9
,,
ROI_6,201,8
,,
ROI_6,202,9
,,
ROI_6,203,11
,,
ROI_6,204,17
,,
ROI_6,205,15
,,
ROI_6,206,7
,,
ROI_6,207,4
,,
ROI_6,208,14
,,
ROI_6,209,10
,,
ROI_6,210,10
,,
ROI_6,211,8
,,
ROI_6,212,3
,,
ROI_6,213,6
,,
ROI_6,214,13
,,
ROI_6,215,16
,,
ROI_6,216,9
,,
ROI_6,217,11
,,
ROI_6,218,6
,,
ROI_6,219,11
,,
ROI_6,220,8
,,
ROI_6,221,9
,,
ROI_6,222,11
,,
ROI_6,223,8
,,
ROI_6,224,14
,,
ROI_6,225,10
,,
ROI_6,226,7
,,
ROI_6,227,10
,,
ROI_6,228,10
,,
ROI_6,229,11
,,
ROI_6,230,9
,,
ROI_6,231,7
,,
ROI_6,232,7
,,
ROI_6,233,9
,,
ROI_6,234,4
,,
ROI_6,235,10
,,
ROI_6,236,5
,,
ROI_6,237,13
,,
ROI_6,238,2
,,
ROI_6,239,6
,,
ROI_6,240,9
,,
ROI_6,241,6
,,
ROI_6,242,5
,,
ROI_6,243,5
,,
ROI_6,244,5
,,
ROI_6,245,12
,,
ROI_6,246,5
,,
ROI_6,247,6
,,
ROI_6,248,5
,,
ROI_6,249,6
,,
ROI_6,250,3
,,
ROI_6,251,3
,,
ROI_6,252,6
,,
ROI_6,253,6
,,
ROI_6,254,6
,,
ROI_6,255,329
,,
ROI_7,0,3062
,,
ROI_7,1,651
,,
ROI_7,2,574
,,
ROI_7,3,439
,,
ROI_7,4,384
,,
ROI_7,5,310
,,
ROI_7,6,314
,,
ROI_7,7,337
,,
ROI_7,8,274
,,
ROI_7,9,313
,,
ROI_7,10,256
,,
ROI_7,11,318
,,
ROI_7,12,329
,,
ROI_7,13,294
,,
ROI_7,14,308
,,
ROI_7,15,287
,,
ROI_7,16,303
,,
ROI_7,17,258
,,
ROI_7,18,248
,,
ROI_7,19,258
,,
ROI_7,20,276
,,
ROI_7,21,221
,,
ROI_7,22,231
,,
ROI_7,23,209
,,
ROI_7,24,209
,,
ROI_7,25,249
,,
ROI_7,26,190
,,
ROI_7,27,185
,,
ROI_7,28,191
,,
ROI_7,29,177
,,
ROI_7,30,184
,,
ROI_7,31,168
,,
ROI_7,32,159
,,
ROI_7,33,178
,,
ROI_7,34,161
,,
ROI_7,35,149
,,
ROI_7,36,139
,,
ROI_7,37,121
,,
ROI_7,38,156
,,
ROI_7,39,136
,,
ROI_7,40,127
,,
ROI_7,41,126
,,
ROI_7,42,108
,,
ROI_7,43,144
,,
ROI_7,44,128
,,
ROI_7,45,127
,,
ROI_7,46,126
,,
ROI_7,47,140
,,
ROI_7,48,126
,,
ROI_7,49,126
,,
ROI_7,50,96
,,
ROI_7,51,115
,,
ROI_7,52,132
,,
ROI_7,53,105
,,
ROI_7,54,125
,,
ROI_7,55,101
,,
ROI_7,56,132
,,
ROI_7,57,102
,,
ROI_7,58,107
,,
ROI_7,59,117
,,
ROI_7,60,105
,,
ROI_7,61,103
,,
ROI_7,62,81
,,
ROI_7,63,96
,,
ROI_7,64,101
,,
ROI_7,65,113
,,
ROI_7,66,91
,,
ROI_7,67,98
,,
ROI_7,68,94
,,
ROI_7,69,87
,,
ROI_7,70,95
,,
ROI_7,71,97
,,
ROI_7,72,85
,,
ROI_7,73,75
,,
ROI_7,74,82
,,
ROI_7,75,80
,,
ROI_7,76,74
,,
ROI_7,77,80
,,
ROI_7,78,59
,,
ROI_7,79,82
,,
ROI_7,80,71
,,
ROI_7,81,47
,,
ROI_7,82,86
,,
ROI_7,83,98
,,
ROI_7,84,58
,,
ROI_7,85,68
,,
ROI_7,86,64
,,
ROI_7,87,75
,,
ROI_7,88,70
,,
ROI_7,89,70
,,
ROI_7,90,73
,,
ROI_7,91,50
,,
ROI_7,92,76
,,
ROI_7,93,53
,,
ROI_7,94,48
,,
ROI_7,95,61
,,
ROI_7,96,58
,,
ROI_7,97,61
,,
ROI_7,98,48
,,
ROI_7,99,51
,,
ROI_7,100,45
,,
ROI_7,101,55
,,
ROI_7,102,61
,,
ROI_7,103,68
,,
ROI_7,104,62
,,
ROI_7,105,50
,,
ROI_7,106,69
,,
ROI_7,107,55
,,
ROI_7,108,50
,,
ROI_7,109,47
,,
ROI_7,110,55
,,
ROI_7,111,44
,,
ROI_7,112,44
,,
ROI_7,113,41
,,
ROI_7,114,39
,,
ROI_7,115,46
,,
ROI_7,116,44
,,
ROI_7,117,53
,,
ROI_7,118,44
,,
ROI_7,119,46
,,
ROI_7,120,34
,,
ROI_7,121,41
,,
ROI_7,122,38
,,
ROI_7,123,34
,,
ROI_7,124,37
,,
ROI_7,125,33
,,
ROI_7,126,33
,,
ROI_7,127,28
,,
ROI_7,128,39
,,
ROI_7,129,24
,,
ROI_7,130,45
,,
ROI_7,131,29
,,
ROI_7,132,30
,,
ROI_7,133,32
,,
ROI_7,134,32
,,
ROI_7,135,26
,,
ROI_7,136,42
,,
ROI_7,137,27
,,
ROI_7,138,36
,,
ROI_7,139,31
,,
ROI_7,140,25
,,
ROI_7,141,37
,,
ROI_7,142,25
,,
ROI_7,143,26
,,
ROI_7,144,21
,,
ROI_7,145,30
,,
ROI_7,146,30
,,
ROI_7,147,24
,,
ROI_7,148,19
,,
ROI_7,149,16
,,
ROI_7,150,12
,,
ROI_7,151,16
,,
ROI_7,152,22
,,
ROI_7,153,20
,,
ROI_7,154,24
,,
ROI_7,155,29
,,
ROI_7,156,25
,,
ROI_7,157,18
,,
ROI_7,158,26
,,
ROI_7,159,25
,,
ROI_7,160,19
,,
ROI_7,161,21
,,
ROI_7,162,16
,,
ROI_7,163,25
,,
ROI_7,164,22
,,
ROI_7,165,19
,,
ROI_7,166,17
,,
ROI_7,167,19
,,
ROI_7,168,23
,,
ROI_7,169,13
,,
ROI_7,170,20
,,
ROI_7,171,19
,,
ROI_7,172,14
,,
ROI_7,173,20
,,
ROI_7,174,17
,,
ROI_7,175,22
,,
ROI_7,176,13
,,
ROI_7,177,15
,,
ROI_7,178,18
,,
ROI_7,179,21
,,
ROI_7,180,18
,,
ROI_7,181,9
,,
ROI_7,182,16
,,
ROI_7,183,16
,,
ROI_7,184,15
,,
ROI_7,185,15
,,
ROI_7,186,15
,,
ROI_7,187,16
,,
ROI_7,188,11
,,
ROI_7,189,11
,,
ROI_7,190,13
,,
ROI_7,191,15
,,
ROI_7,192,15
,,
ROI_7,193,12
,,
ROI_7,194,16
,,
ROI_7,195,12
,,
ROI_7,196,5
,,
ROI_7,197,12
,,
ROI_7,198,8
,,
ROI_7,199,11
,,
ROI_7,200,13
,,
ROI_7,201,10
,,
ROI_7,202,12
,,
ROI_7,203,10
,,
ROI_7,204,14
,,
ROI_7,205,7
,,
ROI_7,206,7
,,
ROI_7,207,9
,,
ROI_7,208,10
,,
ROI_7,209,14
,,
ROI_7,210,5
,,
ROI_7,211,8
,,
ROI_7,212,6
,,
ROI_7,213,9
,,
ROI_7,214,9
,,
ROI_7,215,11
,,
ROI_7,216,6
,,
ROI_7,217,16
,,
ROI_7,218,6
,,
ROI_7,219,12
,,
ROI_7,220,8
,,
ROI_7,221,9
,,
ROI_7,222,13
,,
ROI_7,223,7
,,
ROI_7,224,9
,,
ROI_7,225,5
,,
ROI_7,226,6
,,
ROI_7,227,10
,,
ROI_7,228,9
,,
ROI_7,229,4
,,
ROI_7,230,3
,,
ROI_7,231,5
,,
ROI_7,232,2
,,
ROI_7,233,3
,,
ROI_7,234,5
,,
ROI_7,235,10
,,
ROI_7,236,4
,,
ROI_7,237,5
,,
ROI_7,238,3
,,
ROI_7,239,4
,,
ROI_7,240,8
,,
ROI_7,241,5
,,
ROI_7,242,4
,,
ROI_7,243,4
,,
ROI_7,244,8
,,
ROI_7,245,7
,,
ROI_7,246,7
,,
ROI_7,247,4
,,
ROI_7,248,5
,,
ROI_7,249,10
,,
ROI_7,250,5
,,
ROI_7,251,3
,,
ROI_7,252,3
,,
ROI_7,253,8
,,
ROI_7,254,6
,,
ROI_7,255,287
,,
ROI_8,0,399
,,
ROI_8,1,118
,,
ROI_8,2,122
,,
ROI_8,3,93
,,
ROI_8,4,94
,,
ROI_8,5,88
,,
ROI_8,6,87
,,
ROI_8,7,103
,,
ROI_8,8,85
,,
ROI_8,9,90
,,
ROI_8,10,99
,,
ROI_8,11,90
,,
ROI_8,12,81
,,
ROI_8,13,80
,,
ROI_8,14,67
,,
ROI_8,15,75
,,
ROI_8,16,84
,,
ROI_8,17,81
,,
ROI_8,18,61
,,
ROI_8,19,67
,,
ROI_8,20,90
,,
ROI_8,21,66
,,
ROI_8,22,76
,,
ROI_8,23,73
,,
ROI_8,24,88
,,
ROI_8,25,79
,,
ROI_8,26,64
,,
ROI_8,27,60
,,
ROI_8,28,69
,,
ROI_8,29,75
,,
ROI_8,30,89
,,
ROI_8,31,82
,,
ROI_8,32,69
,,
ROI_8,33,53
,,
ROI_8,34,67
,,
ROI_8,35,58
,,
ROI_8,36,65
,,
ROI_8,37,59
,,
ROI_8,38,66
,,
ROI_8,39,56
,,
ROI_8,40,62
,,
ROI_8,41,46
,,
ROI_8,42,47
,,
ROI_8,43,69
,,
ROI_8,44,59
,,
ROI_8,45,65
,,
ROI_8,46,59
,,
ROI_8,47,56
,,
ROI_8,48,41
,,
ROI_8,49,35
,,
ROI_8,50,44
,,
ROI_8,51,53
,,
ROI_8,52,59
,,
ROI_8,53,53
,,
ROI_8,54,40
,,
ROI_8,55,47
,,
ROI_8,56,45
,,
ROI_8,57,40
,,
ROI_8,58,27
,,
ROI_8,59,43
,,
ROI_8,60,39
,,
ROI_8,61,36
,,
ROI_8,62,39
,,
ROI_8,63,44
,,
ROI_8,64,38
,,
ROI_8,65,49
,,
ROI_8,66,36
,,
ROI_8,67,45
,,
ROI_8,68,30
,,
ROI_8,69,32
,,
ROI_8,70,50
,,
ROI_8,71,39
,,
ROI_8,72,35
,,
ROI_8,73,22
,,
ROI_8,74,27
,,
ROI_8,75,34
,,
ROI_8,76,25
,,
ROI_8,77,30
,,
ROI_8,78,40
,,
ROI_8,79,37
,,
ROI_8,80,32
,,
ROI_8,81,34
,,
ROI_8,82,38
,,
ROI_8,83,33
,,
ROI_8,84,22
,,
ROI_8,85,27
,,
ROI_8,86,29
,,
ROI_8,87,31
,,
ROI_8,88,29
,,
ROI_8,89,35
,,
ROI_8,90,29
,,
ROI_8,91,29
,,
ROI_8,92,31
,,
ROI_8,93,34
,,
ROI_8,94,34
,,
ROI_8,95,19
,,
ROI_8,96,25
,,
ROI_8,97,23
,,
ROI_8,98,27
,,
ROI_8,99,24
,,
ROI_8,100,28
,,
ROI_8,101,31
,,
ROI_8,102,26
,,
ROI_8,103,17
,,
ROI_8,104,17
,,
ROI_8,105,20
,,
ROI_8,106,29
,,
ROI_8,107,26
,,
ROI_8,108,27
,,
ROI_8,109,22
,,
ROI_8,110,28
,,
ROI_8,111,21
,,
ROI_8,112,24
,,
ROI_8,113,18
,,
ROI_8,114,18
,,
ROI_8,115,28
,,
ROI_8,116,24
,,
ROI_8,117,25
,,
ROI_8,118,19
,,
ROI_8,119,24
,,
ROI_8,120,19
,,
ROI_8,121,24
,,
ROI_8,122,21
,,
ROI_8,123,21
,,
ROI_8,124,28
,,
ROI_8,125,18
,,
ROI_8,126,21
,,
ROI_8,127,15
,,
ROI_8,128,24
,,
ROI_8,129,17
,,
ROI_8,130,17
,,
ROI_8,131,13
,,
ROI_8,132,30
,,
ROI_8,133,17
,,
ROI_8,134,24
,,
ROI_8,135,22
,,
ROI_8,136,15
,,
ROI_8,137,22
,,
ROI_8,138,10
,,
ROI_8,139,10
,,
ROI_8,140,13
,,
ROI_8,141,20
,,
ROI_8,142,19
,,
ROI_8,143,17
,,
ROI_8,144,10
,,
ROI_8,145,10
,,
ROI_8,146,15
,,
ROI_8,147,16
,,
ROI_8,148,17
,,
ROI_8,149,20
,,
ROI_8,150,20
,,
ROI_8,151,16
,,
ROI_8,152,15
,,
ROI_8,153,16
,,
ROI_8,154,17
,,
ROI_8,155,29
,,
ROI_8,156,19
,,
ROI_8,157,19
,,
ROI_8,158,16
,,
ROI_8,159,21
,,
ROI_8,160,15
,,
ROI_8,161,13
,,
ROI_8,162,14
,,
ROI_8,163,14
,,
ROI_8,164,22
,,
ROI_8,165,14
,,
ROI_8,166,18
,,
ROI_8,167,13
,,
ROI_8,168,20
,,
ROI_8,169,16
,,
ROI_8,170,16
,,
ROI_8,171,13
,,
ROI_8,172,19
,,
ROI_8,173,17
,,
ROI_8,174,8
,,
ROI_8,175,15
,,
ROI_8,176,13
,,
ROI_8,177,14
,,
ROI_8,178,11
,,
ROI_8,179,10
,,
ROI_8,180,13
,,
ROI_8,181,11
,,
ROI_8,182,13
,,
ROI_8,183,13
,,
ROI_8,184,12
,,
ROI_8,185,13
,,
ROI_8,186,19
,,
ROI_8,187,11
,,
ROI_8,188,12
,,
ROI_8,189,9
,,
ROI_8,190,11
,,
ROI_8,191,15
,,
ROI_8,192,7
,,
ROI_8,193,6
,,
ROI_8,194,12
,,
ROI_8,195,11
,,
ROI_8,196,11
,,
ROI_8,197,10
,,
ROI_8,198,8
,,
ROI_8,199,11
,,
ROI_8,200,8
,,
ROI_8,201,11
,,
ROI_8,202,12
,,
ROI_8,203,9
,,
ROI_8,204,5
,,
ROI_8,205,10
,,
ROI_8,206,13
,,
ROI_8,207,10
,,
ROI_8,208,6
,,
ROI_8,209,7
,,
ROI_8,210,8
,,
ROI_8,211,6
,,
ROI_8,212,8
,,
ROI_8,213,11
,,
ROI_8,214,9
,,
ROI_8,215,9
,,
ROI_8,216,6
,,
ROI_8,217,9
,,
ROI_8,218,12
,,
ROI_8,219,11
,,
ROI_8,220,6
,,
ROI_8,221,6
,,
ROI_8,222,7
,,
ROI_8,223,5
,,
ROI_8,224,7
,,
ROI_8,225,6
,,
ROI_8,226,9
,,
ROI_8,227,5
,,
ROI_8,228,5
,,
ROI_8,229,5
,,
ROI_8,230,12
,,
ROI_8,231,10
,,
ROI_8,232,9
,,
ROI_8,233,8
,,
ROI_8,234,8
,,
ROI_8,235,9
,,
ROI_8,236,7
,,
ROI_8,237,8
,,
ROI_8,238,11
,,
ROI_8,239,3
,,
ROI_8,240,4
,,
ROI_8,241,4
,,
ROI_8,242,8
,,
ROI_8,243,10
,,
ROI_8,244,4
,,
ROI_8,245,6
,,
ROI_8,246,6
,,
ROI_8,247,4
,,
ROI_8,248,5
,,
ROI_8,249,7
,,
ROI_8,250,5
,,
ROI_8,251,5
,,
ROI_8,252,5
,,
ROI_8,253,8
,,
ROI_8,254,6
,,
ROI_8,255,586
,,
ROI_9,0,7023
,,
ROI_9,1,765
,,
ROI_9,2,614
,,
ROI_9,3,377
,,
ROI_9,4,285
,,
ROI_9,5,220
,,
ROI_9,6,211
,,
ROI_9,7,207
,,
ROI_9,8,187
,,
ROI_9,9,173
,,
ROI_9,10,171
,,
ROI_9,11,179
,,
ROI_9,12,152
,,
ROI_9,13,139
,,
ROI_9,14,130
,,
ROI_9,15,149
,,
ROI_9,16,142
,,
ROI_9,17,116
,,
ROI_9,18,128
,,
ROI_9,19,129
,,
ROI_9,20,129
,,
ROI_9,21,92
,,
ROI_9,22,111
,,
ROI_9,23,96
,,
ROI_9,24,102
,,
ROI_9,25,109
,,
ROI_9,26,81
,,
ROI_9,27,92
,,
ROI_9,28,83
,,
ROI_9,29,110
,,
ROI_9,30,88
,,
ROI_9,31,87
,,
ROI_9,32,71
,,
ROI_9,33,92
,,
ROI_9,34,87
,,
ROI_9,35,86
,,
ROI_9,36,63
,,
ROI_9,37,78
,,
ROI_9,38,88
,,
ROI_9,39,63
,,
ROI_9,40,59
,,
ROI_9,41,70
,,
ROI_9,42,66
,,
ROI_9,43,69
,,
ROI_9,44,62
,,
ROI_9,45,71
,,
ROI_9,46,57
,,
ROI_9,47,69
,,
ROI_9,48,45
,,
ROI_9,49,51
,,
ROI_9,50,47
,,
ROI_9,51,59
,,
ROI_9,52,65
,,
ROI_9,53,65
,,
ROI_9,54,59
,,
ROI_9,55,57
,,
ROI_9,56,64
,,
ROI_9,57,45
,,
ROI_9,58,52
,,
ROI_9,59,55
,,
ROI_9,60,46
,,
ROI_9,61,50
,,
ROI_9,62,49
,,
ROI_9,63,47
,,
ROI_9,64,43
,,
ROI_9,65,57
,,
ROI_9,66,37
,,
ROI_9,67,49
,,
ROI_9,68,51
,,
ROI_9,69,26
,,
ROI_9,70,45
,,
ROI_9,71,30
,,
ROI_9,72,43
,,
ROI_9,73,45
,,
ROI_9,74,49
,,
ROI_9,75,38
,,
ROI_9,76,37
,,
ROI_9,77,28
,,
ROI_9,78,32
,,
ROI_9,79,40
,,
ROI_9,80,28
,,
ROI_9,81,36
,,
ROI_9,82,28
,,
ROI_9,83,34
,,
ROI_9,84,30
,,
ROI_9,85,35
,,
ROI_9,86,31
,,
ROI_9,87,36
,,
ROI_9,88,33
,,
ROI_9,89,22
,,
ROI_9,90,27
,,
ROI_9,91,21
,,
ROI_9,92,25
,,
ROI_9,93,40
,,
ROI_9,94,29
,,
ROI_9,95,25
,,
ROI_9,96,22
,,
ROI_9,97,24
,,
ROI_9,98,26
,,
ROI_9,99,31
,,
ROI_9,100,23
,,
ROI_9,101,20
,,
ROI_9,102,24
,,
ROI_9,103,33
,,
ROI_9,104,31
,,
ROI_9,105,29
,,
ROI_9,106,29
,,
ROI_9,107,40
,,
ROI_9,108,26
,,
ROI_9,109,25
,,
ROI_9,110,36
,,
ROI_9,111,29
,,
ROI_9,112,29
,,
ROI_9,113,22
,,
ROI_9,114,19
,,
ROI_9,115,25
,,
ROI_9,116,19
,,
ROI_9,117,25
,,
ROI_9,118,20
,,
ROI_9,119,18
,,
ROI_9,120,18
,,
ROI_9,121,24
,,
ROI_9,122,21
,,
ROI_9,123,15
,,
ROI_9,124,27
,,
ROI_9,125,18
,,
ROI_9,126,15
,,
ROI_9,127,18
,,
ROI_9,128,21
,,
ROI_9,129,19
,,
ROI_9,130,20
,,
ROI_9,131,30
,,
ROI_9,132,18
,,
ROI_9,133,15
,,
ROI_9,134,19
,,
ROI_9,135,15
,,
ROI_9,136,20
,,
ROI_9,137,22
,,
ROI_9,138,18
,,
ROI_9,139,21
,,
ROI_9,140,19
,,
ROI_9,141,28
,,
ROI_9,142,12
,,
ROI_9,143,10
,,
ROI_9,144,19
,,
ROI_9,145,22
,,
ROI_9,146,25
,,
ROI_9,147,24
,,
ROI_9,148,26
,,
ROI_9,149,16
,,
ROI_9,150,17
,,
ROI_9,151,19
,,
ROI_9,152,15
,,
ROI_9,153,23
,,
ROI_9,154,19
,,
ROI_9,155,21
,,
ROI_9,156,20
,,
ROI_9,157,18
,,
ROI_9,158,16
,,
ROI_9,159,17
,,
ROI_9,160,12
,,
ROI_9,161,17
,,
ROI_9,162,16
,,
ROI_9,163,22
,,
ROI_9,164,11
,,
ROI_9,165,22
,,
ROI_9,166,16
,,
ROI_9,167,15
,,
ROI_9,168,20
,,
ROI_9,169,12
,,
ROI_9,170,12
,,
ROI_9,171,15
,,
ROI_9,172,10
,,
ROI_9,173,20
,,
ROI_9,174,17
,,
ROI_9,175,16
,,
ROI_9,176,20
,,
ROI_9,177,10
,,
ROI_9,178,11
,,
ROI_9,179,10
,,
ROI_9,180,10
,,
ROI_9,181,11
,,
ROI_9,182,17
,,
ROI_9,183,18
,,
ROI_9,184,10
,,
ROI_9,185,12
,,
ROI_9,186,15
,,
ROI_9,187,10
,,
ROI_9,188,15
,,
ROI_9,189,10
,,
ROI_9,190,9
,,
ROI_9,191,8
,,
ROI_9,192,13
,,
ROI_9,193,17
,,
ROI_9,194,11
,,
ROI_9,195,8
,,
ROI_9,196,12
,,
ROI_9,197,13
,,
ROI_9,198,6
,,
ROI_9,199,5
,,
ROI_9,200,7
,,
ROI_9,201,11
,,
ROI_9,202,14
,,
ROI_9,203,9
,,
ROI_9,204,12
,,
ROI_9,205,3
,,
ROI_9,206,8
,,
ROI_9,207,7
,,
ROI_9,208,14
,,
ROI_9,209,13
,,
ROI_9,210,10
,,
ROI_9,211,10
,,
ROI_9,212,11
,,
ROI_9,213,9
,,
ROI_9,214,12
,,
ROI_9,215,5
,,
ROI_9,216,11
,,
ROI_9,217,6
,,
ROI_9,218,8
,,
ROI_9,219,6
,,
ROI_9,220,12
,,
ROI_9,221,5
,,
ROI_9,222,11
,,
ROI_9,223,8
,,
ROI_9,224,9
,,
ROI_9,225,9
,,
ROI_9,226,12
,,
ROI_9,227,4
,,
ROI_9,228,12
,,
ROI_9,229,9
,,
ROI_9,230,7
,,
ROI_9,231,7
,,
ROI_9,232,6
,,
ROI_9,233,5
,,
ROI_9,234,11
,,
ROI_9,235,3
,,
ROI_9,236,6
,,
ROI_9,237,4
,,
ROI_9,238,5
,,
ROI_9,239,7
,,
ROI_9,240,6
,,
ROI_9,241,7
,,
ROI_9,242,5
,,
ROI_9,243,4
,,
ROI_9,244,11
,,
ROI_9,245,5
,,
ROI_9,246,7
,,
ROI_9,247,6
,,
ROI_9,248,8
,,
ROI_9,249,6
,,
ROI_9,250,3
,,
ROI_9,251,9
,,
ROI_9,252,0
,,
ROI_9,253,2
,,
ROI_9,254,3
,,
ROI_9,255,582
,,
ROI_10,0,2917
,,
ROI_10,1,801
,,
ROI_10,2,721
,,
ROI_10,3,504
,,
ROI_10,4,441
,,
ROI_10,5,411
,,
ROI_10,6,344
,,
ROI_10,7,366
,,
ROI_10,8,316
,,
ROI_10,9,275
,,
ROI_10,10,268
,,
ROI_10,11,293
,,
ROI_10,12,293
,,
ROI_10,13,297
,,
ROI_10,14,282
,,
ROI_10,15,259
,,
ROI_10,16,247
,,
ROI_10,17,273
,,
ROI_10,18,233
,,
ROI_10,19,214
,,
ROI_10,20,242
,,
ROI_10,21,210
,,
ROI_10,22,181
,,
ROI_10,23,205
,,
ROI_10,24,208
,,
ROI_10,25,215
,,
ROI_10,26,198
,,
ROI_10,27,207
,,
ROI_10,28,197
,,
ROI_10,29,220
,,
ROI_10,30,181
,,
ROI_10,31,215
,,
ROI_10,32,190
,,
ROI_10,33,192
,,
ROI_10,34,199
,,
ROI_10,35,165
,,
ROI_10,36,202
,,
ROI_10,37,170
,,
ROI_10,38,210
,,
ROI_10,39,151
,,
ROI_10,40,169
,,
ROI_10,41,165
,,
ROI_10,42,139
,,
ROI_10,43,204
,,
ROI_10,44,173
,,
ROI_10,45,173
,,
ROI_10,46,149
,,
ROI_10,47,163
,,
ROI_10,48,150
,,
ROI_10,49,142
,,
ROI_10,50,147
,,
ROI_10,51,139
,,
ROI_10,52,178
,,
ROI_10,53,144
,,
ROI_10,54,154
,,
ROI_10,55,145
,,
ROI_10,56,153
,,
ROI_10,57,146
,,
ROI_10,58,130
,,
ROI_10,59,131
,,
ROI_10,60,121
,,
ROI_10,61,135
,,
ROI_10,62,127
,,
ROI_10,63,122
,,
ROI_10,64,121
,,
ROI_10,65,140
,,
ROI_10,66,110
,,
ROI_10,67,133
,,
ROI_10,68,112
,,
ROI_10,69,135
,,
ROI_10,70,114
,,
ROI_10,71,118
,,
ROI_10,72,91
,,
ROI_10,73,85
,,
ROI_10,74,112
,,
ROI_10,75,114
,,
ROI_10,76,104
,,
ROI_10,77,106
,,
ROI_10,78,99
,,
ROI_10,79,119
,,
ROI_10,80,110
,,
ROI_10,81,117
,,
ROI_10,82,96
,,
ROI_10,83,102
,,
ROI_10,84,90
,,
ROI_10,85,100
,,
ROI_10,86,104
,,
ROI_10,87,94
,,
ROI_10,88,100
,,
ROI_10,89,75
,,
ROI_10,90,82
,,
ROI_10,91,67
,,
ROI_10,92,88
,,
ROI_10,93,98
,,
ROI_10,94,86
,,
ROI_10,95,79
,,
ROI_10,96,67
,,
ROI_10,97,88
,,
ROI_10,98,67
,,
ROI_10,99,85
,,
ROI_10,100,78
,,
ROI_10,101,96
,,
ROI_10,102,82
,,
ROI_10,103,83
,,
ROI_10,104,91
,,
ROI_10,105,64
,,
ROI_10,106,74
,,
ROI_10,107,60
,,
ROI_10,108,73
,,
ROI_10,109,65
,,
ROI_10,110,68
,,
ROI_10,111,65
,,
ROI_10,112,62
,,
ROI_10,113,77
,,
ROI_10,114,48
,,
ROI_10,115,69
,,
ROI_10,116,67
,,
ROI_10,117,55
,,
ROI_10,118,44
,,
ROI_10,119,80
,,
ROI_10,120,53
,,
ROI_10,121,69
,,
ROI_10,122,70
,,
ROI_10,123,63
,,
ROI_10,124,59
,,
ROI_10,125,80
,,
ROI_10,126,54
,,
ROI_10,127,51
,,
ROI_10,128,57
,,
ROI_10,129,54
,,
ROI_10,130,70
,,
ROI_10,131,54
,,
ROI_10,132,52
,,
ROI_10,133,62
,,
ROI_10,134,55
,,
ROI_10,135,50
,,
ROI_10,136,56
,,
ROI_10,137,52
,,
ROI_10,138,45
,,
ROI_10,139,32
,,
ROI_10,140,41
,,
ROI_10,141,48
,,
ROI_10,142,43
,,
ROI_10,143,38
,,
ROI_10,144,41
,,
ROI_10,145,44
,,
ROI_10,146,53
,,
ROI_10,147,36
,,
ROI_10,148,38
,,
ROI_10,149,47
,,
ROI_10,150,53
,,
ROI_10,151,36
,,
ROI_10,152,31
,,
ROI_10,153,50
,,
ROI_10,154,47
,,
ROI_10,155,47
,,
ROI_10,156,41
,,
ROI_10,157,48
,,
ROI_10,158,47
,,
ROI_10,159,44
,,
ROI_10,160,47
,,
ROI_10,161,35
,,
ROI_10,162,35
,,
ROI_10,163,38
,,
ROI_10,164,37
,,
ROI_10,165,35
,,
ROI_10,166,42
,,
ROI_10,167,40
,,
ROI_10,168,46
,,
ROI_10,169,41
,,
ROI_10,170,24
,,
ROI_10,171,31
,,
ROI_10,172,33
,,
ROI_10,173,35
,,
ROI_10,174,35
,,
ROI_10,175,26
,,
ROI_10,176,28
,,
ROI_10,177,35
,,
ROI_10,178,25
,,
ROI_10,179,38
,,
ROI_10,180,35
,,
ROI_10,181,39
,,
ROI_10,182,44
,,
ROI_10,183,21
,,
ROI_10,184,27
,,
ROI_10,185,28
,,
ROI_10,186,27
,,
ROI_10,187,26
,,
ROI_10,188,27
,,
ROI_10,189,30
,,
ROI_10,190,31
,,
ROI_10,191,34
,,
ROI_10,192,23
,,
ROI_10,193,26
,,
ROI_10,194,37
,,
ROI_10,195,31
,,
ROI_10,196,25
,,
ROI_10,197,20
,,
ROI_10,198,20
,,
ROI_10,199,22
,,
ROI_10,200,26
,,
ROI_10,201,24
,,
ROI_10,202,26
,,
ROI_10,203,15
,,
ROI_10,204,26
,,
ROI_10,205,17
,,
ROI_10,206,23
,,
ROI_10,207,27
,,
ROI_10,208,28
,,
ROI_10,209,36
,,
ROI_10,210,16
,,
ROI_10,211,30
,,
ROI_10,212,28
,,
ROI_10,213,30
,,
ROI_10,214,16
,,
ROI_10,215,22
,,
ROI_10,216,19
,,
ROI_10,217,24
,,
ROI_10,218,21
,,
ROI_10,219,24
,,
ROI_10,220,22
,,
ROI_10,221,32
,,
ROI_10,222,20
,,
ROI_10,223,22
,,
ROI_10,224,17
,,
ROI_10,225,23
,,
ROI_10,226,24
,,
ROI_10,227,24
,,
ROI_10,228,16
,,
ROI_10,229,16
,,
ROI_10,230,20
,,
ROI_10,231,21
,,
ROI_10,232,21
,,
ROI_10,233,16
,,
ROI_10,234,13
,,
ROI_10,235,22
,,
ROI_10,236,22
,,
ROI_10,237,14
,,
ROI_10,238,20
,,
ROI_10,239,15
,,
ROI_10,240,25
,,
ROI_10,241,15
,,
ROI_10,242,17
,,
ROI_10,243,13
,,
ROI_10,244,16
,,
ROI_10,245,24
,,
ROI_10,246,18
,,
ROI_10,247,9
,,
ROI_10,248,15
,,
ROI_10,249,19
,,
ROI_10,250,11
,,
ROI_10,251,11
,,
ROI_10,252,16
,,
ROI_10,253,16
,,
ROI_10,254,10
,,
ROI_10,255,1305
,,
ROI_11,0,2753
,,
ROI_11,1,711
,,
ROI_11,2,561
,,
ROI_11,3,450
,,
ROI_11,4,407
,,
ROI_11,5,337
,,
ROI_11,6,371
,,
ROI_11,7,344
,,
ROI_11,8,316
,,
ROI_11,9,335
,,
ROI_11,10,328
,,
ROI_11,11,332
,,
ROI_11,12,343
,,
ROI_11,13,306
,,
ROI_11,14,281
,,
ROI_11,15,293
,,
ROI_11,16,315
,,
ROI_11,17,292
,,
ROI_11,18,244
,,
ROI_11,19,277
,,
ROI_11,20,289
,,
ROI_11,21,228
,,
ROI_11,22,257
,,
ROI_11,23,197
,,
ROI_11,24,225
,,
ROI_11,25,252
,,
ROI_11,26,200
,,
ROI_11,27,179
,,
ROI_11,28,214
,,
ROI_11,29,200
,,
ROI_11,30,176
,,
ROI_11,31,177
,,
ROI_11,32,206
,,
ROI_11,33,172
,,
ROI_11,34,193
,,
ROI_11,35,160
,,
ROI_11,36,175
,,
ROI_11,37,188
,,
ROI_11,38,197
,,
ROI_11,39,171
,,
ROI_11,40,156
,,
ROI_11,41,174
,,
ROI_11,42,162
,,
ROI_11,43,212
,,
ROI_11,44,139
,,
ROI_11,45,163
,,
ROI_11,46,170
,,
ROI_11,47,161
,,
ROI_11,48,135
,,
ROI_11,49,137
,,
ROI_11,50,134
,,
ROI_11,51,140
,,
ROI_11,52,157
,,
ROI_11,53,133
,,
ROI_11,54,125
,,
ROI_11,55,114
,,
ROI_11,56,150
,,
ROI_11,57,135
,,
ROI_11,58,113
,,
ROI_11,59,89
,,
ROI_11,60,104
,,
ROI_11,61,129
,,
ROI_11,62,122
,,
ROI_11,63,97
,,
ROI_11,64,110
,,
ROI_11,65,107
,,
ROI_11,66,93
,,
ROI_11,67,101
,,
ROI_11,68,94
,,
ROI_11,69,111
,,
ROI_11,70,111
,,
ROI_11,71,95
,,
ROI_11,72,113
,,
ROI_11,73,114
,,
ROI_11,74,116
,,
ROI_11,75,97
,,
ROI_11,76,101
,,
ROI_11,77,97
,,
ROI_11,78,85
,,
ROI_11,79,100
,,
ROI_11,80,69
,,
ROI_11,81,68
,,
ROI_11,82,76
,,
ROI_11,83,101
,,
ROI_11,84,43
,,
ROI_11,85,82
,,
ROI_11,86,78
,,
ROI_11,87,95
,,
ROI_11,88,83
,,
ROI_11,89,63
,,
ROI_11,90,77
,,
ROI_11,91,79
,,
ROI_11,92,101
,,
ROI_11,93,63
,,
ROI_11,94,66
,,
ROI_11,95,54
,,
ROI_11,96,63
,,
ROI_11,97,79
,,
ROI_11,98,47
,,
ROI_11,99,61
,,
ROI_11,100,59
,,
ROI_11,101,71
,,
ROI_11,102,68
,,
ROI_11,103,75
,,
ROI_11,104,47
,,
ROI_11,105,66
,,
ROI_11,106,65
,,
ROI_11,107,47
,,
ROI_11,108,53
,,
ROI_11,109,54
,,
ROI_11,110,63
,,
ROI_11,111,48
,,
ROI_11,112,49
,,
ROI_11,113,43
,,
ROI_11,114,52
,,
ROI_11,115,56
,,
ROI_11,116,36
,,
ROI_11,117,48
,,
ROI_11,118,39
,,
ROI_11,119,58
,,
ROI_11,120,62
,,
ROI_11,121,49
,,
ROI_11,122,53
,,
ROI_11,123,49
,,
ROI_11,124,50
,,
ROI_11,125,35
,,
ROI_11,126,46
,,
ROI_11,127,35
,,
ROI_11,128,44
,,
ROI_11,129,31
,,
ROI_11,130,37
,,
ROI_11,131,39
,,
ROI_11,132,57
,,
ROI_11,133,41
,,
ROI_11,134,42
,,
ROI_11,135,43
,,
ROI_11,136,35
,,
ROI_11,137,53
,,
ROI_11,138,33
,,
ROI_11,139,32
,,
ROI_11,140,32
,,
ROI_11,141,53
,,
ROI_11,142,34
,,
ROI_11,143,27
,,
ROI_11,144,36
,,
ROI_11,145,32
,,
ROI_11,146,51
,,
ROI_11,147,45
,,
ROI_11,148,40
,,
ROI_11,149,39
,,
ROI_11,150,31
,,
ROI_11,151,36
,,
ROI_11,152,33
,,
ROI_11,153,40
,,
ROI_11,154,33
,,
ROI_11,155,38
,,
ROI_11,156,32
,,
ROI_11,157,28
,,
ROI_11,158,27
,,
ROI_11,159,38
,,
ROI_11,160,38
,,
ROI_11,161,23
,,
ROI_11,162,27
,,
ROI_11,163,24
,,
ROI_11,164,28
,,
ROI_11,165,28
,,
ROI_11,166,28
,,
ROI_11,167,29
,,
ROI_11,168,36
,,
ROI_11,169,28
,,
ROI_11,170,29
,,
ROI_11,171,27
,,
ROI_11,172,21
,,
ROI_11,173,31
,,
ROI_11,174,27
,,
ROI_11,175,18
,,
ROI_11,176,19
,,
ROI_11,177,24
,,
ROI_11,178,24
,,
ROI_11,179,26
,,
ROI_11,180,30
,,
ROI_11,181,30
,,
ROI_11,182,28
,,
ROI_11,183,21
,,
ROI_11,184,22
,,
ROI_11,185,13
,,
ROI_11,186,28
,,
ROI_11,187,20
,,
ROI_11,188,33
,,
ROI_11,189,26
,,
ROI_11,190,23
,,
ROI_11,191,27
,,
ROI_11,192,21
,,
ROI_11,193,17
,,
ROI_11,194,26
,,
ROI_11,195,30
,,
ROI_11,196,16
,,
ROI_11,197,22
,,
ROI_11,198,24
,,
ROI_11,199,17
,,
ROI_11,200,19
,,
ROI_11,201,19
,,
ROI_11,202,26
,,
ROI_11,203,16
,,
ROI_11,204,17
,,
ROI_11,205,15
,,
ROI_11,206,15
,,
ROI_11,207,22
,,
ROI_11,208,16
,,
ROI_11,209,20
,,
ROI_11,210,23
,,
ROI_11,211,18
,,
ROI_11,212,15
,,
ROI_11,213,24
,,
ROI_11,214,13
,,
ROI_11,215,29
,,
ROI_11,216,15
,,
ROI_11,217,18
,,
ROI_11,218,21
,,
ROI_11,219,11
,,
ROI_11,220,17
,,
ROI_11,221,16
,,
ROI_11,222,27
,,
ROI_11,223,17
,,
ROI_11,224,13
,,
ROI_11,225,16
,,
ROI_11,226,11
,,
ROI_11,227,13
,,
ROI_11,228,8
,,
ROI_11,229,20
,,
ROI_11,230,18
,,
ROI_11,231,26
,,
ROI_11,232,12
,,
ROI_11,233,15
,,
ROI_11,234,20
,,
ROI_11,235,14
,,
ROI_11,236,19
,,
ROI_11,237,15
,,
ROI_11,238,17
,,
ROI_11,239,16
,,
ROI_11,240,17
,,
ROI_11,241,12
,,
ROI_11,242,16
,,
ROI_11,243,10
,,
ROI_11,244,17
,,
ROI_11,245,6
,,
ROI_11,246,9
,,
ROI_11,247,8
,,
ROI_11,248,9
,,
ROI_11,249,16
,,
ROI_11,250,13
,,
ROI_11,251,17
,,
ROI_11,252,8
,,
ROI_11,253,12
,,
ROI_11,254,7
,,
ROI_11,255,705
,,
ROI_12,0,2760
,,
ROI_12,1,723
,,
ROI_12,2,660
,,
ROI_12,3,491
,,
ROI_12,4,506
,,
ROI_12,5,482
,,
ROI_12,6,531
,,
ROI_12,7,498
,,
ROI_12,8,436
,,
ROI_12,9,448
,,
ROI_12,10,476
,,
ROI_12,11,457
,,
ROI_12,12,457
,,
ROI_12,13,419
,,
ROI_12,14,399
,,
ROI_12,15,429
,,
ROI_12,16,458
,,
ROI_12,17,394
,,
ROI_12,18,386
,,
ROI_12,19,394
,,
ROI_12,20,427
,,
ROI_12,21,357
,,
ROI_12,22,328
,,
ROI_12,23,325
,,
ROI_12,24,293
,,
ROI_12,25,349
,,
ROI_12,26,311
,,
ROI_12,27,248
,,
ROI_12,28,265
,,
ROI_12,29,247
,,
ROI_12,30,255
,,
ROI_12,31,240
,,
ROI_12,32,247
,,
ROI_12,33,267
,,
ROI_12,34,229
,,
ROI_12,35,214
,,
ROI_12,36,216
,,
ROI_12,37,232
,,
ROI_12,38,249
,,
ROI_12,39,188
,,
ROI_12,40,187
,,
ROI_12,41,165
,,
ROI_12,42,185
,,
ROI_12,43,206
,,
ROI_12,44,157
,,
ROI_12,45,172
,,
ROI_12,46,161
,,
ROI_12,47,186
,,
ROI_12,48,150
,,
ROI_12,49,157
,,
ROI_12,50,160
,,
ROI_12,51,154
,,
ROI_12,52,160
,,
ROI_12,53,125
,,
ROI_12,54,151
,,
ROI_12,55,137
,,
ROI_12,56,155
,,
ROI_12,57,132
,,
ROI_12,58,107
,,
ROI_12,59,143
,,
ROI_12,60,125
,,
ROI_12,61,149
,,
ROI_12,62,124
,,
ROI_12,63,139
,,
ROI_12,64,104
,,
ROI_12,65,120
,,
ROI_12,66,111
,,
ROI_12,67,102
,,
ROI_12,68,87
,,
ROI_12,69,88
,,
ROI_12,70,100
,,
ROI_12,71,92
,,
ROI_12,72,99
,,
ROI_12,73,104
,,
ROI_12,74,97
,,
ROI_12,75,97
,,
ROI_12,76,97
,,
ROI_12,77,87
,,
ROI_12,78,83
,,
ROI_12,79,81
,,
ROI_12,80,67
,,
ROI_12,81,72
,,
ROI_12,82,78
,,
ROI_12,83,77
,,
ROI_12,84,65
,,
ROI_12,85,65
,,
ROI_12,86,65
,,
ROI_12,87,60
,,
ROI_12,88,79
,,
ROI_12,89,75
,,
ROI_12,90,53
,,
ROI_12,91,63
,,
ROI_12,92,63
,,
ROI_12,93,49
,,
ROI_12,94,52
,,
ROI_12,95,62
,,
ROI_12,96,65
,,
ROI_12,97,56
,,
ROI_12,98,41
,,
ROI_12,99,56
,,
ROI_12,100,45
,,
ROI_12,101,57
,,
ROI_12,102,50
,,
ROI_12,103,47
,,
ROI_12,104,49
,,
ROI_12,105,32
,,
ROI_12,106,52
,,
ROI_12,107,50
,,
ROI_12,108,50
,,
ROI_12,109,41
,,
ROI_12,110,55
,,
ROI_12,111,28
,,
ROI_12,112,31
,,
ROI_12,113,39
,,
ROI_12,114,40
,,
ROI_12,115,45
,,
ROI_12,116,40
,,
ROI_12,117,40
,,
ROI_12,118,26
,,
ROI_12,119,42
,,
ROI_12,120,42
,,
ROI_12,121,36
,,
ROI_12,122,38
,,
ROI_12,123,33
,,
ROI_12,124,41
,,
ROI_12,125,36
,,
ROI_12,126,24
,,
ROI_12,127,45
,,
ROI_12,128,35
,,
ROI_12,129,32
,,
ROI_12,130,37
,,
ROI_12,131,26
,,
ROI_12,132,32
,,
ROI_12,133,27
,,
ROI_12,134,27
,,
ROI_12,135,21
,,
ROI_12,136,29
,,
ROI_12,137,29
,,
ROI_12,138,27
,,
ROI_12,139,28
,,
ROI_12,140,28
,,
ROI_12,141,27
,,
ROI_12,142,35
,,
ROI_12,143,24
,,
ROI_12,144,33
,,
ROI_12,145,24
,,
ROI_12,146,29
,,
ROI_12,147,19
,,
ROI_12,148,19
,,
ROI_12,149,25
,,
ROI_12,150,22
,,
ROI_12,151,13
,,
ROI_12,152,24
,,
ROI_12,153,23
,,
ROI_12,154,22
,,
ROI_12,155,32
,,
ROI_12,156,29
,,
ROI_12,157,26
,,
ROI_12,158,29
,,
ROI_12,159,28
,,
ROI_12,160,21
,,
ROI_12,161,20
,,
ROI_12,162,23
,,
ROI_12,163,24
,,
ROI_12,164,19
,,
ROI_12,165,25
,,
ROI_12,166,16
,,
ROI_12,167,25
,,
ROI_12,168,21
,,
ROI_12,169,24
,,
ROI_12,170,14
,,
ROI_12,171,20
,,
ROI_12,172,13
,,
ROI_12,173,26
,,
ROI_12,174,22
,,
ROI_12,175,16
,,
ROI_12,176,15
,,
ROI_12,177,13
,,
ROI_12,178,18
,,
ROI_12,179,16
,,
ROI_12,180,20
,,
ROI_12,181,15
,,
ROI_12,182,14
,,
ROI_12,183,18
,,
ROI_12,184,26
,,
ROI_12,185,15
,,
ROI_12,186,21
,,
ROI_12,187,20
,,
ROI_12,188,15
,,
ROI_12,189,16
,,
ROI_12,190,15
,,
ROI_12,191,9
,,
ROI_12,192,14
,,
ROI_12,193,15
,,
ROI_12,194,11
,,
ROI_12,195,19
,,
ROI_12,196,8
,,
ROI_12,197,14
,,
ROI_12,198,9
,,
ROI_12,199,12
,,
ROI_12,200,18
,,
ROI_12,201,13
,,
ROI_12,202,17
,,
ROI_12,203,11
,,
ROI_12,204,11
,,
ROI_12,205,9
,,
ROI_12,206,6
,,
ROI_12,207,8
,,
ROI_12,208,4
,,
ROI_12,209,15
,,
ROI_12,210,11
,,
ROI_12,211,8
,,
ROI_12,212,12
,,
ROI_12,213,18
,,
ROI_12,214,6
,,
ROI_12,215,7
,,
ROI_12,216,14
,,
ROI_12,217,5
,,
ROI_12,218,10
,,
ROI_12,219,14
,,
ROI_12,220,10
,,
ROI_12,221,13
,,
ROI_12,222,15
,,
ROI_12,223,6
,,
ROI_12,224,10
,,
ROI_12,225,13
,,
ROI_12,226,5
,,
ROI_12,227,11
,,
ROI_12,228,4
,,
ROI_12,229,10
,,
ROI_12,230,7
,,
ROI_12,231,6
,,
ROI_12,232,7
,,
ROI_12,233,6
,,
ROI_12,234,6
,,
ROI_12,235,11
,,
ROI_12,236,11
,,
ROI_12,237,12
,,
ROI_12,238,7
,,
ROI_12,239,5
,,
ROI_12,240,9
,,
ROI_12,241,11
,,
ROI_12,242,6
,,
ROI_12,243,9
,,
ROI_12,244,8
,,
ROI_12,245,11
,,
ROI_12,246,2
,,
ROI_12,247,6
,,
ROI_12,248,3
,,
ROI_12,249,8
,,
ROI_12,250,2
,,
ROI_12,251,3
,,
ROI_12,252,5
,,
ROI_12,253,4
,,
ROI_12,254,12
,,
ROI_12,255,574
,,
ROI_13,0,178
,,
ROI_13,1,30
,,
ROI_13,2,22
,,
ROI_13,3,15
,,
ROI_13,4,16
,,
ROI_13,5,9
,,
ROI_13,6,8
,,
ROI_13,7,10
,,
ROI_13,8,8
,,
ROI_13,9,13
,,
ROI_13,10,7
,,
ROI_13,11,7
,,
ROI_13,12,10
,,
ROI_13,13,10
,,
ROI_13,14,17
,,
ROI_13,15,10
,,
ROI_13,16,7
,,
ROI_13,17,7
,,
ROI_13,18,6
,,
ROI_13,19,7
,,
ROI_13,20,3
,,
ROI_13,21,6
,,
ROI_13,22,8
,,
ROI_13,23,4
,,
ROI_13,24,4
,,
ROI_13,25,8
,,
ROI_13,26,4
,,
ROI_13,27,3
,,
ROI_13,28,3
,,
ROI_13,29,0
,,
ROI_13,30,7
,,
ROI_13,31,1
,,
ROI_13,32,3
,,
ROI_13,33,2
,,
ROI_13,34,1
,,
ROI_13,35,5
,,
ROI_13,36,5
,,
ROI_13,37,5
,,
ROI_13,38,6
,,
ROI_13,39,7
,,
ROI_13,40,1
,,
ROI_13,41,3
,,
ROI_13,42,4
,,
ROI_13,43,4
,,
ROI_13,44,4
,,
ROI_13,45,1
,,
ROI_13,46,2
,,
ROI_13,47,2
,,
ROI_13,48,2
,,
ROI_13,49,2
,,
ROI_13,50,9
,,
ROI_13,51,1
,,
ROI_13,52,4
,,
ROI_13,53,3
,,
ROI_13,54,4
,,
ROI_13,55,2
,,
ROI_13,56,5
,,
ROI_13,57,4
,,
ROI_13,58,3
,,
ROI_13,59,4
,,
ROI_13,60,4
,,
ROI_13,61,3
,,
ROI_13,62,2
,,
ROI_13,63,4
,,
ROI_13,64,5
,,
ROI_13,65,3
,,
ROI_13,66,0
,,
ROI_13,67,3
,,
ROI_13,68,3
,,
ROI_13,69,4
,,
ROI_13,70,3
,,
ROI_13,71,3
,,
ROI_13,72,2
,,
ROI_13,73,2
,,
ROI_13,74,1
,,
ROI_13,75,4
,,
ROI_13,76,3
,,
ROI_13,77,3
,,
ROI_13,78,2
,,
ROI_13,79,7
,,
ROI_13,80,0
,,
ROI_13,81,8
,,
ROI_13,82,0
,,
ROI_13,83,3
,,
ROI_13,84,3
,,
ROI_13,85,2
,,
ROI_13,86,3
,,
ROI_13,87,2
,,
ROI_13,88,6
,,
ROI_13,89,7
,,
ROI_13,90,1
,,
ROI_13,91,4
,,
ROI_13,92,2
,,
ROI_13,93,3
,,
ROI_13,94,0
,,
ROI_13,95,2
,,
ROI_13,96,1
,,
ROI_13,97,3
,,
ROI_13,98,0
,,
ROI_13,99,3
,,
ROI_13,100,1
,,
ROI_13,101,2
,,
ROI_13,102,2
,,
ROI_13,103,1
,,
ROI_13,104,1
,,
ROI_13,105,3
,,
ROI_13,106,0
,,
ROI_13,107,1
,,
ROI_13,108,1
,,
ROI_13,109,0
,,
ROI_13,110,2
,,
ROI_13,111,1
,,
ROI_13,112,1
,,
ROI_13,113,0
,,
ROI_13,114,3
,,
ROI_13,115,0
,,
ROI_13,116,0
,,
ROI_13,117,0
,,
ROI_13,118,1
,,
ROI_13,119,2
,,
ROI_13,120,1
,,
ROI_13,121,0
,,
ROI_13,122,1
,,
ROI_13,123,1
,,
ROI_13,124,0
,,
ROI_13,125,1
,,
ROI_13,126,0
,,
ROI_13,127,1
,,
ROI_13,128,1
,,
ROI_13,129,1
,,
ROI_13,130,0
,,
ROI_13,131,0
,,
ROI_13,132,1
,,
ROI_13,133,0
,,
ROI_13,134,0
,,
ROI_13,135,1
,,
ROI_13,136,1
,,
ROI_13,137,0
,,
ROI_13,138,0
,,
ROI_13,139,1
,,
ROI_13,140,0
,,
ROI_13,141,2
,,
ROI_13,142,1
,,
ROI_13,143,1
,,
ROI_13,144,0
,,
ROI_13,145,0
,,
ROI_13,146,0
,,
ROI_13,147,0
,,
ROI_13,148,1
,,
ROI_13,149,0
,,
ROI_13,150,2
,,
ROI_13,151,0
,,
ROI_13,152,0
,,
ROI_13,153,1
,,
ROI_13,154,2
,,
ROI_13,155,1
,,
ROI_13,156,1
,,
ROI_13,157,0
,,
ROI_13,158,0
,,
ROI_13,159,0
,,
ROI_13,160,0
,,
ROI_13,161,0
,,
ROI_13,162,0
,,
ROI_13,163,2
,,
ROI_13,164,0
,,
ROI_13,165,0
,,
ROI_13,166,1
,,
ROI_13,167,0
,,
ROI_13,168,0
,,
ROI_13,169,0
,,
ROI_13,170,0
,,
ROI_13,171,1
,,
ROI_13,172,0
,,
ROI_13,173,0
,,
ROI_13,174,0
,,
ROI_13,175,0
,,
ROI_13,176,0
,,
ROI_13,177,0
,,
ROI_13,178,0
,,
ROI_13,179,0
,,
ROI_13,180,0
,,
ROI_13,181,1
,,
ROI_13,182,0
,,
ROI_13,183,2
,,
ROI_13,184,0
,,
ROI_13,185,0
,,
ROI_13,186,0
,,
ROI_13,187,0
,,
ROI_13,188,0
,,
ROI_13,189,0
,,
ROI_13,190,0
,,
ROI_13,191,0
,,
ROI_13,192,0
,,
ROI_13,193,0
,,
ROI_13,194,0
,,
ROI_13,195,1
,,
ROI_13,196,0
,,
ROI_13,197,0
,,
ROI_13,198,0
,,
ROI_13,199,0
,,
ROI_13,200,0
,,
ROI_13,201,0
,,
ROI_13,202,0
,,
ROI_13,203,0
,,
ROI_13,204,0
,,
ROI_13,205,0
,,
ROI_13,206,0
,,
ROI_13,207,0
,,
ROI_13,208,0
,,
ROI_13,209,0
,,
ROI_13,210,0
,,
ROI_13,211,0
,,
ROI_13,212,0
,,
ROI_13,213,0
,,
ROI_13,214,0
,,
ROI_13,215,0
,,
ROI_13,216,0
,,
ROI_13,217,0
,,
ROI_13,218,0
,,
ROI_13,219,0
,,
ROI_13,220,0
,,
ROI_13,221,0
,,
ROI_13,222,0
,,
ROI_13,223,0
,,
ROI_13,224,0
,,
ROI_13,225,0
,,
ROI_13,226,0
,,
ROI_13,227,0
,,
ROI_13,228,0
,,
ROI_13,229,0
,,
ROI_13,230,0
,,
ROI_13,231,0
,,
ROI_13,232,0
,,
ROI_13,233,0
,,
ROI_13,234,0
,,
ROI_13,235,0
,,
ROI_13,236,0
,,
ROI_13,237,0
,,
ROI_13,238,0
,,
ROI_13,239,0
,,
ROI_13,240,0
,,
ROI_13,241,0
,,
ROI_13,242,0
,,
ROI_13,243,0
,,
ROI_13,244,0
,,
ROI_13,245,0
,,
ROI_13,246,0
,,
ROI_13,247,0
,,
ROI_13,248,0
,,
ROI_13,249,0
,,
ROI_13,250,0
,,
ROI_13,251,0
,,
ROI_13,252,0
,,
ROI_13,253,0
,,
ROI_13,254,0
,,
ROI_13,255,0
,,
ROI_14,0,871
,,
ROI_14,1,225
,,
ROI_14,2,258
,,
ROI_14,3,251
,,
ROI_14,4,322
,,
ROI_14,5,356
,,
ROI_14,6,347
,,
ROI_14,7,392
,,
ROI_14,8,341
,,
ROI_14,9,321
,,
ROI_14,10,419
,,
ROI_14,11,398
,,
ROI_14,12,395
,,
ROI_14,13,403
,,
ROI_14,14,379
,,
ROI_14,15,365
,,
ROI_14,16,396
,,
ROI_14,17,329
,,
ROI_14,18,318
,,
ROI_14,19,292
,,
ROI_14,20,361
,,
ROI_14,21,284
,,
ROI_14,22,265
,,
ROI_14,23,231
,,
ROI_14,24,268
,,
ROI_14,25,292
,,
ROI_14,26,212
,,
ROI_14,27,213
,,
ROI_14,28,216
,,
ROI_14,29,222
,,
ROI_14,30,212
,,
ROI_14,31,193
,,
ROI_14,32,193
,,
ROI_14,33,185
,,
ROI_14,34,223
,,
ROI_14,35,195
,,
ROI_14,36,170
,,
ROI_14,37,180
,,
ROI_14,38,173
,,
ROI_14,39,162
,,
ROI_14,40,167
,,
ROI_14,41,171
,,
ROI_14,42,169
,,
ROI_14,43,180
,,
ROI_14,44,160
,,
ROI_14,45,148
,,
ROI_14,46,135
,,
ROI_14,47,153
,,
ROI_14,48,131
,,
ROI_14,49,123
,,
ROI_14,50,131
,,
ROI_14,51,131
,,
ROI_14,52,165
,,
ROI_14,53,113
,,
ROI_14,54,123
,,
ROI_14,55,123
,,
ROI_14,56,135
,,
ROI_14,57,122
,,
ROI_14,58,100
,,
ROI_14,59,112
,,
ROI_14,60,102
,,
ROI_14,61,113
,,
ROI_14,62,108
,,
ROI_14,63,87
,,
ROI_14,64,101
,,
ROI_14,65,103
,,
ROI_14,66,104
,,
ROI_14,67,102
,,
ROI_14,68,77
,,
ROI_14,69,90
,,
ROI_14,70,103
,,
ROI_14,71,76
,,
ROI_14,72,84
,,
ROI_14,73,88
,,
ROI_14,74,80
,,
ROI_14,75,86
,,
ROI_14,76,63
,,
ROI_14,77,80
,,
ROI_14,78,82
,,
ROI_14,79,75
,,
ROI_14,80,74
,,
ROI_14,81,80
,,
ROI_14,82,73
,,
ROI_14,83,74
,,
ROI_14,84,63
,,
ROI_14,85,69
,,
ROI_14,86,74
,,
ROI_14,87,63
,,
ROI_14,88,64
,,
ROI_14,89,46
,,
ROI_14,90,50
,,
ROI_14,91,50
,,
ROI_14,92,51
,,
ROI_14,93,56
,,
ROI_14,94,52
,,
ROI_14,95,43
,,
ROI_14,96,43
,,
ROI_14,97,56
,,
ROI_14,98,60
,,
ROI_14,99,49
,,
ROI_14,100,43
,,
ROI_14,101,47
,,
ROI_14,102,38
,,
ROI_14,103,44
,,
ROI_14,104,34
,,
ROI_14,105,33
,,
ROI_14,106,33
,,
ROI_14,107,26
,,
ROI_14,108,51
,,
ROI_14,109,30
,,
ROI_14,110,34
,,
ROI_14,111,31
,,
ROI_14,112,25
,,
ROI_14,113,27
,,
ROI_14,114,33
,,
ROI_14,115,39
,,
ROI_14,116,35
,,
ROI_14,117,28
,,
ROI_14,118,22
,,
ROI_14,119,28
,,
ROI_14,120,28
,,
ROI_14,121,18
,,
ROI_14,122,26
,,
ROI_14,123,28
,,
ROI_14,124,34
,,
ROI_14,125,34
,,
ROI_14,126,27
,,
ROI_14,127,23
,,
ROI_14,128,17
,,
ROI_14,129,22
,,
ROI_14,130,17
,,
ROI_14,131,25
,,
ROI_14,132,35
,,
ROI_14,133,19
,,
ROI_14,134,12
,,
ROI_14,135,15
,,
ROI_14,136,21
,,
ROI_14,137,19
,,
ROI_14,138,20
,,
ROI_14,139,20
,,
ROI_14,140,19
,,
ROI_14,141,21
,,
ROI_14,142,20
,,
ROI_14,143,18
,,
ROI_14,144,16
,,
ROI_14,145,15
,,
ROI_14,146,18
,,
ROI_14,147,12
,,
ROI_14,148,16
,,
ROI_14,149,22
,,
ROI_14,150,16
,,
ROI_14,151,15
,,
ROI_14,152,13
,,
ROI_14,153,13
,,
ROI_14,154,13
,,
ROI_14,155,13
,,
ROI_14,156,15
,,
ROI_14,157,15
,,
ROI_14,158,15
,,
ROI_14,159,8
,,
ROI_14,160,19
,,
ROI_14,161,9
,,
ROI_14,162,17
,,
ROI_14,163,9
,,
ROI_14,164,9
,,
ROI_14,165,12
,,
ROI_14,166,12
,,
ROI_14,167,15
,,
ROI_14,168,19
,,
ROI_14,169,10
,,
ROI_14,170,9
,,
ROI_14,171,16
,,
ROI_14,172,6
,,
ROI_14,173,9
,,
ROI_14,174,10
,,
ROI_14,175,8
,,
ROI_14,176,8
,,
ROI_14,177,5
,,
ROI_14,178,8
,,
ROI_14,179,4
,,
ROI_14,180,15
,,
ROI_14,181,6
,,
ROI_14,182,5
,,
ROI_14,183,5
,,
ROI_14,184,6
,,
ROI_14,185,6
,,
ROI_14,186,8
,,
ROI_14,187,7
,,
ROI_14,188,6
,,
ROI_14,189,2
,,
ROI_14,190,7
,,
ROI_14,191,8
,,
ROI_14,192,9
,,
ROI_14,193,7
,,
ROI_14,194,5
,,
ROI_14,195,8
,,
ROI_14,196,4
,,
ROI_14,197,4
,,
ROI_14,198,10
,,
ROI_14,199,4
,,
ROI_14,200,7
,,
ROI_14,201,7
,,
ROI_14,202,5
,,
ROI_14,203,4
,,
ROI_14,204,10
,,
ROI_14,205,3
,,
ROI_14,206,4
,,
ROI_14,207,7
,,
ROI_14,208,4
,,
ROI_14,209,7
,,
ROI_14,210,3
,,
ROI_14,211,3
,,
ROI_14,212,4
,,
ROI_14,213,5
,,
ROI_14,214,5
,,
ROI_14,215,3
,,
ROI_14,216,2
,,
ROI_14,217,3
,,
ROI_14,218,4
,,
ROI_14,219,3
,,
ROI_14,220,4
,,
ROI_14,221,2
,,
ROI_14,222,4
,,
ROI_14,223,2
,,
ROI_14,224,2
,,
ROI_14,225,3
,,
ROI_14,226,3
,,
ROI_14,227,6
,,
ROI_14,228,3
,,
ROI_14,229,4
,,
ROI_14,230,2
,,
ROI_14,231,4
,,
ROI_14,232,2
,,
ROI_14,233,0
,,
ROI_14,234,3
,,
ROI_14,235,6
,,
ROI_14,236,3
,,
ROI_14,237,3
,,
ROI_14,238,2
,,
ROI_14,239,3
,,
ROI_14,240,2
,,
ROI_14,241,2
,,
ROI_14,242,4
,,
ROI_14,243,5
,,
ROI_14,244,4
,,
ROI_14,245,4
,,
ROI_14,246,4
,,
ROI_14,247,0
,,
ROI_14,248,0
,,
ROI_14,249,1
,,
ROI_14,250,0
,,
ROI_14,251,5
,,
ROI_14,252,3
,,
ROI_14,253,0
,,
ROI_14,254,0
,,
ROI_14,255,154
,,
ROI_15,0,5626
,,
ROI_15,1,1388
,,
ROI_15,2,1306
,,
ROI_15,3,934
,,
ROI_15,4,811
,,
ROI_15,5,598
,,
ROI_15,6,537
,,
ROI_15,7,525
,,
ROI_15,8,405
,,
ROI_15,9,356
,,
ROI_15,10,345
,,
ROI_15,11,346
,,
ROI_15,12,274
,,
ROI_15,13,249
,,
ROI_15,14,211
,,
ROI_15,15,228
,,
ROI_15,16,234
,,
ROI_15,17,186
,,
ROI_15,18,160
,,
ROI_15,19,139
,,
ROI_15,20,143
,,
ROI_15,21,143
,,
ROI_15,22,123
,,
ROI_15,23,130
,,
ROI_15,24,119
,,
ROI_15,25,142
,,
ROI_15,26,116
,,
ROI_15,27,85
,,
ROI_15,28,94
,,
ROI_15,29,105
,,
ROI_15,30,87
,,
ROI_15,31,72
,,
ROI_15,32,88
,,
ROI_15,33,85
,,
ROI_15,34,72
,,
ROI_15,35,64
,,
ROI_15,36,69
,,
ROI_15,37,70
,,
ROI_15,38,86
,,
ROI_15,39,61
,,
ROI_15,40,72
,,
ROI_15,41,64
,,
ROI_15,42,67
,,
ROI_15,43,62
,,
ROI_15,44,38
,,
ROI_15,45,59
,,
ROI_15,46,63
,,
ROI_15,47,55
,,
ROI_15,48,49
,,
ROI_15,49,55
,,
ROI_15,50,49
,,
ROI_15,51,42
,,
ROI_15,52,58
,,
ROI_15,53,47
,,
ROI_15,54,44
,,
ROI_15,55,46
,,
ROI_15,56,49
,,
ROI_15,57,39
,,
ROI_15,58,36
,,
ROI_15,59,28
,,
ROI_15,60,32
,,
ROI_15,61,44
,,
ROI_15,62,33
,,
ROI_15,63,42
,,
ROI_15,64,25
,,
ROI_15,65,40
,,
ROI_15,66,32
,,
ROI_15,67,29
,,
ROI_15,68,27
,,
ROI_15,69,21
,,
ROI_15,70,33
,,
ROI_15,71,31
,,
ROI_15,72,18
,,
ROI_15,73,32
,,
ROI_15,74,31
,,
ROI_15,75,29
,,
ROI_15,76,24
,,
ROI_15,77,27
,,
ROI_15,78,20
,,
ROI_15,79,27
,,
ROI_15,80,21
,,
ROI_15,81,13
,,
ROI_15,82,17
,,
ROI_15,83,23
,,
ROI_15,84,21
,,
ROI_15,85,17
,,
ROI_15,86,12
,,
ROI_15,87,20
,,
ROI_15,88,19
,,
ROI_15,89,15
,,
ROI_15,90,21
,,
ROI_15,91,12
,,
ROI_15,92,14
,,
ROI_15,93,6
,,
ROI_15,94,15
,,
ROI_15,95,12
,,
ROI_15,96,15
,,
ROI_15,97,9
,,
ROI_15,98,15
,,
ROI_15,99,7
,,
ROI_15,100,14
,,
ROI_15,101,12
,,
ROI_15,102,15
,,
ROI_15,103,8
,,
ROI_15,104,11
,,
ROI_15,105,16
,,
ROI_15,106,17
,,
ROI_15,107,10
,,
ROI_15,108,5
,,
ROI_15,109,9
,,
ROI_15,110,13
,,
ROI_15,111,8
,,
ROI_15,112,7
,,
ROI_15,113,5
,,
ROI_15,114,11
,,
ROI_15,115,10
,,
ROI_15,116,11
,,
ROI_15,117,9
,,
ROI_15,118,6
,,
ROI_15,119,10
,,
ROI_15,120,5
,,
ROI_15,121,11
,,
ROI_15,122,5
,,
ROI_15,123,6
,,
ROI_15,124,8
,,
ROI_15,125,5
,,
ROI_15,126,11
,,
ROI_15,127,7
,,
ROI_15,128,6
,,
ROI_15,129,7
,,
ROI_15,130,7
,,
ROI_15,131,6
,,
ROI_15,132,6
,,
ROI_15,133,7
,,
ROI_15,134,5
,,
ROI_15,135,4
,,
ROI_15,136,10
,,
ROI_15,137,5
,,
ROI_15,138,9
,,
ROI_15,139,9
,,
ROI_15,140,4
,,
ROI_15,141,6
,,
ROI_15,142,2
,,
ROI_15,143,8
,,
ROI_15,144,5
,,
ROI_15,145,7
,,
ROI_15,146,5
,,
ROI_15,147,10
,,
ROI_15,148,9
,,
ROI_15,149,7
,,
ROI_15,150,3
,,
ROI_15,151,10
,,
ROI_15,152,5
,,
ROI_15,153,5
,,
ROI_15,154,5
,,
ROI_15,155,2
,,
ROI_15,156,6
,,
ROI_15,157,8
,,
ROI_15,158,5
,,
ROI_15,159,5
,,
ROI_15,160,5
,,
ROI_15,161,6
,,
ROI_15,162,5
,,
ROI_15,163,3
,,
ROI_15,164,9
,,
ROI_15,165,6
,,
ROI_15,166,6
,,
ROI_15,167,7
,,
ROI_15,168,8
,,
ROI_15,169,8
,,
ROI_15,170,6
,,
ROI_15,171,6
,,
ROI_15,172,4
,,
ROI_15,173,4
,,
ROI_15,174,3
,,
ROI_15,175,6
,,
ROI_15,176,6
,,
ROI_15,177,5
,,
ROI_15,178,6
,,
ROI_15,179,5
,,
ROI_15,180,6
,,
ROI_15,181,7
,,
ROI_15,182,9
,,
ROI_15,183,6
,,
ROI_15,184,4
,,
ROI_15,185,6
,,
ROI_15,186,6
,,
ROI_15,187,3
,,
ROI_15,188,3
,,
ROI_15,189,3
,,
ROI_15,190,3
,,
ROI_15,191,0
,,
ROI_15,192,8
,,
ROI_15,193,5
,,
ROI_15,194,5
,,
ROI_15,195,5
,,
ROI_15,196,2
,,
ROI_15,197,4
,,
ROI_15,198,0
,,
ROI_15,199,5
,,
ROI_15,200,6
,,
ROI_15,201,3
,,
ROI_15,202,4
,,
ROI_15,203,3
,,
ROI_15,204,4
,,
ROI_15,205,6
,,
ROI_15,206,2
,,
ROI_15,207,1
,,
ROI_15,208,3
,,
ROI_15,209,2
,,
ROI_15,210,3
,,
ROI_15,211,4
,,
ROI_15,212,3
,,
ROI_15,213,1
,,
ROI_15,214,3
,,
ROI_15,215,1
,,
ROI_15,216,3
,,
ROI_15,217,4
,,
ROI_15,218,2
,,
ROI_15,219,4
,,
ROI_15,220,2
,,
ROI_15,221,1
,,
ROI_15,222,3
,,
ROI_15,223,3
,,
ROI_15,224,0
,,
ROI_15,225,1
,,
ROI_15,226,6
,,
ROI_15,227,2
,,
ROI_15,228,1
,,
ROI_15,229,0
,,
ROI_15,230,3
,,
ROI_15,231,5
,,
ROI_15,232,0
,,
ROI_15,233,2
,,
ROI_15,234,1
,,
ROI_15,235,1
,,
ROI_15,236,3
,,
ROI_15,237,2
,,
ROI_15,238,1
,,
ROI_15,239,1
,,
ROI_15,240,2
,,
ROI_15,241,2
,,
ROI_15,242,1
,,
ROI_15,243,2
,,
ROI_15,244,1
,,
ROI_15,245,0
,,
ROI_15,246,2
,,
ROI_15,247,4
,,
ROI_15,248,2
,,
ROI_15,249,1
,,
ROI_15,250,5
,,
ROI_15,251,0
,,
ROI_15,252,1
,,
ROI_15,253,1
,,
ROI_15,254,0
,,
ROI_15,255,89
,,
ROI_16,0,2929
,,
ROI_16,1,1165
,,
ROI_16,2,1025
,,
ROI_16,3,762
,,
ROI_16,4,713
,,
ROI_16,5,635
,,
ROI_16,6,583
,,
ROI_16,7,625
,,
ROI_16,8,476
,,
ROI_16,9,401
,,
ROI_16,10,385
,,
ROI_16,11,404
,,
ROI_16,12,360
,,
ROI_16,13,314
,,
ROI_16,14,310
,,
ROI_16,15,267
,,
ROI_16,16,288
,,
ROI_16,17,260
,,
ROI_16,18,254
,,
ROI_16,19,228
,,
ROI_16,20,196
,,
ROI_16,21,148
,,
ROI_16,22,180
,,
ROI_16,23,155
,,
ROI_16,24,144
,,
ROI_16,25,162
,,
ROI_16,26,115
,,
ROI_16,27,102
,,
ROI_16,28,97
,,
ROI_16,29,123
,,
ROI_16,30,112
,,
ROI_16,31,104
,,
ROI_16,32,79
,,
ROI_16,33,71
,,
ROI_16,34,98
,,
ROI_16,35,75
,,
ROI_16,36,74
,,
ROI_16,37,64
,,
ROI_16,38,61
,,
ROI_16,39,66
,,
ROI_16,40,60
,,
ROI_16,41,58
,,
ROI_16,42,63
,,
ROI_16,43,66
,,
ROI_16,44,42
,,
ROI_16,45,43
,,
ROI_16,46,51
,,
ROI_16,47,41
,,
ROI_16,48,54
,,
ROI_16,49,33
,,
ROI_16,50,38
,,
ROI_16,51,45
,,
ROI_16,52,52
,,
ROI_16,53,38
,,
ROI_16,54,37
,,
ROI_16,55,44
,,
ROI_16,56,44
,,
ROI_16,57,43
,,
ROI_16,58,31
,,
ROI_16,59,35
,,
ROI_16,60,38
,,
ROI_16,61,36
,,
ROI_16,62,25
,,
ROI_16,63,29
,,
ROI_16,64,27
,,
ROI_16,65,43
,,
ROI_16,66,30
,,
ROI_16,67,17
,,
ROI_16,68,23
,,
ROI_16,69,22
,,
ROI_16,70,28
,,
ROI_16,71,34
,,
ROI_16,72,31
,,
ROI_16,73,21
,,
ROI_16,74,28
,,
ROI_16,75,19
,,
ROI_16,76,17
,,
ROI_16,77,19
,,
ROI_16,78,23
,,
ROI_16,79,23
,,
ROI_16,80,24
,,
ROI_16,81,20
,,
ROI_16,82,14
,,
ROI_16,83,24
,,
ROI_16,84,18
,,
ROI_16,85,17
,,
ROI_16,86,17
,,
ROI_16,87,16
,,
ROI_16,88,19
,,
ROI_16,89,19
,,
ROI_16,90,15
,,
ROI_16,91,14
,,
ROI_16,92,10
,,
ROI_16,93,15
,,
ROI_16,94,13
,,
ROI_16,95,13
,,
ROI_16,96,12
,,
ROI_16,97,16
,,
ROI_16,98,20
,,
ROI_16,99,13
,,
ROI_16,100,12
,,
ROI_16,101,16
,,
ROI_16,102,9
,,
ROI_16,103,8
,,
ROI_16,104,14
,,
ROI_16,105,13
,,
ROI_16,106,14
,,
ROI_16,107,13
,,
ROI_16,108,13
,,
ROI_16,109,6
,,
ROI_16,110,9
,,
ROI_16,111,5
,,
ROI_16,112,14
,,
ROI_16,113,6
,,
ROI_16,114,11
,,
ROI_16,115,8
,,
ROI_16,116,14
,,
ROI_16,117,6
,,
ROI_16,118,6
,,
ROI_16,119,5
,,
ROI_16,120,4
,,
ROI_16,121,9
,,
ROI_16,122,9
,,
ROI_16,123,9
,,
ROI_16,124,10
,,
ROI_16,125,8
,,
ROI_16,126,7
,,
ROI_16,127,11
,,
ROI_16,128,6
,,
ROI_16,129,8
,,
ROI_16,130,3
,,
ROI_16,131,4
,,
ROI_16,132,9
,,
ROI_16,133,4
,,
ROI_16,134,1
,,
ROI_16,135,7
,,
ROI_16,136,5
,,
ROI_16,137,15
,,
ROI_16,138,5
,,
ROI_16,139,6
,,
ROI_16,140,6
,,
ROI_16,141,8
,,
ROI_16,142,2
,,
ROI_16,143,0
,,
ROI_16,144,4
,,
ROI_16,145,5
,,
ROI_16,146,4
,,
ROI_16,147,8
,,
ROI_16,148,3
,,
ROI_16,149,2
,,
ROI_16,150,4
,,
ROI_16,151,5
,,
ROI_16,152,6
,,
ROI_16,153,2
,,
ROI_16,154,7
,,
ROI_16,155,5
,,
ROI_16,156,7
,,
ROI_16,157,6
,,
ROI_16,158,5
,,
ROI_16,159,6
,,
ROI_16,160,7
,,
ROI_16,161,4
,,
ROI_16,162,5
,,
ROI_16,163,3
,,
ROI_16,164,5
,,
ROI_16,165,1
,,
ROI_16,166,5
,,
ROI_16,167,5
,,
ROI_16,168,4
,,
ROI_16,169,4
,,
ROI_16,170,3
,,
ROI_16,171,4
,,
ROI_16,172,3
,,
ROI_16,173,3
,,
ROI_16,174,3
,,
ROI_16,175,4
,,
ROI_16,176,3
,,
ROI_16,177,3
,,
ROI_16,178,2
,,
ROI_16,179,7
,,
ROI_16,180,3
,,
ROI_16,181,2
,,
ROI_16,182,3
,,
ROI_16,183,4
,,
ROI_16,184,3
,,
ROI_16,185,1
,,
ROI_16,186,1
,,
ROI_16,187,3
,,
ROI_16,188,3
,,
ROI_16,189,4
,,
ROI_16,190,5
,,
ROI_16,191,4
,,
ROI_16,192,4
,,
ROI_16,193,6
,,
ROI_16,194,1
,,
ROI_16,195,5
,,
ROI_16,196,3
,,
ROI_16,197,4
,,
ROI_16,198,1
,,
ROI_16,199,4
,,
ROI_16,200,1
,,
ROI_16,201,2
,,
ROI_16,202,7
,,
ROI_16,203,2
,,
ROI_16,204,1
,,
ROI_16,205,1
,,
ROI_16,206,2
,,
ROI_16,207,3
,,
ROI_16,208,1
,,
ROI_16,209,1
,,
ROI_16,210,1
,,
ROI_16,211,2
,,
ROI_16,212,5
,,
ROI_16,213,0
,,
ROI_16,214,3
,,
ROI_16,215,1
,,
ROI_16,216,1
,,
ROI_16,217,0
,,
ROI_16,218,2
,,
ROI_16,219,1
,,
ROI_16,220,2
,,
ROI_16,221,1
,,
ROI_16,222,1
,,
ROI_16,223,0
,,
ROI_16,224,1
,,
ROI_16,225,0
,,
ROI_16,226,1
,,
ROI_16,227,0
,,
ROI_16,228,2
,,
ROI_16,229,2
,,
ROI_16,230,1
,,
ROI_16,231,2
,,
ROI_16,232,2
,,
ROI_16,233,0
,,
ROI_16,234,1
,,
ROI_16,235,2
,,
ROI_16,236,1
,,
ROI_16,237,0
,,
ROI_16,238,0
,,
ROI_16,239,2
,,
ROI_16,240,1
,,
ROI_16,241,0
,,
ROI_16,242,1
,,
ROI_16,243,0
,,
ROI_16,244,1
,,
ROI_16,245,1
,,
ROI_16,246,0
,,
ROI_16,247,2
,,
ROI_16,248,1
,,
ROI_16,249,0
,,
ROI_16,250,1
,,
ROI_16,251,4
,,
ROI_16,252,0
,,
ROI_16,253,4
,,
ROI_16,254,1
,,
ROI_16,255,51
,,
ROI_17,0,699
,,
ROI_17,1,220
,,
ROI_17,2,301
,,
ROI_17,3,288
,,
ROI_17,4,295
,,
ROI_17,5,338
,,
ROI_17,6,375
,,
ROI_17,7,466
,,
ROI_17,8,474
,,
ROI_17,9,496
,,
ROI_17,10,493
,,
ROI_17,11,520
,,
ROI_17,12,475
,,
ROI_17,13,460
,,
ROI_17,14,453
,,
ROI_17,15,466
,,
ROI_17,16,470
,,
ROI_17,17,404
,,
ROI_17,18,372
,,
ROI_17,19,390
,,
ROI_17,20,412
,,
ROI_17,21,343
,,
ROI_17,22,310
,,
ROI_17,23,292
,,
ROI_17,24,309
,,
ROI_17,25,316
,,
ROI_17,26,272
,,
ROI_17,27,273
,,
ROI_17,28,237
,,
ROI_17,29,307
,,
ROI_17,30,259
,,
ROI_17,31,257
,,
ROI_17,32,237
,,
ROI_17,33,229
,,
ROI_17,34,242
,,
ROI_17,35,208
,,
ROI_17,36,190
,,
ROI_17,37,191
,,
ROI_17,38,197
,,
ROI_17,39,175
,,
ROI_17,40,164
,,
ROI_17,41,165
,,
ROI_17,42,185
,,
ROI_17,43,187
,,
ROI_17,44,168
,,
ROI_17,45,181
,,
ROI_17,46,165
,,
ROI_17,47,188
,,
ROI_17,48,129
,,
ROI_17,49,164
,,
ROI_17,50,152
,,
ROI_17,51,153
,,
ROI_17,52,148
,,
ROI_17,53,148
,,
ROI_17,54,121
,,
ROI_17,55,141
,,
ROI_17,56,154
,,
ROI_17,57,121
,,
ROI_17,58,134
,,
ROI_17,59,116
,,
ROI_17,60,114
,,
ROI_17,61,131
,,
ROI_17,62,133
,,
ROI_17,63,122
,,
ROI_17,64,111
,,
ROI_17,65,119
,,
ROI_17,66,88
,,
ROI_17,67,109
,,
ROI_17,68,85
,,
ROI_17,69,106
,,
ROI_17,70,106
,,
ROI_17,71,104
,,
ROI_17,72,112
,,
ROI_17,73,72
,,
ROI_17,74,97
,,
ROI_17,75,100
,,
ROI_17,76,94
,,
ROI_17,77,88
,,
ROI_17,78,83
,,
ROI_17,79,103
,,
ROI_17,80,66
,,
ROI_17,81,73
,,
ROI_17,82,75
,,
ROI_17,83,74
,,
ROI_17,84,89
,,
ROI_17,85,69
,,
ROI_17,86,69
,,
ROI_17,87,73
,,
ROI_17,88,60
,,
ROI_17,89,64
,,
ROI_17,90,67
,,
ROI_17,91,70
,,
ROI_17,92,63
,,
ROI_17,93,67
,,
ROI_17,94,53
,,
ROI_17,95,49
,,
ROI_17,96,52
,,
ROI_17,97,57
,,
ROI_17,98,53
,,
ROI_17,99,52
,,
ROI_17,100,48
,,
ROI_17,101,61
,,
ROI_17,102,61
,,
ROI_17,103,58
,,
ROI_17,104,53
,,
ROI_17,105,44
,,
ROI_17,106,50
,,
ROI_17,107,47
,,
ROI_17,108,58
,,
ROI_17,109,54
,,
ROI_17,110,46
,,
ROI_17,111,53
,,
ROI_17,112,50
,,
ROI_17,113,43
,,
ROI_17,114,44
,,
ROI_17,115,50
,,
ROI_17,116,37
,,
ROI_17,117,57
,,
ROI_17,118,44
,,
ROI_17,119,46
,,
ROI_17,120,39
,,
ROI_17,121,43
,,
ROI_17,122,49
,,
ROI_17,123,47
,,
ROI_17,124,42
,,
ROI_17,125,41
,,
ROI_17,126,40
,,
ROI_17,127,39
,,
ROI_17,128,36
,,
ROI_17,129,36
,,
ROI_17,130,37
,,
ROI_17,131,35
,,
ROI_17,132,48
,,
ROI_17,133,39
,,
ROI_17,134,34
,,
ROI_17,135,26
,,
ROI_17,136,27
,,
ROI_17,137,43
,,
ROI_17,138,30
,,
ROI_17,139,32
,,
ROI_17,140,30
,,
ROI_17,141,28
,,
ROI_17,142,25
,,
ROI_17,143,26
,,
ROI_17,144,41
,,
ROI_17,145,20
,,
ROI_17,146,32
,,
ROI_17,147,30
,,
ROI_17,148,31
,,
ROI_17,149,27
,,
ROI_17,150,38
,,
ROI_17,151,28
,,
ROI_17,152,28
,,
ROI_17,153,37
,,
ROI_17,154,27
,,
ROI_17,155,38
,,
ROI_17,156,18
,,
ROI_17,157,17
,,
ROI_17,158,17
,,
ROI_17,159,28
,,
ROI_17,160,15
,,
ROI_17,161,29
,,
ROI_17,162,27
,,
ROI_17,163,24
,,
ROI_17,164,26
,,
ROI_17,165,26
,,
ROI_17,166,17
,,
ROI_17,167,27
,,
ROI_17,168,21
,,
ROI_17,169,16
,,
ROI_17,170,22
,,
ROI_17,171,17
,,
ROI_17,172,20
,,
ROI_17,173,33
,,
ROI_17,174,20
,,
ROI_17,175,21
,,
ROI_17,176,17
,,
ROI_17,177,16
,,
ROI_17,178,18
,,
ROI_17,179,22
,,
ROI_17,180,13
,,
ROI_17,181,25
,,
ROI_17,182,30
,,
ROI_17,183,19
,,
ROI_17,184,20
,,
ROI_17,185,17
,,
ROI_17,186,14
,,
ROI_17,187,21
,,
ROI_17,188,14
,,
ROI_17,189,19
,,
ROI_17,190,14
,,
ROI_17,191,34
,,
ROI_17,192,25
,,
ROI_17,193,16
,,
ROI_17,194,17
,,
ROI_17,195,17
,,
ROI_17,196,10
,,
ROI_17,197,13
,,
ROI_17,198,15
,,
ROI_17,199,13
,,
ROI_17,200,21
,,
ROI_17,201,18
,,
ROI_17,202,8
,,
ROI_17,203,18
,,
ROI_17,204,18
,,
ROI_17,205,16
,,
ROI_17,206,11
,,
ROI_17,207,18
,,
ROI_17,208,12
,,
ROI_17,209,10
,,
ROI_17,210,6
,,
ROI_17,211,17
,,
ROI_17,212,9
,,
ROI_17,213,21
,,
ROI_17,214,12
,,
ROI_17,215,10
,,
ROI_17,216,12
,,
ROI_17,217,14
,,
ROI_17,218,5
,,
ROI_17,219,11
,,
ROI_17,220,7
,,
ROI_17,221,12
,,
ROI_17,222,11
,,
ROI_17,223,15
,,
ROI_17,224,12
,,
ROI_17,225,17
,,
ROI_17,226,9
,,
ROI_17,227,19
,,
ROI_17,228,13
,,
ROI_17,229,10
,,
ROI_17,230,11
,,
ROI_17,231,11
,,
ROI_17,232,12
,,
ROI_17,233,14
,,
ROI_17,234,10
,,
ROI_17,235,14
,,
ROI_17,236,13
,,
ROI_17,237,15
,,
ROI_17,238,6
,,
ROI_17,239,10
,,
ROI_17,240,17
,,
ROI_17,241,9
,,
ROI_17,242,11
,,
ROI_17,243,9
,,
ROI_17,244,7
,,
ROI_17,245,7
,,
ROI_17,246,10
,,
ROI_17,247,10
,,
ROI_17,248,8
,,
ROI_17,249,9
,,
ROI_17,250,4
,,
ROI_17,251,14
,,
ROI_17,252,10
,,
ROI_17,253,9
,,
ROI_17,254,13
,,
ROI_17,255,989
,,
ROI_18,0,1241
,,
ROI_18,1,620
,,
ROI_18,2,643
,,
ROI_18,3,505
,,
ROI_18,4,423
,,
ROI_18,5,381
,,
ROI_18,6,404
,,
ROI_18,7,465
,,
ROI_18,8,411
,,
ROI_18,9,405
,,
ROI_18,10,390
,,
ROI_18,11,418
,,
ROI_18,12,394
,,
ROI_18,13,370
,,
ROI_18,14,338
,,
ROI_18,15,332
,,
ROI_18,16,406
,,
ROI_18,17,320
,,
ROI_18,18,300
,,
ROI_18,19,321
,,
ROI_18,20,338
,,
ROI_18,21,263
,,
ROI_18,22,263
,,
ROI_18,23,261
,,
ROI_18,24,251
,,
ROI_18,25,300
,,
ROI_18,26,275
,,
ROI_18,27,253
,,
ROI_18,28,257
,,
ROI_18,29,267
,,
ROI_18,30,223
,,
ROI_18,31,219
,,
ROI_18,32,222
,,
ROI_18,33,226
,,
ROI_18,34,235
,,
ROI_18,35,217
,,
ROI_18,36,235
,,
ROI_18,37,194
,,
ROI_18,38,263
,,
ROI_18,39,205
,,
ROI_18,40,204
,,
ROI_18,41,220
,,
ROI_18,42,198
,,
ROI_18,43,214
,,
ROI_18,44,218
,,
ROI_18,45,177
,,
ROI_18,46,218
,,
ROI_18,47,233
,,
ROI_18,48,186
,,
ROI_18,49,177
,,
ROI_18,50,180
,,
ROI_18,51,156
,,
ROI_18,52,218
,,
ROI_18,53,161
,,
ROI_18,54,163
,,
ROI_18,55,165
,,
ROI_18,56,172
,,
ROI_18,57,146
,,
ROI_18,58,155
,,
ROI_18,59,141
,,
ROI_18,60,151
,,
ROI_18,61,182
,,
ROI_18,62,133
,,
ROI_18,63,126
,,
ROI_18,64,129
,,
ROI_18,65,150
,,
ROI_18,66,132
,,
ROI_18,67,113
,,
ROI_18,68,133
,,
ROI_18,69,130
,,
ROI_18,70,138
,,
ROI_18,71,116
,,
ROI_18,72,108
,,
ROI_18,73,133
,,
ROI_18,74,146
,,
ROI_18,75,121
,,
ROI_18,76,117
,,
ROI_18,77,122
,,
ROI_18,78,109
,,
ROI_18,79,122
,,
ROI_18,80,83
,,
ROI_18,81,92
,,
ROI_18,82,83
,,
ROI_18,83,129
,,
ROI_18,84,89
,,
ROI_18,85,103
,,
ROI_18,86,100
,,
ROI_18,87,110
,,
ROI_18,88,89
,,
ROI_18,89,78
,,
ROI_18,90,86
,,
ROI_18,91,96
,,
ROI_18,92,106
,,
ROI_18,93,87
,,
ROI_18,94,78
,,
ROI_18,95,70
,,
ROI_18,96,68
,,
ROI_18,97,92
,,
ROI_18,98,78
,,
ROI_18,99,73
,,
ROI_18,100,68
,,
ROI_18,101,91
,,
ROI_18,102,75
,,
ROI_18,103,70
,,
ROI_18,104,54
,,
ROI_18,105,77
,,
ROI_18,106,88
,,
ROI_18,107,62
,,
ROI_18,108,68
,,
ROI_18,109,55
,,
ROI_18,110,75
,,
ROI_18,111,65
,,
ROI_18,112,83
,,
ROI_18,113,63
,,
ROI_18,114,64
,,
ROI_18,115,71
,,
ROI_18,116,60
,,
ROI_18,117,50
,,
ROI_18,118,57
,,
ROI_18,119,57
,,
ROI_18,120,53
,,
ROI_18,121,40
,,
ROI_18,122,59
,,
ROI_18,123,52
,,
ROI_18,124,65
,,
ROI_18,125,57
,,
ROI_18,126,47
,,
ROI_18,127,48
,,
ROI_18,128,52
,,
ROI_18,129,41
,,
ROI_18,130,40
,,
ROI_18,131,48
,,
ROI_18,132,51
,,
ROI_18,133,49
,,
ROI_18,134,37
,,
ROI_18,135,38
,,
ROI_18,136,47
,,
ROI_18,137,60
,,
ROI_18,138,43
,,
ROI_18,139,51
,,
ROI_18,140,28
,,
ROI_18,141,58
,,
ROI_18,142,46
,,
ROI_18,143,48
,,
ROI_18,144,49
,,
ROI_18,145,41
,,
ROI_18,146,39
,,
ROI_18,147,39
,,
ROI_18,148,23
,,
ROI_18,149,35
,,
ROI_18,150,37
,,
ROI_18,151,27
,,
ROI_18,152,38
,,
ROI_18,153,30
,,
ROI_18,154,26
,,
ROI_18,155,46
,,
ROI_18,156,46
,,
ROI_18,157,42
,,
ROI_18,158,31
,,
ROI_18,159,37
,,
ROI_18,160,25
,,
ROI_18,161,28
,,
ROI_18,162,23
,,
ROI_18,163,31
,,
ROI_18,164,35
,,
ROI_18,165,30
,,
ROI_18,166,26
,,
ROI_18,167,23
,,
ROI_18,168,32
,,
ROI_18,169,17
,,
ROI_18,170,27
,,
ROI_18,171,32
,,
ROI_18,172,32
,,
ROI_18,173,23
,,
ROI_18,174,30
,,
ROI_18,175,32
,,
ROI_18,176,19
,,
ROI_18,177,29
,,
ROI_18,178,21
,,
ROI_18,179,25
,,
ROI_18,180,21
,,
ROI_18,181,22
,,
ROI_18,182,13
,,
ROI_18,183,26
,,
ROI_18,184,19
,,
ROI_18,185,24
,,
ROI_18,186,25
,,
ROI_18,187,24
,,
ROI_18,188,25
,,
ROI_18,189,23
,,
ROI_18,190,27
,,
ROI_18,191,21
,,
ROI_18,192,20
,,
ROI_18,193,14
,,
ROI_18,194,20
,,
ROI_18,195,23
,,
ROI_18,196,24
,,
ROI_18,197,13
,,
ROI_18,198,21
,,
ROI_18,199,27
,,
ROI_18,200,14
,,
ROI_18,201,24
,,
ROI_18,202,21
,,
ROI_18,203,20
,,
ROI_18,204,23
,,
ROI_18,205,19
,,
ROI_18,206,12
,,
ROI_18,207,14
,,
ROI_18,208,22
,,
ROI_18,209,19
,,
ROI_18,210,24
,,
ROI_18,211,15
,,
ROI_18,212,17
,,
ROI_18,213,19
,,
ROI_18,214,13
,,
ROI_18,215,17
,,
ROI_18,216,17
,,
ROI_18,217,18
,,
ROI_18,218,19
,,
ROI_18,219,16
,,
ROI_18,220,22
,,
ROI_18,221,17
,,
ROI_18,222,14
,,
ROI_18,223,12
,,
ROI_18,224,15
,,
ROI_18,225,14
,,
ROI_18,226,12
,,
ROI_18,227,21
,,
ROI_18,228,18
,,
ROI_18,229,21
,,
ROI_18,230,20
,,
ROI_18,231,14
,,
ROI_18,232,16
,,
ROI_18,233,11
,,
ROI_18,234,17
,,
ROI_18,235,10
,,
ROI_18,236,16
,,
ROI_18,237,14
,,
ROI_18,238,12
,,
ROI_18,239,14
,,
ROI_18,240,8
,,
ROI_18,241,12
,,
ROI_18,242,11
,,
ROI_18,243,16
,,
ROI_18,244,15
,,
ROI_18,245,22
,,
ROI_18,246,9
,,
ROI_18,247,7
,,
ROI_18,248,10
,,
ROI_18,249,6
,,
ROI_18,250,18
,,
ROI_18,251,15
,,
ROI_18,252,15
,,
ROI_18,253,11
,,
ROI_18,254,12
,,
ROI_18,255,936
,,
ROI_19,0,1296
,,
ROI_19,1,634
,,
ROI_19,2,626
,,
ROI_19,3,484
,,
ROI_19,4,417
,,
ROI_19,5,373
,,
ROI_19,6,362
,,
ROI_19,7,427
,,
ROI_19,8,367
,,
ROI_19,9,322
,,
ROI_19,10,355
,,
ROI_19,11,380
,,
ROI_19,12,371
,,
ROI_19,13,346
,,
ROI_19,14,353
,,
ROI_19,15,372
,,
ROI_19,16,422
,,
ROI_19,17,345
,,
ROI_19,18,365
,,
ROI_19,19,373
,,
ROI_19,20,404
,,
ROI_19,21,359
,,
ROI_19,22,325
,,
ROI_19,23,295
,,
ROI_19,24,283
,,
ROI_19,25,344
,,
ROI_19,26,317
,,
ROI_19,27,298
,,
ROI_19,28,277
,,
ROI_19,29,299
,,
ROI_19,30,285
,,
ROI_19,31,251
,,
ROI_19,32,191
,,
ROI_19,33,249
,,
ROI_19,34,265
,,
ROI_19,35,219
,,
ROI_19,36,214
,,
ROI_19,37,196
,,
ROI_19,38,236
,,
ROI_19,39,215
,,
ROI_19,40,212
,,
ROI_19,41,195
,,
ROI_19,42,193
,,
ROI_19,43,219
,,
ROI_19,44,176
,,
ROI_19,45,198
,,
ROI_19,46,182
,,
ROI_19,47,195
,,
ROI_19,48,148
,,
ROI_19,49,179
,,
ROI_19,50,169
,,
ROI_19,51,157
,,
ROI_19,52,183
,,
ROI_19,53,170
,,
ROI_19,54,154
,,
ROI_19,55,170
,,
ROI_19,56,156
,,
ROI_19,57,162
,,
ROI_19,58,151
,,
ROI_19,59,172
,,
ROI_19,60,152
,,
ROI_19,61,167
,,
ROI_19,62,148
,,
ROI_19,63,152
,,
ROI_19,64,135
,,
ROI_19,65,142
,,
ROI_19,66,125
,,
ROI_19,67,127
,,
ROI_19,68,122
,,
ROI_19,69,130
,,
ROI_19,70,139
,,
ROI_19,71,136
,,
ROI_19,72,133
,,
ROI_19,73,121
,,
ROI_19,74,125
,,
ROI_19,75,109
,,
ROI_19,76,104
,,
ROI_19,77,116
,,
ROI_19,78,92
,,
ROI_19,79,131
,,
ROI_19,80,103
,,
ROI_19,81,109
,,
ROI_19,82,103
,,
ROI_19,83,127
,,
ROI_19,84,99
,,
ROI_19,85,92
,,
ROI_19,86,80
,,
ROI_19,87,102
,,
ROI_19,88,123
,,
ROI_19,89,100
,,
ROI_19,90,86
,,
ROI_19,91,77
,,
ROI_19,92,105
,,
ROI_19,93,93
,,
ROI_19,94,82
,,
ROI_19,95,63
,,
ROI_19,96,86
,,
ROI_19,97,87
,,
ROI_19,98,83
,,
ROI_19,99,89
,,
ROI_19,100,75
,,
ROI_19,101,90
,,
ROI_19,102,50
,,
ROI_19,103,66
,,
ROI_19,104,74
,,
ROI_19,105,67
,,
ROI_19,106,93
,,
ROI_19,107,87
,,
ROI_19,108,52
,,
ROI_19,109,61
,,
ROI_19,110,82
,,
ROI_19,111,47
,,
ROI_19,112,80
,,
ROI_19,113,59
,,
ROI_19,114,59
,,
ROI_19,115,64
,,
ROI_19,116,57
,,
ROI_19,117,65
,,
ROI_19,118,53
,,
ROI_19,119,53
,,
ROI_19,120,56
,,
ROI_19,121,58
,,
ROI_19,122,72
,,
ROI_19,123,43
,,
ROI_19,124,67
,,
ROI_19,125,57
,,
ROI_19,126,55
,,
ROI_19,127,62
,,
ROI_19,128,55
,,
ROI_19,129,49
,,
ROI_19,130,64
,,
ROI_19,131,61
,,
ROI_19,132,55
,,
ROI_19,133,50
,,
ROI_19,134,42
,,
ROI_19,135,51
,,
ROI_19,136,48
,,
ROI_19,137,53
,,
ROI_19,138,41
,,
ROI_19,139,39
,,
ROI_19,140,34
,,
ROI_19,141,55
,,
ROI_19,142,36
,,
ROI_19,143,27
,,
ROI_19,144,46
,,
ROI_19,145,41
,,
ROI_19,146,46
,,
ROI_19,147,35
,,
ROI_19,148,46
,,
ROI_19,149,42
,,
ROI_19,150,52
,,
ROI_19,151,30
,,
ROI_19,152,27
,,
ROI_19,153,43
,,
ROI_19,154,30
,,
ROI_19,155,33
,,
ROI_19,156,50
,,
ROI_19,157,34
,,
ROI_19,158,42
,,
ROI_19,159,39
,,
ROI_19,160,37
,,
ROI_19,161,30
,,
ROI_19,162,38
,,
ROI_19,163,46
,,
ROI_19,164,40
,,
ROI_19,165,21
,,
ROI_19,166,27
,,
ROI_19,167,24
,,
ROI_19,168,39
,,
ROI_19,169,28
,,
ROI_19,170,29
,,
ROI_19,171,31
,,
ROI_19,172,32
,,
ROI_19,173,25
,,
ROI_19,174,24
,,
ROI_19,175,27
,,
ROI_19,176,27
,,
ROI_19,177,29
,,
ROI_19,178,31
,,
ROI_19,179,27
,,
ROI_19,180,33
,,
ROI_19,181,32
,,
ROI_19,182,26
,,
ROI_19,183,21
,,
ROI_19,184,31
,,
ROI_19,185,23
,,
ROI_19,186,23
,,
ROI_19,187,24
,,
ROI_19,188,21
,,
ROI_19,189,22
,,
ROI_19,190,19
,,
ROI_19,191,21
,,
ROI_19,192,22
,,
ROI_19,193,20
,,
ROI_19,194,18
,,
ROI_19,195,17
,,
ROI_19,196,24
,,
ROI_19,197,27
,,
ROI_19,198,22
,,
ROI_19,199,22
,,
ROI_19,200,13
,,
ROI_19,201,25
,,
ROI_19,202,26
,,
ROI_19,203,16
,,
ROI_19,204,31
,,
ROI_19,205,17
,,
ROI_19,206,21
,,
ROI_19,207,25
,,
ROI_19,208,22
,,
ROI_19,209,20
,,
ROI_19,210,24
,,
ROI_19,211,17
,,
ROI_19,212,11
,,
ROI_19,213,17
,,
ROI_19,214,22
,,
ROI_19,215,18
,,
ROI_19,216,19
,,
ROI_19,217,11
,,
ROI_19,218,19
,,
ROI_19,219,23
,,
ROI_19,220,24
,,
ROI_19,221,13
,,
ROI_19,222,19
,,
ROI_19,223,18
,,
ROI_19,224,16
,,
ROI_19,225,15
,,
ROI_19,226,15
,,
ROI_19,227,13
,,
ROI_19,228,12
,,
ROI_19,229,16
,,
ROI_19,230,10
,,
ROI_19,231,20
,,
ROI_19,232,23
,,
ROI_19,233,13
,,
ROI_19,234,15
,,
ROI_19,235,7
,,
ROI_19,236,21
,,
ROI_19,237,21
,,
ROI_19,238,13
,,
ROI_19,239,12
,,
ROI_19,240,13
,,
ROI_19,241,24
,,
ROI_19,242,11
,,
ROI_19,243,13
,,
ROI_19,244,10
,,
ROI_19,245,11
,,
ROI_19,246,10
,,
ROI_19,247,11
,,
ROI_19,248,11
,,
ROI_19,249,8
,,
ROI_19,250,14
,,
ROI_19,251,9
,,
ROI_19,252,11
,,
ROI_19,253,13
,,
ROI_19,254,9
,,
ROI_19,255,1272
,,
ROI_20,0,383
,,
ROI_20,1,208
,,
ROI_20,2,223
,,
ROI_20,3,198
,,
ROI_20,4,207
,,
ROI_20,5,195
,,
ROI_20,6,232
,,
ROI_20,7,283
,,
ROI_20,8,265
,,
ROI_20,9,268
,,
ROI_20,10,341
,,
ROI_20,11,336
,,
ROI_20,12,374
,,
ROI_20,13,328
,,
ROI_20,14,369
,,
ROI_20,15,347
,,
ROI_20,16,402
,,
ROI_20,17,357
,,
ROI_20,18,328
,,
ROI_20,19,337
,,
ROI_20,20,394
,,
ROI_20,21,295
,,
ROI_20,22,320
,,
ROI_20,23,300
,,
ROI_20,24,307
,,
ROI_20,25,338
,,
ROI_20,26,320
,,
ROI_20,27,284
,,
ROI_20,28,269
,,
ROI_20,29,346
,,
ROI_20,30,318
,,
ROI_20,31,282
,,
ROI_20,32,280
,,
ROI_20,33,271
,,
ROI_20,34,306
,,
ROI_20,35,300
,,
ROI_20,36,289
,,
ROI_20,37,260
,,
ROI_20,38,312
,,
ROI_20,39,273
,,
ROI_20,40,281
,,
ROI_20,41,255
,,
ROI_20,42,299
,,
ROI_20,43,270
,,
ROI_20,44,285
,,
ROI_20,45,264
,,
ROI_20,46,245
,,
ROI_20,47,270
,,
ROI_20,48,256
,,
ROI_20,49,239
,,
ROI_20,50,281
,,
ROI_20,51,230
,,
ROI_20,52,295
,,
ROI_20,53,242
,,
ROI_20,54,209
,,
ROI_20,55,259
,,
ROI_20,56,248
,,
ROI_20,57,202
,,
ROI_20,58,211
,,
ROI_20,59,201
,,
ROI_20,60,205
,,
ROI_20,61,227
,,
ROI_20,62,217
,,
ROI_20,63,223
,,
ROI_20,64,182
,,
ROI_20,65,214
,,
ROI_20,66,185
,,
ROI_20,67,207
,,
ROI_20,68,177
,,
ROI_20,69,163
,,
ROI_20,70,218
,,
ROI_20,71,185
,,
ROI_20,72,183
,,
ROI_20,73,177
,,
ROI_20,74,205
,,
ROI_20,75,185
,,
ROI_20,76,171
,,
ROI_20,77,189
,,
ROI_20,78,153
,,
ROI_20,79,175
,,
ROI_20,80,137
,,
ROI_20,81,153
,,
ROI_20,82,135
,,
ROI_20,83,177
,,
ROI_20,84,131
,,
ROI_20,85,131
,,
ROI_20,86,138
,,
ROI_20,87,138
,,
ROI_20,88,149
,,
ROI_20,89,121
,,
ROI_20,90,124
,,
ROI_20,91,135
,,
ROI_20,92,142
,,
ROI_20,93,129
,,
ROI_20,94,127
,,
ROI_20,95,121
,,
ROI_20,96,127
,,
ROI_20,97,120
,,
ROI_20,98,130
,,
ROI_20,99,106
,,
ROI_20,100,135
,,
ROI_20,101,123
,,
ROI_20,102,110
,,
ROI_20,103,89
,,
ROI_20,104,120
,,
ROI_20,105,118
,,
ROI_20,106,119
,,
ROI_20,107,107
,,
ROI_20,108,86
,,
ROI_20,109,106
,,
ROI_20,110,102
,,
ROI_20,111,90
,,
ROI_20,112,101
,,
ROI_20,113,93
,,
ROI_20,114,89
,,
ROI_20,115,103
,,
ROI_20,116,97
,,
ROI_20,117,82
,,
ROI_20,118,86
,,
ROI_20,119,78
,,
ROI_20,120,77
,,
ROI_20,121,75
,,
ROI_20,122,87
,,
ROI_20,123,73
,,
ROI_20,124,89
,,
ROI_20,125,83
,,
ROI_20,126,76
,,
ROI_20,127,72
,,
ROI_20,128,80
,,
ROI_20,129,76
,,
ROI_20,130,69
,,
ROI_20,131,80
,,
ROI_20,132,75
,,
ROI_20,133,67
,,
ROI_20,134,54
,,
ROI_20,135,65
,,
ROI_20,136,41
,,
ROI_20,137,62
,,
ROI_20,138,53
,,
ROI_20,139,54
,,
ROI_20,140,46
,,
ROI_20,141,53
,,
ROI_20,142,50
,,
ROI_20,143,55
,,
ROI_20,144,49
,,
ROI_20,145,51
,,
ROI_20,146,48
,,
ROI_20,147,45
,,
ROI_20,148,44
,,
ROI_20,149,47
,,
ROI_20,150,50
,,
ROI_20,151,37
,,
ROI_20,152,42
,,
ROI_20,153,36
,,
ROI_20,154,29
,,
ROI_20,155,44
,,
ROI_20,156,39
,,
ROI_20,157,44
,,
ROI_20,158,44
,,
ROI_20,159,35
,,
ROI_20,160,18
,,
ROI_20,161,26
,,
ROI_20,162,32
,,
ROI_20,163,27
,,
ROI_20,164,28
,,
ROI_20,165,28
,,
ROI_20,166,33
,,
ROI_20,167,21
,,
ROI_20,168,34
,,
ROI_20,169,35
,,
ROI_20,170,29
,,
ROI_20,171,28
,,
ROI_20,172,19
,,
ROI_20,173,34
,,
ROI_20,174,15
,,
ROI_20,175,27
,,
ROI_20,176,20
,,
ROI_20,177,24
,,
ROI_20,178,18
,,
ROI_20,179,15
,,
ROI_20,180,27
,,
ROI_20,181,21
,,
ROI_20,182,25
,,
ROI_20,183,14
,,
ROI_20,184,18
,,
ROI_20,185,26
,,
ROI_20,186,17
,,
ROI_20,187,23
,,
ROI_20,188,20
,,
ROI_20,189,20
,,
ROI_20,190,18
,,
ROI_20,191,18
,,
ROI_20,192,14
,,
ROI_20,193,15
,,
ROI_20,194,20
,,
ROI_20,195,26
,,
ROI_20,196,18
,,
ROI_20,197,18
,,
ROI_20,198,21
,,
ROI_20,199,11
,,
ROI_20,200,19
,,
ROI_20,201,17
,,
ROI_20,202,11
,,
ROI_20,203,16
,,
ROI_20,204,10
,,
ROI_20,205,7
,,
ROI_20,206,18
,,
ROI_20,207,13
,,
ROI_20,208,14
,,
ROI_20,209,15
,,
ROI_20,210,12
,,
ROI_20,211,10
,,
ROI_20,212,12
,,
ROI_20,213,16
,,
ROI_20,214,16
,,
ROI_20,215,7
,,
ROI_20,216,13
,,
ROI_20,217,14
,,
ROI_20,218,8
,,
ROI_20,219,19
,,
ROI_20,220,6
,,
ROI_20,221,11
,,
ROI_20,222,17
,,
ROI_20,223,14
,,
ROI_20,224,14
,,
ROI_20,225,5
,,
ROI_20,226,13
,,
ROI_20,227,15
,,
ROI_20,228,11
,,
ROI_20,229,12
,,
ROI_20,230,8
,,
ROI_20,231,12
,,
ROI_20,232,9
,,
ROI_20,233,13
,,
ROI_20,234,6
,,
ROI_20,235,7
,,
ROI_20,236,15
,,
ROI_20,237,8
,,
ROI_20,238,8
,,
ROI_20,239,7
,,
ROI_20,240,8
,,
ROI_20,241,5
,,
ROI_20,242,10
,,
ROI_20,243,6
,,
ROI_20,244,13
,,
ROI_20,245,2
,,
ROI_20,246,7
,,
ROI_20,247,7
,,
ROI_20,248,9
,,
ROI_20,249,16
,,
ROI_20,250,4
,,
ROI_20,251,6
,,
ROI_20,252,2
,,
ROI_20,253,10
,,
ROI_20,254,16
,,
ROI_20,255,492
,,
ROI_21,0,686
,,
ROI_21,1,267
,,
ROI_21,2,236
,,
ROI_21,3,219
,,
ROI_21,4,266
,,
ROI_21,5,287
,,
ROI_21,6,286
,,
ROI_21,7,324
,,
ROI_21,8,292
,,
ROI_21,9,306
,,
ROI_21,10,317
,,
ROI_21,11,342
,,
ROI_21,12,273
,,
ROI_21,13,294
,,
ROI_21,14,263
,,
ROI_21,15,249
,,
ROI_21,16,296
,,
ROI_21,17,247
,,
ROI_21,18,249
,,
ROI_21,19,224
,,
ROI_21,20,242
,,
ROI_21,21,199
,,
ROI_21,22,202
,,
ROI_21,23,176
,,
ROI_21,24,150
,,
ROI_21,25,215
,,
ROI_21,26,173
,,
ROI_21,27,148
,,
ROI_21,28,148
,,
ROI_21,29,163
,,
ROI_21,30,146
,,
ROI_21,31,103
,,
ROI_21,32,133
,,
ROI_21,33,149
,,
ROI_21,34,139
,,
ROI_21,35,135
,,
ROI_21,36,109
,,
ROI_21,37,126
,,
ROI_21,38,117
,,
ROI_21,39,112
,,
ROI_21,40,112
,,
ROI_21,41,85
,,
ROI_21,42,97
,,
ROI_21,43,105
,,
ROI_21,44,106
,,
ROI_21,45,87
,,
ROI_21,46,84
,,
ROI_21,47,106
,,
ROI_21,48,77
,,
ROI_21,49,80
,,
ROI_21,50,74
,,
ROI_21,51,83
,,
ROI_21,52,81
,,
ROI_21,53,75
,,
ROI_21,54,73
,,
ROI_21,55,76
,,
ROI_21,56,81
,,
ROI_21,57,71
,,
ROI_21,58,63
,,
ROI_21,59,73
,,
ROI_21,60,63
,,
ROI_21,61,78
,,
ROI_21,62,69
,,
ROI_21,63,67
,,
ROI_21,64,55
,,
ROI_21,65,73
,,
ROI_21,66,52
,,
ROI_21,67,58
,,
ROI_21,68,49
,,
ROI_21,69,47
,,
ROI_21,70,69
,,
ROI_21,71,47
,,
ROI_21,72,48
,,
ROI_21,73,55
,,
ROI_21,74,61
,,
ROI_21,75,37
,,
ROI_21,76,50
,,
ROI_21,77,31
,,
ROI_21,78,53
,,
ROI_21,79,50
,,
ROI_21,80,53
,,
ROI_21,81,47
,,
ROI_21,82,40
,,
ROI_21,83,41
,,
ROI_21,84,37
,,
ROI_21,85,28
,,
ROI_21,86,34
,,
ROI_21,87,33
,,
ROI_21,88,36
,,
ROI_21,89,29
,,
ROI_21,90,25
,,
ROI_21,91,21
,,
ROI_21,92,37
,,
ROI_21,93,35
,,
ROI_21,94,41
,,
ROI_21,95,37
,,
ROI_21,96,29
,,
ROI_21,97,36
,,
ROI_21,98,28
,,
ROI_21,99,23
,,
ROI_21,100,33
,,
ROI_21,101,36
,,
ROI_21,102,29
,,
ROI_21,103,25
,,
ROI_21,104,32
,,
ROI_21,105,28
,,
ROI_21,106,18
,,
ROI_21,107,23
,,
ROI_21,108,21
,,
ROI_21,109,22
,,
ROI_21,110,34
,,
ROI_21,111,19
,,
ROI_21,112,21
,,
ROI_21,113,12
,,
ROI_21,114,27
,,
ROI_21,115,28
,,
ROI_21,116,16
,,
ROI_21,117,21
,,
ROI_21,118,27
,,
ROI_21,119,25
,,
ROI_21,120,21
,,
ROI_21,121,17
,,
ROI_21,122,18
,,
ROI_21,123,12
,,
ROI_21,124,22
,,
ROI_21,125,14
,,
ROI_21,126,19
,,
ROI_21,127,14
,,
ROI_21,128,16
,,
ROI_21,129,16
,,
ROI_21,130,9
,,
ROI_21,131,18
,,
ROI_21,132,19
,,
ROI_21,133,12
,,
ROI_21,134,18
,,
ROI_21,135,11
,,
ROI_21,136,13
,,
ROI_21,137,14
,,
ROI_21,138,11
,,
ROI_21,139,13
,,
ROI_21,140,15
,,
ROI_21,141,14
,,
ROI_21,142,13
,,
ROI_21,143,10
,,
ROI_21,144,13
,,
ROI_21,145,13
,,
ROI_21,146,10
,,
ROI_21,147,20
,,
ROI_21,148,13
,,
ROI_21,149,9
,,
ROI_21,150,14
,,
ROI_21,151,11
,,
ROI_21,152,7
,,
ROI_21,153,11
,,
ROI_21,154,10
,,
ROI_21,155,10
,,
ROI_21,156,11
,,
ROI_21,157,11
,,
ROI_21,158,6
,,
ROI_21,159,11
,,
ROI_21,160,14
,,
ROI_21,161,9
,,
ROI_21,162,11
,,
ROI_21,163,8
,,
ROI_21,164,6
,,
ROI_21,165,7
,,
ROI_21,166,10
,,
ROI_21,167,4
,,
ROI_21,168,9
,,
ROI_21,169,10
,,
ROI_21,170,13
,,
ROI_21,171,7
,,
ROI_21,172,2
,,
ROI_21,173,5
,,
ROI_21,174,12
,,
ROI_21,175,5
,,
ROI_21,176,7
,,
ROI_21,177,3
,,
ROI_21,178,5
,,
ROI_21,179,6
,,
ROI_21,180,5
,,
ROI_21,181,8
,,
ROI_21,182,3
,,
ROI_21,183,7
,,
ROI_21,184,10
,,
ROI_21,185,4
,,
ROI_21,186,7
,,
ROI_21,187,4
,,
ROI_21,188,4
,,
ROI_21,189,6
,,
ROI_21,190,3
,,
ROI_21,191,4
,,
ROI_21,192,3
,,
ROI_21,193,4
,,
ROI_21,194,5
,,
ROI_21,195,8
,,
ROI_21,196,6
,,
ROI_21,197,6
,,
ROI_21,198,6
,,
ROI_21,199,2
,,
ROI_21,200,8
,,
ROI_21,201,10
,,
ROI_21,202,3
,,
ROI_21,203,3
,,
ROI_21,204,6
,,
ROI_21,205,6
,,
ROI_21,206,11
,,
ROI_21,207,2
,,
ROI_21,208,4
,,
ROI_21,209,7
,,
ROI_21,210,4
,,
ROI_21,211,1
,,
ROI_21,212,4
,,
ROI_21,213,5
,,
ROI_21,214,2
,,
ROI_21,215,8
,,
ROI_21,216,5
,,
ROI_21,217,1
,,
ROI_21,218,3
,,
ROI_21,219,6
,,
ROI_21,220,5
,,
ROI_21,221,2
,,
ROI_21,222,6
,,
ROI_21,223,5
,,
ROI_21,224,4
,,
ROI_21,225,3
,,
ROI_21,226,2
,,
ROI_21,227,6
,,
ROI_21,228,8
,,
ROI_21,229,5
,,
ROI_21,230,6
,,
ROI_21,231,4
,,
ROI_21,232,4
,,
ROI_21,233,2
,,
ROI_21,234,3
,,
ROI_21,235,5
,,
ROI_21,236,2
,,
ROI_21,237,3
,,
ROI_21,238,5
,,
ROI_21,239,1
,,
ROI_21,240,6
,,
ROI_21,241,3
,,
ROI_21,242,2
,,
ROI_21,243,2
,,
ROI_21,244,6
,,
ROI_21,245,6
,,
ROI_21,246,5
,,
ROI_21,247,1
,,
ROI_21,248,3
,,
ROI_21,249,3
,,
ROI_21,250,3
,,
ROI_21,251,4
,,
ROI_21,252,2
,,
ROI_21,253,1
,,
ROI_21,254,5
,,
ROI_21,255,270
,,
ROI_22,0,672
,,
ROI_22,1,120
,,
ROI_22,2,59
,,
ROI_22,3,53
,,
ROI_22,4,41
,,
ROI_22,5,29
,,
ROI_22,6,28
,,
ROI_22,7,25
,,
ROI_22,8,22
,,
ROI_22,9,14
,,
ROI_22,10,21
,,
ROI_22,11,20
,,
ROI_22,12,11
,,
ROI_22,13,20
,,
ROI_22,14,11
,,
ROI_22,15,8
,,
ROI_22,16,18
,,
ROI_22,17,9
,,
ROI_22,18,13
,,
ROI_22,19,6
,,
ROI_22,20,6
,,
ROI_22,21,9
,,
ROI_22,22,9
,,
ROI_22,23,6
,,
ROI_22,24,7
,,
ROI_22,25,3
,,
ROI_22,26,5
,,
ROI_22,27,4
,,
ROI_22,28,3
,,
ROI_22,29,2
,,
ROI_22,30,1
,,
ROI_22,31,4
,,
ROI_22,32,2
,,
ROI_22,33,2
,,
ROI_22,34,3
,,
ROI_22,35,2
,,
ROI_22,36,2
,,
ROI_22,37,0
,,
ROI_22,38,1
,,
ROI_22,39,0
,,
ROI_22,40,7
,,
ROI_22,41,1
,,
ROI_22,42,0
,,
ROI_22,43,4
,,
ROI_22,44,2
,,
ROI_22,45,2
,,
ROI_22,46,3
,,
ROI_22,47,2
,,
ROI_22,48,1
,,
ROI_22,49,0
,,
ROI_22,50,1
,,
ROI_22,51,1
,,
ROI_22,52,1
,,
ROI_22,53,1
,,
ROI_22,54,2
,,
ROI_22,55,0
,,
ROI_22,56,1
,,
ROI_22,57,1
,,
ROI_22,58,0
,,
ROI_22,59,1
,,
ROI_22,60,2
,,
ROI_22,61,0
,,
ROI_22,62,1
,,
ROI_22,63,1
,,
ROI_22,64,1
,,
ROI_22,65,1
,,
ROI_22,66,0
,,
ROI_22,67,0
,,
ROI_22,68,0
,,
ROI_22,69,1
,,
ROI_22,70,0
,,
ROI_22,71,2
,,
ROI_22,72,0
,,
ROI_22,73,1
,,
ROI_22,74,1
,,
ROI_22,75,0
,,
ROI_22,76,0
,,
ROI_22,77,0
,,
ROI_22,78,0
,,
ROI_22,79,1
,,
ROI_22,80,1
,,
ROI_22,81,1
,,
ROI_22,82,0
,,
ROI_22,83,1
,,
ROI_22,84,0
,,
ROI_22,85,0
,,
ROI_22,86,2
,,
ROI_22,87,0
,,
ROI_22,88,0
,,
ROI_22,89,0
,,
ROI_22,90,1
,,
ROI_22,91,1
,,
ROI_22,92,1
,,
ROI_22,93,1
,,
ROI_22,94,1
,,
ROI_22,95,1
,,
ROI_22,96,0
,,
ROI_22,97,1
,,
ROI_22,98,0
,,
ROI_22,99,1
,,
ROI_22,100,0
,,
ROI_22,101,0
,,
ROI_22,102,0
,,
ROI_22,103,1
,,
ROI_22,104,1
,,
ROI_22,105,0
,,
ROI_22,106,2
,,
ROI_22,107,0
,,
ROI_22,108,0
,,
ROI_22,109,0
,,
ROI_22,110,0
,,
ROI_22,111,2
,,
ROI_22,112,0
,,
ROI_22,113,0
,,
ROI_22,114,1
,,
ROI_22,115,1
,,
ROI_22,116,0
,,
ROI_22,117,0
,,
ROI_22,118,0
,,
ROI_22,119,0
,,
ROI_22,120,0
,,
ROI_22,121,0
,,
ROI_22,122,1
,,
ROI_22,123,0
,,
ROI_22,124,0
,,
ROI_22,125,2
,,
ROI_22,126,1
,,
ROI_22,127,0
,,
ROI_22,128,0
,,
ROI_22,129,0
,,
ROI_22,130,0
,,
ROI_22,131,0
,,
ROI_22,132,1
,,
ROI_22,133,0
,,
ROI_22,134,0
,,
ROI_22,135,0
,,
ROI_22,136,0
,,
ROI_22,137,0
,,
ROI_22,138,0
,,
ROI_22,139,0
,,
ROI_22,140,0
,,
ROI_22,141,0
,,
ROI_22,142,0
,,
ROI_22,143,0
,,
ROI_22,144,1
,,
ROI_22,145,0
,,
ROI_22,146,1
,,
ROI_22,147,0
,,
ROI_22,148,0
,,
ROI_22,149,0
,,
ROI_22,150,0
,,
ROI_22,151,0
,,
ROI_22,152,1
,,
ROI_22,153,0
,,
ROI_22,154,2
,,
ROI_22,155,0
,,
ROI_22,156,3
,,
ROI_22,157,1
,,
ROI_22,158,1
,,
ROI_22,159,1
,,
ROI_22,160,0
,,
ROI_22,161,1
,,
ROI_22,162,0
,,
ROI_22,163,0
,,
ROI_22,164,0
,,
ROI_22,165,0
,,
ROI_22,166,0
,,
ROI_22,167,1
,,
ROI_22,168,0
,,
ROI_22,169,0
,,
ROI_22,170,0
,,
ROI_22,171,0
,,
ROI_22,172,0
,,
ROI_22,173,0
,,
ROI_22,174,1
,,
ROI_22,175,2
,,
ROI_22,176,0
,,
ROI_22,177,1
,,
ROI_22,178,0
,,
ROI_22,179,0
,,
ROI_22,180,0
,,
ROI_22,181,1
,,
ROI_22,182,0
,,
ROI_22,183,0
,,
ROI_22,184,1
,,
ROI_22,185,0
,,
ROI_22,186,1
,,
ROI_22,187,0
,,
ROI_22,188,1
,,
ROI_22,189,0
,,
ROI_22,190,0
,,
ROI_22,191,0
,,
ROI_22,192,0
,,
ROI_22,193,0
,,
ROI_22,194,0
,,
ROI_22,195,1
,,
ROI_22,196,0
,,
ROI_22,197,0
,,
ROI_22,198,1
,,
ROI_22,199,0
,,
ROI_22,200,1
,,
ROI_22,201,1
,,
ROI_22,202,0
,,
ROI_22,203,0
,,
ROI_22,204,0
,,
ROI_22,205,0
,,
ROI_22,206,0
,,
ROI_22,207,0
,,
ROI_22,208,0
,,
ROI_22,209,0
,,
ROI_22,210,0
,,
ROI_22,211,0
,,
ROI_22,212,0
,,
ROI_22,213,0
,,
ROI_22,214,0
,,
ROI_22,215,0
,,
ROI_22,216,0
,,
ROI_22,217,0
,,
ROI_22,218,0
,,
ROI_22,219,0
,,
ROI_22,220,0
,,
ROI_22,221,0
,,
ROI_22,222,0
,,
ROI_22,223,0
,,
ROI_22,224,0
,,
ROI_22,225,0
,,
ROI_22,226,0
,,
ROI_22,227,0
,,
ROI_22,228,0
,,
ROI_22,229,0
,,
ROI_22,230,0
,,
ROI_22,231,0
,,
ROI_22,232,0
,,
ROI_22,233,0
,,
ROI_22,234,0
,,
ROI_22,235,0
,,
ROI_22,236,0
,,
ROI_22,237,0
,,
ROI_22,238,0
,,
ROI_22,239,0
,,
ROI_22,240,0
,,
ROI_22,241,0
,,
ROI_22,242,0
,,
ROI_22,243,0
,,
ROI_22,244,0
,,
ROI_22,245,0
,,
ROI_22,246,0
,,
ROI_22,247,0
,,
ROI_22,248,0
,,
ROI_22,249,0
,,
ROI_22,250,0
,,
ROI_22,251,0
,,
ROI_22,252,0
,,
ROI_22,253,0
,,
ROI_22,254,0
,,
ROI_22,255,0
,,
ROI_23,0,1336
,,
ROI_23,1,449
,,
ROI_23,2,384
,,
ROI_23,3,296
,,
ROI_23,4,288
,,
ROI_23,5,219
,,
ROI_23,6,226
,,
ROI_23,7,265
,,
ROI_23,8,229
,,
ROI_23,9,180
,,
ROI_23,10,215
,,
ROI_23,11,217
,,
ROI_23,12,226
,,
ROI_23,13,233
,,
ROI_23,14,225
,,
ROI_23,15,215
,,
ROI_23,16,241
,,
ROI_23,17,183
,,
ROI_23,18,191
,,
ROI_23,19,163
,,
ROI_23,20,219
,,
ROI_23,21,179
,,
ROI_23,22,136
,,
ROI_23,23,140
,,
ROI_23,24,149
,,
ROI_23,25,142
,,
ROI_23,26,108
,,
ROI_23,27,115
,,
ROI_23,28,105
,,
ROI_23,29,99
,,
ROI_23,30,92
,,
ROI_23,31,82
,,
ROI_23,32,86
,,
ROI_23,33,92
,,
ROI_23,34,86
,,
ROI_23,35,69
,,
ROI_23,36,90
,,
ROI_23,37,53
,,
ROI_23,38,81
,,
ROI_23,39,66
,,
ROI_23,40,65
,,
ROI_23,41,74
,,
ROI_23,42,54
,,
ROI_23,43,80
,,
ROI_23,44,61
,,
ROI_23,45,59
,,
ROI_23,46,48
,,
ROI_23,47,64
,,
ROI_23,48,53
,,
ROI_23,49,58
,,
ROI_23,50,51
,,
ROI_23,51,48
,,
ROI_23,52,57
,,
ROI_23,53,56
,,
ROI_23,54,51
,,
ROI_23,55,55
,,
ROI_23,56,63
,,
ROI_23,57,28
,,
ROI_23,58,37
,,
ROI_23,59,36
,,
ROI_23,60,40
,,
ROI_23,61,44
,,
ROI_23,62,36
,,
ROI_23,63,34
,,
ROI_23,64,31
,,
ROI_23,65,41
,,
ROI_23,66,41
,,
ROI_23,67,34
,,
ROI_23,68,30
,,
ROI_23,69,24
,,
ROI_23,70,41
,,
ROI_23,71,34
,,
ROI_23,72,35
,,
ROI_23,73,32
,,
ROI_23,74,29
,,
ROI_23,75,24
,,
ROI_23,76,31
,,
ROI_23,77,24
,,
ROI_23,78,34
,,
ROI_23,79,39
,,
ROI_23,80,25
,,
ROI_23,81,24
,,
ROI_23,82,20
,,
ROI_23,83,28
,,
ROI_23,84,32
,,
ROI_23,85,24
,,
ROI_23,86,23
,,
ROI_23,87,17
,,
ROI_23,88,26
,,
ROI_23,89,20
,,
ROI_23,90,19
,,
ROI_23,91,26
,,
ROI_23,92,30
,,
ROI_23,93,11
,,
ROI_23,94,16
,,
ROI_23,95,19
,,
ROI_23,96,19
,,
ROI_23,97,23
,,
ROI_23,98,19
,,
ROI_23,99,19
,,
ROI_23,100,15
,,
ROI_23,101,19
,,
ROI_23,102,19
,,
ROI_23,103,21
,,
ROI_23,104,13
,,
ROI_23,105,24
,,
ROI_23,106,26
,,
ROI_23,107,22
,,
ROI_23,108,14
,,
ROI_23,109,16
,,
ROI_23,110,16
,,
ROI_23,111,22
,,
ROI_23,112,14
,,
ROI_23,113,11
,,
ROI_23,114,12
,,
ROI_23,115,13
,,
ROI_23,116,17
,,
ROI_23,117,16
,,
ROI_23,118,10
,,
ROI_23,119,12
,,
ROI_23,120,12
,,
ROI_23,121,12
,,
ROI_23,122,13
,,
ROI_23,123,12
,,
ROI_23,124,6
,,
ROI_23,125,9
,,
ROI_23,126,12
,,
ROI_23,127,11
,,
ROI_23,128,11
,,
ROI_23,129,14
,,
ROI_23,130,11
,,
ROI_23,131,11
,,
ROI_23,132,20
,,
ROI_23,133,12
,,
ROI_23,134,8
,,
ROI_23,135,5
,,
ROI_23,136,12
,,
ROI_23,137,16
,,
ROI_23,138,12
,,
ROI_23,139,12
,,
ROI_23,140,13
,,
ROI_23,141,12
,,
ROI_23,142,13
,,
ROI_23,143,8
,,
ROI_23,144,12
,,
ROI_23,145,7
,,
ROI_23,146,12
,,
ROI_23,147,6
,,
ROI_23,148,14
,,
ROI_23,149,9
,,
ROI_23,150,16
,,
ROI_23,151,10
,,
ROI_23,152,11
,,
ROI_23,153,6
,,
ROI_23,154,6
,,
ROI_23,155,6
,,
ROI_23,156,14
,,
ROI_23,157,8
,,
ROI_23,158,3
,,
ROI_23,159,6
,,
ROI_23,160,5
,,
ROI_23,161,7
,,
ROI_23,162,7
,,
ROI_23,163,6
,,
ROI_23,164,7
,,
ROI_23,165,10
,,
ROI_23,166,6
,,
ROI_23,167,3
,,
ROI_23,168,4
,,
ROI_23,169,7
,,
ROI_23,170,5
,,
ROI_23,171,11
,,
ROI_23,172,7
,,
ROI_23,173,13
,,
ROI_23,174,9
,,
ROI_23,175,6
,,
ROI_23,176,3
,,
ROI_23,177,4
,,
ROI_23,178,5
,,
ROI_23,179,8
,,
ROI_23,180,5
,,
ROI_23,181,6
,,
ROI_23,182,9
,,
ROI_23,183,2
,,
ROI_23,184,12
,,
ROI_23,185,6
,,
ROI_23,186,4
,,
ROI_23,187,5
,,
ROI_23,188,3
,,
ROI_23,189,7
,,
ROI_23,190,5
,,
ROI_23,191,5
,,
ROI_23,192,2
,,
ROI_23,193,3
,,
ROI_23,194,8
,,
ROI_23,195,7
,,
ROI_23,196,6
,,
ROI_23,197,2
,,
ROI_23,198,5
,,
ROI_23,199,7
,,
ROI_23,200,5
,,
ROI_23,201,8
,,
ROI_23,202,3
,,
ROI_23,203,6
,,
ROI_23,204,3
,,
ROI_23,205,4
,,
ROI_23,206,2
,,
ROI_23,207,5
,,
ROI_23,208,6
,,
ROI_23,209,4
,,
ROI_23,210,2
,,
ROI_23,211,4
,,
ROI_23,212,6
,,
ROI_23,213,2
,,
ROI_23,214,1
,,
ROI_23,215,6
,,
ROI_23,216,1
,,
ROI_23,217,7
,,
ROI_23,218,8
,,
ROI_23,219,4
,,
ROI_23,220,5
,,
ROI_23,221,4
,,
ROI_23,222,2
,,
ROI_23,223,2
,,
ROI_23,224,6
,,
ROI_23,225,6
,,
ROI_23,226,7
,,
ROI_23,227,7
,,
ROI_23,228,6
,,
ROI_23,229,7
,,
ROI_23,230,2
,,
ROI_23,231,5
,,
ROI_23,232,1
,,
ROI_23,233,3
,,
ROI_23,234,4
,,
ROI_23,235,0
,,
ROI_23,236,3
,,
ROI_23,237,5
,,
ROI_23,238,4
,,
ROI_23,239,6
,,
ROI_23,240,3
,,
ROI_23,241,4
,,
ROI_23,242,4
,,
ROI_23,243,3
,,
ROI_23,244,2
,,
ROI_23,245,5
,,
ROI_23,246,1
,,
ROI_23,247,4
,,
ROI_23,248,6
,,
ROI_23,249,4
,,
ROI_23,250,1
,,
ROI_23,251,3
,,
ROI_23,252,3
,,
ROI_23,253,3
,,
ROI_23,254,2
,,
ROI_23,255,471
,,
ROI_24,0,1502
,,
ROI_24,1,400
,,
ROI_24,2,445
,,
ROI_24,3,343
,,
ROI_24,4,295
,,
ROI_24,5,277
,,
ROI_24,6,272
,,
ROI_24,7,295
,,
ROI_24,8,262
,,
ROI_24,9,269
,,
ROI_24,10,263
,,
ROI_24,11,314
,,
ROI_24,12,288
,,
ROI_24,13,277
,,
ROI_24,14,301
,,
ROI_24,15,264
,,
ROI_24,16,306
,,
ROI_24,17,232
,,
ROI_24,18,242
,,
ROI_24,19,247
,,
ROI_24,20,257
,,
ROI_24,21,211
,,
ROI_24,22,194
,,
ROI_24,23,184
,,
ROI_24,24,199
,,
ROI_24,25,209
,,
ROI_24,26,172
,,
ROI_24,27,189
,,
ROI_24,28,162
,,
ROI_24,29,183
,,
ROI_24,30,158
,,
ROI_24,31,143
,,
ROI_24,32,155
,,
ROI_24,33,146
,,
ROI_24,34,161
,,
ROI_24,35,149
,,
ROI_24,36,142
,,
ROI_24,37,161
,,
ROI_24,38,189
,,
ROI_24,39,140
,,
ROI_24,40,129
,,
ROI_24,41,145
,,
ROI_24,42,137
,,
ROI_24,43,152
,,
ROI_24,44,120
,,
ROI_24,45,127
,,
ROI_24,46,111
,,
ROI_24,47,159
,,
ROI_24,48,122
,,
ROI_24,49,116
,,
ROI_24,50,121
,,
ROI_24,51,117
,,
ROI_24,52,151
,,
ROI_24,53,105
,,
ROI_24,54,106
,,
ROI_24,55,117
,,
ROI_24,56,135
,,
ROI_24,57,106
,,
ROI_24,58,105
,,
ROI_24,59,99
,,
ROI_24,60,127
,,
ROI_24,61,106
,,
ROI_24,62,107
,,
ROI_24,63,97
,,
ROI_24,64,107
,,
ROI_24,65,111
,,
ROI_24,66,86
,,
ROI_24,67,92
,,
ROI_24,68,88
,,
ROI_24,69,74
,,
ROI_24,70,89
,,
ROI_24,71,88
,,
ROI_24,72,69
,,
ROI_24,73,93
,,
ROI_24,74,81
,,
ROI_24,75,69
,,
ROI_24,76,71
,,
ROI_24,77,88
,,
ROI_24,78,89
,,
ROI_24,79,86
,,
ROI_24,80,58
,,
ROI_24,81,74
,,
ROI_24,82,76
,,
ROI_24,83,72
,,
ROI_24,84,88
,,
ROI_24,85,78
,,
ROI_24,86,75
,,
ROI_24,87,63
,,
ROI_24,88,65
,,
ROI_24,89,77
,,
ROI_24,90,60
,,
ROI_24,91,45
,,
ROI_24,92,81
,,
ROI_24,93,72
,,
ROI_24,94,56
,,
ROI_24,95,54
,,
ROI_24,96,42
,,
ROI_24,97,76
,,
ROI_24,98,67
,,
ROI_24,99,49
,,
ROI_24,100,61
,,
ROI_24,101,73
,,
ROI_24,102,56
,,
ROI_24,103,55
,,
ROI_24,104,56
,,
ROI_24,105,53
,,
ROI_24,106,63
,,
ROI_24,107,59
,,
ROI_24,108,69
,,
ROI_24,109,64
,,
ROI_24,110,55
,,
ROI_24,111,44
,,
ROI_24,112,53
,,
ROI_24,113,55
,,
ROI_24,114,48
,,
ROI_24,115,55
,,
ROI_24,116,51
,,
ROI_24,117,38
,,
ROI_24,118,59
,,
ROI_24,119,55
,,
ROI_24,120,41
,,
ROI_24,121,60
,,
ROI_24,122,61
,,
ROI_24,123,37
,,
ROI_24,124,53
,,
ROI_24,125,38
,,
ROI_24,126,48
,,
ROI_24,127,47
,,
ROI_24,128,55
,,
ROI_24,129,43
,,
ROI_24,130,48
,,
ROI_24,131,43
,,
ROI_24,132,44
,,
ROI_24,133,41
,,
ROI_24,134,42
,,
ROI_24,135,41
,,
ROI_24,136,38
,,
ROI_24,137,51
,,
ROI_24,138,45
,,
ROI_24,139,44
,,
ROI_24,140,37
,,
ROI_24,141,51
,,
ROI_24,142,45
,,
ROI_24,143,30
,,
ROI_24,144,40
,,
ROI_24,145,40
,,
ROI_24,146,44
,,
ROI_24,147,41
,,
ROI_24,148,54
,,
ROI_24,149,44
,,
ROI_24,150,44
,,
ROI_24,151,36
,,
ROI_24,152,36
,,
ROI_24,153,44
,,
ROI_24,154,40
,,
ROI_24,155,39
,,
ROI_24,156,38
,,
ROI_24,157,45
,,
ROI_24,158,27
,,
ROI_24,159,53
,,
ROI_24,160,42
,,
ROI_24,161,40
,,
ROI_24,162,43
,,
ROI_24,163,26
,,
ROI_24,164,43
,,
ROI_24,165,41
,,
ROI_24,166,40
,,
ROI_24,167,41
,,
ROI_24,168,35
,,
ROI_24,169,28
,,
ROI_24,170,34
,,
ROI_24,171,35
,,
ROI_24,172,23
,,
ROI_24,173,31
,,
ROI_24,174,28
,,
ROI_24,175,38
,,
ROI_24,176,35
,,
ROI_24,177,42
,,
ROI_24,178,37
,,
ROI_24,179,21
,,
ROI_24,180,38
,,
ROI_24,181,22
,,
ROI_24,182,38
,,
ROI_24,183,19
,,
ROI_24,184,30
,,
ROI_24,185,26
,,
ROI_24,186,42
,,
ROI_24,187,25
,,
ROI_24,188,37
,,
ROI_24,189,33
,,
ROI_24,190,28
,,
ROI_24,191,27
,,
ROI_24,192,25
,,
ROI_24,193,28
,,
ROI_24,194,19
,,
ROI_24,195,21
,,
ROI_24,196,20
,,
ROI_24,197,23
,,
ROI_24,198,23
,,
ROI_24,199,24
,,
ROI_24,200,26
,,
ROI_24,201,15
,,
ROI_24,202,22
,,
ROI_24,203,21
,,
ROI_24,204,29
,,
ROI_24,205,23
,,
ROI_24,206,26
,,
ROI_24,207,16
,,
ROI_24,208,16
,,
ROI_24,209,21
,,
ROI_24,210,22
,,
ROI_24,211,25
,,
ROI_24,212,20
,,
ROI_24,213,20
,,
ROI_24,214,17
,,
ROI_24,215,17
,,
ROI_24,216,23
,,
ROI_24,217,22
,,
ROI_24,218,19
,,
ROI_24,219,22
,,
ROI_24,220,19
,,
ROI_24,221,17
,,
ROI_24,222,18
,,
ROI_24,223,14
,,
ROI_24,224,22
,,
ROI_24,225,17
,,
ROI_24,226,13
,,
ROI_24,227,18
,,
ROI_24,228,19
,,
ROI_24,229,15
,,
ROI_24,230,15
,,
ROI_24,231,14
,,
ROI_24,232,17
,,
ROI_24,233,21
,,
ROI_24,234,14
,,
ROI_24,235,23
,,
ROI_24,236,21
,,
ROI_24,237,13
,,
ROI_24,238,12
,,
ROI_24,239,9
,,
ROI_24,240,17
,,
ROI_24,241,14
,,
ROI_24,242,12
,,
ROI_24,243,13
,,
ROI_24,244,13
,,
ROI_24,245,14
,,
ROI_24,246,16
,,
ROI_24,247,13
,,
ROI_24,248,15
,,
ROI_24,249,11
,,
ROI_24,250,14
,,
ROI_24,251,17
,,
ROI_24,252,10
,,
ROI_24,253,12
,,
ROI_24,254,13
,,
ROI_24,255,1015
,,
ROI_25,0,1014
,,
ROI_25,1,525
,,
ROI_25,2,569
,,
ROI_25,3,470
,,
ROI_25,4,505
,,
ROI_25,5,546
,,
ROI_25,6,545
,,
ROI_25,7,571
,,
ROI_25,8,550
,,
ROI_25,9,511
,,
ROI_25,10,518
,,
ROI_25,11,553
,,
ROI_25,12,524
,,
ROI_25,13,454
,,
ROI_25,14,441
,,
ROI_25,15,468
,,
ROI_25,16,563
,,
ROI_25,17,437
,,
ROI_25,18,457
,,
ROI_25,19,468
,,
ROI_25,20,462
,,
ROI_25,21,397
,,
ROI_25,22,370
,,
ROI_25,23,364
,,
ROI_25,24,308
,,
ROI_25,25,385
,,
ROI_25,26,273
,,
ROI_25,27,295
,,
ROI_25,28,256
,,
ROI_25,29,319
,,
ROI_25,30,272
,,
ROI_25,31,268
,,
ROI_25,32,230
,,
ROI_25,33,270
,,
ROI_25,34,263
,,
ROI_25,35,216
,,
ROI_25,36,218
,,
ROI_25,37,213
,,
ROI_25,38,243
,,
ROI_25,39,193
,,
ROI_25,40,197
,,
ROI_25,41,177
,,
ROI_25,42,162
,,
ROI_25,43,206
,,
ROI_25,44,178
,,
ROI_25,45,175
,,
ROI_25,46,154
,,
ROI_25,47,186
,,
ROI_25,48,155
,,
ROI_25,49,150
,,
ROI_25,50,129
,,
ROI_25,51,169
,,
ROI_25,52,170
,,
ROI_25,53,128
,,
ROI_25,54,135
,,
ROI_25,55,126
,,
ROI_25,56,133
,,
ROI_25,57,110
,,
ROI_25,58,125
,,
ROI_25,59,121
,,
ROI_25,60,130
,,
ROI_25,61,137
,,
ROI_25,62,127
,,
ROI_25,63,117
,,
ROI_25,64,105
,,
ROI_25,65,116
,,
ROI_25,66,94
,,
ROI_25,67,103
,,
ROI_25,68,101
,,
ROI_25,69,114
,,
ROI_25,70,100
,,
ROI_25,71,99
,,
ROI_25,72,84
,,
ROI_25,73,97
,,
ROI_25,74,88
,,
ROI_25,75,91
,,
ROI_25,76,80
,,
ROI_25,77,93
,,
ROI_25,78,79
,,
ROI_25,79,112
,,
ROI_25,80,73
,,
ROI_25,81,82
,,
ROI_25,82,79
,,
ROI_25,83,76
,,
ROI_25,84,66
,,
ROI_25,85,78
,,
ROI_25,86,71
,,
ROI_25,87,56
,,
ROI_25,88,58
,,
ROI_25,89,58
,,
ROI_25,90,62
,,
ROI_25,91,53
,,
ROI_25,92,59
,,
ROI_25,93,58
,,
ROI_25,94,54
,,
ROI_25,95,41
,,
ROI_25,96,50
,,
ROI_25,97,51
,,
ROI_25,98,64
,,
ROI_25,99,46
,,
ROI_25,100,39
,,
ROI_25,101,62
,,
ROI_25,102,40
,,
ROI_25,103,32
,,
ROI_25,104,37
,,
ROI_25,105,39
,,
ROI_25,106,50
,,
ROI_25,107,40
,,
ROI_25,108,45
,,
ROI_25,109,29
,,
ROI_25,110,36
,,
ROI_25,111,42
,,
ROI_25,112,40
,,
ROI_25,113,32
,,
ROI_25,114,41
,,
ROI_25,115,41
,,
ROI_25,116,33
,,
ROI_25,117,36
,,
ROI_25,118,26
,,
ROI_25,119,32
,,
ROI_25,120,27
,,
ROI_25,121,21
,,
ROI_25,122,26
,,
ROI_25,123,27
,,
ROI_25,124,28
,,
ROI_25,125,29
,,
ROI_25,126,25
,,
ROI_25,127,22
,,
ROI_25,128,27
,,
ROI_25,129,23
,,
ROI_25,130,22
,,
ROI_25,131,27
,,
ROI_25,132,23
,,
ROI_25,133,22
,,
ROI_25,134,16
,,
ROI_25,135,35
,,
ROI_25,136,31
,,
ROI_25,137,25
,,
ROI_25,138,19
,,
ROI_25,139,25
,,
ROI_25,140,15
,,
ROI_25,141,19
,,
ROI_25,142,20
,,
ROI_25,143,16
,,
ROI_25,144,18
,,
ROI_25,145,23
,,
ROI_25,146,30
,,
ROI_25,147,18
,,
ROI_25,148,19
,,
ROI_25,149,22
,,
ROI_25,150,19
,,
ROI_25,151,16
,,
ROI_25,152,14
,,
ROI_25,153,12
,,
ROI_25,154,19
,,
ROI_25,155,17
,,
ROI_25,156,17
,,
ROI_25,157,9
,,
ROI_25,158,16
,,
ROI_25,159,15
,,
ROI_25,160,13
,,
ROI_25,161,16
,,
ROI_25,162,11
,,
ROI_25,163,9
,,
ROI_25,164,13
,,
ROI_25,165,11
,,
ROI_25,166,15
,,
ROI_25,167,9
,,
ROI_25,168,12
,,
ROI_25,169,21
,,
ROI_25,170,14
,,
ROI_25,171,15
,,
ROI_25,172,12
,,
ROI_25,173,6
,,
ROI_25,174,8
,,
ROI_25,175,7
,,
ROI_25,176,18
,,
ROI_25,177,16
,,
ROI_25,178,14
,,
ROI_25,179,4
,,
ROI_25,180,13
,,
ROI_25,181,6
,,
ROI_25,182,14
,,
ROI_25,183,13
,,
ROI_25,184,3
,,
ROI_25,185,13
,,
ROI_25,186,7
,,
ROI_25,187,13
,,
ROI_25,188,11
,,
ROI_25,189,8
,,
ROI_25,190,5
,,
ROI_25,191,7
,,
ROI_25,192,9
,,
ROI_25,193,5
,,
ROI_25,194,6
,,
ROI_25,195,10
,,
ROI_25,196,10
,,
ROI_25,197,9
,,
ROI_25,198,8
,,
ROI_25,199,11
,,
ROI_25,200,2
,,
ROI_25,201,11
,,
ROI_25,202,6
,,
ROI_25,203,7
,,
ROI_25,204,7
,,
ROI_25,205,5
,,
ROI_25,206,7
,,
ROI_25,207,11
,,
ROI_25,208,6
,,
ROI_25,209,8
,,
ROI_25,210,5
,,
ROI_25,211,10
,,
ROI_25,212,2
,,
ROI_25,213,5
,,
ROI_25,214,8
,,
ROI_25,215,6
,,
ROI_25,216,3
,,
ROI_25,217,5
,,
ROI_25,218,6
,,
ROI_25,219,5
,,
ROI_25,220,11
,,
ROI_25,221,5
,,
ROI_25,222,8
,,
ROI_25,223,6
,,
ROI_25,224,4
,,
ROI_25,225,7
,,
ROI_25,226,6
,,
ROI_25,227,5
,,
ROI_25,228,2
,,
ROI_25,229,5
,,
ROI_25,230,3
,,
ROI_25,231,4
,,
ROI_25,232,2
,,
ROI_25,233,4
,,
ROI_25,234,6
,,
ROI_25,235,7
,,
ROI_25,236,7
,,
ROI_25,237,5
,,
ROI_25,238,5
,,
ROI_25,239,3
,,
ROI_25,240,4
,,
ROI_25,241,9
,,
ROI_25,242,2
,,
ROI_25,243,9
,,
ROI_25,244,4
,,
ROI_25,245,6
,,
ROI_25,246,3
,,
ROI_25,247,2
,,
ROI_25,248,4
,,
ROI_25,249,6
,,
ROI_25,250,2
,,
ROI_25,251,2
,,
ROI_25,252,2
,,
ROI_25,253,1
,,
ROI_25,254,1
,,
ROI_25,255,189
,,
ROI_26,0,2966
,,
ROI_26,1,959
,,
ROI_26,2,588
,,
ROI_26,3,361
,,
ROI_26,4,210
,,
ROI_26,5,154
,,
ROI_26,6,165
,,
ROI_26,7,130
,,
ROI_26,8,93
,,
ROI_26,9,106
,,
ROI_26,10,79
,,
ROI_26,11,90
,,
ROI_26,12,71
,,
ROI_26,13,66
,,
ROI_26,14,71
,,
ROI_26,15,50
,,
ROI_26,16,58
,,
ROI_26,17,42
,,
ROI_26,18,55
,,
ROI_26,19,43
,,
ROI_26,20,52
,,
ROI_26,21,45
,,
ROI_26,22,29
,,
ROI_26,23,35
,,
ROI_26,24,28
,,
ROI_26,25,40
,,
ROI_26,26,25
,,
ROI_26,27,30
,,
ROI_26,28,23
,,
ROI_26,29,38
,,
ROI_26,30,31
,,
ROI_26,31,26
,,
ROI_26,32,23
,,
ROI_26,33,36
,,
ROI_26,34,35
,,
ROI_26,35,20
,,
ROI_26,36,28
,,
ROI_26,37,21
,,
ROI_26,38,34
,,
ROI_26,39,10
,,
ROI_26,40,21
,,
ROI_26,41,22
,,
ROI_26,42,11
,,
ROI_26,43,19
,,
ROI_26,44,22
,,
ROI_26,45,17
,,
ROI_26,46,19
,,
ROI_26,47,25
,,
ROI_26,48,16
,,
ROI_26,49,19
,,
ROI_26,50,14
,,
ROI_26,51,20
,,
ROI_26,52,22
,,
ROI_26,53,16
,,
ROI_26,54,17
,,
ROI_26,55,10
,,
ROI_26,56,17
,,
ROI_26,57,23
,,
ROI_26,58,10
,,
ROI_26,59,13
,,
ROI_26,60,15
,,
ROI_26,61,10
,,
ROI_26,62,15
,,
ROI_26,63,29
,,
ROI_26,64,12
,,
ROI_26,65,16
,,
ROI_26,66,15
,,
ROI_26,67,13
,,
ROI_26,68,15
,,
ROI_26,69,11
,,
ROI_26,70,10
,,
ROI_26,71,12
,,
ROI_26,72,12
,,
ROI_26,73,14
,,
ROI_26,74,16
,,
ROI_26,75,12
,,
ROI_26,76,12
,,
ROI_26,77,6
,,
ROI_26,78,13
,,
ROI_26,79,8
,,
ROI_26,80,11
,,
ROI_26,81,7
,,
ROI_26,82,8
,,
ROI_26,83,10
,,
ROI_26,84,7
,,
ROI_26,85,11
,,
ROI_26,86,12
,,
ROI_26,87,16
,,
ROI_26,88,13
,,
ROI_26,89,5
,,
ROI_26,90,14
,,
ROI_26,91,7
,,
ROI_26,92,9
,,
ROI_26,93,7
,,
ROI_26,94,12
,,
ROI_26,95,9
,,
ROI_26,96,8
,,
ROI_26,97,10
,,
ROI_26,98,4
,,
ROI_26,99,13
,,
ROI_26,100,9
,,
ROI_26,101,7
,,
ROI_26,102,10
,,
ROI_26,103,9
,,
ROI_26,104,7
,,
ROI_26,105,1
,,
ROI_26,106,3
,,
ROI_26,107,5
,,
ROI_26,108,5
,,
ROI_26,109,6
,,
ROI_26,110,7
,,
ROI_26,111,5
,,
ROI_26,112,2
,,
ROI_26,113,7
,,
ROI_26,114,4
,,
ROI_26,115,8
,,
ROI_26,116,6
,,
ROI_26,117,5
,,
ROI_26,118,6
,,
ROI_26,119,11
,,
ROI_26,120,8
,,
ROI_26,121,9
,,
ROI_26,122,4
,,
ROI_26,123,7
,,
ROI_26,124,3
,,
ROI_26,125,6
,,
ROI_26,126,4
,,
ROI_26,127,2
,,
ROI_26,128,5
,,
ROI_26,129,2
,,
ROI_26,130,6
,,
ROI_26,131,2
,,
ROI_26,132,6
,,
ROI_26,133,4
,,
ROI_26,134,2
,,
ROI_26,135,3
,,
ROI_26,136,4
,,
ROI_26,137,3
,,
ROI_26,138,9
,,
ROI_26,139,5
,,
ROI_26,140,4
,,
ROI_26,141,0
,,
ROI_26,142,6
,,
ROI_26,143,0
,,
ROI_26,144,3
,,
ROI_26,145,4
,,
ROI_26,146,3
,,
ROI_26,147,2
,,
ROI_26,148,2
,,
ROI_26,149,9
,,
ROI_26,150,6
,,
ROI_26,151,0
,,
ROI_26,152,2
,,
ROI_26,153,2
,,
ROI_26,154,6
,,
ROI_26,155,2
,,
ROI_26,156,2
,,
ROI_26,157,1
,,
ROI_26,158,1
,,
ROI_26,159,3
,,
ROI_26,160,4
,,
ROI_26,161,2
,,
ROI_26,162,1
,,
ROI_26,163,2
,,
ROI_26,164,2
,,
ROI_26,165,0
,,
ROI_26,166,6
,,
ROI_26,167,3
,,
ROI_26,168,2
,,
ROI_26,169,1
,,
ROI_26,170,1
,,
ROI_26,171,2
,,
ROI_26,172,0
,,
ROI_26,173,1
,,
ROI_26,174,3
,,
ROI_26,175,3
,,
ROI_26,176,2
,,
ROI_26,177,4
,,
ROI_26,178,3
,,
ROI_26,179,2
,,
ROI_26,180,3
,,
ROI_26,181,4
,,
ROI_26,182,2
,,
ROI_26,183,3
,,
ROI_26,184,0
,,
ROI_26,185,2
,,
ROI_26,186,1
,,
ROI_26,187,1
,,
ROI_26,188,1
,,
ROI_26,189,2
,,
ROI_26,190,0
,,
ROI_26,191,2
,,
ROI_26,192,6
,,
ROI_26,193,1
,,
ROI_26,194,5
,,
ROI_26,195,1
,,
ROI_26,196,0
,,
ROI_26,197,0
,,
ROI_26,198,2
,,
ROI_26,199,3
,,
ROI_26,200,1
,,
ROI_26,201,2
,,
ROI_26,202,3
,,
ROI_26,203,1
,,
ROI_26,204,3
,,
ROI_26,205,1
,,
ROI_26,206,5
,,
ROI_26,207,1
,,
ROI_26,208,1
,,
ROI_26,209,3
,,
ROI_26,210,3
,,
ROI_26,211,0
,,
ROI_26,212,0
,,
ROI_26,213,2
,,
ROI_26,214,2
,,
ROI_26,215,0
,,
ROI_26,216,2
,,
ROI_26,217,0
,,
ROI_26,218,0
,,
ROI_26,219,1
,,
ROI_26,220,0
,,
ROI_26,221,2
,,
ROI_26,222,0
,,
ROI_26,223,0
,,
ROI_26,224,1
,,
ROI_26,225,0
,,
ROI_26,226,1
,,
ROI_26,227,2
,,
ROI_26,228,1
,,
ROI_26,229,0
,,
ROI_26,230,0
,,
ROI_26,231,1
,,
ROI_26,232,0
,,
ROI_26,233,1
,,
ROI_26,234,3
,,
ROI_26,235,1
,,
ROI_26,236,1
,,
ROI_26,237,1
,,
ROI_26,238,1
,,
ROI_26,239,2
,,
ROI_26,240,2
,,
ROI_26,241,2
,,
ROI_26,242,3
,,
ROI_26,243,0
,,
ROI_26,244,1
,,
ROI_26,245,0
,,
ROI_26,246,0
,,
ROI_26,247,1
,,
ROI_26,248,1
,,
ROI_26,249,1
,,
ROI_26,250,1
,,
ROI_26,251,0
,,
ROI_26,252,1
,,
ROI_26,253,0
,,
ROI_26,254,0
,,
ROI_26,255,53
,,
ROI_27,0,3107
,,
ROI_27,1,1576
,,
ROI_27,2,1955
,,
ROI_27,3,1616
,,
ROI_27,4,1552
,,
ROI_27,5,1363
,,
ROI_27,6,1360
,,
ROI_27,7,1444
,,
ROI_27,8,1297
,,
ROI_27,9,1227
,,
ROI_27,10,1242
,,
ROI_27,11,1288
,,
ROI_27,12,1064
,,
ROI_27,13,1012
,,
ROI_27,14,1008
,,
ROI_27,15,890
,,
ROI_27,16,940
,,
ROI_27,17,709
,,
ROI_27,18,693
,,
ROI_27,19,662
,,
ROI_27,20,698
,,
ROI_27,21,569
,,
ROI_27,22,530
,,
ROI_27,23,573
,,
ROI_27,24,511
,,
ROI_27,25,588
,,
ROI_27,26,429
,,
ROI_27,27,469
,,
ROI_27,28,384
,,
ROI_27,29,456
,,
ROI_27,30,353
,,
ROI_27,31,393
,,
ROI_27,32,324
,,
ROI_27,33,317
,,
ROI_27,34,366
,,
ROI_27,35,321
,,
ROI_27,36,292
,,
ROI_27,37,304
,,
ROI_27,38,317
,,
ROI_27,39,257
,,
ROI_27,40,278
,,
ROI_27,41,249
,,
ROI_27,42,261
,,
ROI_27,43,259
,,
ROI_27,44,224
,,
ROI_27,45,210
,,
ROI_27,46,205
,,
ROI_27,47,253
,,
ROI_27,48,202
,,
ROI_27,49,217
,,
ROI_27,50,190
,,
ROI_27,51,173
,,
ROI_27,52,198
,,
ROI_27,53,156
,,
ROI_27,54,151
,,
ROI_27,55,150
,,
ROI_27,56,175
,,
ROI_27,57,156
,,
ROI_27,58,144
,,
ROI_27,59,141
,,
ROI_27,60,142
,,
ROI_27,61,152
,,
ROI_27,62,128
,,
ROI_27,63,133
,,
ROI_27,64,132
,,
ROI_27,65,153
,,
ROI_27,66,130
,,
ROI_27,67,120
,,
ROI_27,68,103
,,
ROI_27,69,119
,,
ROI_27,70,108
,,
ROI_27,71,98
,,
ROI_27,72,108
,,
ROI_27,73,102
,,
ROI_27,74,105
,,
ROI_27,75,83
,,
ROI_27,76,120
,,
ROI_27,77,92
,,
ROI_27,78,101
,,
ROI_27,79,84
,,
ROI_27,80,70
,,
ROI_27,81,82
,,
ROI_27,82,76
,,
ROI_27,83,87
,,
ROI_27,84,73
,,
ROI_27,85,62
,,
ROI_27,86,97
,,
ROI_27,87,62
,,
ROI_27,88,80
,,
ROI_27,89,80
,,
ROI_27,90,66
,,
ROI_27,91,80
,,
ROI_27,92,63
,,
ROI_27,93,68
,,
ROI_27,94,56
,,
ROI_27,95,62
,,
ROI_27,96,73
,,
ROI_27,97,65
,,
ROI_27,98,54
,,
ROI_27,99,57
,,
ROI_27,100,39
,,
ROI_27,101,61
,,
ROI_27,102,64
,,
ROI_27,103,51
,,
ROI_27,104,42
,,
ROI_27,105,53
,,
ROI_27,106,51
,,
ROI_27,107,35
,,
ROI_27,108,41
,,
ROI_27,109,40
,,
ROI_27,110,52
,,
ROI_27,111,36
,,
ROI_27,112,38
,,
ROI_27,113,44
,,
ROI_27,114,45
,,
ROI_27,115,34
,,
ROI_27,116,42
,,
ROI_27,117,30
,,
ROI_27,118,43
,,
ROI_27,119,41
,,
ROI_27,120,35
,,
ROI_27,121,38
,,
ROI_27,122,31
,,
ROI_27,123,35
,,
ROI_27,124,31
,,
ROI_27,125,22
,,
ROI_27,126,40
,,
ROI_27,127,23
,,
ROI_27,128,32
,,
ROI_27,129,24
,,
ROI_27,130,32
,,
ROI_27,131,33
,,
ROI_27,132,28
,,
ROI_27,133,20
,,
ROI_27,134,23
,,
ROI_27,135,23
,,
ROI_27,136,27
,,
ROI_27,137,30
,,
ROI_27,138,23
,,
ROI_27,139,22
,,
ROI_27,140,24
,,
ROI_27,141,16
,,
ROI_27,142,21
,,
ROI_27,143,24
,,
ROI_27,144,22
,,
ROI_27,145,21
,,
ROI_27,146,29
,,
ROI_27,147,26
,,
ROI_27,148,7
,,
ROI_27,149,12
,,
ROI_27,150,17
,,
ROI_27,151,12
,,
ROI_27,152,22
,,
ROI_27,153,16
,,
ROI_27,154,12
,,
ROI_27,155,25
,,
ROI_27,156,14
,,
ROI_27,157,18
,,
ROI_27,158,14
,,
ROI_27,159,11
,,
ROI_27,160,8
,,
ROI_27,161,15
,,
ROI_27,162,11
,,
ROI_27,163,15
,,
ROI_27,164,20
,,
ROI_27,165,10
,,
ROI_27,166,14
,,
ROI_27,167,9
,,
ROI_27,168,18
,,
ROI_27,169,12
,,
ROI_27,170,10
,,
ROI_27,171,9
,,
ROI_27,172,14
,,
ROI_27,173,10
,,
ROI_27,174,7
,,
ROI_27,175,10
,,
ROI_27,176,11
,,
ROI_27,177,16
,,
ROI_27,178,4
,,
ROI_27,179,9
,,
ROI_27,180,13
,,
ROI_27,181,12
,,
ROI_27,182,12
,,
ROI_27,183,8
,,
ROI_27,184,7
,,
ROI_27,185,6
,,
ROI_27,186,8
,,
ROI_27,187,8
,,
ROI_27,188,9
,,
ROI_27,189,7
,,
ROI_27,190,10
,,
ROI_27,191,7
,,
ROI_27,192,8
,,
ROI_27,193,8
,,
ROI_27,194,5
,,
ROI_27,195,3
,,
ROI_27,196,7
,,
ROI_27,197,10
,,
ROI_27,198,5
,,
ROI_27,199,7
,,
ROI_27,200,6
,,
ROI_27,201,2
,,
ROI_27,202,3
,,
ROI_27,203,7
,,
ROI_27,204,6
,,
ROI_27,205,6
,,
ROI_27,206,7
,,
ROI_27,207,5
,,
ROI_27,208,6
,,
ROI_27,209,9
,,
ROI_27,210,6
,,
ROI_27,211,3
,,
ROI_27,212,9
,,
ROI_27,213,4
,,
ROI_27,214,6
,,
ROI_27,215,4
,,
ROI_27,216,2
,,
ROI_27,217,3
,,
ROI_27,218,4
,,
ROI_27,219,1
,,
ROI_27,220,7
,,
ROI_27,221,7
,,
ROI_27,222,4
,,
ROI_27,223,7
,,
ROI_27,224,2
,,
ROI_27,225,3
,,
ROI_27,226,2
,,
ROI_27,227,8
,,
ROI_27,228,1
,,
ROI_27,229,2
,,
ROI_27,230,6
,,
ROI_27,231,3
,,
ROI_27,232,5
,,
ROI_27,233,3
,,
ROI_27,234,4
,,
ROI_27,235,2
,,
ROI_27,236,3
,,
ROI_27,237,5
,,
ROI_27,238,2
,,
ROI_27,239,2
,,
ROI_27,240,4
,,
ROI_27,241,1
,,
ROI_27,242,0
,,
ROI_27,243,4
,,
ROI_27,244,2
,,
ROI_27,245,3
,,
ROI_27,246,3
,,
ROI_27,247,4
,,
ROI_27,248,0
,,
ROI_27,249,2
,,
ROI_27,250,4
,,
ROI_27,251,2
,,
ROI_27,252,5
,,
ROI_27,253,2
,,
ROI_27,254,3
,,
ROI_27,255,189
,,
ROI_28,0,753
,,
ROI_28,1,410
,,
ROI_28,2,441
,,
ROI_28,3,331
,,
ROI_28,4,296
,,
ROI_28,5,243
,,
ROI_28,6,303
,,
ROI_28,7,281
,,
ROI_28,8,326
,,
ROI_28,9,315
,,
ROI_28,10,358
,,
ROI_28,11,362
,,
ROI_28,12,365
,,
ROI_28,13,329
,,
ROI_28,14,332
,,
ROI_28,15,317
,,
ROI_28,16,390
,,
ROI_28,17,312
,,
ROI_28,18,346
,,
ROI_28,19,300
,,
ROI_28,20,336
,,
ROI_28,21,304
,,
ROI_28,22,261
,,
ROI_28,23,274
,,
ROI_28,24,260
,,
ROI_28,25,288
,,
ROI_28,26,224
,,
ROI_28,27,241
,,
ROI_28,28,204
,,
ROI_28,29,258
,,
ROI_28,30,202
,,
ROI_28,31,209
,,
ROI_28,32,230
,,
ROI_28,33,192
,,
ROI_28,34,232
,,
ROI_28,35,192
,,
ROI_28,36,183
,,
ROI_28,37,193
,,
ROI_28,38,199
,,
ROI_28,39,187
,,
ROI_28,40,190
,,
ROI_28,41,196
,,
ROI_28,42,177
,,
ROI_28,43,223
,,
ROI_28,44,173
,,
ROI_28,45,158
,,
ROI_28,46,179
,,
ROI_28,47,181
,,
ROI_28,48,178
,,
ROI_28,49,148
,,
ROI_28,50,158
,,
ROI_28,51,147
,,
ROI_28,52,167
,,
ROI_28,53,137
,,
ROI_28,54,152
,,
ROI_28,55,167
,,
ROI_28,56,173
,,
ROI_28,57,155
,,
ROI_28,58,152
,,
ROI_28,59,140
,,
ROI_28,60,160
,,
ROI_28,61,169
,,
ROI_28,62,133
,,
ROI_28,63,119
,,
ROI_28,64,148
,,
ROI_28,65,175
,,
ROI_28,66,145
,,
ROI_28,67,122
,,
ROI_28,68,144
,,
ROI_28,69,145
,,
ROI_28,70,146
,,
ROI_28,71,126
,,
ROI_28,72,124
,,
ROI_28,73,132
,,
ROI_28,74,154
,,
ROI_28,75,154
,,
ROI_28,76,125
,,
ROI_28,77,123
,,
ROI_28,78,114
,,
ROI_28,79,125
,,
ROI_28,80,122
,,
ROI_28,81,131
,,
ROI_28,82,139
,,
ROI_28,83,136
,,
ROI_28,84,114
,,
ROI_28,85,113
,,
ROI_28,86,111
,,
ROI_28,87,116
,,
ROI_28,88,123
,,
ROI_28,89,125
,,
ROI_28,90,115
,,
ROI_28,91,117
,,
ROI_28,92,132
,,
ROI_28,93,99
,,
ROI_28,94,90
,,
ROI_28,95,104
,,
ROI_28,96,102
,,
ROI_28,97,101
,,
ROI_28,98,110
,,
ROI_28,99,93
,,
ROI_28,100,102
,,
ROI_28,101,97
,,
ROI_28,102,107
,,
ROI_28,103,93
,,
ROI_28,104,87
,,
ROI_28,105,103
,,
ROI_28,106,92
,,
ROI_28,107,83
,,
ROI_28,108,79
,,
ROI_28,109,84
,,
ROI_28,110,93
,,
ROI_28,111,80
,,
ROI_28,112,77
,,
ROI_28,113,89
,,
ROI_28,114,66
,,
ROI_28,115,86
,,
ROI_28,116,74
,,
ROI_28,117,101
,,
ROI_28,118,100
,,
ROI_28,119,92
,,
ROI_28,120,70
,,
ROI_28,121,60
,,
ROI_28,122,88
,,
ROI_28,123,69
,,
ROI_28,124,84
,,
ROI_28,125,76
,,
ROI_28,126,70
,,
ROI_28,127,58
,,
ROI_28,128,87
,,
ROI_28,129,80
,,
ROI_28,130,61
,,
ROI_28,131,55
,,
ROI_28,132,72
,,
ROI_28,133,60
,,
ROI_28,134,68
,,
ROI_28,135,70
,,
ROI_28,136,63
,,
ROI_28,137,77
,,
ROI_28,138,72
,,
ROI_28,139,65
,,
ROI_28,140,60
,,
ROI_28,141,66
,,
ROI_28,142,53
,,
ROI_28,143,47
,,
ROI_28,144,53
,,
ROI_28,145,76
,,
ROI_28,146,65
,,
ROI_28,147,67
,,
ROI_28,148,44
,,
ROI_28,149,45
,,
ROI_28,150,59
,,
ROI_28,151,49
,,
ROI_28,152,56
,,
ROI_28,153,62
,,
ROI_28,154,37
,,
ROI_28,155,64
,,
ROI_28,156,48
,,
ROI_28,157,50
,,
ROI_28,158,68
,,
ROI_28,159,46
,,
ROI_28,160,48
,,
ROI_28,161,55
,,
ROI_28,162,50
,,
ROI_28,163,34
,,
ROI_28,164,57
,,
ROI_28,165,36
,,
ROI_28,166,39
,,
ROI_28,167,34
,,
ROI_28,168,34
,,
ROI_28,169,40
,,
ROI_28,170,37
,,
ROI_28,171,38
,,
ROI_28,172,31
,,
ROI_28,173,39
,,
ROI_28,174,50
,,
ROI_28,175,46
,,
ROI_28,176,47
,,
ROI_28,177,41
,,
ROI_28,178,43
,,
ROI_28,179,33
,,
ROI_28,180,25
,,
ROI_28,181,35
,,
ROI_28,182,44
,,
ROI_28,183,40
,,
ROI_28,184,30
,,
ROI_28,185,32
,,
ROI_28,186,32
,,
ROI_28,187,29
,,
ROI_28,188,34
,,
ROI_28,189,27
,,
ROI_28,190,26
,,
ROI_28,191,34
,,
ROI_28,192,32
,,
ROI_28,193,26
,,
ROI_28,194,27
,,
ROI_28,195,25
,,
ROI_28,196,27
,,
ROI_28,197,23
,,
ROI_28,198,26
,,
ROI_28,199,20
,,
ROI_28,200,34
,,
ROI_28,201,23
,,
ROI_28,202,17
,,
ROI_28,203,21
,,
ROI_28,204,39
,,
ROI_28,205,33
,,
ROI_28,206,33
,,
ROI_28,207,27
,,
ROI_28,208,24
,,
ROI_28,209,33
,,
ROI_28,210,19
,,
ROI_28,211,22
,,
ROI_28,212,24
,,
ROI_28,213,27
,,
ROI_28,214,22
,,
ROI_28,215,21
,,
ROI_28,216,15
,,
ROI_28,217,15
,,
ROI_28,218,21
,,
ROI_28,219,20
,,
ROI_28,220,23
,,
ROI_28,221,19
,,
ROI_28,222,17
,,
ROI_28,223,16
,,
ROI_28,224,22
,,
ROI_28,225,19
,,
ROI_28,226,15
,,
ROI_28,227,25
,,
ROI_28,228,23
,,
ROI_28,229,32
,,
ROI_28,230,28
,,
ROI_28,231,25
,,
ROI_28,232,23
,,
ROI_28,233,18
,,
ROI_28,234,11
,,
ROI_28,235,24
,,
ROI_28,236,21
,,
ROI_28,237,18
,,
ROI_28,238,19
,,
ROI_28,239,14
,,
ROI_28,240,10
,,
ROI_28,241,10
,,
ROI_28,242,15
,,
ROI_28,243,16
,,
ROI_28,244,7
,,
ROI_28,245,14
,,
ROI_28,246,17
,,
ROI_28,247,22
,,
ROI_28,248,19
,,
ROI_28,249,10
,,
ROI_28,250,15
,,
ROI_28,251,5
,,
ROI_28,252,16
,,
ROI_28,253,18
,,
ROI_28,254,14
,,
ROI_28,255,1240
,,
ROI_29,0,1059
,,
ROI_29,1,518
,,
ROI_29,2,419
,,
ROI_29,3,270
,,
ROI_29,4,233
,,
ROI_29,5,213
,,
ROI_29,6,186
,,
ROI_29,7,203
,,
ROI_29,8,171
,,
ROI_29,9,201
,,
ROI_29,10,179
,,
ROI_29,11,218
,,
ROI_29,12,184
,,
ROI_29,13,170
,,
ROI_29,14,165
,,
ROI_29,15,179
,,
ROI_29,16,201
,,
ROI_29,17,139
,,
ROI_29,18,161
,,
ROI_29,19,164
,,
ROI_29,20,177
,,
ROI_29,21,158
,,
ROI_29,22,136
,,
ROI_29,23,147
,,
ROI_29,24,129
,,
ROI_29,25,140
,,
ROI_29,26,112
,,
ROI_29,27,127
,,
ROI_29,28,120
,,
ROI_29,29,152
,,
ROI_29,30,125
,,
ROI_29,31,106
,,
ROI_29,32,116
,,
ROI_29,33,92
,,
ROI_29,34,120
,,
ROI_29,35,100
,,
ROI_29,36,96
,,
ROI_29,37,94
,,
ROI_29,38,92
,,
ROI_29,39,91
,,
ROI_29,40,89
,,
ROI_29,41,79
,,
ROI_29,42,83
,,
ROI_29,43,80
,,
ROI_29,44,81
,,
ROI_29,45,68
,,
ROI_29,46,82
,,
ROI_29,47,83
,,
ROI_29,48,72
,,
ROI_29,49,55
,,
ROI_29,50,71
,,
ROI_29,51,59
,,
ROI_29,52,65
,,
ROI_29,53,64
,,
ROI_29,54,70
,,
ROI_29,55,59
,,
ROI_29,56,68
,,
ROI_29,57,56
,,
ROI_29,58,66
,,
ROI_29,59,56
,,
ROI_29,60,63
,,
ROI_29,61,68
,,
ROI_29,62,56
,,
ROI_29,63,57
,,
ROI_29,64,49
,,
ROI_29,65,49
,,
ROI_29,66,52
,,
ROI_29,67,66
,,
ROI_29,68,50
,,
ROI_29,69,38
,,
ROI_29,70,58
,,
ROI_29,71,48
,,
ROI_29,72,48
,,
ROI_29,73,35
,,
ROI_29,74,46
,,
ROI_29,75,48
,,
ROI_29,76,45
,,
ROI_29,77,47
,,
ROI_29,78,35
,,
ROI_29,79,45
,,
ROI_29,80,51
,,
ROI_29,81,35
,,
ROI_29,82,53
,,
ROI_29,83,66
,,
ROI_29,84,46
,,
ROI_29,85,52
,,
ROI_29,86,37
,,
ROI_29,87,36
,,
ROI_29,88,33
,,
ROI_29,89,36
,,
ROI_29,90,38
,,
ROI_29,91,34
,,
ROI_29,92,33
,,
ROI_29,93,37
,,
ROI_29,94,48
,,
ROI_29,95,33
,,
ROI_29,96,36
,,
ROI_29,97,39
,,
ROI_29,98,27
,,
ROI_29,99,26
,,
ROI_29,100,35
,,
ROI_29,101,44
,,
ROI_29,102,24
,,
ROI_29,103,34
,,
ROI_29,104,38
,,
ROI_29,105,39
,,
ROI_29,106,47
,,
ROI_29,107,29
,,
ROI_29,108,38
,,
ROI_29,109,42
,,
ROI_29,110,31
,,
ROI_29,111,35
,,
ROI_29,112,23
,,
ROI_29,113,29
,,
ROI_29,114,43
,,
ROI_29,115,37
,,
ROI_29,116,30
,,
ROI_29,117,26
,,
ROI_29,118,26
,,
ROI_29,119,33
,,
ROI_29,120,32
,,
ROI_29,121,35
,,
ROI_29,122,29
,,
ROI_29,123,30
,,
ROI_29,124,29
,,
ROI_29,125,35
,,
ROI_29,126,28
,,
ROI_29,127,36
,,
ROI_29,128,25
,,
ROI_29,129,34
,,
ROI_29,130,25
,,
ROI_29,131,27
,,
ROI_29,132,35
,,
ROI_29,133,31
,,
ROI_29,134,24
,,
ROI_29,135,23
,,
ROI_29,136,27
,,
ROI_29,137,24
,,
ROI_29,138,27
,,
ROI_29,139,30
,,
ROI_29,140,21
,,
ROI_29,141,30
,,
ROI_29,142,28
,,
ROI_29,143,27
,,
ROI_29,144,25
,,
ROI_29,145,19
,,
ROI_29,146,26
,,
ROI_29,147,28
,,
ROI_29,148,24
,,
ROI_29,149,25
,,
ROI_29,150,27
,,
ROI_29,151,20
,,
ROI_29,152,28
,,
ROI_29,153,24
,,
ROI_29,154,28
,,
ROI_29,155,28
,,
ROI_29,156,24
,,
ROI_29,157,12
,,
ROI_29,158,11
,,
ROI_29,159,22
,,
ROI_29,160,19
,,
ROI_29,161,21
,,
ROI_29,162,19
,,
ROI_29,163,17
,,
ROI_29,164,28
,,
ROI_29,165,22
,,
ROI_29,166,18
,,
ROI_29,167,14
,,
ROI_29,168,17
,,
ROI_29,169,11
,,
ROI_29,170,20
,,
ROI_29,171,21
,,
ROI_29,172,19
,,
ROI_29,173,29
,,
ROI_29,174,16
,,
ROI_29,175,15
,,
ROI_29,176,19
,,
ROI_29,177,23
,,
ROI_29,178,18
,,
ROI_29,179,13
,,
ROI_29,180,12
,,
ROI_29,181,12
,,
ROI_29,182,24
,,
ROI_29,183,22
,,
ROI_29,184,17
,,
ROI_29,185,22
,,
ROI_29,186,20
,,
ROI_29,187,10
,,
ROI_29,188,10
,,
ROI_29,189,13
,,
ROI_29,190,20
,,
ROI_29,191,22
,,
ROI_29,192,17
,,
ROI_29,193,10
,,
ROI_29,194,6
,,
ROI_29,195,14
,,
ROI_29,196,18
,,
ROI_29,197,13
,,
ROI_29,198,16
,,
ROI_29,199,7
,,
ROI_29,200,17
,,
ROI_29,201,17
,,
ROI_29,202,12
,,
ROI_29,203,11
,,
ROI_29,204,17
,,
ROI_29,205,12
,,
ROI_29,206,11
,,
ROI_29,207,21
,,
ROI_29,208,17
,,
ROI_29,209,14
,,
ROI_29,210,14
,,
ROI_29,211,11
,,
ROI_29,212,13
,,
ROI_29,213,13
,,
ROI_29,214,4
,,
ROI_29,215,12
,,
ROI_29,216,6
,,
ROI_29,217,9
,,
ROI_29,218,11
,,
ROI_29,219,15
,,
ROI_29,220,9
,,
ROI_29,221,11
,,
ROI_29,222,11
,,
ROI_29,223,14
,,
ROI_29,224,13
,,
ROI_29,225,11
,,
ROI_29,226,11
,,
ROI_29,227,8
,,
ROI_29,228,13
,,
ROI_29,229,15
,,
ROI_29,230,13
,,
ROI_29,231,8
,,
ROI_29,232,11
,,
ROI_29,233,15
,,
ROI_29,234,12
,,
ROI_29,235,6
,,
ROI_29,236,10
,,
ROI_29,237,18
,,
ROI_29,238,12
,,
ROI_29,239,14
,,
ROI_29,240,6
,,
ROI_29,241,13
,,
ROI_29,242,10
,,
ROI_29,243,5
,,
ROI_29,244,9
,,
ROI_29,245,11
,,
ROI_29,246,7
,,
ROI_29,247,7
,,
ROI_29,248,13
,,
ROI_29,249,9
,,
ROI_29,250,9
,,
ROI_29,251,7
,,
ROI_29,252,5
,,
ROI_29,253,9
,,
ROI_29,254,13
,,
ROI_29,255,889
,,
ROI_30,0,1175
,,
ROI_30,1,628
,,
ROI_30,2,595
,,
ROI_30,3,410
,,
ROI_30,4,380
,,
ROI_30,5,430
,,
ROI_30,6,447
,,
ROI_30,7,486
,,
ROI_30,8,483
,,
ROI_30,9,407
,,
ROI_30,10,469
,,
ROI_30,11,531
,,
ROI_30,12,449
,,
ROI_30,13,410
,,
ROI_30,14,429
,,
ROI_30,15,393
,,
ROI_30,16,436
,,
ROI_30,17,353
,,
ROI_30,18,337
,,
ROI_30,19,336
,,
ROI_30,20,363
,,
ROI_30,21,356
,,
ROI_30,22,305
,,
ROI_30,23,300
,,
ROI_30,24,291
,,
ROI_30,25,346
,,
ROI_30,26,263
,,
ROI_30,27,248
,,
ROI_30,28,230
,,
ROI_30,29,301
,,
ROI_30,30,243
,,
ROI_30,31,221
,,
ROI_30,32,232
,,
ROI_30,33,243
,,
ROI_30,34,258
,,
ROI_30,35,202
,,
ROI_30,36,239
,,
ROI_30,37,209
,,
ROI_30,38,245
,,
ROI_30,39,207
,,
ROI_30,40,213
,,
ROI_30,41,166
,,
ROI_30,42,170
,,
ROI_30,43,201
,,
ROI_30,44,186
,,
ROI_30,45,176
,,
ROI_30,46,163
,,
ROI_30,47,171
,,
ROI_30,48,156
,,
ROI_30,49,160
,,
ROI_30,50,142
,,
ROI_30,51,160
,,
ROI_30,52,159
,,
ROI_30,53,148
,,
ROI_30,54,127
,,
ROI_30,55,128
,,
ROI_30,56,146
,,
ROI_30,57,111
,,
ROI_30,58,132
,,
ROI_30,59,109
,,
ROI_30,60,116
,,
ROI_30,61,126
,,
ROI_30,62,89
,,
ROI_30,63,95
,,
ROI_30,64,99
,,
ROI_30,65,112
,,
ROI_30,66,94
,,
ROI_30,67,104
,,
ROI_30,68,92
,,
ROI_30,69,96
,,
ROI_30,70,95
,,
ROI_30,71,83
,,
ROI_30,72,86
,,
ROI_30,73,86
,,
ROI_30,74,100
,,
ROI_30,75,90
,,
ROI_30,76,92
,,
ROI_30,77,75
,,
ROI_30,78,69
,,
ROI_30,79,73
,,
ROI_30,80,75
,,
ROI_30,81,67
,,
ROI_30,82,66
,,
ROI_30,83,68
,,
ROI_30,84,73
,,
ROI_30,85,53
,,
ROI_30,86,72
,,
ROI_30,87,47
,,
ROI_30,88,57
,,
ROI_30,89,76
,,
ROI_30,90,39
,,
ROI_30,91,53
,,
ROI_30,92,66
,,
ROI_30,93,50
,,
ROI_30,94,53
,,
ROI_30,95,54
,,
ROI_30,96,57
,,
ROI_30,97,57
,,
ROI_30,98,55
,,
ROI_30,99,54
,,
ROI_30,100,38
,,
ROI_30,101,50
,,
ROI_30,102,40
,,
ROI_30,103,63
,,
ROI_30,104,37
,,
ROI_30,105,43
,,
ROI_30,106,54
,,
ROI_30,107,38
,,
ROI_30,108,46
,,
ROI_30,109,43
,,
ROI_30,110,45
,,
ROI_30,111,52
,,
ROI_30,112,45
,,
ROI_30,113,38
,,
ROI_30,114,36
,,
ROI_30,115,53
,,
ROI_30,116,38
,,
ROI_30,117,39
,,
ROI_30,118,49
,,
ROI_30,119,43
,,
ROI_30,120,31
,,
ROI_30,121,41
,,
ROI_30,122,32
,,
ROI_30,123,40
,,
ROI_30,124,38
,,
ROI_30,125,37
,,
ROI_30,126,44
,,
ROI_30,127,27
,,
ROI_30,128,40
,,
ROI_30,129,37
,,
ROI_30,130,37
,,
ROI_30,131,31
,,
ROI_30,132,28
,,
ROI_30,133,26
,,
ROI_30,134,38
,,
ROI_30,135,35
,,
ROI_30,136,30
,,
ROI_30,137,27
,,
ROI_30,138,36
,,
ROI_30,139,31
,,
ROI_30,140,29
,,
ROI_30,141,29
,,
ROI_30,142,25
,,
ROI_30,143,32
,,
ROI_30,144,31
,,
ROI_30,145,14
,,
ROI_30,146,37
,,
ROI_30,147,25
,,
ROI_30,148,32
,,
ROI_30,149,36
,,
ROI_30,150,28
,,
ROI_30,151,26
,,
ROI_30,152,28
,,
ROI_30,153,26
,,
ROI_30,154,23
,,
ROI_30,155,24
,,
ROI_30,156,25
,,
ROI_30,157,24
,,
ROI_30,158,28
,,
ROI_30,159,27
,,
ROI_30,160,30
,,
ROI_30,161,21
,,
ROI_30,162,19
,,
ROI_30,163,23
,,
ROI_30,164,33
,,
ROI_30,165,19
,,
ROI_30,166,25
,,
ROI_30,167,19
,,
ROI_30,168,22
,,
ROI_30,169,15
,,
ROI_30,170,22
,,
ROI_30,171,20
,,
ROI_30,172,23
,,
ROI_30,173,22
,,
ROI_30,174,24
,,
ROI_30,175,21
,,
ROI_30,176,27
,,
ROI_30,177,21
,,
ROI_30,178,19
,,
ROI_30,179,18
,,
ROI_30,180,18
,,
ROI_30,181,20
,,
ROI_30,182,18
,,
ROI_30,183,17
,,
ROI_30,184,20
,,
ROI_30,185,20
,,
ROI_30,186,22
,,
ROI_30,187,20
,,
ROI_30,188,18
,,
ROI_30,189,16
,,
ROI_30,190,10
,,
ROI_30,191,22
,,
ROI_30,192,14
,,
ROI_30,193,16
,,
ROI_30,194,17
,,
ROI_30,195,13
,,
ROI_30,196,10
,,
ROI_30,197,12
,,
ROI_30,198,9
,,
ROI_30,199,20
,,
ROI_30,200,17
,,
ROI_30,201,16
,,
ROI_30,202,14
,,
ROI_30,203,15
,,
ROI_30,204,22
,,
ROI_30,205,13
,,
ROI_30,206,13
,,
ROI_30,207,15
,,
ROI_30,208,12
,,
ROI_30,209,18
,,
ROI_30,210,8
,,
ROI_30,211,12
,,
ROI_30,212,17
,,
ROI_30,213,11
,,
ROI_30,214,14
,,
ROI_30,215,11
,,
ROI_30,216,12
,,
ROI_30,217,17
,,
ROI_30,218,14
,,
ROI_30,219,10
,,
ROI_30,220,15
,,
ROI_30,221,11
,,
ROI_30,222,11
,,
ROI_30,223,10
,,
ROI_30,224,12
,,
ROI_30,225,9
,,
ROI_30,226,8
,,
ROI_30,227,16
,,
ROI_30,228,9
,,
ROI_30,229,6
,,
ROI_30,230,9
,,
ROI_30,231,10
,,
ROI_30,232,14
,,
ROI_30,233,9
,,
ROI_30,234,11
,,
ROI_30,235,9
,,
ROI_30,236,11
,,
ROI_30,237,8
,,
ROI_30,238,8
,,
ROI_30,239,4
,,
ROI_30,240,10
,,
ROI_30,241,7
,,
ROI_30,242,11
,,
ROI_30,243,10
,,
ROI_30,244,10
,,
ROI_30,245,8
,,
ROI_30,246,6
,,
ROI_30,247,5
,,
ROI_30,248,10
,,
ROI_30,249,11
,,
ROI_30,250,10
,,
ROI_30,251,11
,,
ROI_30,252,8
,,
ROI_30,253,12
,,
ROI_30,254,9
,,
ROI_30,255,567
,,
ROI_31,0,4715
,,
ROI_31,1,2189
,,
ROI_31,2,1912
,,
ROI_31,3,1415
,,
ROI_31,4,1238
,,
ROI_31,5,1036
,,
ROI_31,6,952
,,
ROI_31,7,890
,,
ROI_31,8,779
,,
ROI_31,9,726
,,
ROI_31,10,776
,,
ROI_31,11,847
,,
ROI_31,12,663
,,
ROI_31,13,607
,,
ROI_31,14,588
,,
ROI_31,15,525
,,
ROI_31,16,586
,,
ROI_31,17,428
,,
ROI_31,18,457
,,
ROI_31,19,419
,,
ROI_31,20,442
,,
ROI_31,21,378
,,
ROI_31,22,327
,,
ROI_31,23,351
,,
ROI_31,24,308
,,
ROI_31,25,370
,,
ROI_31,26,258
,,
ROI_31,27,270
,,
ROI_31,28,227
,,
ROI_31,29,336
,,
ROI_31,30,219
,,
ROI_31,31,231
,,
ROI_31,32,234
,,
ROI_31,33,207
,,
ROI_31,34,253
,,
ROI_31,35,213
,,
ROI_31,36,200
,,
ROI_31,37,215
,,
ROI_31,38,218
,,
ROI_31,39,177
,,
ROI_31,40,184
,,
ROI_31,41,192
,,
ROI_31,42,187
,,
ROI_31,43,200
,,
ROI_31,44,158
,,
ROI_31,45,187
,,
ROI_31,46,148
,,
ROI_31,47,157
,,
ROI_31,48,152
,,
ROI_31,49,150
,,
ROI_31,50,180
,,
ROI_31,51,156
,,
ROI_31,52,137
,,
ROI_31,53,152
,,
ROI_31,54,121
,,
ROI_31,55,120
,,
ROI_31,56,125
,,
ROI_31,57,121
,,
ROI_31,58,127
,,
ROI_31,59,113
,,
ROI_31,60,119
,,
ROI_31,61,134
,,
ROI_31,62,130
,,
ROI_31,63,111
,,
ROI_31,64,104
,,
ROI_31,65,109
,,
ROI_31,66,118
,,
ROI_31,67,104
,,
ROI_31,68,108
,,
ROI_31,69,97
,,
ROI_31,70,109
,,
ROI_31,71,91
,,
ROI_31,72,117
,,
ROI_31,73,73
,,
ROI_31,74,109
,,
ROI_31,75,95
,,
ROI_31,76,106
,,
ROI_31,77,87
,,
ROI_31,78,70
,,
ROI_31,79,102
,,
ROI_31,80,81
,,
ROI_31,81,70
,,
ROI_31,82,70
,,
ROI_31,83,76
,,
ROI_31,84,76
,,
ROI_31,85,72
,,
ROI_31,86,80
,,
ROI_31,87,70
,,
ROI_31,88,67
,,
ROI_31,89,68
,,
ROI_31,90,67
,,
ROI_31,91,53
,,
ROI_31,92,70
,,
ROI_31,93,56
,,
ROI_31,94,60
,,
ROI_31,95,67
,,
ROI_31,96,57
,,
ROI_31,97,58
,,
ROI_31,98,54
,,
ROI_31,99,50
,,
ROI_31,100,36
,,
ROI_31,101,57
,,
ROI_31,102,64
,,
ROI_31,103,52
,,
ROI_31,104,46
,,
ROI_31,105,51
,,
ROI_31,106,71
,,
ROI_31,107,42
,,
ROI_31,108,51
,,
ROI_31,109,47
,,
ROI_31,110,48
,,
ROI_31,111,42
,,
ROI_31,112,44
,,
ROI_31,113,44
,,
ROI_31,114,43
,,
ROI_31,115,49
,,
ROI_31,116,35
,,
ROI_31,117,34
,,
ROI_31,118,57
,,
ROI_31,119,44
,,
ROI_31,120,35
,,
ROI_31,121,41
,,
ROI_31,122,34
,,
ROI_31,123,38
,,
ROI_31,124,40
,,
ROI_31,125,32
,,
ROI_31,126,30
,,
ROI_31,127,26
,,
ROI_31,128,40
,,
ROI_31,129,31
,,
ROI_31,130,31
,,
ROI_31,131,22
,,
ROI_31,132,29
,,
ROI_31,133,28
,,
ROI_31,134,27
,,
ROI_31,135,31
,,
ROI_31,136,32
,,
ROI_31,137,32
,,
ROI_31,138,24
,,
ROI_31,139,27
,,
ROI_31,140,12
,,
ROI_31,141,29
,,
ROI_31,142,33
,,
ROI_31,143,31
,,
ROI_31,144,22
,,
ROI_31,145,27
,,
ROI_31,146,22
,,
ROI_31,147,11
,,
ROI_31,148,23
,,
ROI_31,149,24
,,
ROI_31,150,28
,,
ROI_31,151,17
,,
ROI_31,152,20
,,
ROI_31,153,20
,,
ROI_31,154,16
,,
ROI_31,155,25
,,
ROI_31,156,23
,,
ROI_31,157,22
,,
ROI_31,158,18
,,
ROI_31,159,28
,,
ROI_31,160,20
,,
ROI_31,161,22
,,
ROI_31,162,16
,,
ROI_31,163,15
,,
ROI_31,164,14
,,
ROI_31,165,12
,,
ROI_31,166,24
,,
ROI_31,167,17
,,
ROI_31,168,17
,,
ROI_31,169,14
,,
ROI_31,170,17
,,
ROI_31,171,11
,,
ROI_31,172,15
,,
ROI_31,173,15
,,
ROI_31,174,19
,,
ROI_31,175,11
,,
ROI_31,176,15
,,
ROI_31,177,15
,,
ROI_31,178,8
,,
ROI_31,179,15
,,
ROI_31,180,11
,,
ROI_31,181,15
,,
ROI_31,182,14
,,
ROI_31,183,10
,,
ROI_31,184,15
,,
ROI_31,185,19
,,
ROI_31,186,10
,,
ROI_31,187,15
,,
ROI_31,188,10
,,
ROI_31,189,14
,,
ROI_31,190,15
,,
ROI_31,191,15
,,
ROI_31,192,10
,,
ROI_31,193,14
,,
ROI_31,194,6
,,
ROI_31,195,15
,,
ROI_31,196,8
,,
ROI_31,197,9
,,
ROI_31,198,14
,,
ROI_31,199,5
,,
ROI_31,200,7
,,
ROI_31,201,7
,,
ROI_31,202,10
,,
ROI_31,203,14
,,
ROI_31,204,10
,,
ROI_31,205,13
,,
ROI_31,206,14
,,
ROI_31,207,6
,,
ROI_31,208,12
,,
ROI_31,209,8
,,
ROI_31,210,5
,,
ROI_31,211,15
,,
ROI_31,212,9
,,
ROI_31,213,10
,,
ROI_31,214,8
,,
ROI_31,215,6
,,
ROI_31,216,7
,,
ROI_31,217,5
,,
ROI_31,218,11
,,
ROI_31,219,10
,,
ROI_31,220,5
,,
ROI_31,221,13
,,
ROI_31,222,10
,,
ROI_31,223,10
,,
ROI_31,224,5
,,
ROI_31,225,8
,,
ROI_31,226,4
,,
ROI_31,227,9
,,
ROI_31,228,7
,,
ROI_31,229,9
,,
ROI_31,230,9
,,
ROI_31,231,8
,,
ROI_31,232,9
,,
ROI_31,233,4
,,
ROI_31,234,3
,,
ROI_31,235,9
,,
ROI_31,236,5
,,
ROI_31,237,7
,,
ROI_31,238,6
,,
ROI_31,239,7
,,
ROI_31,240,9
,,
ROI_31,241,8
,,
ROI_31,242,5
,,
ROI_31,243,9
,,
ROI_31,244,1
,,
ROI_31,245,6
,,
ROI_31,246,4
,,
ROI_31,247,7
,,
ROI_31,248,2
,,
ROI_31,249,4
,,
ROI_31,250,5
,,
ROI_31,251,6
,,
ROI_31,252,4
,,
ROI_31,253,7
,,
ROI_31,254,9
,,
ROI_31,255,648
,,
ROI_32,0,833
,,
ROI_32,1,518
,,
ROI_32,2,525
,,
ROI_32,3,519
,,
ROI_32,4,580
,,
ROI_32,5,523
,,
ROI_32,6,588
,,
ROI_32,7,571
,,
ROI_32,8,579
,,
ROI_32,9,585
,,
ROI_32,10,577
,,
ROI_32,11,647
,,
ROI_32,12,559
,,
ROI_32,13,500
,,
ROI_32,14,514
,,
ROI_32,15,386
,,
ROI_32,16,476
,,
ROI_32,17,381
,,
ROI_32,18,334
,,
ROI_32,19,305
,,
ROI_32,20,357
,,
ROI_32,21,286
,,
ROI_32,22,266
,,
ROI_32,23,276
,,
ROI_32,24,264
,,
ROI_32,25,271
,,
ROI_32,26,215
,,
ROI_32,27,236
,,
ROI_32,28,215
,,
ROI_32,29,268
,,
ROI_32,30,211
,,
ROI_32,31,174
,,
ROI_32,32,192
,,
ROI_32,33,212
,,
ROI_32,34,196
,,
ROI_32,35,179
,,
ROI_32,36,178
,,
ROI_32,37,174
,,
ROI_32,38,202
,,
ROI_32,39,159
,,
ROI_32,40,154
,,
ROI_32,41,158
,,
ROI_32,42,139
,,
ROI_32,43,151
,,
ROI_32,44,135
,,
ROI_32,45,141
,,
ROI_32,46,153
,,
ROI_32,47,135
,,
ROI_32,48,125
,,
ROI_32,49,129
,,
ROI_32,50,136
,,
ROI_32,51,141
,,
ROI_32,52,148
,,
ROI_32,53,125
,,
ROI_32,54,116
,,
ROI_32,55,114
,,
ROI_32,56,152
,,
ROI_32,57,114
,,
ROI_32,58,111
,,
ROI_32,59,104
,,
ROI_32,60,101
,,
ROI_32,61,105
,,
ROI_32,62,124
,,
ROI_32,63,115
,,
ROI_32,64,96
,,
ROI_32,65,117
,,
ROI_32,66,96
,,
ROI_32,67,98
,,
ROI_32,68,102
,,
ROI_32,69,85
,,
ROI_32,70,92
,,
ROI_32,71,101
,,
ROI_32,72,75
,,
ROI_32,73,90
,,
ROI_32,74,104
,,
ROI_32,75,79
,,
ROI_32,76,78
,,
ROI_32,77,94
,,
ROI_32,78,76
,,
ROI_32,79,92
,,
ROI_32,80,77
,,
ROI_32,81,70
,,
ROI_32,82,84
,,
ROI_32,83,73
,,
ROI_32,84,74
,,
ROI_32,85,63
,,
ROI_32,86,74
,,
ROI_32,87,81
,,
ROI_32,88,74
,,
ROI_32,89,59
,,
ROI_32,90,47
,,
ROI_32,91,67
,,
ROI_32,92,67
,,
ROI_32,93,63
,,
ROI_32,94,64
,,
ROI_32,95,47
,,
ROI_32,96,68
,,
ROI_32,97,59
,,
ROI_32,98,61
,,
ROI_32,99,56
,,
ROI_32,100,43
,,
ROI_32,101,58
,,
ROI_32,102,53
,,
ROI_32,103,43
,,
ROI_32,104,38
,,
ROI_32,105,37
,,
ROI_32,106,47
,,
ROI_32,107,54
,,
ROI_32,108,48
,,
ROI_32,109,37
,,
ROI_32,110,47
,,
ROI_32,111,52
,,
ROI_32,112,51
,,
ROI_32,113,25
,,
ROI_32,114,50
,,
ROI_32,115,50
,,
ROI_32,116,37
,,
ROI_32,117,29
,,
ROI_32,118,36
,,
ROI_32,119,37
,,
ROI_32,120,36
,,
ROI_32,121,34
,,
ROI_32,122,36
,,
ROI_32,123,36
,,
ROI_32,124,32
,,
ROI_32,125,31
,,
ROI_32,126,24
,,
ROI_32,127,30
,,
ROI_32,128,38
,,
ROI_32,129,37
,,
ROI_32,130,35
,,
ROI_32,131,28
,,
ROI_32,132,30
,,
ROI_32,133,37
,,
ROI_32,134,19
,,
ROI_32,135,27
,,
ROI_32,136,32
,,
ROI_32,137,44
,,
ROI_32,138,26
,,
ROI_32,139,35
,,
ROI_32,140,22
,,
ROI_32,141,32
,,
ROI_32,142,15
,,
ROI_32,143,28
,,
ROI_32,144,17
,,
ROI_32,145,14
,,
ROI_32,146,29
,,
ROI_32,147,23
,,
ROI_32,148,29
,,
ROI_32,149,24
,,
ROI_32,150,22
,,
ROI_32,151,24
,,
ROI_32,152,32
,,
ROI_32,153,21
,,
ROI_32,154,26
,,
ROI_32,155,34
,,
ROI_32,156,25
,,
ROI_32,157,29
,,
ROI_32,158,23
,,
ROI_32,159,17
,,
ROI_32,160,25
,,
ROI_32,161,28
,,
ROI_32,162,20
,,
ROI_32,163,20
,,
ROI_32,164,29
,,
ROI_32,165,28
,,
ROI_32,166,26
,,
ROI_32,167,13
,,
ROI_32,168,24
,,
ROI_32,169,26
,,
ROI_32,170,22
,,
ROI_32,171,25
,,
ROI_32,172,23
,,
ROI_32,173,24
,,
ROI_32,174,19
,,
ROI_32,175,21
,,
ROI_32,176,27
,,
ROI_32,177,14
,,
ROI_32,178,13
,,
ROI_32,179,25
,,
ROI_32,180,23
,,
ROI_32,181,19
,,
ROI_32,182,20
,,
ROI_32,183,12
,,
ROI_32,184,15
,,
ROI_32,185,24
,,
ROI_32,186,23
,,
ROI_32,187,16
,,
ROI_32,188,15
,,
ROI_32,189,17
,,
ROI_32,190,15
,,
ROI_32,191,18
,,
ROI_32,192,10
,,
ROI_32,193,8
,,
ROI_32,194,19
,,
ROI_32,195,12
,,
ROI_32,196,20
,,
ROI_32,197,7
,,
ROI_32,198,7
,,
ROI_32,199,9
,,
ROI_32,200,20
,,
ROI_32,201,17
,,
ROI_32,202,18
,,
ROI_32,203,10
,,
ROI_32,204,16
,,
ROI_32,205,7
,,
ROI_32,206,13
,,
ROI_32,207,18
,,
ROI_32,208,14
,,
ROI_32,209,12
,,
ROI_32,210,6
,,
ROI_32,211,7
,,
ROI_32,212,13
,,
ROI_32,213,20
,,
ROI_32,214,9
,,
ROI_32,215,8
,,
ROI_32,216,16
,,
ROI_32,217,12
,,
ROI_32,218,14
,,
ROI_32,219,9
,,
ROI_32,220,14
,,
ROI_32,221,9
,,
ROI_32,222,10
,,
ROI_32,223,13
,,
ROI_32,224,7
,,
ROI_32,225,7
,,
ROI_32,226,10
,,
ROI_32,227,10
,,
ROI_32,228,11
,,
ROI_32,229,9
,,
ROI_32,230,14
,,
ROI_32,231,14
,,
ROI_32,232,6
,,
ROI_32,233,10
,,
ROI_32,234,9
,,
ROI_32,235,14
,,
ROI_32,236,10
,,
ROI_32,237,12
,,
ROI_32,238,7
,,
ROI_32,239,6
,,
ROI_32,240,5
,,
ROI_32,241,7
,,
ROI_32,242,8
,,
ROI_32,243,7
,,
ROI_32,244,6
,,
ROI_32,245,7
,,
ROI_32,246,7
,,
ROI_32,247,5
,,
ROI_32,248,6
,,
ROI_32,249,12
,,
ROI_32,250,12
,,
ROI_32,251,7
,,
ROI_32,252,9
,,
ROI_32,253,11
,,
ROI_32,254,9
,,
ROI_32,255,572
,,
ROI_33,0,1271
,,
ROI_33,1,817
,,
ROI_33,2,746
,,
ROI_33,3,481
,,
ROI_33,4,373
,,
ROI_33,5,332
,,
ROI_33,6,305
,,
ROI_33,7,342
,,
ROI_33,8,256
,,
ROI_33,9,243
,,
ROI_33,10,234
,,
ROI_33,11,243
,,
ROI_33,12,217
,,
ROI_33,13,203
,,
ROI_33,14,144
,,
ROI_33,15,131
,,
ROI_33,16,159
,,
ROI_33,17,134
,,
ROI_33,18,111
,,
ROI_33,19,102
,,
ROI_33,20,102
,,
ROI_33,21,87
,,
ROI_33,22,67
,,
ROI_33,23,73
,,
ROI_33,24,95
,,
ROI_33,25,80
,,
ROI_33,26,64
,,
ROI_33,27,64
,,
ROI_33,28,64
,,
ROI_33,29,68
,,
ROI_33,30,40
,,
ROI_33,31,50
,,
ROI_33,32,61
,,
ROI_33,33,52
,,
ROI_33,34,59
,,
ROI_33,35,41
,,
ROI_33,36,33
,,
ROI_33,37,52
,,
ROI_33,38,46
,,
ROI_33,39,47
,,
ROI_33,40,44
,,
ROI_33,41,36
,,
ROI_33,42,26
,,
ROI_33,43,45
,,
ROI_33,44,32
,,
ROI_33,45,42
,,
ROI_33,46,34
,,
ROI_33,47,36
,,
ROI_33,48,30
,,
ROI_33,49,27
,,
ROI_33,50,30
,,
ROI_33,51,28
,,
ROI_33,52,27
,,
ROI_33,53,25
,,
ROI_33,54,24
,,
ROI_33,55,33
,,
ROI_33,56,30
,,
ROI_33,57,28
,,
ROI_33,58,32
,,
ROI_33,59,20
,,
ROI_33,60,23
,,
ROI_33,61,21
,,
ROI_33,62,22
,,
ROI_33,63,22
,,
ROI_33,64,22
,,
ROI_33,65,24
,,
ROI_33,66,24
,,
ROI_33,67,24
,,
ROI_33,68,24
,,
ROI_33,69,21
,,
ROI_33,70,16
,,
ROI_33,71,15
,,
ROI_33,72,17
,,
ROI_33,73,20
,,
ROI_33,74,14
,,
ROI_33,75,19
,,
ROI_33,76,12
,,
ROI_33,77,15
,,
ROI_33,78,11
,,
ROI_33,79,21
,,
ROI_33,80,18
,,
ROI_33,81,11
,,
ROI_33,82,16
,,
ROI_33,83,12
,,
ROI_33,84,12
,,
ROI_33,85,13
,,
ROI_33,86,12
,,
ROI_33,87,14
,,
ROI_33,88,19
,,
ROI_33,89,17
,,
ROI_33,90,13
,,
ROI_33,91,13
,,
ROI_33,92,14
,,
ROI_33,93,12
,,
ROI_33,94,13
,,
ROI_33,95,8
,,
ROI_33,96,5
,,
ROI_33,97,7
,,
ROI_33,98,8
,,
ROI_33,99,8
,,
ROI_33,100,10
,,
ROI_33,101,15
,,
ROI_33,102,5
,,
ROI_33,103,6
,,
ROI_33,104,7
,,
ROI_33,105,9
,,
ROI_33,106,15
,,
ROI_33,107,7
,,
ROI_33,108,12
,,
ROI_33,109,9
,,
ROI_33,110,5
,,
ROI_33,111,7
,,
ROI_33,112,6
,,
ROI_33,113,8
,,
ROI_33,114,6
,,
ROI_33,115,4
,,
ROI_33,116,10
,,
ROI_33,117,5
,,
ROI_33,118,3
,,
ROI_33,119,3
,,
ROI_33,120,8
,,
ROI_33,121,9
,,
ROI_33,122,9
,,
ROI_33,123,6
,,
ROI_33,124,4
,,
ROI_33,125,5
,,
ROI_33,126,3
,,
ROI_33,127,2
,,
ROI_33,128,5
,,
ROI_33,129,7
,,
ROI_33,130,6
,,
ROI_33,131,4
,,
ROI_33,132,6
,,
ROI_33,133,5
,,
ROI_33,134,8
,,
ROI_33,135,10
,,
ROI_33,136,5
,,
ROI_33,137,1
,,
ROI_33,138,2
,,
ROI_33,139,12
,,
ROI_33,140,5
,,
ROI_33,141,7
,,
ROI_33,142,7
,,
ROI_33,143,4
,,
ROI_33,144,2
,,
ROI_33,145,3
,,
ROI_33,146,8
,,
ROI_33,147,3
,,
ROI_33,148,6
,,
ROI_33,149,3
,,
ROI_33,150,3
,,
ROI_33,151,3
,,
ROI_33,152,0
,,
ROI_33,153,3
,,
ROI_33,154,3
,,
ROI_33,155,9
,,
ROI_33,156,5
,,
ROI_33,157,3
,,
ROI_33,158,3
,,
ROI_33,159,7
,,
ROI_33,160,3
,,
ROI_33,161,4
,,
ROI_33,162,6
,,
ROI_33,163,3
,,
ROI_33,164,2
,,
ROI_33,165,3
,,
ROI_33,166,0
,,
ROI_33,167,6
,,
ROI_33,168,7
,,
ROI_33,169,2
,,
ROI_33,170,3
,,
ROI_33,171,6
,,
ROI_33,172,4
,,
ROI_33,173,2
,,
ROI_33,174,5
,,
ROI_33,175,1
,,
ROI_33,176,5
,,
ROI_33,177,5
,,
ROI_33,178,0
,,
ROI_33,179,6
,,
ROI_33,180,1
,,
ROI_33,181,2
,,
ROI_33,182,2
,,
ROI_33,183,1
,,
ROI_33,184,2
,,
ROI_33,185,5
,,
ROI_33,186,3
,,
ROI_33,187,2
,,
ROI_33,188,1
,,
ROI_33,189,1
,,
ROI_33,190,1
,,
ROI_33,191,2
,,
ROI_33,192,4
,,
ROI_33,193,1
,,
ROI_33,194,5
,,
ROI_33,195,4
,,
ROI_33,196,2
,,
ROI_33,197,2
,,
ROI_33,198,1
,,
ROI_33,199,0
,,
ROI_33,200,2
,,
ROI_33,201,1
,,
ROI_33,202,1
,,
ROI_33,203,3
,,
ROI_33,204,2
,,
ROI_33,205,1
,,
ROI_33,206,1
,,
ROI_33,207,4
,,
ROI_33,208,1
,,
ROI_33,209,4
,,
ROI_33,210,3
,,
ROI_33,211,4
,,
ROI_33,212,0
,,
ROI_33,213,1
,,
ROI_33,214,0
,,
ROI_33,215,3
,,
ROI_33,216,1
,,
ROI_33,217,2
,,
ROI_33,218,3
,,
ROI_33,219,2
,,
ROI_33,220,1
,,
ROI_33,221,1
,,
ROI_33,222,1
,,
ROI_33,223,0
,,
ROI_33,224,2
,,
ROI_33,225,1
,,
ROI_33,226,4
,,
ROI_33,227,2
,,
ROI_33,228,0
,,
ROI_33,229,4
,,
ROI_33,230,1
,,
ROI_33,231,0
,,
ROI_33,232,1
,,
ROI_33,233,0
,,
ROI_33,234,0
,,
ROI_33,235,1
,,
ROI_33,236,3
,,
ROI_33,237,3
,,
ROI_33,238,0
,,
ROI_33,239,2
,,
ROI_33,240,4
,,
ROI_33,241,2
,,
ROI_33,242,0
,,
ROI_33,243,1
,,
ROI_33,244,2
,,
ROI_33,245,1
,,
ROI_33,246,2
,,
ROI_33,247,1
,,
ROI_33,248,1
,,
ROI_33,249,0
,,
ROI_33,250,1
,,
ROI_33,251,2
,,
ROI_33,252,2
,,
ROI_33,253,1
,,
ROI_33,254,3
,,
ROI_33,255,70
,,
ROI_34,0,1516
,,
ROI_34,1,547
,,
ROI_34,2,531
,,
ROI_34,3,449
,,
ROI_34,4,444
,,
ROI_34,5,435
,,
ROI_34,6,435
,,
ROI_34,7,533
,,
ROI_34,8,470
,,
ROI_34,9,453
,,
ROI_34,10,551
,,
ROI_34,11,593
,,
ROI_34,12,592
,,
ROI_34,13,547
,,
ROI_34,14,582
,,
ROI_34,15,531
,,
ROI_34,16,615
,,
ROI_34,17,544
,,
ROI_34,18,514
,,
ROI_34,19,497
,,
ROI_34,20,529
,,
ROI_34,21,479
,,
ROI_34,22,370
,,
ROI_34,23,435
,,
ROI_34,24,382
,,
ROI_34,25,459
,,
ROI_34,26,346
,,
ROI_34,27,356
,,
ROI_34,28,303
,,
ROI_34,29,374
,,
ROI_34,30,280
,,
ROI_34,31,320
,,
ROI_34,32,300
,,
ROI_34,33,264
,,
ROI_34,34,290
,,
ROI_34,35,262
,,
ROI_34,36,279
,,
ROI_34,37,263
,,
ROI_34,38,288
,,
ROI_34,39,268
,,
ROI_34,40,260
,,
ROI_34,41,272
,,
ROI_34,42,256
,,
ROI_34,43,261
,,
ROI_34,44,223
,,
ROI_34,45,217
,,
ROI_34,46,222
,,
ROI_34,47,252
,,
ROI_34,48,203
,,
ROI_34,49,194
,,
ROI_34,50,197
,,
ROI_34,51,185
,,
ROI_34,52,216
,,
ROI_34,53,158
,,
ROI_34,54,184
,,
ROI_34,55,174
,,
ROI_34,56,230
,,
ROI_34,57,160
,,
ROI_34,58,157
,,
ROI_34,59,148
,,
ROI_34,60,139
,,
ROI_34,61,149
,,
ROI_34,62,170
,,
ROI_34,63,135
,,
ROI_34,64,132
,,
ROI_34,65,184
,,
ROI_34,66,123
,,
ROI_34,67,110
,,
ROI_34,68,134
,,
ROI_34,69,94
,,
ROI_34,70,134
,,
ROI_34,71,117
,,
ROI_34,72,106
,,
ROI_34,73,134
,,
ROI_34,74,144
,,
ROI_34,75,91
,,
ROI_34,76,95
,,
ROI_34,77,96
,,
ROI_34,78,98
,,
ROI_34,79,103
,,
ROI_34,80,102
,,
ROI_34,81,86
,,
ROI_34,82,99
,,
ROI_34,83,105
,,
ROI_34,84,83
,,
ROI_34,85,71
,,
ROI_34,86,95
,,
ROI_34,87,74
,,
ROI_34,88,78
,,
ROI_34,89,93
,,
ROI_34,90,88
,,
ROI_34,91,72
,,
ROI_34,92,96
,,
ROI_34,93,57
,,
ROI_34,94,63
,,
ROI_34,95,77
,,
ROI_34,96,71
,,
ROI_34,97,87
,,
ROI_34,98,84
,,
ROI_34,99,69
,,
ROI_34,100,57
,,
ROI_34,101,71
,,
ROI_34,102,58
,,
ROI_34,103,50
,,
ROI_34,104,59
,,
ROI_34,105,58
,,
ROI_34,106,75
,,
ROI_34,107,57
,,
ROI_34,108,63
,,
ROI_34,109,49
,,
ROI_34,110,67
,,
ROI_34,111,56
,,
ROI_34,112,45
,,
ROI_34,113,60
,,
ROI_34,114,49
,,
ROI_34,115,44
,,
ROI_34,116,41
,,
ROI_34,117,51
,,
ROI_34,118,44
,,
ROI_34,119,60
,,
ROI_34,120,42
,,
ROI_34,121,47
,,
ROI_34,122,50
,,
ROI_34,123,50
,,
ROI_34,124,41
,,
ROI_34,125,30
,,
ROI_34,126,41
,,
ROI_34,127,25
,,
ROI_34,128,45
,,
ROI_34,129,37
,,
ROI_34,130,37
,,
ROI_34,131,31
,,
ROI_34,132,33
,,
ROI_34,133,33
,,
ROI_34,134,33
,,
ROI_34,135,38
,,
ROI_34,136,40
,,
ROI_34,137,31
,,
ROI_34,138,35
,,
ROI_34,139,37
,,
ROI_34,140,34
,,
ROI_34,141,39
,,
ROI_34,142,36
,,
ROI_34,143,24
,,
ROI_34,144,43
,,
ROI_34,145,27
,,
ROI_34,146,31
,,
ROI_34,147,28
,,
ROI_34,148,24
,,
ROI_34,149,36
,,
ROI_34,150,33
,,
ROI_34,151,20
,,
ROI_34,152,19
,,
ROI_34,153,20
,,
ROI_34,154,32
,,
ROI_34,155,25
,,
ROI_34,156,28
,,
ROI_34,157,21
,,
ROI_34,158,19
,,
ROI_34,159,27
,,
ROI_34,160,23
,,
ROI_34,161,17
,,
ROI_34,162,19
,,
ROI_34,163,21
,,
ROI_34,164,30
,,
ROI_34,165,30
,,
ROI_34,166,24
,,
ROI_34,167,22
,,
ROI_34,168,40
,,
ROI_34,169,22
,,
ROI_34,170,16
,,
ROI_34,171,23
,,
ROI_34,172,15
,,
ROI_34,173,24
,,
ROI_34,174,18
,,
ROI_34,175,23
,,
ROI_34,176,10
,,
ROI_34,177,31
,,
ROI_34,178,9
,,
ROI_34,179,20
,,
ROI_34,180,16
,,
ROI_34,181,21
,,
ROI_34,182,15
,,
ROI_34,183,20
,,
ROI_34,184,20
,,
ROI_34,185,24
,,
ROI_34,186,23
,,
ROI_34,187,18
,,
ROI_34,188,13
,,
ROI_34,189,13
,,
ROI_34,190,17
,,
ROI_34,191,15
,,
ROI_34,192,16
,,
ROI_34,193,24
,,
ROI_34,194,14
,,
ROI_34,195,12
,,
ROI_34,196,16
,,
ROI_34,197,13
,,
ROI_34,198,13
,,
ROI_34,199,11
,,
ROI_34,200,19
,,
ROI_34,201,17
,,
ROI_34,202,18
,,
ROI_34,203,8
,,
ROI_34,204,18
,,
ROI_34,205,18
,,
ROI_34,206,15
,,
ROI_34,207,7
,,
ROI_34,208,10
,,
ROI_34,209,12
,,
ROI_34,210,13
,,
ROI_34,211,4
,,
ROI_34,212,9
,,
ROI_34,213,19
,,
ROI_34,214,10
,,
ROI_34,215,9
,,
ROI_34,216,12
,,
ROI_34,217,10
,,
ROI_34,218,11
,,
ROI_34,219,9
,,
ROI_34,220,13
,,
ROI_34,221,10
,,
ROI_34,222,11
,,
ROI_34,223,11
,,
ROI_34,224,7
,,
ROI_34,225,10
,,
ROI_34,226,7
,,
ROI_34,227,6
,,
ROI_34,228,14
,,
ROI_34,229,7
,,
ROI_34,230,11
,,
ROI_34,231,14
,,
ROI_34,232,4
,,
ROI_34,233,7
,,
ROI_34,234,8
,,
ROI_34,235,12
,,
ROI_34,236,13
,,
ROI_34,237,11
,,
ROI_34,238,6
,,
ROI_34,239,7
,,
ROI_34,240,9
,,
ROI_34,241,10
,,
ROI_34,242,6
,,
ROI_34,243,9
,,
ROI_34,244,6
,,
ROI_34,245,10
,,
ROI_34,246,5
,,
ROI_34,247,10
,,
ROI_34,248,6
,,
ROI_34,249,8
,,
ROI_34,250,4
,,
ROI_34,251,8
,,
ROI_34,252,4
,,
ROI_34,253,5
,,
ROI_34,254,6
,,
ROI_34,255,482
,,
ROI_35,0,1976
,,
ROI_35,1,1345
,,
ROI_35,2,1102
,,
ROI_35,3,766
,,
ROI_35,4,687
,,
ROI_35,5,688
,,
ROI_35,6,739
,,
ROI_35,7,746
,,
ROI_35,8,614
,,
ROI_35,9,586
,,
ROI_35,10,570
,,
ROI_35,11,592
,,
ROI_35,12,511
,,
ROI_35,13,473
,,
ROI_35,14,432
,,
ROI_35,15,424
,,
ROI_35,16,459
,,
ROI_35,17,407
,,
ROI_35,18,352
,,
ROI_35,19,343
,,
ROI_35,20,372
,,
ROI_35,21,303
,,
ROI_35,22,243
,,
ROI_35,23,307
,,
ROI_35,24,272
,,
ROI_35,25,264
,,
ROI_35,26,266
,,
ROI_35,27,246
,,
ROI_35,28,233
,,
ROI_35,29,250
,,
ROI_35,30,213
,,
ROI_35,31,206
,,
ROI_35,32,188
,,
ROI_35,33,196
,,
ROI_35,34,201
,,
ROI_35,35,178
,,
ROI_35,36,164
,,
ROI_35,37,166
,,
ROI_35,38,202
,,
ROI_35,39,143
,,
ROI_35,40,174
,,
ROI_35,41,171
,,
ROI_35,42,146
,,
ROI_35,43,161
,,
ROI_35,44,150
,,
ROI_35,45,152
,,
ROI_35,46,118
,,
ROI_35,47,160
,,
ROI_35,48,133
,,
ROI_35,49,133
,,
ROI_35,50,103
,,
ROI_35,51,121
,,
ROI_35,52,139
,,
ROI_35,53,108
,,
ROI_35,54,127
,,
ROI_35,55,96
,,
ROI_35,56,116
,,
ROI_35,57,108
,,
ROI_35,58,102
,,
ROI_35,59,109
,,
ROI_35,60,85
,,
ROI_35,61,106
,,
ROI_35,62,87
,,
ROI_35,63,93
,,
ROI_35,64,102
,,
ROI_35,65,108
,,
ROI_35,66,87
,,
ROI_35,67,88
,,
ROI_35,68,85
,,
ROI_35,69,76
,,
ROI_35,70,102
,,
ROI_35,71,71
,,
ROI_35,72,93
,,
ROI_35,73,71
,,
ROI_35,74,86
,,
ROI_35,75,66
,,
ROI_35,76,72
,,
ROI_35,77,69
,,
ROI_35,78,61
,,
ROI_35,79,72
,,
ROI_35,80,64
,,
ROI_35,81,61
,,
ROI_35,82,70
,,
ROI_35,83,82
,,
ROI_35,84,65
,,
ROI_35,85,56
,,
ROI_35,86,68
,,
ROI_35,87,56
,,
ROI_35,88,65
,,
ROI_35,89,67
,,
ROI_35,90,49
,,
ROI_35,91,51
,,
ROI_35,92,71
,,
ROI_35,93,47
,,
ROI_35,94,54
,,
ROI_35,95,37
,,
ROI_35,96,51
,,
ROI_35,97,46
,,
ROI_35,98,48
,,
ROI_35,99,54
,,
ROI_35,100,48
,,
ROI_35,101,50
,,
ROI_35,102,45
,,
ROI_35,103,51
,,
ROI_35,104,34
,,
ROI_35,105,36
,,
ROI_35,106,47
,,
ROI_35,107,35
,,
ROI_35,108,55
,,
ROI_35,109,43
,,
ROI_35,110,46
,,
ROI_35,111,35
,,
ROI_35,112,30
,,
ROI_35,113,38
,,
ROI_35,114,41
,,
ROI_35,115,39
,,
ROI_35,116,45
,,
ROI_35,117,35
,,
ROI_35,118,35
,,
ROI_35,119,50
,,
ROI_35,120,28
,,
ROI_35,121,21
,,
ROI_35,122,35
,,
ROI_35,123,40
,,
ROI_35,124,28
,,
ROI_35,125,35
,,
ROI_35,126,28
,,
ROI_35,127,36
,,
ROI_35,128,41
,,
ROI_35,129,31
,,
ROI_35,130,28
,,
ROI_35,131,27
,,
ROI_35,132,35
,,
ROI_35,133,31
,,
ROI_35,134,30
,,
ROI_35,135,38
,,
ROI_35,136,25
,,
ROI_35,137,29
,,
ROI_35,138,32
,,
ROI_35,139,31
,,
ROI_35,140,24
,,
ROI_35,141,21
,,
ROI_35,142,25
,,
ROI_35,143,25
,,
ROI_35,144,22
,,
ROI_35,145,29
,,
ROI_35,146,32
,,
ROI_35,147,20
,,
ROI_35,148,25
,,
ROI_35,149,30
,,
ROI_35,150,28
,,
ROI_35,151,27
,,
ROI_35,152,21
,,
ROI_35,153,15
,,
ROI_35,154,15
,,
ROI_35,155,24
,,
ROI_35,156,16
,,
ROI_35,157,28
,,
ROI_35,158,12
,,
ROI_35,159,14
,,
ROI_35,160,19
,,
ROI_35,161,19
,,
ROI_35,162,19
,,
ROI_35,163,17
,,
ROI_35,164,26
,,
ROI_35,165,24
,,
ROI_35,166,13
,,
ROI_35,167,21
,,
ROI_35,168,18
,,
ROI_35,169,26
,,
ROI_35,170,9
,,
ROI_35,171,16
,,
ROI_35,172,18
,,
ROI_35,173,18
,,
ROI_35,174,19
,,
ROI_35,175,20
,,
ROI_35,176,10
,,
ROI_35,177,10
,,
ROI_35,178,15
,,
ROI_35,179,21
,,
ROI_35,180,11
,,
ROI_35,181,12
,,
ROI_35,182,9
,,
ROI_35,183,13
,,
ROI_35,184,12
,,
ROI_35,185,18
,,
ROI_35,186,13
,,
ROI_35,187,15
,,
ROI_35,188,12
,,
ROI_35,189,12
,,
ROI_35,190,9
,,
ROI_35,191,11
,,
ROI_35,192,14
,,
ROI_35,193,15
,,
ROI_35,194,12
,,
ROI_35,195,15
,,
ROI_35,196,7
,,
ROI_35,197,9
,,
ROI_35,198,7
,,
ROI_35,199,9
,,
ROI_35,200,8
,,
ROI_35,201,12
,,
ROI_35,202,10
,,
ROI_35,203,4
,,
ROI_35,204,13
,,
ROI_35,205,10
,,
ROI_35,206,13
,,
ROI_35,207,12
,,
ROI_35,208,15
,,
ROI_35,209,10
,,
ROI_35,210,10
,,
ROI_35,211,9
,,
ROI_35,212,13
,,
ROI_35,213,12
,,
ROI_35,214,9
,,
ROI_35,215,6
,,
ROI_35,216,4
,,
ROI_35,217,4
,,
ROI_35,218,6
,,
ROI_35,219,9
,,
ROI_35,220,5
,,
ROI_35,221,7
,,
ROI_35,222,7
,,
ROI_35,223,11
,,
ROI_35,224,4
,,
ROI_35,225,8
,,
ROI_35,226,7
,,
ROI_35,227,7
,,
ROI_35,228,7
,,
ROI_35,229,6
,,
ROI_35,230,8
,,
ROI_35,231,3
,,
ROI_35,232,4
,,
ROI_35,233,11
,,
ROI_35,234,3
,,
ROI_35,235,2
,,
ROI_35,236,8
,,
ROI_35,237,5
,,
ROI_35,238,6
,,
ROI_35,239,4
,,
ROI_35,240,8
,,
ROI_35,241,7
,,
ROI_35,242,1
,,
ROI_35,243,12
,,
ROI_35,244,4
,,
ROI_35,245,9
,,
ROI_35,246,5
,,
ROI_35,247,4
,,
ROI_35,248,4
,,
ROI_35,249,1
,,
ROI_35,250,3
,,
ROI_35,251,6
,,
ROI_35,252,5
,,
ROI_35,253,10
,,
ROI_35,254,3
,,
ROI_35,255,559
,,
ROI_36,0,932
,,
ROI_36,1,1077
,,
ROI_36,2,944
,,
ROI_36,3,539
,,
ROI_36,4,379
,,
ROI_36,5,276
,,
ROI_36,6,249
,,
ROI_36,7,226
,,
ROI_36,8,172
,,
ROI_36,9,181
,,
ROI_36,10,118
,,
ROI_36,11,177
,,
ROI_36,12,135
,,
ROI_36,13,124
,,
ROI_36,14,100
,,
ROI_36,15,93
,,
ROI_36,16,119
,,
ROI_36,17,71
,,
ROI_36,18,72
,,
ROI_36,19,66
,,
ROI_36,20,69
,,
ROI_36,21,66
,,
ROI_36,22,47
,,
ROI_36,23,51
,,
ROI_36,24,54
,,
ROI_36,25,58
,,
ROI_36,26,49
,,
ROI_36,27,48
,,
ROI_36,28,42
,,
ROI_36,29,39
,,
ROI_36,30,32
,,
ROI_36,31,40
,,
ROI_36,32,30
,,
ROI_36,33,36
,,
ROI_36,34,41
,,
ROI_36,35,33
,,
ROI_36,36,27
,,
ROI_36,37,29
,,
ROI_36,38,33
,,
ROI_36,39,25
,,
ROI_36,40,26
,,
ROI_36,41,30
,,
ROI_36,42,25
,,
ROI_36,43,31
,,
ROI_36,44,19
,,
ROI_36,45,16
,,
ROI_36,46,13
,,
ROI_36,47,26
,,
ROI_36,48,16
,,
ROI_36,49,19
,,
ROI_36,50,17
,,
ROI_36,51,23
,,
ROI_36,52,17
,,
ROI_36,53,12
,,
ROI_36,54,20
,,
ROI_36,55,25
,,
ROI_36,56,10
,,
ROI_36,57,12
,,
ROI_36,58,16
,,
ROI_36,59,11
,,
ROI_36,60,11
,,
ROI_36,61,17
,,
ROI_36,62,13
,,
ROI_36,63,6
,,
ROI_36,64,14
,,
ROI_36,65,18
,,
ROI_36,66,13
,,
ROI_36,67,12
,,
ROI_36,68,13
,,
ROI_36,69,7
,,
ROI_36,70,12
,,
ROI_36,71,9
,,
ROI_36,72,6
,,
ROI_36,73,10
,,
ROI_36,74,9
,,
ROI_36,75,10
,,
ROI_36,76,11
,,
ROI_36,77,8
,,
ROI_36,78,11
,,
ROI_36,79,7
,,
ROI_36,80,9
,,
ROI_36,81,10
,,
ROI_36,82,6
,,
ROI_36,83,5
,,
ROI_36,84,4
,,
ROI_36,85,5
,,
ROI_36,86,6
,,
ROI_36,87,4
,,
ROI_36,88,6
,,
ROI_36,89,5
,,
ROI_36,90,4
,,
ROI_36,91,4
,,
ROI_36,92,5
,,
ROI_36,93,6
,,
ROI_36,94,4
,,
ROI_36,95,4
,,
ROI_36,96,3
,,
ROI_36,97,10
,,
ROI_36,98,6
,,
ROI_36,99,8
,,
ROI_36,100,8
,,
ROI_36,101,9
,,
ROI_36,102,6
,,
ROI_36,103,4
,,
ROI_36,104,4
,,
ROI_36,105,3
,,
ROI_36,106,7
,,
ROI_36,107,0
,,
ROI_36,108,4
,,
ROI_36,109,3
,,
ROI_36,110,3
,,
ROI_36,111,5
,,
ROI_36,112,3
,,
ROI_36,113,3
,,
ROI_36,114,3
,,
ROI_36,115,4
,,
ROI_36,116,2
,,
ROI_36,117,5
,,
ROI_36,118,4
,,
ROI_36,119,5
,,
ROI_36,120,0
,,
ROI_36,121,1
,,
ROI_36,122,1
,,
ROI_36,123,1
,,
ROI_36,124,0
,,
ROI_36,125,5
,,
ROI_36,126,2
,,
ROI_36,127,4
,,
ROI_36,128,4
,,
ROI_36,129,1
,,
ROI_36,130,1
,,
ROI_36,131,1
,,
ROI_36,132,4
,,
ROI_36,133,3
,,
ROI_36,134,2
,,
ROI_36,135,0
,,
ROI_36,136,0
,,
ROI_36,137,4
,,
ROI_36,138,2
,,
ROI_36,139,1
,,
ROI_36,140,1
,,
ROI_36,141,1
,,
ROI_36,142,2
,,
ROI_36,143,1
,,
ROI_36,144,2
,,
ROI_36,145,3
,,
ROI_36,146,3
,,
ROI_36,147,3
,,
ROI_36,148,0
,,
ROI_36,149,1
,,
ROI_36,150,1
,,
ROI_36,151,1
,,
ROI_36,152,2
,,
ROI_36,153,3
,,
ROI_36,154,2
,,
ROI_36,155,2
,,
ROI_36,156,1
,,
ROI_36,157,2
,,
ROI_36,158,1
,,
ROI_36,159,4
,,
ROI_36,160,0
,,
ROI_36,161,1
,,
ROI_36,162,0
,,
ROI_36,163,1
,,
ROI_36,164,0
,,
ROI_36,165,0
,,
ROI_36,166,0
,,
ROI_36,167,1
,,
ROI_36,168,1
,,
ROI_36,169,0
,,
ROI_36,170,2
,,
ROI_36,171,1
,,
ROI_36,172,1
,,
ROI_36,173,2
,,
ROI_36,174,1
,,
ROI_36,175,1
,,
ROI_36,176,3
,,
ROI_36,177,3
,,
ROI_36,178,0
,,
ROI_36,179,1
,,
ROI_36,180,2
,,
ROI_36,181,0
,,
ROI_36,182,0
,,
ROI_36,183,1
,,
ROI_36,184,1
,,
ROI_36,185,1
,,
ROI_36,186,1
,,
ROI_36,187,0
,,
ROI_36,188,2
,,
ROI_36,189,2
,,
ROI_36,190,1
,,
ROI_36,191,2
,,
ROI_36,192,0
,,
ROI_36,193,0
,,
ROI_36,194,1
,,
ROI_36,195,1
,,
ROI_36,196,2
,,
ROI_36,197,0
,,
ROI_36,198,0
,,
ROI_36,199,2
,,
ROI_36,200,2
,,
ROI_36,201,2
,,
ROI_36,202,0
,,
ROI_36,203,0
,,
ROI_36,204,1
,,
ROI_36,205,1
,,
ROI_36,206,2
,,
ROI_36,207,0
,,
ROI_36,208,2
,,
ROI_36,209,2
,,
ROI_36,210,1
,,
ROI_36,211,1
,,
ROI_36,212,2
,,
ROI_36,213,0
,,
ROI_36,214,0
,,
ROI_36,215,0
,,
ROI_36,216,0
,,
ROI_36,217,0
,,
ROI_36,218,1
,,
ROI_36,219,1
,,
ROI_36,220,0
,,
ROI_36,221,0
,,
ROI_36,222,1
,,
ROI_36,223,0
,,
ROI_36,224,1
,,
ROI_36,225,0
,,
ROI_36,226,1
,,
ROI_36,227,0
,,
ROI_36,228,1
,,
ROI_36,229,0
,,
ROI_36,230,0
,,
ROI_36,231,1
,,
ROI_36,232,2
,,
ROI_36,233,1
,,
ROI_36,234,0
,,
ROI_36,235,1
,,
ROI_36,236,0
,,
ROI_36,237,0
,,
ROI_36,238,0
,,
ROI_36,239,0
,,
ROI_36,240,1
,,
ROI_36,241,0
,,
ROI_36,242,0
,,
ROI_36,243,1
,,
ROI_36,244,2
,,
ROI_36,245,0
,,
ROI_36,246,0
,,
ROI_36,247,2
,,
ROI_36,248,0
,,
ROI_36,249,0
,,
ROI_36,250,0
,,
ROI_36,251,0
,,
ROI_36,252,0
,,
ROI_36,253,1
,,
ROI_36,254,1
,,
ROI_36,255,37
,,
ROI_37,0,1411
,,
ROI_37,1,771
,,
ROI_37,2,543
,,
ROI_37,3,304
,,
ROI_37,4,217
,,
ROI_37,5,157
,,
ROI_37,6,164
,,
ROI_37,7,146
,,
ROI_37,8,136
,,
ROI_37,9,94
,,
ROI_37,10,121
,,
ROI_37,11,102
,,
ROI_37,12,101
,,
ROI_37,13,72
,,
ROI_37,14,87
,,
ROI_37,15,68
,,
ROI_37,16,65
,,
ROI_37,17,61
,,
ROI_37,18,75
,,
ROI_37,19,39
,,
ROI_37,20,49
,,
ROI_37,21,42
,,
ROI_37,22,42
,,
ROI_37,23,39
,,
ROI_37,24,32
,,
ROI_37,25,45
,,
ROI_37,26,34
,,
ROI_37,27,26
,,
ROI_37,28,26
,,
ROI_37,29,25
,,
ROI_37,30,21
,,
ROI_37,31,21
,,
ROI_37,32,22
,,
ROI_37,33,24
,,
ROI_37,34,14
,,
ROI_37,35,22
,,
ROI_37,36,18
,,
ROI_37,37,22
,,
ROI_37,38,25
,,
ROI_37,39,6
,,
ROI_37,40,11
,,
ROI_37,41,17
,,
ROI_37,42,12
,,
ROI_37,43,22
,,
ROI_37,44,7
,,
ROI_37,45,12
,,
ROI_37,46,8
,,
ROI_37,47,12
,,
ROI_37,48,13
,,
ROI_37,49,14
,,
ROI_37,50,7
,,
ROI_37,51,10
,,
ROI_37,52,15
,,
ROI_37,53,4
,,
ROI_37,54,7
,,
ROI_37,55,8
,,
ROI_37,56,14
,,
ROI_37,57,6
,,
ROI_37,58,14
,,
ROI_37,59,8
,,
ROI_37,60,3
,,
ROI_37,61,8
,,
ROI_37,62,12
,,
ROI_37,63,9
,,
ROI_37,64,8
,,
ROI_37,65,10
,,
ROI_37,66,7
,,
ROI_37,67,5
,,
ROI_37,68,6
,,
ROI_37,69,3
,,
ROI_37,70,4
,,
ROI_37,71,7
,,
ROI_37,72,7
,,
ROI_37,73,6
,,
ROI_37,74,6
,,
ROI_37,75,12
,,
ROI_37,76,2
,,
ROI_37,77,4
,,
ROI_37,78,4
,,
ROI_37,79,4
,,
ROI_37,80,4
,,
ROI_37,81,7
,,
ROI_37,82,7
,,
ROI_37,83,4
,,
ROI_37,84,8
,,
ROI_37,85,4
,,
ROI_37,86,6
,,
ROI_37,87,5
,,
ROI_37,88,4
,,
ROI_37,89,2
,,
ROI_37,90,4
,,
ROI_37,91,4
,,
ROI_37,92,6
,,
ROI_37,93,8
,,
ROI_37,94,4
,,
ROI_37,95,4
,,
ROI_37,96,9
,,
ROI_37,97,4
,,
ROI_37,98,3
,,
ROI_37,99,3
,,
ROI_37,100,5
,,
ROI_37,101,4
,,
ROI_37,102,4
,,
ROI_37,103,0
,,
ROI_37,104,3
,,
ROI_37,105,6
,,
ROI_37,106,7
,,
ROI_37,107,6
,,
ROI_37,108,4
,,
ROI_37,109,3
,,
ROI_37,110,5
,,
ROI_37,111,2
,,
ROI_37,112,2
,,
ROI_37,113,2
,,
ROI_37,114,1
,,
ROI_37,115,2
,,
ROI_37,116,2
,,
ROI_37,117,4
,,
ROI_37,118,1
,,
ROI_37,119,4
,,
ROI_37,120,2
,,
ROI_37,121,6
,,
ROI_37,122,0
,,
ROI_37,123,3
,,
ROI_37,124,3
,,
ROI_37,125,0
,,
ROI_37,126,3
,,
ROI_37,127,2
,,
ROI_37,128,2
,,
ROI_37,129,2
,,
ROI_37,130,1
,,
ROI_37,131,1
,,
ROI_37,132,4
,,
ROI_37,133,2
,,
ROI_37,134,1
,,
ROI_37,135,2
,,
ROI_37,136,2
,,
ROI_37,137,4
,,
ROI_37,138,1
,,
ROI_37,139,3
,,
ROI_37,140,6
,,
ROI_37,141,3
,,
ROI_37,142,0
,,
ROI_37,143,3
,,
ROI_37,144,1
,,
ROI_37,145,1
,,
ROI_37,146,0
,,
ROI_37,147,0
,,
ROI_37,148,3
,,
ROI_37,149,1
,,
ROI_37,150,2
,,
ROI_37,151,0
,,
ROI_37,152,0
,,
ROI_37,153,2
,,
ROI_37,154,1
,,
ROI_37,155,0
,,
ROI_37,156,1
,,
ROI_37,157,1
,,
ROI_37,158,4
,,
ROI_37,159,2
,,
ROI_37,160,1
,,
ROI_37,161,0
,,
ROI_37,162,1
,,
ROI_37,163,0
,,
ROI_37,164,1
,,
ROI_37,165,2
,,
ROI_37,166,0
,,
ROI_37,167,0
,,
ROI_37,168,0
,,
ROI_37,169,0
,,
ROI_37,170,0
,,
ROI_37,171,0
,,
ROI_37,172,3
,,
ROI_37,173,0
,,
ROI_37,174,0
,,
ROI_37,175,1
,,
ROI_37,176,2
,,
ROI_37,177,0
,,
ROI_37,178,0
,,
ROI_37,179,2
,,
ROI_37,180,1
,,
ROI_37,181,0
,,
ROI_37,182,2
,,
ROI_37,183,1
,,
ROI_37,184,2
,,
ROI_37,185,1
,,
ROI_37,186,0
,,
ROI_37,187,3
,,
ROI_37,188,1
,,
ROI_37,189,1
,,
ROI_37,190,2
,,
ROI_37,191,1
,,
ROI_37,192,0
,,
ROI_37,193,1
,,
ROI_37,194,1
,,
ROI_37,195,1
,,
ROI_37,196,1
,,
ROI_37,197,1
,,
ROI_37,198,0
,,
ROI_37,199,1
,,
ROI_37,200,0
,,
ROI_37,201,1
,,
ROI_37,202,1
,,
ROI_37,203,2
,,
ROI_37,204,0
,,
ROI_37,205,0
,,
ROI_37,206,1
,,
ROI_37,207,0
,,
ROI_37,208,1
,,
ROI_37,209,0
,,
ROI_37,210,0
,,
ROI_37,211,1
,,
ROI_37,212,1
,,
ROI_37,213,1
,,
ROI_37,214,0
,,
ROI_37,215,1
,,
ROI_37,216,0
,,
ROI_37,217,0
,,
ROI_37,218,1
,,
ROI_37,219,1
,,
ROI_37,220,0
,,
ROI_37,221,1
,,
ROI_37,222,2
,,
ROI_37,223,0
,,
ROI_37,224,0
,,
ROI_37,225,2
,,
ROI_37,226,1
,,
ROI_37,227,0
,,
ROI_37,228,1
,,
ROI_37,229,0
,,
ROI_37,230,0
,,
ROI_37,231,0
,,
ROI_37,232,0
,,
ROI_37,233,0
,,
ROI_37,234,2
,,
ROI_37,235,0
,,
ROI_37,236,1
,,
ROI_37,237,0
,,
ROI_37,238,0
,,
ROI_37,239,1
,,
ROI_37,240,0
,,
ROI_37,241,0
,,
ROI_37,242,0
,,
ROI_37,243,0
,,
ROI_37,244,0
,,
ROI_37,245,0
,,
ROI_37,246,0
,,
ROI_37,247,0
,,
ROI_37,248,1
,,
ROI_37,249,0
,,
ROI_37,250,0
,,
ROI_37,251,1
,,
ROI_37,252,0
,,
ROI_37,253,0
,,
ROI_37,254,0
,,
ROI_37,255,9
,,
ROI_38,0,267
,,
ROI_38,1,225
,,
ROI_38,2,209
,,
ROI_38,3,182
,,
ROI_38,4,196
,,
ROI_38,5,171
,,
ROI_38,6,193
,,
ROI_38,7,207
,,
ROI_38,8,165
,,
ROI_38,9,176
,,
ROI_38,10,167
,,
ROI_38,11,201
,,
ROI_38,12,168
,,
ROI_38,13,164
,,
ROI_38,14,171
,,
ROI_38,15,156
,,
ROI_38,16,189
,,
ROI_38,17,143
,,
ROI_38,18,124
,,
ROI_38,19,123
,,
ROI_38,20,146
,,
ROI_38,21,91
,,
ROI_38,22,128
,,
ROI_38,23,115
,,
ROI_38,24,104
,,
ROI_38,25,118
,,
ROI_38,26,95
,,
ROI_38,27,110
,,
ROI_38,28,100
,,
ROI_38,29,121
,,
ROI_38,30,98
,,
ROI_38,31,100
,,
ROI_38,32,82
,,
ROI_38,33,85
,,
ROI_38,34,103
,,
ROI_38,35,94
,,
ROI_38,36,91
,,
ROI_38,37,91
,,
ROI_38,38,87
,,
ROI_38,39,83
,,
ROI_38,40,87
,,
ROI_38,41,86
,,
ROI_38,42,76
,,
ROI_38,43,106
,,
ROI_38,44,87
,,
ROI_38,45,78
,,
ROI_38,46,70
,,
ROI_38,47,72
,,
ROI_38,48,76
,,
ROI_38,49,56
,,
ROI_38,50,55
,,
ROI_38,51,56
,,
ROI_38,52,74
,,
ROI_38,53,42
,,
ROI_38,54,59
,,
ROI_38,55,63
,,
ROI_38,56,58
,,
ROI_38,57,54
,,
ROI_38,58,33
,,
ROI_38,59,56
,,
ROI_38,60,43
,,
ROI_38,61,50
,,
ROI_38,62,45
,,
ROI_38,63,53
,,
ROI_38,64,47
,,
ROI_38,65,53
,,
ROI_38,66,33
,,
ROI_38,67,47
,,
ROI_38,68,43
,,
ROI_38,69,39
,,
ROI_38,70,36
,,
ROI_38,71,36
,,
ROI_38,72,47
,,
ROI_38,73,33
,,
ROI_38,74,38
,,
ROI_38,75,39
,,
ROI_38,76,41
,,
ROI_38,77,40
,,
ROI_38,78,22
,,
ROI_38,79,30
,,
ROI_38,80,28
,,
ROI_38,81,29
,,
ROI_38,82,37
,,
ROI_38,83,37
,,
ROI_38,84,41
,,
ROI_38,85,26
,,
ROI_38,86,34
,,
ROI_38,87,38
,,
ROI_38,88,30
,,
ROI_38,89,33
,,
ROI_38,90,29
,,
ROI_38,91,37
,,
ROI_38,92,41
,,
ROI_38,93,22
,,
ROI_38,94,25
,,
ROI_38,95,24
,,
ROI_38,96,24
,,
ROI_38,97,25
,,
ROI_38,98,17
,,
ROI_38,99,20
,,
ROI_38,100,19
,,
ROI_38,101,33
,,
ROI_38,102,28
,,
ROI_38,103,22
,,
ROI_38,104,21
,,
ROI_38,105,27
,,
ROI_38,106,28
,,
ROI_38,107,34
,,
ROI_38,108,23
,,
ROI_38,109,22
,,
ROI_38,110,32
,,
ROI_38,111,23
,,
ROI_38,112,16
,,
ROI_38,113,17
,,
ROI_38,114,19
,,
ROI_38,115,15
,,
ROI_38,116,21
,,
ROI_38,117,16
,,
ROI_38,118,15
,,
ROI_38,119,30
,,
ROI_38,120,21
,,
ROI_38,121,15
,,
ROI_38,122,15
,,
ROI_38,123,14
,,
ROI_38,124,13
,,
ROI_38,125,16
,,
ROI_38,126,16
,,
ROI_38,127,15
,,
ROI_38,128,22
,,
ROI_38,129,19
,,
ROI_38,130,15
,,
ROI_38,131,16
,,
ROI_38,132,25
,,
ROI_38,133,13
,,
ROI_38,134,18
,,
ROI_38,135,12
,,
ROI_38,136,12
,,
ROI_38,137,12
,,
ROI_38,138,17
,,
ROI_38,139,10
,,
ROI_38,140,18
,,
ROI_38,141,19
,,
ROI_38,142,10
,,
ROI_38,143,11
,,
ROI_38,144,12
,,
ROI_38,145,14
,,
ROI_38,146,13
,,
ROI_38,147,5
,,
ROI_38,148,11
,,
ROI_38,149,7
,,
ROI_38,150,13
,,
ROI_38,151,11
,,
ROI_38,152,7
,,
ROI_38,153,7
,,
ROI_38,154,8
,,
ROI_38,155,4
,,
ROI_38,156,10
,,
ROI_38,157,11
,,
ROI_38,158,7
,,
ROI_38,159,13
,,
ROI_38,160,10
,,
ROI_38,161,5
,,
ROI_38,162,8
,,
ROI_38,163,5
,,
ROI_38,164,17
,,
ROI_38,165,9
,,
ROI_38,166,7
,,
ROI_38,167,11
,,
ROI_38,168,14
,,
ROI_38,169,4
,,
ROI_38,170,8
,,
ROI_38,171,5
,,
ROI_38,172,8
,,
ROI_38,173,15
,,
ROI_38,174,9
,,
ROI_38,175,7
,,
ROI_38,176,14
,,
ROI_38,177,5
,,
ROI_38,178,9
,,
ROI_38,179,6
,,
ROI_38,180,3
,,
ROI_38,181,7
,,
ROI_38,182,3
,,
ROI_38,183,8
,,
ROI_38,184,7
,,
ROI_38,185,5
,,
ROI_38,186,4
,,
ROI_38,187,5
,,
ROI_38,188,7
,,
ROI_38,189,3
,,
ROI_38,190,4
,,
ROI_38,191,4
,,
ROI_38,192,2
,,
ROI_38,193,3
,,
ROI_38,194,6
,,
ROI_38,195,5
,,
ROI_38,196,3
,,
ROI_38,197,3
,,
ROI_38,198,2
,,
ROI_38,199,8
,,
ROI_38,200,2
,,
ROI_38,201,5
,,
ROI_38,202,4
,,
ROI_38,203,5
,,
ROI_38,204,5
,,
ROI_38,205,2
,,
ROI_38,206,5
,,
ROI_38,207,3
,,
ROI_38,208,4
,,
ROI_38,209,7
,,
ROI_38,210,4
,,
ROI_38,211,7
,,
ROI_38,212,1
,,
ROI_38,213,1
,,
ROI_38,214,2
,,
ROI_38,215,1
,,
ROI_38,216,6
,,
ROI_38,217,2
,,
ROI_38,218,2
,,
ROI_38,219,1
,,
ROI_38,220,3
,,
ROI_38,221,2
,,
ROI_38,222,5
,,
ROI_38,223,2
,,
ROI_38,224,3
,,
ROI_38,225,5
,,
ROI_38,226,1
,,
ROI_38,227,2
,,
ROI_38,228,1
,,
ROI_38,229,0
,,
ROI_38,230,8
,,
ROI_38,231,0
,,
ROI_38,232,3
,,
ROI_38,233,3
,,
ROI_38,234,4
,,
ROI_38,235,0
,,
ROI_38,236,1
,,
ROI_38,237,2
,,
ROI_38,238,1
,,
ROI_38,239,3
,,
ROI_38,240,1
,,
ROI_38,241,1
,,
ROI_38,242,0
,,
ROI_38,243,3
,,
ROI_38,244,3
,,
ROI_38,245,1
,,
ROI_38,246,0
,,
ROI_38,247,1
,,
ROI_38,248,1
,,
ROI_38,249,1
,,
ROI_38,250,0
,,
ROI_38,251,3
,,
ROI_38,252,1
,,
ROI_38,253,2
,,
ROI_38,254,2
,,
ROI_38,255,34