ROI,Bin,Count
ROI_1,0,1047
,,
ROI_1,1,453
,,
ROI_1,2,462
,,
ROI_1,3,546
,,
ROI_1,4,456
,,
ROI_1,5,402
,,
ROI_1,6,433
,,
ROI_1,7,388
,,
ROI_1,8,379
,,
ROI_1,9,401
,,
ROI_1,10,301
,,
ROI_1,11,343
,,
ROI_1,12,299
,,
ROI_1,13,336
,,
ROI_1,14,290
,,
ROI_1,15,312
,,
ROI_1,16,240
,,
ROI_1,17,219
,,
ROI_1,18,244
,,
ROI_1,19,231
,,
ROI_1,20,213
,,
ROI_1,21,230
,,
ROI_1,22,185
,,
ROI_1,23,178
,,
ROI_1,24,184
,,
ROI_1,25,171
,,
ROI_1,26,151
,,
ROI_1,27,176
,,
ROI_1,28,156
,,
ROI_1,29,146
,,
ROI_1,30,134
,,
ROI_1,31,174
,,
ROI_1,32,162
,,
ROI_1,33,160
,,
ROI_1,34,138
,,
ROI_1,35,152
,,
ROI_1,36,136
,,
ROI_1,37,144
,,
ROI_1,38,131
,,
ROI_1,39,137
,,
ROI_1,40,130
,,
ROI_1,41,118
,,
ROI_1,42,125
,,
ROI_1,43,109
,,
ROI_1,44,141
,,
ROI_1,45,124
,,
ROI_1,46,93
,,
ROI_1,47,119
,,
ROI_1,48,96
,,
ROI_1,49,109
,,
ROI_1,50,107
,,
ROI_1,51,119
,,
ROI_1,52,94
,,
ROI_1,53,102
,,
ROI_1,54,110
,,
ROI_1,55,90
,,
ROI_1,56,88
,,
ROI_1,57,97
,,
ROI_1,58,90
,,
ROI_1,59,86
,,
ROI_1,60,86
,,
ROI_1,61,90
,,
ROI_1,62,77
,,
ROI_1,63,99
,,
ROI_1,64,60
,,
ROI_1,65,61
,,
ROI_1,66,91
,,
ROI_1,67,70
,,
ROI_1,68,68
,,
ROI_1,69,63
,,
ROI_1,70,61
,,
ROI_1,71,82
,,
ROI_1,72,53
,,
ROI_1,73,64
,,
ROI_1,74,72
,,
ROI_1,75,59
,,
ROI_1,76,62
,,
ROI_1,77,43
,,
ROI_1,78,67
,,
ROI_1,79,73
,,
ROI_1,80,64
,,
ROI_1,81,47
,,
ROI_1,82,49
,,
ROI_1,83,34
,,
ROI_1,84,49
,,
ROI_1,85,52
,,
ROI_1,86,71
,,
ROI_1,87,51
,,
ROI_1,88,45
,,
ROI_1,89,39
,,
ROI_1,90,52
,,
ROI_1,91,50
,,
ROI_1,92,41
,,
ROI_1,93,56
,,
ROI_1,94,39
,,
ROI_1,95,44
,,
ROI_1,96,39
,,
ROI_1,97,35
,,
ROI_1,98,33
,,
ROI_1,99,39
,,
ROI_1,100,37
,,
ROI_1,101,43
,,
ROI_1,102,54
,,
ROI_1,103,26
,,
ROI_1,104,31
,,
ROI_1,105,35
,,
ROI_1,106,30
,,
ROI_1,107,50
,,
ROI_1,108,29
,,
ROI_1,109,17
,,
ROI_1,110,36
,,
ROI_1,111,41
,,
ROI_1,112,21
,,
ROI_1,113,28
,,
ROI_1,114,26
,,
ROI_1,115,21
,,
ROI_1,116,27
,,
ROI_1,117,17
,,
ROI_1,118,29
,,
ROI_1,119,24
,,
ROI_1,120,35
,,
ROI_1,121,38
,,
ROI_1,122,26
,,
ROI_1,123,24
,,
ROI_1,124,34
,,
ROI_1,125,33
,,
ROI_1,126,28
,,
ROI_1,127,31
,,
ROI_1,128,30
,,
ROI_1,129,17
,,
ROI_1,130,23
,,
ROI_1,131,26
,,
ROI_1,132,26
,,
ROI_1,133,15
,,
ROI_1,134,28
,,
ROI_1,135,21
,,
ROI_1,136,19
,,
ROI_1,137,16
,,
ROI_1,138,20
,,
ROI_1,139,12
,,
ROI_1,140,15
,,
ROI_1,141,13
,,
ROI_1,142,11
,,
ROI_1,143,12
,,
ROI_1,144,19
,,
ROI_1,145,24
,,
ROI_1,146,18
,,
ROI_1,147,21
,,
ROI_1,148,15
,,
ROI_1,149,20
,,
ROI_1,150,16
,,
ROI_1,151,16
,,
ROI_1,152,17
,,
ROI_1,153,26
,,
ROI_1,154,14
,,
ROI_1,155,15
,,
ROI_1,156,20
,,
ROI_1,157,12
,,
ROI_1,158,12
,,
ROI_1,159,18
,,
ROI_1,160,13
,,
ROI_1,161,8
,,
ROI_1,162,11
,,
ROI_1,163,15
,,
ROI_1,164,22
,,
ROI_1,165,11
,,
ROI_1,166,12
,,
ROI_1,167,13
,,
ROI_1,168,9
,,
ROI_1,169,10
,,
ROI_1,170,17
,,
ROI_1,171,12
,,
ROI_1,172,11
,,
ROI_1,173,5
,,
ROI_1,174,8
,,
ROI_1,175,13
,,
ROI_1,176,15
,,
ROI_1,177,10
,,
ROI_1,178,9
,,
ROI_1,179,8
,,
ROI_1,180,14
,,
ROI_1,181,10
,,
ROI_1,182,13
,,
ROI_1,183,14
,,
ROI_1,184,13
,,
ROI_1,185,14
,,
ROI_1,186,17
,,
ROI_1,187,6
,,
ROI_1,188,7
,,
ROI_1,189,12
,,
ROI_1,190,10
,,
ROI_1,191,17
,,
ROI_1,192,9
,,
ROI_1,193,9
,,
ROI_1,194,10
,,
ROI_1,195,8
,,
ROI_1,196,8
,,
ROI_1,197,12
,,
ROI_1,198,11
,,
ROI_1,199,9
,,
ROI_1,200,6
,,
ROI_1,201,14
,,
ROI_1,202,9
,,
ROI_1,203,7
,,
ROI_1,204,5
,,
ROI_1,205,11
,,
ROI_1,206,10
,,
ROI_1,207,11
,,
ROI_1,208,7
,,
ROI_1,209,7
,,
ROI_1,210,11
,,
ROI_1,211,10
,,
ROI_1,212,4
,,
ROI_1,213,9
,,
ROI_1,214,6
,,
ROI_1,215,6
,,
ROI_1,216,7
,,
ROI_1,217,5
,,
ROI_1,218,5
,,
ROI_1,219,5
,,
ROI_1,220,8
,,
ROI_1,221,15
,,
ROI_1,222,8
,,
ROI_1,223,10
,,
ROI_1,224,5
,,
ROI_1,225,13
,,
ROI_1,226,7
,,
ROI_1,227,10
,,
ROI_1,228,6
,,
ROI_1,229,6
,,
ROI_1,230,8
,,
ROI_1,231,7
,,
ROI_1,232,6
,,
ROI_1,233,6
,,
ROI_1,234,5
,,
ROI_1,235,8
,,
ROI_1,236,9
,,
ROI_1,237,6
,,
ROI_1,238,4
,,
ROI_1,239,9
,,
ROI_1,240,6
,,
ROI_1,241,8
,,
ROI_1,242,4
,,
ROI_1,243,1
,,
ROI_1,244,4
,,
ROI_1,245,3
,,
ROI_1,246,5
,,
ROI_1,247,4
,,
ROI_1,248,5
,,
ROI_1,249,6
,,
ROI_1,250,4
,,
ROI_1,251,5
,,
ROI_1,252,7
,,
ROI_1,253,4
,,
ROI_1,254,7
,,
ROI_1,255,542
,,
ROI_2,0,870
,,
ROI_2,1,436
,,
ROI_2,2,479
,,
ROI_2,3,544
,,
ROI_2,4,521
,,
ROI_2,5,478
,,
ROI_2,6,512
,,
ROI_2,7,517
,,
ROI_2,8,477
,,
ROI_2,9,625
,,
ROI_2,10,432
,,
ROI_2,11,430
,,
ROI_2,12,402
,,
ROI_2,13,396
,,
ROI_2,14,381
,,
ROI_2,15,377
,,
ROI_2,16,333
,,
ROI_2,17,307
,,
ROI_2,18,296
,,
ROI_2,19,273
,,
ROI_2,20,280
,,
ROI_2,21,325
,,
ROI_2,22,281
,,
ROI_2,23,262
,,
ROI_2,24,205
,,
ROI_2,25,228
,,
ROI_2,26,228
,,
ROI_2,27,281
,,
ROI_2,28,213
,,
ROI_2,29,202
,,
ROI_2,30,191
,,
ROI_2,31,189
,,
ROI_2,32,177
,,
ROI_2,33,184
,,
ROI_2,34,170
,,
ROI_2,35,148
,,
ROI_2,36,165
,,
ROI_2,37,142
,,
ROI_2,38,160
,,
ROI_2,39,174
,,
ROI_2,40,122
,,
ROI_2,41,160
,,
ROI_2,42,162
,,
ROI_2,43,141
,,
ROI_2,44,152
,,
ROI_2,45,137
,,
ROI_2,46,106
,,
ROI_2,47,111
,,
ROI_2,48,102
,,
ROI_2,49,102
,,
ROI_2,50,93
,,
ROI_2,51,133
,,
ROI_2,52,102
,,
ROI_2,53,102
,,
ROI_2,54,110
,,
ROI_2,55,95
,,
ROI_2,56,100
,,
ROI_2,57,120
,,
ROI_2,58,97
,,
ROI_2,59,83
,,
ROI_2,60,75
,,
ROI_2,61,100
,,
ROI_2,62,91
,,
ROI_2,63,95
,,
ROI_2,64,96
,,
ROI_2,65,73
,,
ROI_2,66,76
,,
ROI_2,67,74
,,
ROI_2,68,92
,,
ROI_2,69,86
,,
ROI_2,70,80
,,
ROI_2,71,74
,,
ROI_2,72,78
,,
ROI_2,73,81
,,
ROI_2,74,97
,,
ROI_2,75,52
,,
ROI_2,76,63
,,
ROI_2,77,65
,,
ROI_2,78,84
,,
ROI_2,79,60
,,
ROI_2,80,83
,,
ROI_2,81,73
,,
ROI_2,82,52
,,
ROI_2,83,75
,,
ROI_2,84,55
,,
ROI_2,85,54
,,
ROI_2,86,75
,,
ROI_2,87,61
,,
ROI_2,88,73
,,
ROI_2,89,55
,,
ROI_2,90,59
,,
ROI_2,91,54
,,
ROI_2,92,67
,,
ROI_2,93,62
,,
ROI_2,94,46
,,
ROI_2,95,41
,,
ROI_2,96,57
,,
ROI_2,97,61
,,
ROI_2,98,67
,,
ROI_2,99,40
,,
ROI_2,100,60
,,
ROI_2,101,54
,,
ROI_2,102,48
,,
ROI_2,103,45
,,
ROI_2,104,59
,,
ROI_2,105,48
,,
ROI_2,106,53
,,
ROI_2,107,45
,,
ROI_2,108,36
,,
ROI_2,109,39
,,
ROI_2,110,53
,,
ROI_2,111,42
,,
ROI_2,112,35
,,
ROI_2,113,41
,,
ROI_2,114,54
,,
ROI_2,115,29
,,
ROI_2,116,38
,,
ROI_2,117,35
,,
ROI_2,118,41
,,
ROI_2,119,39
,,
ROI_2,120,29
,,
ROI_2,121,33
,,
ROI_2,122,37
,,
ROI_2,123,26
,,
ROI_2,124,30
,,
ROI_2,125,32
,,
ROI_2,126,37
,,
ROI_2,127,43
,,
ROI_2,128,27
,,
ROI_2,129,30
,,
ROI_2,130,33
,,
ROI_2,131,30
,,
ROI_2,132,26
,,
ROI_2,133,24
,,
ROI_2,134,29
,,
ROI_2,135,30
,,
ROI_2,136,22
,,
ROI_2,137,31
,,
ROI_2,138,28
,,
ROI_2,139,26
,,
ROI_2,140,28
,,
ROI_2,141,28
,,
ROI_2,142,33
,,
ROI_2,143,33
,,
ROI_2,144,15
,,
ROI_2,145,21
,,
ROI_2,146,34
,,
ROI_2,147,27
,,
ROI_2,148,27
,,
ROI_2,149,23
,,
ROI_2,150,15
,,
ROI_2,151,13
,,
ROI_2,152,24
,,
ROI_2,153,23
,,
ROI_2,154,15
,,
ROI_2,155,21
,,
ROI_2,156,18
,,
ROI_2,157,27
,,
ROI_2,158,27
,,
ROI_2,159,18
,,
ROI_2,160,18
,,
ROI_2,161,17
,,
ROI_2,162,24
,,
ROI_2,163,21
,,
ROI_2,164,23
,,
ROI_2,165,17
,,
ROI_2,166,20
,,
ROI_2,167,21
,,
ROI_2,168,22
,,
ROI_2,169,13
,,
ROI_2,170,21
,,
ROI_2,171,22
,,
ROI_2,172,10
,,
ROI_2,173,22
,,
ROI_2,174,22
,,
ROI_2,175,9
,,
ROI_2,176,21
,,
ROI_2,177,15
,,
ROI_2,178,19
,,
ROI_2,179,13
,,
ROI_2,180,12
,,
ROI_2,181,15
,,
ROI_2,182,19
,,
ROI_2,183,14
,,
ROI_2,184,17
,,
ROI_2,185,13
,,
ROI_2,186,20
,,
ROI_2,187,17
,,
ROI_2,188,15
,,
ROI_2,189,13
,,
ROI_2,190,19
,,
ROI_2,191,14
,,
ROI_2,192,11
,,
ROI_2,193,14
,,
ROI_2,194,13
,,
ROI_2,195,9
,,
ROI_2,196,17
,,
ROI_2,197,14
,,
ROI_2,198,17
,,
ROI_2,199,14
,,
ROI_2,200,15
,,
ROI_2,201,11
,,
ROI_2,202,12
,,
ROI_2,203,14
,,
ROI_2,204,13
,,
ROI_2,205,16
,,
ROI_2,206,15
,,
ROI_2,207,13
,,
ROI_2,208,17
,,
ROI_2,209,10
,,
ROI_2,210,20
,,
ROI_2,211,16
,,
ROI_2,212,15
,,
ROI_2,213,13
,,
ROI_2,214,12
,,
ROI_2,215,6
,,
ROI_2,216,11
,,
ROI_2,217,17
,,
ROI_2,218,14
,,
ROI_2,219,5
,,
ROI_2,220,9
,,
ROI_2,221,15
,,
ROI_2,222,8
,,
ROI_2,223,12
,,
ROI_2,224,15
,,
ROI_2,225,10
,,
ROI_2,226,16
,,
ROI_2,227,11
,,
ROI_2,228,7
,,
ROI_2,229,14
,,
ROI_2,230,8
,,
ROI_2,231,12
,,
ROI_2,232,9
,,
ROI_2,233,14
,,
ROI_2,234,8
,,
ROI_2,235,9
,,
ROI_2,236,5
,,
ROI_2,237,11
,,
ROI_2,238,5
,,
ROI_2,239,10
,,
ROI_2,240,3
,,
ROI_2,241,7
,,
ROI_2,242,12
,,
ROI_2,243,5
,,
ROI_2,244,7
,,
ROI_2,245,10
,,
ROI_2,246,13
,,
ROI_2,247,12
,,
ROI_2,248,5
,,
ROI_2,249,9
,,
ROI_2,250,8
,,
ROI_2,251,5
,,
ROI_2,252,14
,,
ROI_2,253,4
,,
ROI_2,254,5
,,
ROI_2,255,892
,,
ROI_3,0,2509
,,
ROI_3,1,861
,,
ROI_3,2,852
,,
ROI_3,3,834
,,
ROI_3,4,665
,,
ROI_3,5,601
,,
ROI_3,6,638
,,
ROI_3,7,593
,,
ROI_3,8,536
,,
ROI_3,9,572
,,
ROI_3,10,431
,,
ROI_3,11,399
,,
ROI_3,12,371
,,
ROI_3,13,343
,,
ROI_3,14,336
,,
ROI_3,15,362
,,
ROI_3,16,293
,,
ROI_3,17,282
,,
ROI_3,18,271
,,
ROI_3,19,228
,,
ROI_3,20,212
,,
ROI_3,21,262
,,
ROI_3,22,253
,,
ROI_3,23,208
,,
ROI_3,24,201
,,
ROI_3,25,216
,,
ROI_3,26,204
,,
ROI_3,27,228
,,
ROI_3,28,189
,,
ROI_3,29,169
,,
ROI_3,30,183
,,
ROI_3,31,188
,,
ROI_3,32,196
,,
ROI_3,33,186
,,
ROI_3,34,174
,,
ROI_3,35,180
,,
ROI_3,36,162
,,
ROI_3,37,154
,,
ROI_3,38,173
,,
ROI_3,39,177
,,
ROI_3,40,150
,,
ROI_3,41,150
,,
ROI_3,42,124
,,
ROI_3,43,133
,,
ROI_3,44,131
,,
ROI_3,45,175
,,
ROI_3,46,146
,,
ROI_3,47,125
,,
ROI_3,48,137
,,
ROI_3,49,128
,,
ROI_3,50,112
,,
ROI_3,51,136
,,
ROI_3,52,112
,,
ROI_3,53,139
,,
ROI_3,54,118
,,
ROI_3,55,112
,,
ROI_3,56,126
,,
ROI_3,57,120
,,
ROI_3,58,108
,,
ROI_3,59,98
,,
ROI_3,60,105
,,
ROI_3,61,116
,,
ROI_3,62,99
,,
ROI_3,63,91
,,
ROI_3,64,113
,,
ROI_3,65,83
,,
ROI_3,66,81
,,
ROI_3,67,77
,,
ROI_3,68,96
,,
ROI_3,69,90
,,
ROI_3,70,69
,,
ROI_3,71,82
,,
ROI_3,72,87
,,
ROI_3,73,94
,,
ROI_3,74,98
,,
ROI_3,75,86
,,
ROI_3,76,70
,,
ROI_3,77,62
,,
ROI_3,78,76
,,
ROI_3,79,69
,,
ROI_3,80,73
,,
ROI_3,81,76
,,
ROI_3,82,85
,,
ROI_3,83,64
,,
ROI_3,84,74
,,
ROI_3,85,74
,,
ROI_3,86,65
,,
ROI_3,87,59
,,
ROI_3,88,79
,,
ROI_3,89,65
,,
ROI_3,90,55
,,
ROI_3,91,67
,,
ROI_3,92,64
,,
ROI_3,93,46
,,
ROI_3,94,58
,,
ROI_3,95,61
,,
ROI_3,96,50
,,
ROI_3,97,57
,,
ROI_3,98,62
,,
ROI_3,99,51
,,
ROI_3,100,45
,,
ROI_3,101,40
,,
ROI_3,102,48
,,
ROI_3,103,53
,,
ROI_3,104,48
,,
ROI_3,105,39
,,
ROI_3,106,50
,,
ROI_3,107,44
,,
ROI_3,108,40
,,
ROI_3,109,41
,,
ROI_3,110,67
,,
ROI_3,111,34
,,
ROI_3,112,34
,,
ROI_3,113,59
,,
ROI_3,114,40
,,
ROI_3,115,39
,,
ROI_3,116,46
,,
ROI_3,117,42
,,
ROI_3,118,39
,,
ROI_3,119,42
,,
ROI_3,120,45
,,
ROI_3,121,26
,,
ROI_3,122,44
,,
ROI_3,123,31
,,
ROI_3,124,31
,,
ROI_3,125,39
,,
ROI_3,126,53
,,
ROI_3,127,39
,,
ROI_3,128,40
,,
ROI_3,129,33
,,
ROI_3,130,27
,,
ROI_3,131,42
,,
ROI_3,132,17
,,
ROI_3,133,24
,,
ROI_3,134,28
,,
ROI_3,135,30
,,
ROI_3,136,27
,,
ROI_3,137,28
,,
ROI_3,138,27
,,
ROI_3,139,26
,,
ROI_3,140,20
,,
ROI_3,141,25
,,
ROI_3,142,26
,,
ROI_3,143,30
,,
ROI_3,144,22
,,
ROI_3,145,25
,,
ROI_3,146,20
,,
ROI_3,147,23
,,
ROI_3,148,24
,,
ROI_3,149,19
,,
ROI_3,150,29
,,
ROI_3,151,25
,,
ROI_3,152,26
,,
ROI_3,153,16
,,
ROI_3,154,18
,,
ROI_3,155,27
,,
ROI_3,156,27
,,
ROI_3,157,24
,,
ROI_3,158,21
,,
ROI_3,159,22
,,
ROI_3,160,11
,,
ROI_3,161,15
,,
ROI_3,162,25
,,
ROI_3,163,24
,,
ROI_3,164,26
,,
ROI_3,165,17
,,
ROI_3,166,14
,,
ROI_3,167,25
,,
ROI_3,168,16
,,
ROI_3,169,15
,,
ROI_3,170,16
,,
ROI_3,171,16
,,
ROI_3,172,14
,,
ROI_3,173,8
,,
ROI_3,174,11
,,
ROI_3,175,10
,,
ROI_3,176,23
,,
ROI_3,177,16
,,
ROI_3,178,14
,,
ROI_3,179,16
,,
ROI_3,180,22
,,
ROI_3,181,13
,,
ROI_3,182,9
,,
ROI_3,183,14
,,
ROI_3,184,18
,,
ROI_3,185,14
,,
ROI_3,186,12
,,
ROI_3,187,21
,,
ROI_3,188,10
,,
ROI_3,189,17
,,
ROI_3,190,13
,,
ROI_3,191,21
,,
ROI_3,192,12
,,
ROI_3,193,13
,,
ROI_3,194,9
,,
ROI_3,195,18
,,
ROI_3,196,9
,,
ROI_3,197,11
,,
ROI_3,198,16
,,
ROI_3,199,15
,,
ROI_3,200,16
,,
ROI_3,201,6
,,
ROI_3,202,20
,,
ROI_3,203,11
,,
ROI_3,204,15
,,
ROI_3,205,15
,,
ROI_3,206,12
,,
ROI_3,207,14
,,
ROI_3,208,6
,,
ROI_3,209,15
,,
ROI_3,210,16
,,
ROI_3,211,13
,,
ROI_3,212,6
,,
ROI_3,213,14
,,
ROI_3,214,14
,,
ROI_3,215,8
,,
ROI_3,216,9
,,
ROI_3,217,12
,,
ROI_3,218,10
,,
ROI_3,219,11
,,
ROI_3,220,9
,,
ROI_3,221,8
,,
ROI_3,222,8
,,
ROI_3,223,12
,,
ROI_3,224,7
,,
ROI_3,225,11
,,
ROI_3,226,10
,,
ROI_3,227,12
,,
ROI_3,228,7
,,
ROI_3,229,10
,,
ROI_3,230,9
,,
ROI_3,231,14
,,
ROI_3,232,9
,,
ROI_3,233,7
,,
ROI_3,234,8
,,
ROI_3,235,11
,,
ROI_3,236,7
,,
ROI_3,237,8
,,
ROI_3,238,6
,,
ROI_3,239,8
,,
ROI_3,240,11
,,
ROI_3,241,12
,,
ROI_3,242,10
,,
ROI_3,243,6
,,
ROI_3,244,11
,,
ROI_3,245,11
,,
ROI_3,246,11
,,
ROI_3,247,9
,,
ROI_3,248,7
,,
ROI_3,249,2
,,
ROI_3,250,10
,,
ROI_3,251,8
,,
ROI_3,252,9
,,
ROI_3,253,6
,,
ROI_3,254,7
,,
ROI_3,255,721
,,
ROI_4,0,1433
,,
ROI_4,1,589
,,
ROI_4,2,731
,,
ROI_4,3,914
,,
ROI_4,4,834
,,
ROI_4,5,714
,,
ROI_4,6,678
,,
ROI_4,7,658
,,
ROI_4,8,544
,,
ROI_4,9,678
,,
ROI_4,10,518
,,
ROI_4,11,519
,,
ROI_4,12,464
,,
ROI_4,13,460
,,
ROI_4,14,397
,,
ROI_4,15,475
,,
ROI_4,16,439
,,
ROI_4,17,349
,,
ROI_4,18,351
,,
ROI_4,19,317
,,
ROI_4,20,312
,,
ROI_4,21,359
,,
ROI_4,22,304
,,
ROI_4,23,253
,,
ROI_4,24,253
,,
ROI_4,25,276
,,
ROI_4,26,262
,,
ROI_4,27,319
,,
ROI_4,28,240
,,
ROI_4,29,201
,,
ROI_4,30,221
,,
ROI_4,31,197
,,
ROI_4,32,194
,,
ROI_4,33,219
,,
ROI_4,34,188
,,
ROI_4,35,181
,,
ROI_4,36,180
,,
ROI_4,37,165
,,
ROI_4,38,164
,,
ROI_4,39,165
,,
ROI_4,40,149
,,
ROI_4,41,181
,,
ROI_4,42,125
,,
ROI_4,43,139
,,
ROI_4,44,127
,,
ROI_4,45,142
,,
ROI_4,46,107
,,
ROI_4,47,95
,,
ROI_4,48,116
,,
ROI_4,49,117
,,
ROI_4,50,107
,,
ROI_4,51,131
,,
ROI_4,52,95
,,
ROI_4,53,91
,,
ROI_4,54,82
,,
ROI_4,55,89
,,
ROI_4,56,100
,,
ROI_4,57,110
,,
ROI_4,58,96
,,
ROI_4,59,86
,,
ROI_4,60,84
,,
ROI_4,61,91
,,
ROI_4,62,81
,,
ROI_4,63,97
,,
ROI_4,64,87
,,
ROI_4,65,71
,,
ROI_4,66,82
,,
ROI_4,67,74
,,
ROI_4,68,81
,,
ROI_4,69,89
,,
ROI_4,70,58
,,
ROI_4,71,70
,,
ROI_4,72,71
,,
ROI_4,73,65
,,
ROI_4,74,48
,,
ROI_4,75,58
,,
ROI_4,76,69
,,
ROI_4,77,62
,,
ROI_4,78,61
,,
ROI_4,79,79
,,
ROI_4,80,73
,,
ROI_4,81,66
,,
ROI_4,82,45
,,
ROI_4,83,59
,,
ROI_4,84,64
,,
ROI_4,85,55
,,
ROI_4,86,51
,,
ROI_4,87,48
,,
ROI_4,88,58
,,
ROI_4,89,48
,,
ROI_4,90,50
,,
ROI_4,91,41
,,
ROI_4,92,50
,,
ROI_4,93,39
,,
ROI_4,94,47
,,
ROI_4,95,38
,,
ROI_4,96,43
,,
ROI_4,97,42
,,
ROI_4,98,36
,,
ROI_4,99,46
,,
ROI_4,100,33
,,
ROI_4,101,32
,,
ROI_4,102,37
,,
ROI_4,103,36
,,
ROI_4,104,31
,,
ROI_4,105,36
,,
ROI_4,106,28
,,
ROI_4,107,31
,,
ROI_4,108,43
,,
ROI_4,109,31
,,
ROI_4,110,34
,,
ROI_4,111,29
,,
ROI_4,112,30
,,
ROI_4,113,29
,,
ROI_4,114,17
,,
ROI_4,115,27
,,
ROI_4,116,43
,,
ROI_4,117,32
,,
ROI_4,118,17
,,
ROI_4,119,24
,,
ROI_4,120,17
,,
ROI_4,121,22
,,
ROI_4,122,32
,,
ROI_4,123,29
,,
ROI_4,124,28
,,
ROI_4,125,18
,,
ROI_4,126,21
,,
ROI_4,127,14
,,
ROI_4,128,36
,,
ROI_4,129,28
,,
ROI_4,130,18
,,
ROI_4,131,19
,,
ROI_4,132,19
,,
ROI_4,133,20
,,
ROI_4,134,20
,,
ROI_4,135,21
,,
ROI_4,136,17
,,
ROI_4,137,28
,,
ROI_4,138,16
,,
ROI_4,139,23
,,
ROI_4,140,13
,,
ROI_4,141,18
,,
ROI_4,142,21
,,
ROI_4,143,20
,,
ROI_4,144,27
,,
ROI_4,145,18
,,
ROI_4,146,17
,,
ROI_4,147,21
,,
ROI_4,148,21
,,
ROI_4,149,17
,,
ROI_4,150,11
,,
ROI_4,151,15
,,
ROI_4,152,18
,,
ROI_4,153,28
,,
ROI_4,154,21
,,
ROI_4,155,13
,,
ROI_4,156,9
,,
ROI_4,157,14
,,
ROI_4,158,19
,,
ROI_4,159,12
,,
ROI_4,160,14
,,
ROI_4,161,13
,,
ROI_4,162,19
,,
ROI_4,163,18
,,
ROI_4,164,17
,,
ROI_4,165,18
,,
ROI_4,166,8
,,
ROI_4,167,6
,,
ROI_4,168,11
,,
ROI_4,169,12
,,
ROI_4,170,18
,,
ROI_4,171,10
,,
ROI_4,172,11
,,
ROI_4,173,15
,,
ROI_4,174,9
,,
ROI_4,175,9
,,
ROI_4,176,11
,,
ROI_4,177,13
,,
ROI_4,178,15
,,
ROI_4,179,10
,,
ROI_4,180,11
,,
ROI_4,181,15
,,
ROI_4,182,20
,,
ROI_4,183,6
,,
ROI_4,184,8
,,
ROI_4,185,11
,,
ROI_4,186,9
,,
ROI_4,187,13
,,
ROI_4,188,8
,,
ROI_4,189,8
,,
ROI_4,190,9
,,
ROI_4,191,1
,,
ROI_4,192,11
,,
ROI_4,193,14
,,
ROI_4,194,6
,,
ROI_4,195,8
,,
ROI_4,196,9
,,
ROI_4,197,12
,,
ROI_4,198,4
,,
ROI_4,199,9
,,
ROI_4,200,8
,,
ROI_4,201,8
,,
ROI_4,202,12
,,
ROI_4,203,5
,,
ROI_4,204,13
,,
ROI_4,205,9
,,
ROI_4,206,13
,,
ROI_4,207,7
,,
ROI_4,208,10
,,
ROI_4,209,8
,,
ROI_4,210,12
,,
ROI_4,211,13
,,
ROI_4,212,6
,,
ROI_4,213,7
,,
ROI_4,214,6
,,
ROI_4,215,8
,,
ROI_4,216,12
,,
ROI_4,217,9
,,
ROI_4,218,7
,,
ROI_4,219,11
,,
ROI_4,220,3
,,
ROI_4,221,4
,,
ROI_4,222,7
,,
ROI_4,223,6
,,
ROI_4,224,8
,,
ROI_4,225,7
,,
ROI_4,226,9
,,
ROI_4,227,7
,,
ROI_4,228,3
,,
ROI_4,229,3
,,
ROI_4,230,6
,,
ROI_4,231,4
,,
ROI_4,232,6
,,
ROI_4,233,5
,,
ROI_4,234,6
,,
ROI_4,235,7
,,
ROI_4,236,7
,,
ROI_4,237,7
,,
ROI_4,238,3
,,
ROI_4,239,4
,,
ROI_4,240,4
,,
ROI_4,241,1
,,
ROI_4,242,3
,,
ROI_4,243,5
,,
ROI_4,244,4
,,
ROI_4,245,7
,,
ROI_4,246,5
,,
ROI_4,247,6
,,
ROI_4,248,8
,,
ROI_4,249,4
,,
ROI_4,250,4
,,
ROI_4,251,5
,,
ROI_4,252,7
,,
ROI_4,253,5
,,
ROI_4,254,8
,,
ROI_4,255,367
,,
ROI_5,0,3212
,,
ROI_5,1,1446
,,
ROI_5,2,1344
,,
ROI_5,3,1378
,,
ROI_5,4,1092
,,
ROI_5,5,1014
,,
ROI_5,6,1086
,,
ROI_5,7,986
,,
ROI_5,8,875
,,
ROI_5,9,921
,,
ROI_5,10,722
,,
ROI_5,11,759
,,
ROI_5,12,649
,,
ROI_5,13,688
,,
ROI_5,14,548
,,
ROI_5,15,579
,,
ROI_5,16,502
,,
ROI_5,17,456
,,
ROI_5,18,484
,,
ROI_5,19,446
,,
ROI_5,20,467
,,
ROI_5,21,474
,,
ROI_5,22,417
,,
ROI_5,23,363
,,
ROI_5,24,361
,,
ROI_5,25,354
,,
ROI_5,26,326
,,
ROI_5,27,393
,,
ROI_5,28,297
,,
ROI_5,29,296
,,
ROI_5,30,286
,,
ROI_5,31,292
,,
ROI_5,32,288
,,
ROI_5,33,274
,,
ROI_5,34,267
,,
ROI_5,35,224
,,
ROI_5,36,221
,,
ROI_5,37,241
,,
ROI_5,38,192
,,
ROI_5,39,239
,,
ROI_5,40,210
,,
ROI_5,41,182
,,
ROI_5,42,203
,,
ROI_5,43,164
,,
ROI_5,44,187
,,
ROI_5,45,169
,,
ROI_5,46,170
,,
ROI_5,47,133
,,
ROI_5,48,146
,,
ROI_5,49,131
,,
ROI_5,50,148
,,
ROI_5,51,156
,,
ROI_5,52,148
,,
ROI_5,53,130
,,
ROI_5,54,131
,,
ROI_5,55,118
,,
ROI_5,56,122
,,
ROI_5,57,127
,,
ROI_5,58,108
,,
ROI_5,59,100
,,
ROI_5,60,95
,,
ROI_5,61,101
,,
ROI_5,62,107
,,
ROI_5,63,109
,,
ROI_5,64,97
,,
ROI_5,65,88
,,
ROI_5,66,85
,,
ROI_5,67,85
,,
ROI_5,68,74
,,
ROI_5,69,77
,,
ROI_5,70,84
,,
ROI_5,71,85
,,
ROI_5,72,88
,,
ROI_5,73,70
,,
ROI_5,74,90
,,
ROI_5,75,71
,,
ROI_5,76,74
,,
ROI_5,77,64
,,
ROI_5,78,68
,,
ROI_5,79,82
,,
ROI_5,80,82
,,
ROI_5,81,55
,,
ROI_5,82,69
,,
ROI_5,83,66
,,
ROI_5,84,45
,,
ROI_5,85,59
,,
ROI_5,86,70
,,
ROI_5,87,52
,,
ROI_5,88,57
,,
ROI_5,89,47
,,
ROI_5,90,68
,,
ROI_5,91,44
,,
ROI_5,92,61
,,
ROI_5,93,46
,,
ROI_5,94,52
,,
ROI_5,95,46
,,
ROI_5,96,42
,,
ROI_5,97,39
,,
ROI_5,98,57
,,
ROI_5,99,53
,,
ROI_5,100,41
,,
ROI_5,101,32
,,
ROI_5,102,47
,,
ROI_5,103,29
,,
ROI_5,104,35
,,
ROI_5,105,33
,,
ROI_5,106,35
,,
ROI_5,107,35
,,
ROI_5,108,36
,,
ROI_5,109,23
,,
ROI_5,110,49
,,
ROI_5,111,30
,,
ROI_5,112,35
,,
ROI_5,113,28
,,
ROI_5,114,38
,,
ROI_5,115,32
,,
ROI_5,116,28
,,
ROI_5,117,26
,,
ROI_5,118,29
,,
ROI_5,119,27
,,
ROI_5,120,22
,,
ROI_5,121,21
,,
ROI_5,122,33
,,
ROI_5,123,15
,,
ROI_5,124,28
,,
ROI_5,125,26
,,
ROI_5,126,27
,,
ROI_5,127,37
,,
ROI_5,128,23
,,
ROI_5,129,18
,,
ROI_5,130,20
,,
ROI_5,131,21
,,
ROI_5,132,18
,,
ROI_5,133,23
,,
ROI_5,134,24
,,
ROI_5,135,19
,,
ROI_5,136,24
,,
ROI_5,137,23
,,
ROI_5,138,16
,,
ROI_5,139,13
,,
ROI_5,140,18
,,
ROI_5,141,22
,,
ROI_5,142,20
,,
ROI_5,143,23
,,
ROI_5,144,20
,,
ROI_5,145,14
,,
ROI_5,146,21
,,
ROI_5,147,17
,,
ROI_5,148,16
,,
ROI_5,149,16
,,
ROI_5,150,20
,,
ROI_5,151,13
,,
ROI_5,152,19
,,
ROI_5,153,13
,,
ROI_5,154,13
,,
ROI_5,155,16
,,
ROI_5,156,17
,,
ROI_5,157,15
,,
ROI_5,158,19
,,
ROI_5,159,24
,,
ROI_5,160,15
,,
ROI_5,161,9
,,
ROI_5,162,8
,,
ROI_5,163,11
,,
ROI_5,164,12
,,
ROI_5,165,9
,,
ROI_5,166,19
,,
ROI_5,167,15
,,
ROI_5,168,9
,,
ROI_5,169,20
,,
ROI_5,170,23
,,
ROI_5,171,12
,,
ROI_5,172,11
,,
ROI_5,173,10
,,
ROI_5,174,9
,,
ROI_5,175,8
,,
ROI_5,176,9
,,
ROI_5,177,17
,,
ROI_5,178,7
,,
ROI_5,179,8
,,
ROI_5,180,14
,,
ROI_5,181,9
,,
ROI_5,182,15
,,
ROI_5,183,10
,,
ROI_5,184,9
,,
ROI_5,185,10
,,
ROI_5,186,10
,,
ROI_5,187,9
,,
ROI_5,188,14
,,
ROI_5,189,11
,,
ROI_5,190,7
,,
ROI_5,191,6
,,
ROI_5,192,12
,,
ROI_5,193,12
,,
ROI_5,194,14
,,
ROI_5,195,12
,,
ROI_5,196,7
,,
ROI_5,197,10
,,
ROI_5,198,6
,,
ROI_5,199,7
,,
ROI_5,200,8
,,
ROI_5,201,13
,,
ROI_5,202,4
,,
ROI_5,203,12
,,
ROI_5,204,3
,,
ROI_5,205,3
,,
ROI_5,206,5
,,
ROI_5,207,4
,,
ROI_5,208,10
,,
ROI_5,209,7
,,
ROI_5,210,5
,,
ROI_5,211,5
,,
ROI_5,212,7
,,
ROI_5,213,5
,,
ROI_5,214,5
,,
ROI_5,215,9
,,
ROI_5,216,4
,,
ROI_5,217,6
,,
ROI_5,218,6
,,
ROI_5,219,7
,,
ROI_5,220,2
,,
ROI_5,221,7
,,
ROI_5,222,8
,,
ROI_5,223,10
,,
ROI_5,224,5
,,
ROI_5,225,4
,,
ROI_5,226,3
,,
ROI_5,227,6
,,
ROI_5,228,4
,,
ROI_5,229,6
,,
ROI_5,230,3
,,
ROI_5,231,5
,,
ROI_5,232,5
,,
ROI_5,233,8
,,
ROI_5,234,9
,,
ROI_5,235,7
,,
ROI_5,236,6
,,
ROI_5,237,9
,,
ROI_5,238,2
,,
ROI_5,239,2
,,
ROI_5,240,4
,,
ROI_5,241,4
,,
ROI_5,242,2
,,
ROI_5,243,8
,,
ROI_5,244,5
,,
ROI_5,245,3
,,
ROI_5,246,7
,,
ROI_5,247,1
,,
ROI_5,248,3
,,
ROI_5,249,3
,,
ROI_5,250,3
,,
ROI_5,251,3
,,
ROI_5,252,1
,,
ROI_5,253,9
,,
ROI_5,254,2
,,
ROI_5,255,255
,,
ROI_6,0,2091
,,
ROI_6,1,619
,,
ROI_6,2,617
,,
ROI_6,3,560
,,
ROI_6,4,537
,,
ROI_6,5,459
,,
ROI_6,6,464
,,
ROI_6,7,430
,,
ROI_6,8,382
,,
ROI_6,9,424
,,
ROI_6,10,366
,,
ROI_6,11,347
,,
ROI_6,12,356
,,
ROI_6,13,333
,,
ROI_6,14,326
,,
ROI_6,15,371
,,
ROI_6,16,287
,,
ROI_6,17,278
,,
ROI_6,18,245
,,
ROI_6,19,251
,,
ROI_6,20,250
,,
ROI_6,21,264
,,
ROI_6,22,246
,,
ROI_6,23,227
,,
ROI_6,24,214
,,
ROI_6,25,207
,,
ROI_6,26,198
,,
ROI_6,27,224
,,
ROI_6,28,163
,,
ROI_6,29,170
,,
ROI_6,30,133
,,
ROI_6,31,165
,,
ROI_6,32,161
,,
ROI_6,33,167
,,
ROI_6,34,145
,,
ROI_6,35,157
,,
ROI_6,36,138
,,
ROI_6,37,128
,,
ROI_6,38,140
,,
ROI_6,39,147
,,
ROI_6,40,132
,,
ROI_6,41,134
,,
ROI_6,42,113
,,
ROI_6,43,117
,,
ROI_6,44,111
,,
ROI_6,45,141
,,
ROI_6,46,106
,,
ROI_6,47,96
,,
ROI_6,48,101
,,
ROI_6,49,106
,,
ROI_6,50,106
,,
ROI_6,51,134
,,
ROI_6,52,93
,,
ROI_6,53,69
,,
ROI_6,54,97
,,
ROI_6,55,90
,,
ROI_6,56,102
,,
ROI_6,57,106
,,
ROI_6,58,91
,,
ROI_6,59,73
,,
ROI_6,60,99
,,
ROI_6,61,89
,,
ROI_6,62,82
,,
ROI_6,63,100
,,
ROI_6,64,80
,,
ROI_6,65,74
,,
ROI_6,66,92
,,
ROI_6,67,80
,,
ROI_6,68,83
,,
ROI_6,69,69
,,
ROI_6,70,65
,,
ROI_6,71,67
,,
ROI_6,72,64
,,
ROI_6,73,79
,,
ROI_6,74,90
,,
ROI_6,75,71
,,
ROI_6,76,62
,,
ROI_6,77,79
,,
ROI_6,78,62
,,
ROI_6,79,76
,,
ROI_6,80,72
,,
ROI_6,81,69
,,
ROI_6,82,78
,,
ROI_6,83,64
,,
ROI_6,84,62
,,
ROI_6,85,72
,,
ROI_6,86,83
,,
ROI_6,87,52
,,
ROI_6,88,58
,,
ROI_6,89,47
,,
ROI_6,90,55
,,
ROI_6,91,66
,,
ROI_6,92,73
,,
ROI_6,93,55
,,
ROI_6,94,54
,,
ROI_6,95,71
,,
ROI_6,96,54
,,
ROI_6,97,51
,,
ROI_6,98,48
,,
ROI_6,99,52
,,
ROI_6,100,71
,,
ROI_6,101,43
,,
ROI_6,102,46
,,
ROI_6,103,53
,,
ROI_6,104,54
,,
ROI_6,105,56
,,
ROI_6,106,48
,,
ROI_6,107,52
,,
ROI_6,108,41
,,
ROI_6,109,64
,,
ROI_6,110,51
,,
ROI_6,111,47
,,
ROI_6,112,40
,,
ROI_6,113,56
,,
ROI_6,114,43
,,
ROI_6,115,41
,,
ROI_6,116,49
,,
ROI_6,117,39
,,
ROI_6,118,34
,,
ROI_6,119,34
,,
ROI_6,120,38
,,
ROI_6,121,34
,,
ROI_6,122,43
,,
ROI_6,123,30
,,
ROI_6,124,42
,,
ROI_6,125,33
,,
ROI_6,126,42
,,
ROI_6,127,32
,,
ROI_6,128,48
,,
ROI_6,129,34
,,
ROI_6,130,46
,,
ROI_6,131,46
,,
ROI_6,132,31
,,
ROI_6,133,34
,,
ROI_6,134,35
,,
ROI_6,135,38
,,
ROI_6,136,29
,,
ROI_6,137,22
,,
ROI_6,138,26
,,
ROI_6,139,29
,,
ROI_6,140,31
,,
ROI_6,141,27
,,
ROI_6,142,29
,,
ROI_6,143,30
,,
ROI_6,144,28
,,
ROI_6,145,30
,,
ROI_6,146,36
,,
ROI_6,147,31
,,
ROI_6,148,25
,,
ROI_6,149,23
,,
ROI_6,150,19
,,
ROI_6,151,24
,,
ROI_6,152,29
,,
ROI_6,153,25
,,
ROI_6,154,21
,,
ROI_6,155,23
,,
ROI_6,156,21
,,
ROI_6,157,27
,,
ROI_6,158,21
,,
ROI_6,159,17
,,
ROI_6,160,25
,,
ROI_6,161,17
,,
ROI_6,162,21
,,
ROI_6,163,23
,,
ROI_6,164,23
,,
ROI_6,165,21
,,
ROI_6,166,21
,,
ROI_6,167,24
,,
ROI_6,168,22
,,
ROI_6,169,29
,,
ROI_6,170,20
,,
ROI_6,171,10
,,
ROI_6,172,17
,,
ROI_6,173,19
,,
ROI_6,174,19
,,
ROI_6,175,30
,,
ROI_6,176,13
,,
ROI_6,177,16
,,
ROI_6,178,22
,,
ROI_6,179,26
,,
ROI_6,180,17
,,
ROI_6,181,17
,,
ROI_6,182,14
,,
ROI_6,183,18
,,
ROI_6,184,17
,,
ROI_6,185,14
,,
ROI_6,186,10
,,
ROI_6,187,8
,,
ROI_6,188,18
,,
ROI_6,189,15
,,
ROI_6,190,19
,,
ROI_6,191,21
,,
ROI_6,192,15
,,
ROI_6,193,10
,,
ROI_6,194,19
,,
ROI_6,195,14
,,
ROI_6,196,17
,,
ROI_6,197,17
,,
ROI_6,198,20
,,
ROI_6,199,16
,,
ROI_6,200,16
,,
ROI_6,201,12
,,
ROI_6,202,11
,,
ROI_6,203,14
,,
ROI_6,204,17
,,
ROI_6,205,12
,,
ROI_6,206,10
,,
ROI_6,207,13
,,
ROI_6,208,11
,,
ROI_6,209,16
,,
ROI_6,210,18
,,
ROI_6,211,19
,,
ROI_6,212,10
,,
ROI_6,213,11
,,
ROI_6,214,8
,,
ROI_6,215,11
,,
ROI_6,216,19
,,
ROI_6,217,16
,,
ROI_6,218,11
,,
ROI_6,219,9
,,
ROI_6,220,21
,,
ROI_6,221,9
,,
ROI_6,222,12
,,
ROI_6,223,13
,,
ROI_6,224,7
,,
ROI_6,225,5
,,
ROI_6,226,9
,,
ROI_6,227,7
,,
ROI_6,228,15
,,
ROI_6,229,5
,,
ROI_6,230,9
,,
ROI_6,231,11
,,
ROI_6,232,13
,,
ROI_6,233,6
,,
ROI_6,234,11
,,
ROI_6,235,10
,,
ROI_6,236,9
,,
ROI_6,237,6
,,
ROI_6,238,8
,,
ROI_6,239,13
,,
ROI_6,240,6
,,
ROI_6,241,9
,,
ROI_6,242,4
,,
ROI_6,243,8
,,
ROI_6,244,12
,,
ROI_6,245,9
,,
ROI_6,246,3
,,
ROI_6,247,9
,,
ROI_6,248,9
,,
ROI_6,249,4
,,
ROI_6,250,11
,,
ROI_6,251,15
,,
ROI_6,252,4
,,
ROI_6,253,11
,,
ROI_6,254,9
,,
ROI_6,255,619
,,
ROI_7,0,107
,,
ROI_7,1,34
,,
ROI_7,2,20
,,
ROI_7,3,11
,,
ROI_7,4,17
,,
ROI_7,5,10
,,
ROI_7,6,17
,,
ROI_7,7,14
,,
ROI_7,8,12
,,
ROI_7,9,13
,,
ROI_7,10,8
,,
ROI_7,11,7
,,
ROI_7,12,13
,,
ROI_7,13,6
,,
ROI_7,14,14
,,
ROI_7,15,7
,,
ROI_7,16,5
,,
ROI_7,17,3
,,
ROI_7,18,12
,,
ROI_7,19,6
,,
ROI_7,20,4
,,
ROI_7,21,2
,,
ROI_7,22,7
,,
ROI_7,23,9
,,
ROI_7,24,3
,,
ROI_7,25,5
,,
ROI_7,26,2
,,
ROI_7,27,4
,,
ROI_7,28,5
,,
ROI_7,29,2
,,
ROI_7,30,4
,,
ROI_7,31,8
,,
ROI_7,32,4
,,
ROI_7,33,3
,,
ROI_7,34,1
,,
ROI_7,35,3
,,
ROI_7,36,5
,,
ROI_7,37,2
,,
ROI_7,38,2
,,
ROI_7,39,1
,,
ROI_7,40,3
,,
ROI_7,41,6
,,
ROI_7,42,2
,,
ROI_7,43,3
,,
ROI_7,44,4
,,
ROI_7,45,7
,,
ROI_7,46,1
,,
ROI_7,47,1
,,
ROI_7,48,2
,,
ROI_7,49,0
,,
ROI_7,50,4
,,
ROI_7,51,3
,,
ROI_7,52,3
,,
ROI_7,53,3
,,
ROI_7,54,4
,,
ROI_7,55,4
,,
ROI_7,56,1
,,
ROI_7,57,3
,,
ROI_7,58,3
,,
ROI_7,59,1
,,
ROI_7,60,4
,,
ROI_7,61,3
,,
ROI_7,62,1
,,
ROI_7,63,4
,,
ROI_7,64,3
,,
ROI_7,65,5
,,
ROI_7,66,0
,,
ROI_7,67,1
,,
ROI_7,68,3
,,
ROI_7,69,2
,,
ROI_7,70,2
,,
ROI_7,71,2
,,
ROI_7,72,1
,,
ROI_7,73,2
,,
ROI_7,74,2
,,
ROI_7,75,1
,,
ROI_7,76,2
,,
ROI_7,77,1
,,
ROI_7,78,1
,,
ROI_7,79,1
,,
ROI_7,80,0
,,
ROI_7,81,0
,,
ROI_7,82,2
,,
ROI_7,83,1
,,
ROI_7,84,0
,,
ROI_7,85,3
,,
ROI_7,86,0
,,
ROI_7,87,2
,,
ROI_7,88,1
,,
ROI_7,89,4
,,
ROI_7,90,2
,,
ROI_7,91,0
,,
ROI_7,92,0
,,
ROI_7,93,2
,,
ROI_7,94,0
,,
ROI_7,95,1
,,
ROI_7,96,4
,,
ROI_7,97,2
,,
ROI_7,98,0
,,
ROI_7,99,1
,,
ROI_7,100,2
,,
ROI_7,101,0
,,
ROI_7,102,3
,,
ROI_7,103,1
,,
ROI_7,104,0
,,
ROI_7,105,1
,,
ROI_7,106,0
,,
ROI_7,107,0
,,
ROI_7,108,0
,,
ROI_7,109,1
,,
ROI_7,110,1
,,
ROI_7,111,3
,,
ROI_7,112,0
,,
ROI_7,113,1
,,
ROI_7,114,2
,,
ROI_7,115,0
,,
ROI_7,116,1
,,
ROI_7,117,0
,,
ROI_7,118,0
,,
ROI_7,119,1
,,
ROI_7,120,2
,,
ROI_7,121,1
,,
ROI_7,122,0
,,
ROI_7,123,0
,,
ROI_7,124,0
,,
ROI_7,125,1
,,
ROI_7,126,0
,,
ROI_7,127,1
,,
ROI_7,128,1
,,
ROI_7,129,1
,,
ROI_7,130,1
,,
ROI_7,131,0
,,
ROI_7,132,1
,,
ROI_7,133,0
,,
ROI_7,134,1
,,
ROI_7,135,2
,,
ROI_7,136,1
,,
ROI_7,137,1
,,
ROI_7,138,3
,,
ROI_7,139,2
,,
ROI_7,140,2
,,
ROI_7,141,1
,,
ROI_7,142,0
,,
ROI_7,143,0
,,
ROI_7,144,0
,,
ROI_7,145,1
,,
ROI_7,146,0
,,
ROI_7,147,1
,,
ROI_7,148,0
,,
ROI_7,149,1
,,
ROI_7,150,2
,,
ROI_7,151,0
,,
ROI_7,152,1
,,
ROI_7,153,1
,,
ROI_7,154,0
,,
ROI_7,155,0
,,
ROI_7,156,0
,,
ROI_7,157,0
,,
ROI_7,158,0
,,
ROI_7,159,0
,,
ROI_7,160,0
,,
ROI_7,161,0
,,
ROI_7,162,0
,,
ROI_7,163,0
,,
ROI_7,164,0
,,
ROI_7,165,1
,,
ROI_7,166,1
,,
ROI_7,167,0
,,
ROI_7,168,0
,,
ROI_7,169,0
,,
ROI_7,170,3
,,
ROI_7,171,1
,,
ROI_7,172,0
,,
ROI_7,173,0
,,
ROI_7,174,0
,,
ROI_7,175,0
,,
ROI_7,176,1
,,
ROI_7,177,0
,,
ROI_7,178,1
,,
ROI_7,179,0
,,
ROI_7,180,0
,,
ROI_7,181,0
,,
ROI_7,182,1
,,
ROI_7,183,1
,,
ROI_7,184,0
,,
ROI_7,185,2
,,
ROI_7,186,0
,,
ROI_7,187,1
,,
ROI_7,188,1
,,
ROI_7,189,0
,,
ROI_7,190,0
,,
ROI_7,191,0
,,
ROI_7,192,0
,,
ROI_7,193,1
,,
ROI_7,194,0
,,
ROI_7,195,0
,,
ROI_7,196,0
,,
ROI_7,197,1
,,
ROI_7,198,1
,,
ROI_7,199,0
,,
ROI_7,200,0
,,
ROI_7,201,1
,,
ROI_7,202,0
,,
ROI_7,203,1
,,
ROI_7,204,1
,,
ROI_7,205,0
,,
ROI_7,206,0
,,
ROI_7,207,1
,,
ROI_7,208,0
,,
ROI_7,209,0
,,
ROI_7,210,0
,,
ROI_7,211,0
,,
ROI_7,212,0
,,
ROI_7,213,0
,,
ROI_7,214,0
,,
ROI_7,215,0
,,
ROI_7,216,1
,,
ROI_7,217,0
,,
ROI_7,218,0
,,
ROI_7,219,0
,,
ROI_7,220,1
,,
ROI_7,221,1
,,
ROI_7,222,0
,,
ROI_7,223,1
,,
ROI_7,224,0
,,
ROI_7,225,0
,,
ROI_7,226,0
,,
ROI_7,227,1
,,
ROI_7,228,0
,,
ROI_7,229,1
,,
ROI_7,230,0
,,
ROI_7,231,0
,,
ROI_7,232,1
,,
ROI_7,233,0
,,
ROI_7,234,1
,,
ROI_7,235,0
,,
ROI_7,236,0
,,
ROI_7,237,0
,,
ROI_7,238,0
,,
ROI_7,239,0
,,
ROI_7,240,1
,,
ROI_7,241,0
,,
ROI_7,242,1
,,
ROI_7,243,0
,,
ROI_7,244,0
,,
ROI_7,245,0
,,
ROI_7,246,1
,,
ROI_7,247,0
,,
ROI_7,248,0
,,
ROI_7,249,1
,,
ROI_7,250,0
,,
ROI_7,251,0
,,
ROI_7,252,1
,,
ROI_7,253,0
,,
ROI_7,254,0
,,
ROI_7,255,24
,,
ROI_8,0,2032
,,
ROI_8,1,469
,,
ROI_8,2,504
,,
ROI_8,3,566
,,
ROI_8,4,551
,,
ROI_8,5,563
,,
ROI_8,6,558
,,
ROI_8,7,505
,,
ROI_8,8,523
,,
ROI_8,9,586
,,
ROI_8,10,419
,,
ROI_8,11,550
,,
ROI_8,12,439
,,
ROI_8,13,456
,,
ROI_8,14,461
,,
ROI_8,15,542
,,
ROI_8,16,433
,,
ROI_8,17,448
,,
ROI_8,18,382
,,
ROI_8,19,384
,,
ROI_8,20,377
,,
ROI_8,21,425
,,
ROI_8,22,372
,,
ROI_8,23,318
,,
ROI_8,24,343
,,
ROI_8,25,355
,,
ROI_8,26,312
,,
ROI_8,27,375
,,
ROI_8,28,279
,,
ROI_8,29,296
,,
ROI_8,30,301
,,
ROI_8,31,265
,,
ROI_8,32,272
,,
ROI_8,33,308
,,
ROI_8,34,259
,,
ROI_8,35,284
,,
ROI_8,36,273
,,
ROI_8,37,248
,,
ROI_8,38,240
,,
ROI_8,39,285
,,
ROI_8,40,240
,,
ROI_8,41,233
,,
ROI_8,42,254
,,
ROI_8,43,205
,,
ROI_8,44,185
,,
ROI_8,45,223
,,
ROI_8,46,183
,,
ROI_8,47,184
,,
ROI_8,48,194
,,
ROI_8,49,175
,,
ROI_8,50,174
,,
ROI_8,51,198
,,
ROI_8,52,165
,,
ROI_8,53,139
,,
ROI_8,54,171
,,
ROI_8,55,136
,,
ROI_8,56,129
,,
ROI_8,57,160
,,
ROI_8,58,139
,,
ROI_8,59,134
,,
ROI_8,60,122
,,
ROI_8,61,133
,,
ROI_8,62,116
,,
ROI_8,63,133
,,
ROI_8,64,106
,,
ROI_8,65,99
,,
ROI_8,66,100
,,
ROI_8,67,124
,,
ROI_8,68,120
,,
ROI_8,69,96
,,
ROI_8,70,76
,,
ROI_8,71,92
,,
ROI_8,72,82
,,
ROI_8,73,114
,,
ROI_8,74,111
,,
ROI_8,75,88
,,
ROI_8,76,83
,,
ROI_8,77,96
,,
ROI_8,78,83
,,
ROI_8,79,83
,,
ROI_8,80,78
,,
ROI_8,81,77
,,
ROI_8,82,69
,,
ROI_8,83,81
,,
ROI_8,84,67
,,
ROI_8,85,67
,,
ROI_8,86,77
,,
ROI_8,87,77
,,
ROI_8,88,71
,,
ROI_8,89,64
,,
ROI_8,90,70
,,
ROI_8,91,76
,,
ROI_8,92,65
,,
ROI_8,93,65
,,
ROI_8,94,63
,,
ROI_8,95,56
,,
ROI_8,96,52
,,
ROI_8,97,59
,,
ROI_8,98,53
,,
ROI_8,99,55
,,
ROI_8,100,49
,,
ROI_8,101,44
,,
ROI_8,102,52
,,
ROI_8,103,55
,,
ROI_8,104,43
,,
ROI_8,105,45
,,
ROI_8,106,36
,,
ROI_8,107,44
,,
ROI_8,108,46
,,
ROI_8,109,44
,,
ROI_8,110,55
,,
ROI_8,111,48
,,
ROI_8,112,47
,,
ROI_8,113,37
,,
ROI_8,114,35
,,
ROI_8,115,35
,,
ROI_8,116,43
,,
ROI_8,117,35
,,
ROI_8,118,31
,,
ROI_8,119,32
,,
ROI_8,120,35
,,
ROI_8,121,36
,,
ROI_8,122,37
,,
ROI_8,123,36
,,
ROI_8,124,34
,,
ROI_8,125,36
,,
ROI_8,126,30
,,
ROI_8,127,31
,,
ROI_8,128,39
,,
ROI_8,129,36
,,
ROI_8,130,46
,,
ROI_8,131,34
,,
ROI_8,132,33
,,
ROI_8,133,30
,,
ROI_8,134,35
,,
ROI_8,135,29
,,
ROI_8,136,25
,,
ROI_8,137,17
,,
ROI_8,138,23
,,
ROI_8,139,22
,,
ROI_8,140,31
,,
ROI_8,141,27
,,
ROI_8,142,28
,,
ROI_8,143,20
,,
ROI_8,144,16
,,
ROI_8,145,24
,,
ROI_8,146,34
,,
ROI_8,147,25
,,
ROI_8,148,28
,,
ROI_8,149,21
,,
ROI_8,150,21
,,
ROI_8,151,25
,,
ROI_8,152,30
,,
ROI_8,153,32
,,
ROI_8,154,23
,,
ROI_8,155,20
,,
ROI_8,156,22
,,
ROI_8,157,25
,,
ROI_8,158,29
,,
ROI_8,159,10
,,
ROI_8,160,17
,,
ROI_8,161,22
,,
ROI_8,162,14
,,
ROI_8,163,10
,,
ROI_8,164,23
,,
ROI_8,165,14
,,
ROI_8,166,25
,,
ROI_8,167,17
,,
ROI_8,168,19
,,
ROI_8,169,12
,,
ROI_8,170,21
,,
ROI_8,171,17
,,
ROI_8,172,14
,,
ROI_8,173,17
,,
ROI_8,174,13
,,
ROI_8,175,15
,,
ROI_8,176,21
,,
ROI_8,177,14
,,
ROI_8,178,9
,,
ROI_8,179,12
,,
ROI_8,180,12
,,
ROI_8,181,21
,,
ROI_8,182,11
,,
ROI_8,183,18
,,
ROI_8,184,9
,,
ROI_8,185,18
,,
ROI_8,186,9
,,
ROI_8,187,13
,,
ROI_8,188,12
,,
ROI_8,189,16
,,
ROI_8,190,16
,,
ROI_8,191,21
,,
ROI_8,192,12
,,
ROI_8,193,14
,,
ROI_8,194,14
,,
ROI_8,195,8
,,
ROI_8,196,5
,,
ROI_8,197,11
,,
ROI_8,198,9
,,
ROI_8,199,8
,,
ROI_8,200,9
,,
ROI_8,201,13
,,
ROI_8,202,10
,,
ROI_8,203,12
,,
ROI_8,204,10
,,
ROI_8,205,14
,,
ROI_8,206,10
,,
ROI_8,207,6
,,
ROI_8,208,7
,,
ROI_8,209,9
,,
ROI_8,210,10
,,
ROI_8,211,13
,,
ROI_8,212,8
,,
ROI_8,213,15
,,
ROI_8,214,12
,,
ROI_8,215,10
,,
ROI_8,216,8
,,
ROI_8,217,18
,,
ROI_8,218,14
,,
ROI_8,219,7
,,
ROI_8,220,12
,,
ROI_8,221,9
,,
ROI_8,222,6
,,
ROI_8,223,11
,,
ROI_8,224,10
,,
ROI_8,225,11
,,
ROI_8,226,11
,,
ROI_8,227,8
,,
ROI_8,228,8
,,
ROI_8,229,8
,,
ROI_8,230,8
,,
ROI_8,231,4
,,
ROI_8,232,8
,,
ROI_8,233,11
,,
ROI_8,234,3
,,
ROI_8,235,13
,,
ROI_8,236,7
,,
ROI_8,237,8
,,
ROI_8,238,10
,,
ROI_8,239,5
,,
ROI_8,240,9
,,
ROI_8,241,7
,,
ROI_8,242,11
,,
ROI_8,243,11
,,
ROI_8,244,9
,,
ROI_8,245,7
,,
ROI_8,246,3
,,
ROI_8,247,5
,,
ROI_8,248,7
,,
ROI_8,249,6
,,
ROI_8,250,11
,,
ROI_8,251,3
,,
ROI_8,252,8
,,
ROI_8,253,9
,,
ROI_8,254,2
,,
ROI_8,255,431
,,
ROI_9,0,219
,,
ROI_9,1,86
,,
ROI_9,2,114
,,
ROI_9,3,141
,,
ROI_9,4,136
,,
ROI_9,5,125
,,
ROI_9,6,140
,,
ROI_9,7,137
,,
ROI_9,8,139
,,
ROI_9,9,219
,,
ROI_9,10,179
,,
ROI_9,11,164
,,
ROI_9,12,166
,,
ROI_9,13,168
,,
ROI_9,14,146
,,
ROI_9,15,190
,,
ROI_9,16,164
,,
ROI_9,17,158
,,
ROI_9,18,143
,,
ROI_9,19,131
,,
ROI_9,20,150
,,
ROI_9,21,162
,,
ROI_9,22,158
,,
ROI_9,23,141
,,
ROI_9,24,124
,,
ROI_9,25,120
,,
ROI_9,26,144
,,
ROI_9,27,175
,,
ROI_9,28,164
,,
ROI_9,29,146
,,
ROI_9,30,107
,,
ROI_9,31,135
,,
ROI_9,32,132
,,
ROI_9,33,158
,,
ROI_9,34,133
,,
ROI_9,35,132
,,
ROI_9,36,104
,,
ROI_9,37,135
,,
ROI_9,38,121
,,
ROI_9,39,125
,,
ROI_9,40,108
,,
ROI_9,41,130
,,
ROI_9,42,119
,,
ROI_9,43,115
,,
ROI_9,44,118
,,
ROI_9,45,128
,,
ROI_9,46,83
,,
ROI_9,47,107
,,
ROI_9,48,100
,,
ROI_9,49,88
,,
ROI_9,50,83
,,
ROI_9,51,112
,,
ROI_9,52,110
,,
ROI_9,53,87
,,
ROI_9,54,82
,,
ROI_9,55,93
,,
ROI_9,56,82
,,
ROI_9,57,91
,,
ROI_9,58,84
,,
ROI_9,59,60
,,
ROI_9,60,73
,,
ROI_9,61,62
,,
ROI_9,62,69
,,
ROI_9,63,68
,,
ROI_9,64,64
,,
ROI_9,65,58
,,
ROI_9,66,51
,,
ROI_9,67,62
,,
ROI_9,68,75
,,
ROI_9,69,71
,,
ROI_9,70,59
,,
ROI_9,71,57
,,
ROI_9,72,47
,,
ROI_9,73,56
,,
ROI_9,74,50
,,
ROI_9,75,49
,,
ROI_9,76,67
,,
ROI_9,77,44
,,
ROI_9,78,51
,,
ROI_9,79,48
,,
ROI_9,80,48
,,
ROI_9,81,54
,,
ROI_9,82,39
,,
ROI_9,83,36
,,
ROI_9,84,42
,,
ROI_9,85,51
,,
ROI_9,86,44
,,
ROI_9,87,45
,,
ROI_9,88,52
,,
ROI_9,89,35
,,
ROI_9,90,33
,,
ROI_9,91,37
,,
ROI_9,92,48
,,
ROI_9,93,37
,,
ROI_9,94,33
,,
ROI_9,95,43
,,
ROI_9,96,31
,,
ROI_9,97,35
,,
ROI_9,98,40
,,
ROI_9,99,33
,,
ROI_9,100,44
,,
ROI_9,101,29
,,
ROI_9,102,37
,,
ROI_9,103,52
,,
ROI_9,104,35
,,
ROI_9,105,31
,,
ROI_9,106,35
,,
ROI_9,107,32
,,
ROI_9,108,32
,,
ROI_9,109,21
,,
ROI_9,110,41
,,
ROI_9,111,37
,,
ROI_9,112,26
,,
ROI_9,113,15
,,
ROI_9,114,23
,,
ROI_9,115,21
,,
ROI_9,116,31
,,
ROI_9,117,23
,,
ROI_9,118,20
,,
ROI_9,119,19
,,
ROI_9,120,27
,,
ROI_9,121,38
,,
ROI_9,122,24
,,
ROI_9,123,23
,,
ROI_9,124,33
,,
ROI_9,125,15
,,
ROI_9,126,27
,,
ROI_9,127,18
,,
ROI_9,128,28
,,
ROI_9,129,17
,,
ROI_9,130,26
,,
ROI_9,131,22
,,
ROI_9,132,23
,,
ROI_9,133,22
,,
ROI_9,134,25
,,
ROI_9,135,19
,,
ROI_9,136,25
,,
ROI_9,137,15
,,
ROI_9,138,20
,,
ROI_9,139,11
,,
ROI_9,140,21
,,
ROI_9,141,21
,,
ROI_9,142,13
,,
ROI_9,143,24
,,
ROI_9,144,26
,,
ROI_9,145,20
,,
ROI_9,146,25
,,
ROI_9,147,9
,,
ROI_9,148,20
,,
ROI_9,149,20
,,
ROI_9,150,15
,,
ROI_9,151,18
,,
ROI_9,152,19
,,
ROI_9,153,25
,,
ROI_9,154,8
,,
ROI_9,155,19
,,
ROI_9,156,18
,,
ROI_9,157,19
,,
ROI_9,158,19
,,
ROI_9,159,12
,,
ROI_9,160,12
,,
ROI_9,161,15
,,
ROI_9,162,21
,,
ROI_9,163,16
,,
ROI_9,164,11
,,
ROI_9,165,17
,,
ROI_9,166,22
,,
ROI_9,167,8
,,
ROI_9,168,17
,,
ROI_9,169,12
,,
ROI_9,170,20
,,
ROI_9,171,15
,,
ROI_9,172,13
,,
ROI_9,173,14
,,
ROI_9,174,20
,,
ROI_9,175,16
,,
ROI_9,176,4
,,
ROI_9,177,18
,,
ROI_9,178,10
,,
ROI_9,179,13
,,
ROI_9,180,15
,,
ROI_9,181,10
,,
ROI_9,182,15
,,
ROI_9,183,13
,,
ROI_9,184,6
,,
ROI_9,185,14
,,
ROI_9,186,11
,,
ROI_9,187,11
,,
ROI_9,188,8
,,
ROI_9,189,14
,,
ROI_9,190,11
,,
ROI_9,191,8
,,
ROI_9,192,10
,,
ROI_9,193,11
,,
ROI_9,194,13
,,
ROI_9,195,13
,,
ROI_9,196,9
,,
ROI_9,197,8
,,
ROI_9,198,8
,,
ROI_9,199,13
,,
ROI_9,200,11
,,
ROI_9,201,11
,,
ROI_9,202,6
,,
ROI_9,203,11
,,
ROI_9,204,9
,,
ROI_9,205,4
,,
ROI_9,206,12
,,
ROI_9,207,9
,,
ROI_9,208,11
,,
ROI_9,209,9
,,
ROI_9,210,11
,,
ROI_9,211,10
,,
ROI_9,212,6
,,
ROI_9,213,7
,,
ROI_9,214,12
,,
ROI_9,215,9
,,
ROI_9,216,9
,,
ROI_9,217,9
,,
ROI_9,218,6
,,
ROI_9,219,6
,,
ROI_9,220,2
,,
ROI_9,221,8
,,
ROI_9,222,5
,,
ROI_9,223,4
,,
ROI_9,224,11
,,
ROI_9,225,7
,,
ROI_9,226,8
,,
ROI_9,227,5
,,
ROI_9,228,9
,,
ROI_9,229,2
,,
ROI_9,230,11
,,
ROI_9,231,10
,,
ROI_9,232,10
,,
ROI_9,233,7
,,
ROI_9,234,4
,,
ROI_9,235,8
,,
ROI_9,236,7
,,
ROI_9,237,10
,,
ROI_9,238,10
,,
ROI_9,239,10
,,
ROI_9,240,7
,,
ROI_9,241,2
,,
ROI_9,242,2
,,
ROI_9,243,5
,,
ROI_9,244,8
,,
ROI_9,245,7
,,
ROI_9,246,1
,,
ROI_9,247,8
,,
ROI_9,248,3
,,
ROI_9,249,8
,,
ROI_9,250,2
,,
ROI_9,251,7
,,
ROI_9,252,6
,,
ROI_9,253,2
,,
ROI_9,254,7
,,
ROI_9,255,578
,,
ROI_10,0,0
,,
ROI_10,1,0
,,
ROI_10,2,0
,,
ROI_10,3,1
,,
ROI_10,4,1
,,
ROI_10,5,0
,,
ROI_10,6,2
,,
ROI_10,7,1
,,
ROI_10,8,2
,,
ROI_10,9,0
,,
ROI_10,10,4
,,
ROI_10,11,4
,,
ROI_10,12,2
,,
ROI_10,13,4
,,
ROI_10,14,0
,,
ROI_10,15,5
,,
ROI_10,16,6
,,
ROI_10,17,4
,,
ROI_10,18,7
,,
ROI_10,19,5
,,
ROI_10,20,4
,,
ROI_10,21,2
,,
ROI_10,22,6
,,
ROI_10,23,4
,,
ROI_10,24,4
,,
ROI_10,25,2
,,
ROI_10,26,5
,,
ROI_10,27,4
,,
ROI_10,28,7
,,
ROI_10,29,9
,,
ROI_10,30,7
,,
ROI_10,31,2
,,
ROI_10,32,3
,,
ROI_10,33,4
,,
ROI_10,34,5
,,
ROI_10,35,7
,,
ROI_10,36,2
,,
ROI_10,37,4
,,
ROI_10,38,6
,,
ROI_10,39,3
,,
ROI_10,40,6
,,
ROI_10,41,3
,,
ROI_10,42,1
,,
ROI_10,43,2
,,
ROI_10,44,2
,,
ROI_10,45,3
,,
ROI_10,46,5
,,
ROI_10,47,5
,,
ROI_10,48,4
,,
ROI_10,49,4
,,
ROI_10,50,4
,,
ROI_10,51,8
,,
ROI_10,52,2
,,
ROI_10,53,4
,,
ROI_10,54,6
,,
ROI_10,55,7
,,
ROI_10,56,4
,,
ROI_10,57,5
,,
ROI_10,58,2
,,
ROI_10,59,4
,,
ROI_10,60,6
,,
ROI_10,61,4
,,
ROI_10,62,6
,,
ROI_10,63,3
,,
ROI_10,64,4
,,
ROI_10,65,6
,,
ROI_10,66,4
,,
ROI_10,67,4
,,
ROI_10,68,3
,,
ROI_10,69,4
,,
ROI_10,70,6
,,
ROI_10,71,3
,,
ROI_10,72,1
,,
ROI_10,73,6
,,
ROI_10,74,8
,,
ROI_10,75,2
,,
ROI_10,76,2
,,
ROI_10,77,5
,,
ROI_10,78,1
,,
ROI_10,79,3
,,
ROI_10,80,4
,,
ROI_10,81,1
,,
ROI_10,82,3
,,
ROI_10,83,3
,,
ROI_10,84,2
,,
ROI_10,85,6
,,
ROI_10,86,2
,,
ROI_10,87,3
,,
ROI_10,88,9
,,
ROI_10,89,3
,,
ROI_10,90,5
,,
ROI_10,91,4
,,
ROI_10,92,6
,,
ROI_10,93,4
,,
ROI_10,94,2
,,
ROI_10,95,3
,,
ROI_10,96,2
,,
ROI_10,97,2
,,
ROI_10,98,4
,,
ROI_10,99,3
,,
ROI_10,100,6
,,
ROI_10,101,2
,,
ROI_10,102,1
,,
ROI_10,103,2
,,
ROI_10,104,1
,,
ROI_10,105,2
,,
ROI_10,106,3
,,
ROI_10,107,3
,,
ROI_10,108,5
,,
ROI_10,109,2
,,
ROI_10,110,0
,,
ROI_10,111,2
,,
ROI_10,112,1
,,
ROI_10,113,4
,,
ROI_10,114,3
,,
ROI_10,115,4
,,
ROI_10,116,4
,,
ROI_10,117,1
,,
ROI_10,118,2
,,
ROI_10,119,0
,,
ROI_10,120,2
,,
ROI_10,121,1
,,
ROI_10,122,4
,,
ROI_10,123,1
,,
ROI_10,124,0
,,
ROI_10,125,1
,,
ROI_10,126,3
,,
ROI_10,127,2
,,
ROI_10,128,1
,,
ROI_10,129,0
,,
ROI_10,130,3
,,
ROI_10,131,1
,,
ROI_10,132,2
,,
ROI_10,133,0
,,
ROI_10,134,0
,,
ROI_10,135,1
,,
ROI_10,136,2
,,
ROI_10,137,4
,,
ROI_10,138,0
,,
ROI_10,139,2
,,
ROI_10,140,2
,,
ROI_10,141,3
,,
ROI_10,142,3
,,
ROI_10,143,1
,,
ROI_10,144,0
,,
ROI_10,145,1
,,
ROI_10,146,0
,,
ROI_10,147,1
,,
ROI_10,148,1
,,
ROI_10,149,0
,,
ROI_10,150,1
,,
ROI_10,151,0
,,
ROI_10,152,0
,,
ROI_10,153,1
,,
ROI_10,154,0
,,
ROI_10,155,1
,,
ROI_10,156,1
,,
ROI_10,157,0
,,
ROI_10,158,1
,,
ROI_10,159,0
,,
ROI_10,160,1
,,
ROI_10,161,1
,,
ROI_10,162,1
,,
ROI_10,163,1
,,
ROI_10,164,1
,,
ROI_10,165,3
,,
ROI_10,166,0
,,
ROI_10,167,2
,,
ROI_10,168,3
,,
ROI_10,169,1
,,
ROI_10,170,0
,,
ROI_10,171,0
,,
ROI_10,172,0
,,
ROI_10,173,0
,,
ROI_10,174,0
,,
ROI_10,175,1
,,
ROI_10,176,0
,,
ROI_10,177,0
,,
ROI_10,178,0
,,
ROI_10,179,1
,,
ROI_10,180,2
,,
ROI_10,181,1
,,
ROI_10,182,3
,,
ROI_10,183,0
,,
ROI_10,184,0
,,
ROI_10,185,2
,,
ROI_10,186,1
,,
ROI_10,187,0
,,
ROI_10,188,0
,,
ROI_10,189,1
,,
ROI_10,190,0
,,
ROI_10,191,0
,,
ROI_10,192,1
,,
ROI_10,193,1
,,
ROI_10,194,0
,,
ROI_10,195,0
,,
ROI_10,196,2
,,
ROI_10,197,0
,,
ROI_10,198,1
,,
ROI_10,199,0
,,
ROI_10,200,1
,,
ROI_10,201,0
,,
ROI_10,202,0
,,
ROI_10,203,0
,,
ROI_10,204,1
,,
ROI_10,205,1
,,
ROI_10,206,1
,,
ROI_10,207,1
,,
ROI_10,208,0
,,
ROI_10,209,0
,,
ROI_10,210,0
,,
ROI_10,211,1
,,
ROI_10,212,0
,,
ROI_10,213,0
,,
ROI_10,214,0
,,
ROI_10,215,1
,,
ROI_10,216,0
,,
ROI_10,217,0
,,
ROI_10,218,1
,,
ROI_10,219,0
,,
ROI_10,220,0
,,
ROI_10,221,0
,,
ROI_10,222,1
,,
ROI_10,223,0
,,
ROI_10,224,0
,,
ROI_10,225,1
,,
ROI_10,226,1
,,
ROI_10,227,0
,,
ROI_10,228,0
,,
ROI_10,229,0
,,
ROI_10,230,0
,,
ROI_10,231,0
,,
ROI_10,232,0
,,
ROI_10,233,0
,,
ROI_10,234,0
,,
ROI_10,235,2
,,
ROI_10,236,0
,,
ROI_10,237,0
,,
ROI_10,238,0
,,
ROI_10,239,1
,,
ROI_10,240,0
,,
ROI_10,241,0
,,
ROI_10,242,0
,,
ROI_10,243,1
,,
ROI_10,244,0
,,
ROI_10,245,1
,,
ROI_10,246,0
,,
ROI_10,247,1
,,
ROI_10,248,0
,,
ROI_10,249,0
,,
ROI_10,250,0
,,
ROI_10,251,0
,,
ROI_10,252,0
,,
ROI_10,253,1
,,
ROI_10,254,0
,,
ROI_10,255,22
,,
ROI_11,0,3118
,,
ROI_11,1,949
,,
ROI_11,2,929
,,
ROI_11,3,806
,,
ROI_11,4,743
,,
ROI_11,5,661
,,
ROI_11,6,599
,,
ROI_11,7,539
,,
ROI_11,8,518
,,
ROI_11,9,581
,,
ROI_11,10,462
,,
ROI_11,11,406
,,
ROI_11,12,367
,,
ROI_11,13,349
,,
ROI_11,14,317
,,
ROI_11,15,358
,,
ROI_11,16,302
,,
ROI_11,17,243
,,
ROI_11,18,256
,,
ROI_11,19,219
,,
ROI_11,20,227
,,
ROI_11,21,225
,,
ROI_11,22,211
,,
ROI_11,23,170
,,
ROI_11,24,173
,,
ROI_11,25,176
,,
ROI_11,26,182
,,
ROI_11,27,192
,,
ROI_11,28,153
,,
ROI_11,29,139
,,
ROI_11,30,134
,,
ROI_11,31,153
,,
ROI_11,32,136
,,
ROI_11,33,141
,,
ROI_11,34,127
,,
ROI_11,35,127
,,
ROI_11,36,96
,,
ROI_11,37,106
,,
ROI_11,38,122
,,
ROI_11,39,109
,,
ROI_11,40,107
,,
ROI_11,41,100
,,
ROI_11,42,96
,,
ROI_11,43,80
,,
ROI_11,44,84
,,
ROI_11,45,103
,,
ROI_11,46,81
,,
ROI_11,47,84
,,
ROI_11,48,54
,,
ROI_11,49,60
,,
ROI_11,50,66
,,
ROI_11,51,84
,,
ROI_11,52,53
,,
ROI_11,53,60
,,
ROI_11,54,82
,,
ROI_11,55,44
,,
ROI_11,56,50
,,
ROI_11,57,67
,,
ROI_11,58,47
,,
ROI_11,59,49
,,
ROI_11,60,37
,,
ROI_11,61,60
,,
ROI_11,62,47
,,
ROI_11,63,56
,,
ROI_11,64,57
,,
ROI_11,65,40
,,
ROI_11,66,33
,,
ROI_11,67,46
,,
ROI_11,68,53
,,
ROI_11,69,42
,,
ROI_11,70,39
,,
ROI_11,71,38
,,
ROI_11,72,45
,,
ROI_11,73,34
,,
ROI_11,74,37
,,
ROI_11,75,38
,,
ROI_11,76,30
,,
ROI_11,77,32
,,
ROI_11,78,24
,,
ROI_11,79,27
,,
ROI_11,80,40
,,
ROI_11,81,23
,,
ROI_11,82,26
,,
ROI_11,83,27
,,
ROI_11,84,20
,,
ROI_11,85,20
,,
ROI_11,86,27
,,
ROI_11,87,30
,,
ROI_11,88,23
,,
ROI_11,89,19
,,
ROI_11,90,19
,,
ROI_11,91,22
,,
ROI_11,92,21
,,
ROI_11,93,21
,,
ROI_11,94,19
,,
ROI_11,95,13
,,
ROI_11,96,20
,,
ROI_11,97,15
,,
ROI_11,98,14
,,
ROI_11,99,24
,,
ROI_11,100,16
,,
ROI_11,101,16
,,
ROI_11,102,16
,,
ROI_11,103,14
,,
ROI_11,104,16
,,
ROI_11,105,15
,,
ROI_11,106,16
,,
ROI_11,107,12
,,
ROI_11,108,15
,,
ROI_11,109,13
,,
ROI_11,110,21
,,
ROI_11,111,18
,,
ROI_11,112,12
,,
ROI_11,113,12
,,
ROI_11,114,16
,,
ROI_11,115,13
,,
ROI_11,116,15
,,
ROI_11,117,23
,,
ROI_11,118,10
,,
ROI_11,119,18
,,
ROI_11,120,10
,,
ROI_11,121,9
,,
ROI_11,122,16
,,
ROI_11,123,12
,,
ROI_11,124,9
,,
ROI_11,125,11
,,
ROI_11,126,17
,,
ROI_11,127,12
,,
ROI_11,128,11
,,
ROI_11,129,8
,,
ROI_11,130,17
,,
ROI_11,131,9
,,
ROI_11,132,7
,,
ROI_11,133,13
,,
ROI_11,134,9
,,
ROI_11,135,8
,,
ROI_11,136,9
,,
ROI_11,137,10
,,
ROI_11,138,13
,,
ROI_11,139,8
,,
ROI_11,140,12
,,
ROI_11,141,6
,,
ROI_11,142,5
,,
ROI_11,143,9
,,
ROI_11,144,4
,,
ROI_11,145,5
,,
ROI_11,146,7
,,
ROI_11,147,5
,,
ROI_11,148,4
,,
ROI_11,149,6
,,
ROI_11,150,13
,,
ROI_11,151,8
,,
ROI_11,152,9
,,
ROI_11,153,5
,,
ROI_11,154,9
,,
ROI_11,155,7
,,
ROI_11,156,4
,,
ROI_11,157,10
,,
ROI_11,158,3
,,
ROI_11,159,8
,,
ROI_11,160,5
,,
ROI_11,161,3
,,
ROI_11,162,5
,,
ROI_11,163,6
,,
ROI_11,164,8
,,
ROI_11,165,9
,,
ROI_11,166,8
,,
ROI_11,167,7
,,
ROI_11,168,7
,,
ROI_11,169,1
,,
ROI_11,170,3
,,
ROI_11,171,7
,,
ROI_11,172,8
,,
ROI_11,173,4
,,
ROI_11,174,10
,,
ROI_11,175,4
,,
ROI_11,176,9
,,
ROI_11,177,7
,,
ROI_11,178,4
,,
ROI_11,179,9
,,
ROI_11,180,5
,,
ROI_11,181,5
,,
ROI_11,182,3
,,
ROI_11,183,6
,,
ROI_11,184,7
,,
ROI_11,185,5
,,
ROI_11,186,4
,,
ROI_11,187,3
,,
ROI_11,188,9
,,
ROI_11,189,2
,,
ROI_11,190,4
,,
ROI_11,191,5
,,
ROI_11,192,4
,,
ROI_11,193,3
,,
ROI_11,194,4
,,
ROI_11,195,5
,,
ROI_11,196,2
,,
ROI_11,197,6
,,
ROI_11,198,5
,,
ROI_11,199,6
,,
ROI_11,200,1
,,
ROI_11,201,6
,,
ROI_11,202,3
,,
ROI_11,203,4
,,
ROI_11,204,3
,,
ROI_11,205,0
,,
ROI_11,206,3
,,
ROI_11,207,1
,,
ROI_11,208,7
,,
ROI_11,209,1
,,
ROI_11,210,0
,,
ROI_11,211,2
,,
ROI_11,212,2
,,
ROI_11,213,4
,,
ROI_11,214,2
,,
ROI_11,215,5
,,
ROI_11,216,5
,,
ROI_11,217,4
,,
ROI_11,218,6
,,
ROI_11,219,3
,,
ROI_11,220,0
,,
ROI_11,221,3
,,
ROI_11,222,1
,,
ROI_11,223,1
,,
ROI_11,224,2
,,
ROI_11,225,8
,,
ROI_11,226,4
,,
ROI_11,227,5
,,
ROI_11,228,3
,,
ROI_11,229,5
,,
ROI_11,230,4
,,
ROI_11,231,4
,,
ROI_11,232,4
,,
ROI_11,233,2
,,
ROI_11,234,2
,,
ROI_11,235,5
,,
ROI_11,236,3
,,
ROI_11,237,1
,,
ROI_11,238,0
,,
ROI_11,239,1
,,
ROI_11,240,2
,,
ROI_11,241,2
,,
ROI_11,242,1
,,
ROI_11,243,6
,,
ROI_11,244,0
,,
ROI_11,245,2
,,
ROI_11,246,2
,,
ROI_11,247,4
,,
ROI_11,248,0
,,
ROI_11,249,1
,,
ROI_11,250,2
,,
ROI_11,251,1
,,
ROI_11,252,1
,,
ROI_11,253,1
,,
ROI_11,254,3
,,
ROI_11,255,188
,,
ROI_12,0,2693
,,
ROI_12,1,1119
,,
ROI_12,2,1026
,,
ROI_12,3,1029
,,
ROI_12,4,884
,,
ROI_12,5,803
,,
ROI_12,6,772
,,
ROI_12,7,796
,,
ROI_12,8,688
,,
ROI_12,9,838
,,
ROI_12,10,661
,,
ROI_12,11,669
,,
ROI_12,12,618
,,
ROI_12,13,595
,,
ROI_12,14,564
,,
ROI_12,15,596
,,
ROI_12,16,491
,,
ROI_12,17,454
,,
ROI_12,18,391
,,
ROI_12,19,356
,,
ROI_12,20,378
,,
ROI_12,21,418
,,
ROI_12,22,307
,,
ROI_12,23,313
,,
ROI_12,24,303
,,
ROI_12,25,292
,,
ROI_12,26,269
,,
ROI_12,27,297
,,
ROI_12,28,253
,,
ROI_12,29,241
,,
ROI_12,30,264
,,
ROI_12,31,247
,,
ROI_12,32,243
,,
ROI_12,33,250
,,
ROI_12,34,201
,,
ROI_12,35,188
,,
ROI_12,36,183
,,
ROI_12,37,208
,,
ROI_12,38,191
,,
ROI_12,39,195
,,
ROI_12,40,183
,,
ROI_12,41,154
,,
ROI_12,42,150
,,
ROI_12,43,175
,,
ROI_12,44,164
,,
ROI_12,45,172
,,
ROI_12,46,131
,,
ROI_12,47,150
,,
ROI_12,48,141
,,
ROI_12,49,125
,,
ROI_12,50,121
,,
ROI_12,51,147
,,
ROI_12,52,106
,,
ROI_12,53,135
,,
ROI_12,54,116
,,
ROI_12,55,123
,,
ROI_12,56,108
,,
ROI_12,57,119
,,
ROI_12,58,92
,,
ROI_12,59,108
,,
ROI_12,60,104
,,
ROI_12,61,101
,,
ROI_12,62,89
,,
ROI_12,63,118
,,
ROI_12,64,88
,,
ROI_12,65,79
,,
ROI_12,66,79
,,
ROI_12,67,91
,,
ROI_12,68,98
,,
ROI_12,69,74
,,
ROI_12,70,84
,,
ROI_12,71,81
,,
ROI_12,72,83
,,
ROI_12,73,68
,,
ROI_12,74,94
,,
ROI_12,75,74
,,
ROI_12,76,70
,,
ROI_12,77,65
,,
ROI_12,78,79
,,
ROI_12,79,66
,,
ROI_12,80,78
,,
ROI_12,81,65
,,
ROI_12,82,64
,,
ROI_12,83,65
,,
ROI_12,84,59
,,
ROI_12,85,64
,,
ROI_12,86,62
,,
ROI_12,87,38
,,
ROI_12,88,62
,,
ROI_12,89,60
,,
ROI_12,90,51
,,
ROI_12,91,64
,,
ROI_12,92,66
,,
ROI_12,93,64
,,
ROI_12,94,48
,,
ROI_12,95,50
,,
ROI_12,96,37
,,
ROI_12,97,52
,,
ROI_12,98,72
,,
ROI_12,99,43
,,
ROI_12,100,54
,,
ROI_12,101,36
,,
ROI_12,102,44
,,
ROI_12,103,51
,,
ROI_12,104,42
,,
ROI_12,105,38
,,
ROI_12,106,39
,,
ROI_12,107,30
,,
ROI_12,108,43
,,
ROI_12,109,28
,,
ROI_12,110,37
,,
ROI_12,111,43
,,
ROI_12,112,43
,,
ROI_12,113,35
,,
ROI_12,114,28
,,
ROI_12,115,32
,,
ROI_12,116,35
,,
ROI_12,117,25
,,
ROI_12,118,37
,,
ROI_12,119,38
,,
ROI_12,120,34
,,
ROI_12,121,32
,,
ROI_12,122,31
,,
ROI_12,123,28
,,
ROI_12,124,40
,,
ROI_12,125,27
,,
ROI_12,126,23
,,
ROI_12,127,30
,,
ROI_12,128,25
,,
ROI_12,129,29
,,
ROI_12,130,27
,,
ROI_12,131,32
,,
ROI_12,132,29
,,
ROI_12,133,29
,,
ROI_12,134,27
,,
ROI_12,135,25
,,
ROI_12,136,25
,,
ROI_12,137,23
,,
ROI_12,138,24
,,
ROI_12,139,29
,,
ROI_12,140,28
,,
ROI_12,141,24
,,
ROI_12,142,22
,,
ROI_12,143,30
,,
ROI_12,144,21
,,
ROI_12,145,26
,,
ROI_12,146,38
,,
ROI_12,147,23
,,
ROI_12,148,23
,,
ROI_12,149,28
,,
ROI_12,150,15
,,
ROI_12,151,17
,,
ROI_12,152,27
,,
ROI_12,153,24
,,
ROI_12,154,16
,,
ROI_12,155,18
,,
ROI_12,156,17
,,
ROI_12,157,14
,,
ROI_12,158,19
,,
ROI_12,159,18
,,
ROI_12,160,14
,,
ROI_12,161,18
,,
ROI_12,162,23
,,
ROI_12,163,15
,,
ROI_12,164,16
,,
ROI_12,165,12
,,
ROI_12,166,13
,,
ROI_12,167,20
,,
ROI_12,168,26
,,
ROI_12,169,10
,,
ROI_12,170,15
,,
ROI_12,171,23
,,
ROI_12,172,11
,,
ROI_12,173,12
,,
ROI_12,174,17
,,
ROI_12,175,13
,,
ROI_12,176,19
,,
ROI_12,177,16
,,
ROI_12,178,14
,,
ROI_12,179,11
,,
ROI_12,180,11
,,
ROI_12,181,14
,,
ROI_12,182,17
,,
ROI_12,183,15
,,
ROI_12,184,10
,,
ROI_12,185,10
,,
ROI_12,186,13
,,
ROI_12,187,19
,,
ROI_12,188,9
,,
ROI_12,189,19
,,
ROI_12,190,13
,,
ROI_12,191,19
,,
ROI_12,192,11
,,
ROI_12,193,13
,,
ROI_12,194,10
,,
ROI_12,195,10
,,
ROI_12,196,11
,,
ROI_12,197,12
,,
ROI_12,198,15
,,
ROI_12,199,12
,,
ROI_12,200,15
,,
ROI_12,201,7
,,
ROI_12,202,13
,,
ROI_12,203,15
,,
ROI_12,204,8
,,
ROI_12,205,12
,,
ROI_12,206,6
,,
ROI_12,207,8
,,
ROI_12,208,15
,,
ROI_12,209,11
,,
ROI_12,210,11
,,
ROI_12,211,6
,,
ROI_12,212,5
,,
ROI_12,213,15
,,
ROI_12,214,9
,,
ROI_12,215,8
,,
ROI_12,216,10
,,
ROI_12,217,7
,,
ROI_12,218,10
,,
ROI_12,219,6
,,
ROI_12,220,11
,,
ROI_12,221,4
,,
ROI_12,222,5
,,
ROI_12,223,8
,,
ROI_12,224,7
,,
ROI_12,225,5
,,
ROI_12,226,13
,,
ROI_12,227,2
,,
ROI_12,228,5
,,
ROI_12,229,9
,,
ROI_12,230,8
,,
ROI_12,231,7
,,
ROI_12,232,8
,,
ROI_12,233,3
,,
ROI_12,234,7
,,
ROI_12,235,8
,,
ROI_12,236,5
,,
ROI_12,237,9
,,
ROI_12,238,7
,,
ROI_12,239,7
,,
ROI_12,240,4
,,
ROI_12,241,6
,,
ROI_12,242,7
,,
ROI_12,243,5
,,
ROI_12,244,4
,,
ROI_12,245,7
,,
ROI_12,246,8
,,
ROI_12,247,9
,,
ROI_12,248,4
,,
ROI_12,249,5
,,
ROI_12,250,7
,,
ROI_12,251,3
,,
ROI_12,252,4
,,
ROI_12,253,8
,,
ROI_12,254,6
,,
ROI_12,255,459
,,
ROI_13,0,1950
,,
ROI_13,1,1026
,,
ROI_13,2,997
,,
ROI_13,3,974
,,
ROI_13,4,863
,,
ROI_13,5,676
,,
ROI_13,6,603
,,
ROI_13,7,573
,,
ROI_13,8,519
,,
ROI_13,9,611
,,
ROI_13,10,451
,,
ROI_13,11,478
,,
ROI_13,12,444
,,
ROI_13,13,414
,,
ROI_13,14,365
,,
ROI_13,15,407
,,
ROI_13,16,326
,,
ROI_13,17,320
,,
ROI_13,18,284
,,
ROI_13,19,241
,,
ROI_13,20,257
,,
ROI_13,21,247
,,
ROI_13,22,244
,,
ROI_13,23,222
,,
ROI_13,24,182
,,
ROI_13,25,171
,,
ROI_13,26,185
,,
ROI_13,27,182
,,
ROI_13,28,171
,,
ROI_13,29,146
,,
ROI_13,30,131
,,
ROI_13,31,132
,,
ROI_13,32,128
,,
ROI_13,33,128
,,
ROI_13,34,121
,,
ROI_13,35,124
,,
ROI_13,36,111
,,
ROI_13,37,106
,,
ROI_13,38,91
,,
ROI_13,39,94
,,
ROI_13,40,77
,,
ROI_13,41,88
,,
ROI_13,42,76
,,
ROI_13,43,98
,,
ROI_13,44,87
,,
ROI_13,45,78
,,
ROI_13,46,67
,,
ROI_13,47,59
,,
ROI_13,48,65
,,
ROI_13,49,76
,,
ROI_13,50,58
,,
ROI_13,51,78
,,
ROI_13,52,62
,,
ROI_13,53,50
,,
ROI_13,54,51
,,
ROI_13,55,50
,,
ROI_13,56,55
,,
ROI_13,57,56
,,
ROI_13,58,46
,,
ROI_13,59,37
,,
ROI_13,60,36
,,
ROI_13,61,38
,,
ROI_13,62,36
,,
ROI_13,63,50
,,
ROI_13,64,36
,,
ROI_13,65,35
,,
ROI_13,66,39
,,
ROI_13,67,36
,,
ROI_13,68,38
,,
ROI_13,69,35
,,
ROI_13,70,36
,,
ROI_13,71,31
,,
ROI_13,72,33
,,
ROI_13,73,27
,,
ROI_13,74,22
,,
ROI_13,75,39
,,
ROI_13,76,29
,,
ROI_13,77,27
,,
ROI_13,78,31
,,
ROI_13,79,28
,,
ROI_13,80,25
,,
ROI_13,81,23
,,
ROI_13,82,27
,,
ROI_13,83,27
,,
ROI_13,84,19
,,
ROI_13,85,28
,,
ROI_13,86,19
,,
ROI_13,87,17
,,
ROI_13,88,17
,,
ROI_13,89,19
,,
ROI_13,90,14
,,
ROI_13,91,21
,,
ROI_13,92,18
,,
ROI_13,93,20
,,
ROI_13,94,16
,,
ROI_13,95,21
,,
ROI_13,96,16
,,
ROI_13,97,14
,,
ROI_13,98,13
,,
ROI_13,99,20
,,
ROI_13,100,14
,,
ROI_13,101,14
,,
ROI_13,102,12
,,
ROI_13,103,14
,,
ROI_13,104,13
,,
ROI_13,105,10
,,
ROI_13,106,15
,,
ROI_13,107,15
,,
ROI_13,108,12
,,
ROI_13,109,16
,,
ROI_13,110,10
,,
ROI_13,111,9
,,
ROI_13,112,17
,,
ROI_13,113,9
,,
ROI_13,114,11
,,
ROI_13,115,11
,,
ROI_13,116,10
,,
ROI_13,117,11
,,
ROI_13,118,10
,,
ROI_13,119,10
,,
ROI_13,120,6
,,
ROI_13,121,6
,,
ROI_13,122,11
,,
ROI_13,123,7
,,
ROI_13,124,11
,,
ROI_13,125,6
,,
ROI_13,126,9
,,
ROI_13,127,6
,,
ROI_13,128,13
,,
ROI_13,129,3
,,
ROI_13,130,9
,,
ROI_13,131,11
,,
ROI_13,132,9
,,
ROI_13,133,10
,,
ROI_13,134,6
,,
ROI_13,135,13
,,
ROI_13,136,6
,,
ROI_13,137,8
,,
ROI_13,138,6
,,
ROI_13,139,4
,,
ROI_13,140,9
,,
ROI_13,141,1
,,
ROI_13,142,8
,,
ROI_13,143,5
,,
ROI_13,144,4
,,
ROI_13,145,2
,,
ROI_13,146,4
,,
ROI_13,147,6
,,
ROI_13,148,1
,,
ROI_13,149,2
,,
ROI_13,150,8
,,
ROI_13,151,3
,,
ROI_13,152,3
,,
ROI_13,153,6
,,
ROI_13,154,0
,,
ROI_13,155,4
,,
ROI_13,156,5
,,
ROI_13,157,1
,,
ROI_13,158,2
,,
ROI_13,159,5
,,
ROI_13,160,5
,,
ROI_13,161,4
,,
ROI_13,162,4
,,
ROI_13,163,7
,,
ROI_13,164,5
,,
ROI_13,165,4
,,
ROI_13,166,0
,,
ROI_13,167,5
,,
ROI_13,168,3
,,
ROI_13,169,4
,,
ROI_13,170,7
,,
ROI_13,171,1
,,
ROI_13,172,2
,,
ROI_13,173,5
,,
ROI_13,174,3
,,
ROI_13,175,3
,,
ROI_13,176,3
,,
ROI_13,177,3
,,
ROI_13,178,3
,,
ROI_13,179,2
,,
ROI_13,180,3
,,
ROI_13,181,1
,,
ROI_13,182,4
,,
ROI_13,183,4
,,
ROI_13,184,0
,,
ROI_13,185,2
,,
ROI_13,186,1
,,
ROI_13,187,2
,,
ROI_13,188,4
,,
ROI_13,189,5
,,
ROI_13,190,3
,,
ROI_13,191,1
,,
ROI_13,192,1
,,
ROI_13,193,0
,,
ROI_13,194,0
,,
ROI_13,195,0
,,
ROI_13,196,1
,,
ROI_13,197,1
,,
ROI_13,198,2
,,
ROI_13,199,1
,,
ROI_13,200,1
,,
ROI_13,201,1
,,
ROI_13,202,2
,,
ROI_13,203,3
,,
ROI_13,204,0
,,
ROI_13,205,2
,,
ROI_13,206,2
,,
ROI_13,207,0
,,
ROI_13,208,1
,,
ROI_13,209,1
,,
ROI_13,210,0
,,
ROI_13,211,0
,,
ROI_13,212,1
,,
ROI_13,213,1
,,
ROI_13,214,1
,,
ROI_13,215,0
,,
ROI_13,216,1
,,
ROI_13,217,0
,,
ROI_13,218,1
,,
ROI_13,219,2
,,
ROI_13,220,1
,,
ROI_13,221,0
,,
ROI_13,222,1
,,
ROI_13,223,0
,,
ROI_13,224,1
,,
ROI_13,225,0
,,
ROI_13,226,0
,,
ROI_13,227,0
,,
ROI_13,228,1
,,
ROI_13,229,0
,,
ROI_13,230,1
,,
ROI_13,231,0
,,
ROI_13,232,0
,,
ROI_13,233,1
,,
ROI_13,234,1
,,
ROI_13,235,0
,,
ROI_13,236,1
,,
ROI_13,237,2
,,
ROI_13,238,0
,,
ROI_13,239,1
,,
ROI_13,240,0
,,
ROI_13,241,0
,,
ROI_13,242,2
,,
ROI_13,243,1
,,
ROI_13,244,0
,,
ROI_13,245,1
,,
ROI_13,246,1
,,
ROI_13,247,2
,,
ROI_13,248,1
,,
ROI_13,249,1
,,
ROI_13,250,0
,,
ROI_13,251,0
,,
ROI_13,252,0
,,
ROI_13,253,0
,,
ROI_13,254,1
,,
ROI_13,255,28
,,
ROI_14,0,1452
,,
ROI_14,1,640
,,
ROI_14,2,619
,,
ROI_14,3,606
,,
ROI_14,4,505
,,
ROI_14,5,381
,,
ROI_14,6,370
,,
ROI_14,7,353
,,
ROI_14,8,329
,,
ROI_14,9,348
,,
ROI_14,10,310
,,
ROI_14,11,330
,,
ROI_14,12,296
,,
ROI_14,13,309
,,
ROI_14,14,278
,,
ROI_14,15,349
,,
ROI_14,16,285
,,
ROI_14,17,289
,,
ROI_14,18,283
,,
ROI_14,19,274
,,
ROI_14,20,235
,,
ROI_14,21,275
,,
ROI_14,22,229
,,
ROI_14,23,199
,,
ROI_14,24,229
,,
ROI_14,25,199
,,
ROI_14,26,189
,,
ROI_14,27,213
,,
ROI_14,28,210
,,
ROI_14,29,200
,,
ROI_14,30,155
,,
ROI_14,31,163
,,
ROI_14,32,175
,,
ROI_14,33,176
,,
ROI_14,34,173
,,
ROI_14,35,172
,,
ROI_14,36,159
,,
ROI_14,37,155
,,
ROI_14,38,136
,,
ROI_14,39,173
,,
ROI_14,40,133
,,
ROI_14,41,157
,,
ROI_14,42,142
,,
ROI_14,43,151
,,
ROI_14,44,147
,,
ROI_14,45,158
,,
ROI_14,46,119
,,
ROI_14,47,120
,,
ROI_14,48,141
,,
ROI_14,49,108
,,
ROI_14,50,114
,,
ROI_14,51,142
,,
ROI_14,52,114
,,
ROI_14,53,130
,,
ROI_14,54,118
,,
ROI_14,55,109
,,
ROI_14,56,99
,,
ROI_14,57,138
,,
ROI_14,58,107
,,
ROI_14,59,99
,,
ROI_14,60,117
,,
ROI_14,61,83
,,
ROI_14,62,107
,,
ROI_14,63,125
,,
ROI_14,64,93
,,
ROI_14,65,93
,,
ROI_14,66,103
,,
ROI_14,67,96
,,
ROI_14,68,113
,,
ROI_14,69,88
,,
ROI_14,70,97
,,
ROI_14,71,87
,,
ROI_14,72,101
,,
ROI_14,73,92
,,
ROI_14,74,101
,,
ROI_14,75,86
,,
ROI_14,76,86
,,
ROI_14,77,80
,,
ROI_14,78,93
,,
ROI_14,79,81
,,
ROI_14,80,89
,,
ROI_14,81,86
,,
ROI_14,82,86
,,
ROI_14,83,66
,,
ROI_14,84,66
,,
ROI_14,85,75
,,
ROI_14,86,76
,,
ROI_14,87,71
,,
ROI_14,88,68
,,
ROI_14,89,73
,,
ROI_14,90,52
,,
ROI_14,91,63
,,
ROI_14,92,64
,,
ROI_14,93,68
,,
ROI_14,94,48
,,
ROI_14,95,64
,,
ROI_14,96,63
,,
ROI_14,97,58
,,
ROI_14,98,66
,,
ROI_14,99,66
,,
ROI_14,100,54
,,
ROI_14,101,82
,,
ROI_14,102,49
,,
ROI_14,103,54
,,
ROI_14,104,65
,,
ROI_14,105,59
,,
ROI_14,106,54
,,
ROI_14,107,53
,,
ROI_14,108,48
,,
ROI_14,109,59
,,
ROI_14,110,50
,,
ROI_14,111,49
,,
ROI_14,112,44
,,
ROI_14,113,55
,,
ROI_14,114,47
,,
ROI_14,115,37
,,
ROI_14,116,42
,,
ROI_14,117,39
,,
ROI_14,118,43
,,
ROI_14,119,49
,,
ROI_14,120,53
,,
ROI_14,121,41
,,
ROI_14,122,50
,,
ROI_14,123,47
,,
ROI_14,124,44
,,
ROI_14,125,45
,,
ROI_14,126,44
,,
ROI_14,127,38
,,
ROI_14,128,44
,,
ROI_14,129,36
,,
ROI_14,130,48
,,
ROI_14,131,31
,,
ROI_14,132,53
,,
ROI_14,133,37
,,
ROI_14,134,37
,,
ROI_14,135,39
,,
ROI_14,136,37
,,
ROI_14,137,33
,,
ROI_14,138,40
,,
ROI_14,139,29
,,
ROI_14,140,34
,,
ROI_14,141,41
,,
ROI_14,142,38
,,
ROI_14,143,29
,,
ROI_14,144,23
,,
ROI_14,145,39
,,
ROI_14,146,45
,,
ROI_14,147,37
,,
ROI_14,148,32
,,
ROI_14,149,29
,,
ROI_14,150,23
,,
ROI_14,151,35
,,
ROI_14,152,30
,,
ROI_14,153,30
,,
ROI_14,154,37
,,
ROI_14,155,32
,,
ROI_14,156,17
,,
ROI_14,157,26
,,
ROI_14,158,30
,,
ROI_14,159,35
,,
ROI_14,160,25
,,
ROI_14,161,25
,,
ROI_14,162,19
,,
ROI_14,163,27
,,
ROI_14,164,36
,,
ROI_14,165,27
,,
ROI_14,166,20
,,
ROI_14,167,23
,,
ROI_14,168,20
,,
ROI_14,169,20
,,
ROI_14,170,31
,,
ROI_14,171,21
,,
ROI_14,172,23
,,
ROI_14,173,16
,,
ROI_14,174,23
,,
ROI_14,175,26
,,
ROI_14,176,21
,,
ROI_14,177,21
,,
ROI_14,178,20
,,
ROI_14,179,29
,,
ROI_14,180,27
,,
ROI_14,181,15
,,
ROI_14,182,27
,,
ROI_14,183,11
,,
ROI_14,184,19
,,
ROI_14,185,16
,,
ROI_14,186,11
,,
ROI_14,187,13
,,
ROI_14,188,21
,,
ROI_14,189,13
,,
ROI_14,190,23
,,
ROI_14,191,24
,,
ROI_14,192,11
,,
ROI_14,193,29
,,
ROI_14,194,15
,,
ROI_14,195,17
,,
ROI_14,196,13
,,
ROI_14,197,19
,,
ROI_14,198,14
,,
ROI_14,199,16
,,
ROI_14,200,8
,,
ROI_14,201,17
,,
ROI_14,202,22
,,
ROI_14,203,10
,,
ROI_14,204,17
,,
ROI_14,205,18
,,
ROI_14,206,21
,,
ROI_14,207,16
,,
ROI_14,208,14
,,
ROI_14,209,16
,,
ROI_14,210,22
,,
ROI_14,211,16
,,
ROI_14,212,11
,,
ROI_14,213,14
,,
ROI_14,214,14
,,
ROI_14,215,11
,,
ROI_14,216,15
,,
ROI_14,217,14
,,
ROI_14,218,13
,,
ROI_14,219,18
,,
ROI_14,220,12
,,
ROI_14,221,15
,,
ROI_14,222,19
,,
ROI_14,223,14
,,
ROI_14,224,9
,,
ROI_14,225,11
,,
ROI_14,226,12
,,
ROI_14,227,10
,,
ROI_14,228,12
,,
ROI_14,229,13
,,
ROI_14,230,11
,,
ROI_14,231,6
,,
ROI_14,232,9
,,
ROI_14,233,13
,,
ROI_14,234,7
,,
ROI_14,235,9
,,
ROI_14,236,15
,,
ROI_14,237,12
,,
ROI_14,238,16
,,
ROI_14,239,16
,,
ROI_14,240,12
,,
ROI_14,241,11
,,
ROI_14,242,4
,,
ROI_14,243,9
,,
ROI_14,244,8
,,
ROI_14,245,10
,,
ROI_14,246,13
,,
ROI_14,247,12
,,
ROI_14,248,10
,,
ROI_14,249,9
,,
ROI_14,250,9
,,
ROI_14,251,4
,,
ROI_14,252,13
,,
ROI_14,253,12
,,
ROI_14,254,10
,,
ROI_14,255,851
,,
ROI_15,0,2013
,,
ROI_15,1,1032
,,
ROI_15,2,1044
,,
ROI_15,3,1169
,,
ROI_15,4,1046
,,
ROI_15,5,995
,,
ROI_15,6,1054
,,
ROI_15,7,922
,,
ROI_15,8,896
,,
ROI_15,9,989
,,
ROI_15,10,754
,,
ROI_15,11,786
,,
ROI_15,12,723
,,
ROI_15,13,687
,,
ROI_15,14,626
,,
ROI_15,15,719
,,
ROI_15,16,557
,,
ROI_15,17,575
,,
ROI_15,18,495
,,
ROI_15,19,490
,,
ROI_15,20,477
,,
ROI_15,21,500
,,
ROI_15,22,438
,,
ROI_15,23,437
,,
ROI_15,24,384
,,
ROI_15,25,439
,,
ROI_15,26,354
,,
ROI_15,27,394
,,
ROI_15,28,314
,,
ROI_15,29,355
,,
ROI_15,30,373
,,
ROI_15,31,296
,,
ROI_15,32,306
,,
ROI_15,33,328
,,
ROI_15,34,299
,,
ROI_15,35,285
,,
ROI_15,36,275
,,
ROI_15,37,253
,,
ROI_15,38,250
,,
ROI_15,39,259
,,
ROI_15,40,236
,,
ROI_15,41,233
,,
ROI_15,42,252
,,
ROI_15,43,221
,,
ROI_15,44,201
,,
ROI_15,45,240
,,
ROI_15,46,197
,,
ROI_15,47,206
,,
ROI_15,48,167
,,
ROI_15,49,186
,,
ROI_15,50,177
,,
ROI_15,51,201
,,
ROI_15,52,173
,,
ROI_15,53,152
,,
ROI_15,54,185
,,
ROI_15,55,179
,,
ROI_15,56,163
,,
ROI_15,57,185
,,
ROI_15,58,138
,,
ROI_15,59,144
,,
ROI_15,60,125
,,
ROI_15,61,137
,,
ROI_15,62,133
,,
ROI_15,63,163
,,
ROI_15,64,101
,,
ROI_15,65,111
,,
ROI_15,66,105
,,
ROI_15,67,125
,,
ROI_15,68,127
,,
ROI_15,69,112
,,
ROI_15,70,109
,,
ROI_15,71,130
,,
ROI_15,72,97
,,
ROI_15,73,102
,,
ROI_15,74,124
,,
ROI_15,75,88
,,
ROI_15,76,98
,,
ROI_15,77,90
,,
ROI_15,78,97
,,
ROI_15,79,92
,,
ROI_15,80,104
,,
ROI_15,81,73
,,
ROI_15,82,98
,,
ROI_15,83,82
,,
ROI_15,84,88
,,
ROI_15,85,93
,,
ROI_15,86,78
,,
ROI_15,87,64
,,
ROI_15,88,59
,,
ROI_15,89,71
,,
ROI_15,90,64
,,
ROI_15,91,82
,,
ROI_15,92,90
,,
ROI_15,93,68
,,
ROI_15,94,75
,,
ROI_15,95,61
,,
ROI_15,96,61
,,
ROI_15,97,62
,,
ROI_15,98,73
,,
ROI_15,99,62
,,
ROI_15,100,63
,,
ROI_15,101,61
,,
ROI_15,102,43
,,
ROI_15,103,50
,,
ROI_15,104,61
,,
ROI_15,105,47
,,
ROI_15,106,43
,,
ROI_15,107,64
,,
ROI_15,108,41
,,
ROI_15,109,50
,,
ROI_15,110,54
,,
ROI_15,111,43
,,
ROI_15,112,38
,,
ROI_15,113,45
,,
ROI_15,114,44
,,
ROI_15,115,34
,,
ROI_15,116,55
,,
ROI_15,117,44
,,
ROI_15,118,35
,,
ROI_15,119,38
,,
ROI_15,120,36
,,
ROI_15,121,31
,,
ROI_15,122,48
,,
ROI_15,123,36
,,
ROI_15,124,32
,,
ROI_15,125,30
,,
ROI_15,126,46
,,
ROI_15,127,35
,,
ROI_15,128,42
,,
ROI_15,129,32
,,
ROI_15,130,37
,,
ROI_15,131,33
,,
ROI_15,132,46
,,
ROI_15,133,33
,,
ROI_15,134,43
,,
ROI_15,135,18
,,
ROI_15,136,26
,,
ROI_15,137,28
,,
ROI_15,138,23
,,
ROI_15,139,34
,,
ROI_15,140,28
,,
ROI_15,141,26
,,
ROI_15,142,25
,,
ROI_15,143,26
,,
ROI_15,144,21
,,
ROI_15,145,23
,,
ROI_15,146,30
,,
ROI_15,147,34
,,
ROI_15,148,12
,,
ROI_15,149,18
,,
ROI_15,150,16
,,
ROI_15,151,27
,,
ROI_15,152,19
,,
ROI_15,153,23
,,
ROI_15,154,24
,,
ROI_15,155,17
,,
ROI_15,156,27
,,
ROI_15,157,26
,,
ROI_15,158,32
,,
ROI_15,159,22
,,
ROI_15,160,24
,,
ROI_15,161,23
,,
ROI_15,162,25
,,
ROI_15,163,18
,,
ROI_15,164,23
,,
ROI_15,165,19
,,
ROI_15,166,21
,,
ROI_15,167,18
,,
ROI_15,168,22
,,
ROI_15,169,13
,,
ROI_15,170,10
,,
ROI_15,171,16
,,
ROI_15,172,11
,,
ROI_15,173,16
,,
ROI_15,174,9
,,
ROI_15,175,18
,,
ROI_15,176,13
,,
ROI_15,177,12
,,
ROI_15,178,16
,,
ROI_15,179,21
,,
ROI_15,180,14
,,
ROI_15,181,18
,,
ROI_15,182,23
,,
ROI_15,183,12
,,
ROI_15,184,16
,,
ROI_15,185,11
,,
ROI_15,186,14
,,
ROI_15,187,12
,,
ROI_15,188,16
,,
ROI_15,189,14
,,
ROI_15,190,15
,,
ROI_15,191,9
,,
ROI_15,192,16
,,
ROI_15,193,15
,,
ROI_15,194,4
,,
ROI_15,195,12
,,
ROI_15,196,13
,,
ROI_15,197,23
,,
ROI_15,198,6
,,
ROI_15,199,12
,,
ROI_15,200,14
,,
ROI_15,201,13
,,
ROI_15,202,7
,,
ROI_15,203,13
,,
ROI_15,204,12
,,
ROI_15,205,10
,,
ROI_15,206,16
,,
ROI_15,207,10
,,
ROI_15,208,15
,,
ROI_15,209,12
,,
ROI_15,210,9
,,
ROI_15,211,10
,,
ROI_15,212,7
,,
ROI_15,213,9
,,
ROI_15,214,14
,,
ROI_15,215,10
,,
ROI_15,216,8
,,
ROI_15,217,6
,,
ROI_15,218,10
,,
ROI_15,219,8
,,
ROI_15,220,14
,,
ROI_15,221,9
,,
ROI_15,222,9
,,
ROI_15,223,14
,,
ROI_15,224,5
,,
ROI_15,225,16
,,
ROI_15,226,8
,,
ROI_15,227,11
,,
ROI_15,228,1
,,
ROI_15,229,10
,,
ROI_15,230,6
,,
ROI_15,231,8
,,
ROI_15,232,7
,,
ROI_15,233,5
,,
ROI_15,234,6
,,
ROI_15,235,6
,,
ROI_15,236,5
,,
ROI_15,237,6
,,
ROI_15,238,6
,,
ROI_15,239,3
,,
ROI_15,240,5
,,
ROI_15,241,7
,,
ROI_15,242,8
,,
ROI_15,243,7
,,
ROI_15,244,4
,,
ROI_15,245,8
,,
ROI_15,246,5
,,
ROI_15,247,5
,,
ROI_15,248,4
,,
ROI_15,249,2
,,
ROI_15,250,6
,,
ROI_15,251,4
,,
ROI_15,252,5
,,
ROI_15,253,5
,,
ROI_15,254,3
,,
ROI_15,255,594
,,
ROI_16,0,3364
,,
ROI_16,1,1365
,,
ROI_16,2,1337
,,
ROI_16,3,1356
,,
ROI_16,4,1023
,,
ROI_16,5,888
,,
ROI_16,6,847
,,
ROI_16,7,765
,,
ROI_16,8,689
,,
ROI_16,9,804
,,
ROI_16,10,629
,,
ROI_16,11,623
,,
ROI_16,12,584
,,
ROI_16,13,631
,,
ROI_16,14,518
,,
ROI_16,15,585
,,
ROI_16,16,534
,,
ROI_16,17,478
,,
ROI_16,18,425
,,
ROI_16,19,426
,,
ROI_16,20,403
,,
ROI_16,21,409
,,
ROI_16,22,363
,,
ROI_16,23,326
,,
ROI_16,24,327
,,
ROI_16,25,304
,,
ROI_16,26,323
,,
ROI_16,27,326
,,
ROI_16,28,260
,,
ROI_16,29,258
,,
ROI_16,30,247
,,
ROI_16,31,236
,,
ROI_16,32,224
,,
ROI_16,33,242
,,
ROI_16,34,190
,,
ROI_16,35,195
,,
ROI_16,36,176
,,
ROI_16,37,187
,,
ROI_16,38,166
,,
ROI_16,39,207
,,
ROI_16,40,162
,,
ROI_16,41,141
,,
ROI_16,42,145
,,
ROI_16,43,150
,,
ROI_16,44,146
,,
ROI_16,45,172
,,
ROI_16,46,117
,,
ROI_16,47,113
,,
ROI_16,48,119
,,
ROI_16,49,132
,,
ROI_16,50,108
,,
ROI_16,51,130
,,
ROI_16,52,117
,,
ROI_16,53,121
,,
ROI_16,54,106
,,
ROI_16,55,69
,,
ROI_16,56,91
,,
ROI_16,57,101
,,
ROI_16,58,105
,,
ROI_16,59,88
,,
ROI_16,60,80
,,
ROI_16,61,83
,,
ROI_16,62,80
,,
ROI_16,63,79
,,
ROI_16,64,61
,,
ROI_16,65,74
,,
ROI_16,66,69
,,
ROI_16,67,66
,,
ROI_16,68,72
,,
ROI_16,69,75
,,
ROI_16,70,62
,,
ROI_16,71,56
,,
ROI_16,72,58
,,
ROI_16,73,61
,,
ROI_16,74,61
,,
ROI_16,75,38
,,
ROI_16,76,49
,,
ROI_16,77,35
,,
ROI_16,78,41
,,
ROI_16,79,54
,,
ROI_16,80,44
,,
ROI_16,81,47
,,
ROI_16,82,41
,,
ROI_16,83,26
,,
ROI_16,84,38
,,
ROI_16,85,40
,,
ROI_16,86,40
,,
ROI_16,87,34
,,
ROI_16,88,40
,,
ROI_16,89,30
,,
ROI_16,90,31
,,
ROI_16,91,37
,,
ROI_16,92,36
,,
ROI_16,93,30
,,
ROI_16,94,36
,,
ROI_16,95,31
,,
ROI_16,96,44
,,
ROI_16,97,45
,,
ROI_16,98,33
,,
ROI_16,99,25
,,
ROI_16,100,24
,,
ROI_16,101,18
,,
ROI_16,102,26
,,
ROI_16,103,33
,,
ROI_16,104,35
,,
ROI_16,105,26
,,
ROI_16,106,26
,,
ROI_16,107,20
,,
ROI_16,108,16
,,
ROI_16,109,21
,,
ROI_16,110,22
,,
ROI_16,111,16
,,
ROI_16,112,23
,,
ROI_16,113,17
,,
ROI_16,114,16
,,
ROI_16,115,14
,,
ROI_16,116,21
,,
ROI_16,117,16
,,
ROI_16,118,13
,,
ROI_16,119,26
,,
ROI_16,120,19
,,
ROI_16,121,20
,,
ROI_16,122,31
,,
ROI_16,123,18
,,
ROI_16,124,14
,,
ROI_16,125,16
,,
ROI_16,126,9
,,
ROI_16,127,14
,,
ROI_16,128,16
,,
ROI_16,129,10
,,
ROI_16,130,14
,,
ROI_16,131,21
,,
ROI_16,132,15
,,
ROI_16,133,12
,,
ROI_16,134,14
,,
ROI_16,135,18
,,
ROI_16,136,14
,,
ROI_16,137,11
,,
ROI_16,138,13
,,
ROI_16,139,19
,,
ROI_16,140,15
,,
ROI_16,141,15
,,
ROI_16,142,13
,,
ROI_16,143,15
,,
ROI_16,144,17
,,
ROI_16,145,14
,,
ROI_16,146,12
,,
ROI_16,147,7
,,
ROI_16,148,12
,,
ROI_16,149,8
,,
ROI_16,150,12
,,
ROI_16,151,6
,,
ROI_16,152,9
,,
ROI_16,153,9
,,
ROI_16,154,10
,,
ROI_16,155,10
,,
ROI_16,156,8
,,
ROI_16,157,14
,,
ROI_16,158,7
,,
ROI_16,159,17
,,
ROI_16,160,12
,,
ROI_16,161,4
,,
ROI_16,162,8
,,
ROI_16,163,10
,,
ROI_16,164,9
,,
ROI_16,165,12
,,
ROI_16,166,9
,,
ROI_16,167,13
,,
ROI_16,168,6
,,
ROI_16,169,12
,,
ROI_16,170,8
,,
ROI_16,171,8
,,
ROI_16,172,8
,,
ROI_16,173,11
,,
ROI_16,174,3
,,
ROI_16,175,8
,,
ROI_16,176,3
,,
ROI_16,177,5
,,
ROI_16,178,8
,,
ROI_16,179,3
,,
ROI_16,180,10
,,
ROI_16,181,8
,,
ROI_16,182,8
,,
ROI_16,183,4
,,
ROI_16,184,6
,,
ROI_16,185,3
,,
ROI_16,186,7
,,
ROI_16,187,9
,,
ROI_16,188,6
,,
ROI_16,189,3
,,
ROI_16,190,10
,,
ROI_16,191,4
,,
ROI_16,192,11
,,
ROI_16,193,7
,,
ROI_16,194,7
,,
ROI_16,195,9
,,
ROI_16,196,4
,,
ROI_16,197,2
,,
ROI_16,198,4
,,
ROI_16,199,6
,,
ROI_16,200,2
,,
ROI_16,201,4
,,
ROI_16,202,7
,,
ROI_16,203,3
,,
ROI_16,204,4
,,
ROI_16,205,5
,,
ROI_16,206,3
,,
ROI_16,207,10
,,
ROI_16,208,6
,,
ROI_16,209,3
,,
ROI_16,210,5
,,
ROI_16,211,4
,,
ROI_16,212,5
,,
ROI_16,213,3
,,
ROI_16,214,7
,,
ROI_16,215,2
,,
ROI_16,216,6
,,
ROI_16,217,3
,,
ROI_16,218,5
,,
ROI_16,219,2
,,
ROI_16,220,5
,,
ROI_16,221,1
,,
ROI_16,222,3
,,
ROI_16,223,2
,,
ROI_16,224,1
,,
ROI_16,225,4
,,
ROI_16,226,1
,,
ROI_16,227,2
,,
ROI_16,228,1
,,
ROI_16,229,1
,,
ROI_16,230,3
,,
ROI_16,231,3
,,
ROI_16,232,2
,,
ROI_16,233,1
,,
ROI_16,234,1
,,
ROI_16,235,1
,,
ROI_16,236,1
,,
ROI_16,237,1
,,
ROI_16,238,2
,,
ROI_16,239,6
,,
ROI_16,240,5
,,
ROI_16,241,7
,,
ROI_16,242,0
,,
ROI_16,243,5
,,
ROI_16,244,1
,,
ROI_16,245,3
,,
ROI_16,246,1
,,
ROI_16,247,2
,,
ROI_16,248,4
,,
ROI_16,249,0
,,
ROI_16,250,0
,,
ROI_16,251,0
,,
ROI_16,252,3
,,
ROI_16,253,2
,,
ROI_16,254,1
,,
ROI_16,255,171
,,
ROI_17,0,3154
,,
ROI_17,1,1107
,,
ROI_17,2,1082
,,
ROI_17,3,1005
,,
ROI_17,4,890
,,
ROI_17,5,744
,,
ROI_17,6,741
,,
ROI_17,7,675
,,
ROI_17,8,623
,,
ROI_17,9,693
,,
ROI_17,10,639
,,
ROI_17,11,641
,,
ROI_17,12,523
,,
ROI_17,13,558
,,
ROI_17,14,525
,,
ROI_17,15,560
,,
ROI_17,16,464
,,
ROI_17,17,438
,,
ROI_17,18,410
,,
ROI_17,19,405
,,
ROI_17,20,326
,,
ROI_17,21,365
,,
ROI_17,22,332
,,
ROI_17,23,342
,,
ROI_17,24,287
,,
ROI_17,25,290
,,
ROI_17,26,256
,,
ROI_17,27,302
,,
ROI_17,28,256
,,
ROI_17,29,217
,,
ROI_17,30,206
,,
ROI_17,31,194
,,
ROI_17,32,207
,,
ROI_17,33,232
,,
ROI_17,34,181
,,
ROI_17,35,171
,,
ROI_17,36,168
,,
ROI_17,37,158
,,
ROI_17,38,132
,,
ROI_17,39,172
,,
ROI_17,40,136
,,
ROI_17,41,135
,,
ROI_17,42,126
,,
ROI_17,43,109
,,
ROI_17,44,128
,,
ROI_17,45,121
,,
ROI_17,46,106
,,
ROI_17,47,107
,,
ROI_17,48,91
,,
ROI_17,49,79
,,
ROI_17,50,81
,,
ROI_17,51,103
,,
ROI_17,52,100
,,
ROI_17,53,62
,,
ROI_17,54,90
,,
ROI_17,55,73
,,
ROI_17,56,62
,,
ROI_17,57,70
,,
ROI_17,58,68
,,
ROI_17,59,78
,,
ROI_17,60,60
,,
ROI_17,61,65
,,
ROI_17,62,66
,,
ROI_17,63,69
,,
ROI_17,64,64
,,
ROI_17,65,67
,,
ROI_17,66,59
,,
ROI_17,67,83
,,
ROI_17,68,67
,,
ROI_17,69,57
,,
ROI_17,70,51
,,
ROI_17,71,58
,,
ROI_17,72,43
,,
ROI_17,73,54
,,
ROI_17,74,62
,,
ROI_17,75,62
,,
ROI_17,76,45
,,
ROI_17,77,47
,,
ROI_17,78,40
,,
ROI_17,79,35
,,
ROI_17,80,48
,,
ROI_17,81,48
,,
ROI_17,82,46
,,
ROI_17,83,43
,,
ROI_17,84,50
,,
ROI_17,85,40
,,
ROI_17,86,43
,,
ROI_17,87,44
,,
ROI_17,88,41
,,
ROI_17,89,34
,,
ROI_17,90,40
,,
ROI_17,91,32
,,
ROI_17,92,40
,,
ROI_17,93,33
,,
ROI_17,94,30
,,
ROI_17,95,36
,,
ROI_17,96,34
,,
ROI_17,97,37
,,
ROI_17,98,39
,,
ROI_17,99,25
,,
ROI_17,100,26
,,
ROI_17,101,41
,,
ROI_17,102,20
,,
ROI_17,103,36
,,
ROI_17,104,39
,,
ROI_17,105,34
,,
ROI_17,106,33
,,
ROI_17,107,32
,,
ROI_17,108,18
,,
ROI_17,109,28
,,
ROI_17,110,36
,,
ROI_17,111,21
,,
ROI_17,112,24
,,
ROI_17,113,16
,,
ROI_17,114,34
,,
ROI_17,115,22
,,
ROI_17,116,21
,,
ROI_17,117,31
,,
ROI_17,118,27
,,
ROI_17,119,27
,,
ROI_17,120,15
,,
ROI_17,121,23
,,
ROI_17,122,15
,,
ROI_17,123,28
,,
ROI_17,124,16
,,
ROI_17,125,31
,,
ROI_17,126,15
,,
ROI_17,127,17
,,
ROI_17,128,22
,,
ROI_17,129,19
,,
ROI_17,130,16
,,
ROI_17,131,12
,,
ROI_17,132,22
,,
ROI_17,133,19
,,
ROI_17,134,21
,,
ROI_17,135,25
,,
ROI_17,136,13
,,
ROI_17,137,9
,,
ROI_17,138,10
,,
ROI_17,139,13
,,
ROI_17,140,20
,,
ROI_17,141,13
,,
ROI_17,142,21
,,
ROI_17,143,15
,,
ROI_17,144,14
,,
ROI_17,145,12
,,
ROI_17,146,18
,,
ROI_17,147,13
,,
ROI_17,148,9
,,
ROI_17,149,13
,,
ROI_17,150,15
,,
ROI_17,151,12
,,
ROI_17,152,16
,,
ROI_17,153,10
,,
ROI_17,154,14
,,
ROI_17,155,13
,,
ROI_17,156,14
,,
ROI_17,157,14
,,
ROI_17,158,10
,,
ROI_17,159,13
,,
ROI_17,160,6
,,
ROI_17,161,9
,,
ROI_17,162,8
,,
ROI_17,163,13
,,
ROI_17,164,13
,,
ROI_17,165,7
,,
ROI_17,166,10
,,
ROI_17,167,12
,,
ROI_17,168,4
,,
ROI_17,169,12
,,
ROI_17,170,11
,,
ROI_17,171,9
,,
ROI_17,172,8
,,
ROI_17,173,9
,,
ROI_17,174,6
,,
ROI_17,175,10
,,
ROI_17,176,3
,,
ROI_17,177,8
,,
ROI_17,178,8
,,
ROI_17,179,5
,,
ROI_17,180,6
,,
ROI_17,181,8
,,
ROI_17,182,11
,,
ROI_17,183,5
,,
ROI_17,184,9
,,
ROI_17,185,3
,,
ROI_17,186,6
,,
ROI_17,187,8
,,
ROI_17,188,4
,,
ROI_17,189,6
,,
ROI_17,190,6
,,
ROI_17,191,9
,,
ROI_17,192,9
,,
ROI_17,193,9
,,
ROI_17,194,4
,,
ROI_17,195,5
,,
ROI_17,196,5
,,
ROI_17,197,4
,,
ROI_17,198,7
,,
ROI_17,199,12
,,
ROI_17,200,5
,,
ROI_17,201,5
,,
ROI_17,202,8
,,
ROI_17,203,10
,,
ROI_17,204,9
,,
ROI_17,205,8
,,
ROI_17,206,6
,,
ROI_17,207,3
,,
ROI_17,208,7
,,
ROI_17,209,8
,,
ROI_17,210,2
,,
ROI_17,211,3
,,
ROI_17,212,3
,,
ROI_17,213,5
,,
ROI_17,214,6
,,
ROI_17,215,3
,,
ROI_17,216,4
,,
ROI_17,217,11
,,
ROI_17,218,10
,,
ROI_17,219,4
,,
ROI_17,220,5
,,
ROI_17,221,3
,,
ROI_17,222,2
,,
ROI_17,223,4
,,
ROI_17,224,5
,,
ROI_17,225,1
,,
ROI_17,226,6
,,
ROI_17,227,2
,,
ROI_17,228,5
,,
ROI_17,229,4
,,
ROI_17,230,7
,,
ROI_17,231,4
,,
ROI_17,232,7
,,
ROI_17,233,3
,,
ROI_17,234,3
,,
ROI_17,235,3
,,
ROI_17,236,10
,,
ROI_17,237,5
,,
ROI_17,238,4
,,
ROI_17,239,3
,,
ROI_17,240,6
,,
ROI_17,241,1
,,
ROI_17,242,2
,,
ROI_17,243,3
,,
ROI_17,244,2
,,
ROI_17,245,1
,,
ROI_17,246,5
,,
ROI_17,247,2
,,
ROI_17,248,2
,,
ROI_17,249,5
,,
ROI_17,250,3
,,
ROI_17,251,1
,,
ROI_17,252,3
,,
ROI_17,253,4
,,
ROI_17,254,2
,,
ROI_17,255,365
,,
ROI_18,0,3948
,,
ROI_18,1,1411
,,
ROI_18,2,1339
,,
ROI_18,3,1409
,,
ROI_18,4,1188
,,
ROI_18,5,1040
,,
ROI_18,6,974
,,
ROI_18,7,919
,,
ROI_18,8,754
,,
ROI_18,9,813
,,
ROI_18,10,698
,,
ROI_18,11,655
,,
ROI_18,12,559
,,
ROI_18,13,540
,,
ROI_18,14,491
,,
ROI_18,15,490
,,
ROI_18,16,413
,,
ROI_18,17,408
,,
ROI_18,18,368
,,
ROI_18,19,365
,,
ROI_18,20,368
,,
ROI_18,21,342
,,
ROI_18,22,290
,,
ROI_18,23,284
,,
ROI_18,24,295
,,
ROI_18,25,250
,,
ROI_18,26,264
,,
ROI_18,27,259
,,
ROI_18,28,241
,,
ROI_18,29,247
,,
ROI_18,30,216
,,
ROI_18,31,176
,,
ROI_18,32,203
,,
ROI_18,33,209
,,
ROI_18,34,164
,,
ROI_18,35,178
,,
ROI_18,36,189
,,
ROI_18,37,161
,,
ROI_18,38,183
,,
ROI_18,39,184
,,
ROI_18,40,131
,,
ROI_18,41,152
,,
ROI_18,42,163
,,
ROI_18,43,140
,,
ROI_18,44,136
,,
ROI_18,45,138
,,
ROI_18,46,131
,,
ROI_18,47,111
,,
ROI_18,48,122
,,
ROI_18,49,119
,,
ROI_18,50,116
,,
ROI_18,51,130
,,
ROI_18,52,111
,,
ROI_18,53,92
,,
ROI_18,54,88
,,
ROI_18,55,90
,,
ROI_18,56,94
,,
ROI_18,57,95
,,
ROI_18,58,81
,,
ROI_18,59,81
,,
ROI_18,60,83
,,
ROI_18,61,82
,,
ROI_18,62,82
,,
ROI_18,63,112
,,
ROI_18,64,64
,,
ROI_18,65,66
,,
ROI_18,66,74
,,
ROI_18,67,82
,,
ROI_18,68,74
,,
ROI_18,69,61
,,
ROI_18,70,65
,,
ROI_18,71,59
,,
ROI_18,72,58
,,
ROI_18,73,57
,,
ROI_18,74,63
,,
ROI_18,75,58
,,
ROI_18,76,48
,,
ROI_18,77,49
,,
ROI_18,78,50
,,
ROI_18,79,65
,,
ROI_18,80,54
,,
ROI_18,81,60
,,
ROI_18,82,55
,,
ROI_18,83,62
,,
ROI_18,84,60
,,
ROI_18,85,61
,,
ROI_18,86,62
,,
ROI_18,87,52
,,
ROI_18,88,38
,,
ROI_18,89,48
,,
ROI_18,90,48
,,
ROI_18,91,47
,,
ROI_18,92,34
,,
ROI_18,93,42
,,
ROI_18,94,39
,,
ROI_18,95,39
,,
ROI_18,96,39
,,
ROI_18,97,36
,,
ROI_18,98,42
,,
ROI_18,99,32
,,
ROI_18,100,39
,,
ROI_18,101,45
,,
ROI_18,102,50
,,
ROI_18,103,36
,,
ROI_18,104,38
,,
ROI_18,105,40
,,
ROI_18,106,24
,,
ROI_18,107,32
,,
ROI_18,108,26
,,
ROI_18,109,39
,,
ROI_18,110,42
,,
ROI_18,111,34
,,
ROI_18,112,42
,,
ROI_18,113,25
,,
ROI_18,114,29
,,
ROI_18,115,27
,,
ROI_18,116,31
,,
ROI_18,117,35
,,
ROI_18,118,24
,,
ROI_18,119,30
,,
ROI_18,120,28
,,
ROI_18,121,25
,,
ROI_18,122,23
,,
ROI_18,123,25
,,
ROI_18,124,29
,,
ROI_18,125,15
,,
ROI_18,126,21
,,
ROI_18,127,27
,,
ROI_18,128,33
,,
ROI_18,129,23
,,
ROI_18,130,28
,,
ROI_18,131,19
,,
ROI_18,132,17
,,
ROI_18,133,24
,,
ROI_18,134,18
,,
ROI_18,135,24
,,
ROI_18,136,22
,,
ROI_18,137,27
,,
ROI_18,138,16
,,
ROI_18,139,20
,,
ROI_18,140,14
,,
ROI_18,141,24
,,
ROI_18,142,12
,,
ROI_18,143,13
,,
ROI_18,144,13
,,
ROI_18,145,20
,,
ROI_18,146,23
,,
ROI_18,147,19
,,
ROI_18,148,21
,,
ROI_18,149,13
,,
ROI_18,150,13
,,
ROI_18,151,19
,,
ROI_18,152,17
,,
ROI_18,153,15
,,
ROI_18,154,11
,,
ROI_18,155,18
,,
ROI_18,156,19
,,
ROI_18,157,10
,,
ROI_18,158,13
,,
ROI_18,159,14
,,
ROI_18,160,15
,,
ROI_18,161,10
,,
ROI_18,162,15
,,
ROI_18,163,19
,,
ROI_18,164,20
,,
ROI_18,165,21
,,
ROI_18,166,21
,,
ROI_18,167,19
,,
ROI_18,168,8
,,
ROI_18,169,10
,,
ROI_18,170,19
,,
ROI_18,171,17
,,
ROI_18,172,11
,,
ROI_18,173,9
,,
ROI_18,174,14
,,
ROI_18,175,11
,,
ROI_18,176,13
,,
ROI_18,177,9
,,
ROI_18,178,14
,,
ROI_18,179,11
,,
ROI_18,180,12
,,
ROI_18,181,14
,,
ROI_18,182,13
,,
ROI_18,183,17
,,
ROI_18,184,10
,,
ROI_18,185,8
,,
ROI_18,186,10
,,
ROI_18,187,13
,,
ROI_18,188,4
,,
ROI_18,189,10
,,
ROI_18,190,12
,,
ROI_18,191,9
,,
ROI_18,192,10
,,
ROI_18,193,9
,,
ROI_18,194,10
,,
ROI_18,195,14
,,
ROI_18,196,14
,,
ROI_18,197,7
,,
ROI_18,198,9
,,
ROI_18,199,9
,,
ROI_18,200,7
,,
ROI_18,201,15
,,
ROI_18,202,13
,,
ROI_18,203,13
,,
ROI_18,204,10
,,
ROI_18,205,9
,,
ROI_18,206,6
,,
ROI_18,207,10
,,
ROI_18,208,7
,,
ROI_18,209,7
,,
ROI_18,210,6
,,
ROI_18,211,12
,,
ROI_18,212,7
,,
ROI_18,213,5
,,
ROI_18,214,6
,,
ROI_18,215,8
,,
ROI_18,216,5
,,
ROI_18,217,10
,,
ROI_18,218,7
,,
ROI_18,219,7
,,
ROI_18,220,9
,,
ROI_18,221,10
,,
ROI_18,222,7
,,
ROI_18,223,10
,,
ROI_18,224,11
,,
ROI_18,225,10
,,
ROI_18,226,9
,,
ROI_18,227,7
,,
ROI_18,228,7
,,
ROI_18,229,10
,,
ROI_18,230,7
,,
ROI_18,231,6
,,
ROI_18,232,4
,,
ROI_18,233,7
,,
ROI_18,234,9
,,
ROI_18,235,7
,,
ROI_18,236,3
,,
ROI_18,237,2
,,
ROI_18,238,4
,,
ROI_18,239,7
,,
ROI_18,240,3
,,
ROI_18,241,5
,,
ROI_18,242,7
,,
ROI_18,243,10
,,
ROI_18,244,10
,,
ROI_18,245,10
,,
ROI_18,246,5
,,
ROI_18,247,9
,,
ROI_18,248,6
,,
ROI_18,249,9
,,
ROI_18,250,5
,,
ROI_18,251,5
,,
ROI_18,252,5
,,
ROI_18,253,8
,,
ROI_18,254,6
,,
ROI_18,255,545
,,
ROI_19,0,4220
,,
ROI_19,1,1897
,,
ROI_19,2,1810
,,
ROI_19,3,1658
,,
ROI_19,4,1354
,,
ROI_19,5,1115
,,
ROI_19,6,1060
,,
ROI_19,7,989
,,
ROI_19,8,905
,,
ROI_19,9,971
,,
ROI_19,10,768
,,
ROI_19,11,707
,,
ROI_19,12,639
,,
ROI_19,13,612
,,
ROI_19,14,518
,,
ROI_19,15,643
,,
ROI_19,16,465
,,
ROI_19,17,447
,,
ROI_19,18,387
,,
ROI_19,19,404
,,
ROI_19,20,337
,,
ROI_19,21,385
,,
ROI_19,22,334
,,
ROI_19,23,295
,,
ROI_19,24,279
,,
ROI_19,25,281
,,
ROI_19,26,269
,,
ROI_19,27,268
,,
ROI_19,28,223
,,
ROI_19,29,209
,,
ROI_19,30,216
,,
ROI_19,31,183
,,
ROI_19,32,202
,,
ROI_19,33,179
,,
ROI_19,34,179
,,
ROI_19,35,193
,,
ROI_19,36,183
,,
ROI_19,37,173
,,
ROI_19,38,152
,,
ROI_19,39,195
,,
ROI_19,40,139
,,
ROI_19,41,135
,,
ROI_19,42,125
,,
ROI_19,43,156
,,
ROI_19,44,130
,,
ROI_19,45,130
,,
ROI_19,46,127
,,
ROI_19,47,126
,,
ROI_19,48,102
,,
ROI_19,49,103
,,
ROI_19,50,123
,,
ROI_19,51,112
,,
ROI_19,52,94
,,
ROI_19,53,106
,,
ROI_19,54,96
,,
ROI_19,55,85
,,
ROI_19,56,96
,,
ROI_19,57,107
,,
ROI_19,58,103
,,
ROI_19,59,107
,,
ROI_19,60,78
,,
ROI_19,61,83
,,
ROI_19,62,67
,,
ROI_19,63,83
,,
ROI_19,64,56
,,
ROI_19,65,56
,,
ROI_19,66,74
,,
ROI_19,67,76
,,
ROI_19,68,75
,,
ROI_19,69,71
,,
ROI_19,70,79
,,
ROI_19,71,69
,,
ROI_19,72,70
,,
ROI_19,73,57
,,
ROI_19,74,49
,,
ROI_19,75,52
,,
ROI_19,76,48
,,
ROI_19,77,52
,,
ROI_19,78,40
,,
ROI_19,79,56
,,
ROI_19,80,81
,,
ROI_19,81,50
,,
ROI_19,82,46
,,
ROI_19,83,47
,,
ROI_19,84,35
,,
ROI_19,85,34
,,
ROI_19,86,61
,,
ROI_19,87,46
,,
ROI_19,88,48
,,
ROI_19,89,47
,,
ROI_19,90,46
,,
ROI_19,91,32
,,
ROI_19,92,40
,,
ROI_19,93,39
,,
ROI_19,94,35
,,
ROI_19,95,28
,,
ROI_19,96,37
,,
ROI_19,97,34
,,
ROI_19,98,55
,,
ROI_19,99,47
,,
ROI_19,100,24
,,
ROI_19,101,27
,,
ROI_19,102,34
,,
ROI_19,103,37
,,
ROI_19,104,34
,,
ROI_19,105,36
,,
ROI_19,106,35
,,
ROI_19,107,27
,,
ROI_19,108,22
,,
ROI_19,109,28
,,
ROI_19,110,27
,,
ROI_19,111,34
,,
ROI_19,112,30
,,
ROI_19,113,24
,,
ROI_19,114,20
,,
ROI_19,115,31
,,
ROI_19,116,31
,,
ROI_19,117,22
,,
ROI_19,118,29
,,
ROI_19,119,16
,,
ROI_19,120,18
,,
ROI_19,121,16
,,
ROI_19,122,31
,,
ROI_19,123,19
,,
ROI_19,124,21
,,
ROI_19,125,16
,,
ROI_19,126,17
,,
ROI_19,127,16
,,
ROI_19,128,21
,,
ROI_19,129,22
,,
ROI_19,130,10
,,
ROI_19,131,22
,,
ROI_19,132,16
,,
ROI_19,133,17
,,
ROI_19,134,19
,,
ROI_19,135,21
,,
ROI_19,136,11
,,
ROI_19,137,14
,,
ROI_19,138,15
,,
ROI_19,139,14
,,
ROI_19,140,19
,,
ROI_19,141,16
,,
ROI_19,142,15
,,
ROI_19,143,16
,,
ROI_19,144,15
,,
ROI_19,145,12
,,
ROI_19,146,18
,,
ROI_19,147,16
,,
ROI_19,148,12
,,
ROI_19,149,11
,,
ROI_19,150,12
,,
ROI_19,151,11
,,
ROI_19,152,15
,,
ROI_19,153,21
,,
ROI_19,154,15
,,
ROI_19,155,9
,,
ROI_19,156,16
,,
ROI_19,157,14
,,
ROI_19,158,16
,,
ROI_19,159,14
,,
ROI_19,160,10
,,
ROI_19,161,17
,,
ROI_19,162,8
,,
ROI_19,163,8
,,
ROI_19,164,21
,,
ROI_19,165,4
,,
ROI_19,166,11
,,
ROI_19,167,12
,,
ROI_19,168,7
,,
ROI_19,169,13
,,
ROI_19,170,16
,,
ROI_19,171,14
,,
ROI_19,172,12
,,
ROI_19,173,12
,,
ROI_19,174,9
,,
ROI_19,175,8
,,
ROI_19,176,9
,,
ROI_19,177,7
,,
ROI_19,178,7
,,
ROI_19,179,9
,,
ROI_19,180,7
,,
ROI_19,181,9
,,
ROI_19,182,11
,,
ROI_19,183,12
,,
ROI_19,184,6
,,
ROI_19,185,6
,,
ROI_19,186,10
,,
ROI_19,187,6
,,
ROI_19,188,5
,,
ROI_19,189,9
,,
ROI_19,190,6
,,
ROI_19,191,8
,,
ROI_19,192,6
,,
ROI_19,193,10
,,
ROI_19,194,8
,,
ROI_19,195,6
,,
ROI_19,196,2
,,
ROI_19,197,4
,,
ROI_19,198,8
,,
ROI_19,199,8
,,
ROI_19,200,5
,,
ROI_19,201,6
,,
ROI_19,202,5
,,
ROI_19,203,6
,,
ROI_19,204,9
,,
ROI_19,205,13
,,
ROI_19,206,6
,,
ROI_19,207,4
,,
ROI_19,208,7
,,
ROI_19,209,8
,,
ROI_19,210,8
,,
ROI_19,211,5
,,
ROI_19,212,7
,,
ROI_19,213,4
,,
ROI_19,214,7
,,
ROI_19,215,4
,,
ROI_19,216,7
,,
ROI_19,217,13
,,
ROI_19,218,5
,,
ROI_19,219,5
,,
ROI_19,220,4
,,
ROI_19,221,4
,,
ROI_19,222,5
,,
ROI_19,223,9
,,
ROI_19,224,4
,,
ROI_19,225,3
,,
ROI_19,226,6
,,
ROI_19,227,6
,,
ROI_19,228,6
,,
ROI_19,229,6
,,
ROI_19,230,5
,,
ROI_19,231,4
,,
ROI_19,232,8
,,
ROI_19,233,11
,,
ROI_19,234,0
,,
ROI_19,235,5
,,
ROI_19,236,7
,,
ROI_19,237,5
,,
ROI_19,238,5
,,
ROI_19,239,8
,,
ROI_19,240,2
,,
ROI_19,241,4
,,
ROI_19,242,3
,,
ROI_19,243,3
,,
ROI_19,244,8
,,
ROI_19,245,2
,,
ROI_19,246,5
,,
ROI_19,247,3
,,
ROI_19,248,1
,,
ROI_19,249,4
,,
ROI_19,250,7
,,
ROI_19,251,1
,,
ROI_19,252,3
,,
ROI_19,253,1
,,
ROI_19,254,9
,,
ROI_19,255,374
,,
ROI_20,0,972
,,
ROI_20,1,512
,,
ROI_20,2,546
,,
ROI_20,3,649
,,
ROI_20,4,591
,,
ROI_20,5,545
,,
ROI_20,6,579
,,
ROI_20,7,588
,,
ROI_20,8,584
,,
ROI_20,9,661
,,
ROI_20,10,519
,,
ROI_20,11,571
,,
ROI_20,12,484
,,
ROI_20,13,481
,,
ROI_20,14,409
,,
ROI_20,15,523
,,
ROI_20,16,373
,,
ROI_20,17,398
,,
ROI_20,18,330
,,
ROI_20,19,334
,,
ROI_20,20,328
,,
ROI_20,21,404
,,
ROI_20,22,313
,,
ROI_20,23,305
,,
ROI_20,24,276
,,
ROI_20,25,306
,,
ROI_20,26,298
,,
ROI_20,27,326
,,
ROI_20,28,256
,,
ROI_20,29,260
,,
ROI_20,30,294
,,
ROI_20,31,240
,,
ROI_20,32,227
,,
ROI_20,33,232
,,
ROI_20,34,231
,,
ROI_20,35,198
,,
ROI_20,36,216
,,
ROI_20,37,210
,,
ROI_20,38,196
,,
ROI_20,39,213
,,
ROI_20,40,173
,,
ROI_20,41,177
,,
ROI_20,42,160
,,
ROI_20,43,148
,,
ROI_20,44,143
,,
ROI_20,45,180
,,
ROI_20,46,168
,,
ROI_20,47,147
,,
ROI_20,48,159
,,
ROI_20,49,131
,,
ROI_20,50,162
,,
ROI_20,51,142
,,
ROI_20,52,126
,,
ROI_20,53,138
,,
ROI_20,54,121
,,
ROI_20,55,110
,,
ROI_20,56,115
,,
ROI_20,57,145
,,
ROI_20,58,103
,,
ROI_20,59,134
,,
ROI_20,60,122
,,
ROI_20,61,111
,,
ROI_20,62,127
,,
ROI_20,63,114
,,
ROI_20,64,107
,,
ROI_20,65,96
,,
ROI_20,66,83
,,
ROI_20,67,98
,,
ROI_20,68,121
,,
ROI_20,69,102
,,
ROI_20,70,99
,,
ROI_20,71,95
,,
ROI_20,72,87
,,
ROI_20,73,104
,,
ROI_20,74,95
,,
ROI_20,75,70
,,
ROI_20,76,66
,,
ROI_20,77,80
,,
ROI_20,78,90
,,
ROI_20,79,71
,,
ROI_20,80,72
,,
ROI_20,81,73
,,
ROI_20,82,78
,,
ROI_20,83,65
,,
ROI_20,84,75
,,
ROI_20,85,52
,,
ROI_20,86,86
,,
ROI_20,87,64
,,
ROI_20,88,69
,,
ROI_20,89,68
,,
ROI_20,90,51
,,
ROI_20,91,50
,,
ROI_20,92,55
,,
ROI_20,93,53
,,
ROI_20,94,68
,,
ROI_20,95,46
,,
ROI_20,96,58
,,
ROI_20,97,46
,,
ROI_20,98,66
,,
ROI_20,99,51
,,
ROI_20,100,35
,,
ROI_20,101,38
,,
ROI_20,102,50
,,
ROI_20,103,49
,,
ROI_20,104,59
,,
ROI_20,105,46
,,
ROI_20,106,42
,,
ROI_20,107,48
,,
ROI_20,108,53
,,
ROI_20,109,51
,,
ROI_20,110,51
,,
ROI_20,111,29
,,
ROI_20,112,46
,,
ROI_20,113,37
,,
ROI_20,114,37
,,
ROI_20,115,28
,,
ROI_20,116,52
,,
ROI_20,117,39
,,
ROI_20,118,32
,,
ROI_20,119,28
,,
ROI_20,120,29
,,
ROI_20,121,40
,,
ROI_20,122,34
,,
ROI_20,123,36
,,
ROI_20,124,27
,,
ROI_20,125,29
,,
ROI_20,126,27
,,
ROI_20,127,25
,,
ROI_20,128,33
,,
ROI_20,129,29
,,
ROI_20,130,30
,,
ROI_20,131,26
,,
ROI_20,132,39
,,
ROI_20,133,29
,,
ROI_20,134,40
,,
ROI_20,135,27
,,
ROI_20,136,21
,,
ROI_20,137,28
,,
ROI_20,138,32
,,
ROI_20,139,21
,,
ROI_20,140,33
,,
ROI_20,141,22
,,
ROI_20,142,26
,,
ROI_20,143,26
,,
ROI_20,144,28
,,
ROI_20,145,21
,,
ROI_20,146,32
,,
ROI_20,147,21
,,
ROI_20,148,26
,,
ROI_20,149,23
,,
ROI_20,150,28
,,
ROI_20,151,27
,,
ROI_20,152,26
,,
ROI_20,153,17
,,
ROI_20,154,20
,,
ROI_20,155,28
,,
ROI_20,156,11
,,
ROI_20,157,19
,,
ROI_20,158,15
,,
ROI_20,159,18
,,
ROI_20,160,22
,,
ROI_20,161,17
,,
ROI_20,162,16
,,
ROI_20,163,14
,,
ROI_20,164,28
,,
ROI_20,165,21
,,
ROI_20,166,18
,,
ROI_20,167,22
,,
ROI_20,168,16
,,
ROI_20,169,21
,,
ROI_20,170,10
,,
ROI_20,171,19
,,
ROI_20,172,9
,,
ROI_20,173,17
,,
ROI_20,174,19
,,
ROI_20,175,19
,,
ROI_20,176,25
,,
ROI_20,177,13
,,
ROI_20,178,15
,,
ROI_20,179,19
,,
ROI_20,180,13
,,
ROI_20,181,6
,,
ROI_20,182,19
,,
ROI_20,183,16
,,
ROI_20,184,11
,,
ROI_20,185,17
,,
ROI_20,186,11
,,
ROI_20,187,12
,,
ROI_20,188,17
,,
ROI_20,189,12
,,
ROI_20,190,8
,,
ROI_20,191,14
,,
ROI_20,192,7
,,
ROI_20,193,9
,,
ROI_20,194,11
,,
ROI_20,195,10
,,
ROI_20,196,9
,,
ROI_20,197,12
,,
ROI_20,198,18
,,
ROI_20,199,13
,,
ROI_20,200,11
,,
ROI_20,201,12
,,
ROI_20,202,11
,,
ROI_20,203,7
,,
ROI_20,204,10
,,
ROI_20,205,10
,,
ROI_20,206,10
,,
ROI_20,207,12
,,
ROI_20,208,14
,,
ROI_20,209,13
,,
ROI_20,210,11
,,
ROI_20,211,14
,,
ROI_20,212,4
,,
ROI_20,213,12
,,
ROI_20,214,12
,,
ROI_20,215,3
,,
ROI_20,216,5
,,
ROI_20,217,7
,,
ROI_20,218,7
,,
ROI_20,219,3
,,
ROI_20,220,10
,,
ROI_20,221,5
,,
ROI_20,222,10
,,
ROI_20,223,11
,,
ROI_20,224,11
,,
ROI_20,225,7
,,
ROI_20,226,5
,,
ROI_20,227,10
,,
ROI_20,228,5
,,
ROI_20,229,8
,,
ROI_20,230,12
,,
ROI_20,231,4
,,
ROI_20,232,7
,,
ROI_20,233,8
,,
ROI_20,234,8
,,
ROI_20,235,7
,,
ROI_20,236,7
,,
ROI_20,237,5
,,
ROI_20,238,8
,,
ROI_20,239,8
,,
ROI_20,240,6
,,
ROI_20,241,8
,,
ROI_20,242,7
,,
ROI_20,243,5
,,
ROI_20,244,5
,,
ROI_20,245,7
,,
ROI_20,246,3
,,
ROI_20,247,11
,,
ROI_20,248,8
,,
ROI_20,249,5
,,
ROI_20,250,3
,,
ROI_20,251,6
,,
ROI_20,252,4
,,
ROI_20,253,8
,,
ROI_20,254,3
,,
ROI_20,255,343
,,
ROI_21,0,167
,,
ROI_21,1,184
,,
ROI_21,2,233
,,
ROI_21,3,391
,,
ROI_21,4,492
,,
ROI_21,5,521
,,
ROI_21,6,537
,,
ROI_21,7,570
,,
ROI_21,8,530
,,
ROI_21,9,614
,,
ROI_21,10,552
,,
ROI_21,11,540
,,
ROI_21,12,499
,,
ROI_21,13,499
,,
ROI_21,14,456
,,
ROI_21,15,521
,,
ROI_21,16,421
,,
ROI_21,17,455
,,
ROI_21,18,369
,,
ROI_21,19,384
,,
ROI_21,20,381
,,
ROI_21,21,440
,,
ROI_21,22,409
,,
ROI_21,23,385
,,
ROI_21,24,348
,,
ROI_21,25,353
,,
ROI_21,26,336
,,
ROI_21,27,356
,,
ROI_21,28,360
,,
ROI_21,29,336
,,
ROI_21,30,340
,,
ROI_21,31,278
,,
ROI_21,32,320
,,
ROI_21,33,337
,,
ROI_21,34,316
,,
ROI_21,35,277
,,
ROI_21,36,236
,,
ROI_21,37,244
,,
ROI_21,38,244
,,
ROI_21,39,295
,,
ROI_21,40,261
,,
ROI_21,41,237
,,
ROI_21,42,236
,,
ROI_21,43,209
,,
ROI_21,44,220
,,
ROI_21,45,210
,,
ROI_21,46,202
,,
ROI_21,47,207
,,
ROI_21,48,182
,,
ROI_21,49,183
,,
ROI_21,50,207
,,
ROI_21,51,214
,,
ROI_21,52,194
,,
ROI_21,53,180
,,
ROI_21,54,204
,,
ROI_21,55,157
,,
ROI_21,56,172
,,
ROI_21,57,192
,,
ROI_21,58,134
,,
ROI_21,59,175
,,
ROI_21,60,158
,,
ROI_21,61,165
,,
ROI_21,62,130
,,
ROI_21,63,144
,,
ROI_21,64,147
,,
ROI_21,65,139
,,
ROI_21,66,157
,,
ROI_21,67,143
,,
ROI_21,68,146
,,
ROI_21,69,110
,,
ROI_21,70,127
,,
ROI_21,71,119
,,
ROI_21,72,122
,,
ROI_21,73,109
,,
ROI_21,74,156
,,
ROI_21,75,129
,,
ROI_21,76,124
,,
ROI_21,77,101
,,
ROI_21,78,105
,,
ROI_21,79,82
,,
ROI_21,80,107
,,
ROI_21,81,105
,,
ROI_21,82,93
,,
ROI_21,83,105
,,
ROI_21,84,94
,,
ROI_21,85,102
,,
ROI_21,86,96
,,
ROI_21,87,93
,,
ROI_21,88,93
,,
ROI_21,89,98
,,
ROI_21,90,85
,,
ROI_21,91,80
,,
ROI_21,92,89
,,
ROI_21,93,78
,,
ROI_21,94,98
,,
ROI_21,95,67
,,
ROI_21,96,66
,,
ROI_21,97,91
,,
ROI_21,98,103
,,
ROI_21,99,68
,,
ROI_21,100,64
,,
ROI_21,101,71
,,
ROI_21,102,71
,,
ROI_21,103,70
,,
ROI_21,104,71
,,
ROI_21,105,60
,,
ROI_21,106,51
,,
ROI_21,107,68
,,
ROI_21,108,60
,,
ROI_21,109,45
,,
ROI_21,110,76
,,
ROI_21,111,61
,,
ROI_21,112,61
,,
ROI_21,113,54
,,
ROI_21,114,67
,,
ROI_21,115,53
,,
ROI_21,116,75
,,
ROI_21,117,48
,,
ROI_21,118,55
,,
ROI_21,119,63
,,
ROI_21,120,41
,,
ROI_21,121,49
,,
ROI_21,122,46
,,
ROI_21,123,43
,,
ROI_21,124,37
,,
ROI_21,125,43
,,
ROI_21,126,42
,,
ROI_21,127,43
,,
ROI_21,128,56
,,
ROI_21,129,40
,,
ROI_21,130,27
,,
ROI_21,131,50
,,
ROI_21,132,39
,,
ROI_21,133,46
,,
ROI_21,134,48
,,
ROI_21,135,35
,,
ROI_21,136,42
,,
ROI_21,137,35
,,
ROI_21,138,30
,,
ROI_21,139,32
,,
ROI_21,140,43
,,
ROI_21,141,42
,,
ROI_21,142,22
,,
ROI_21,143,33
,,
ROI_21,144,36
,,
ROI_21,145,20
,,
ROI_21,146,40
,,
ROI_21,147,35
,,
ROI_21,148,42
,,
ROI_21,149,29
,,
ROI_21,150,31
,,
ROI_21,151,26
,,
ROI_21,152,34
,,
ROI_21,153,40
,,
ROI_21,154,31
,,
ROI_21,155,28
,,
ROI_21,156,32
,,
ROI_21,157,31
,,
ROI_21,158,40
,,
ROI_21,159,24
,,
ROI_21,160,30
,,
ROI_21,161,31
,,
ROI_21,162,29
,,
ROI_21,163,28
,,
ROI_21,164,29
,,
ROI_21,165,16
,,
ROI_21,166,23
,,
ROI_21,167,20
,,
ROI_21,168,21
,,
ROI_21,169,25
,,
ROI_21,170,24
,,
ROI_21,171,25
,,
ROI_21,172,29
,,
ROI_21,173,20
,,
ROI_21,174,26
,,
ROI_21,175,29
,,
ROI_21,176,17
,,
ROI_21,177,17
,,
ROI_21,178,26
,,
ROI_21,179,23
,,
ROI_21,180,17
,,
ROI_21,181,23
,,
ROI_21,182,32
,,
ROI_21,183,14
,,
ROI_21,184,24
,,
ROI_21,185,16
,,
ROI_21,186,25
,,
ROI_21,187,28
,,
ROI_21,188,20
,,
ROI_21,189,12
,,
ROI_21,190,17
,,
ROI_21,191,13
,,
ROI_21,192,28
,,
ROI_21,193,25
,,
ROI_21,194,21
,,
ROI_21,195,23
,,
ROI_21,196,15
,,
ROI_21,197,22
,,
ROI_21,198,13
,,
ROI_21,199,26
,,
ROI_21,200,11
,,
ROI_21,201,21
,,
ROI_21,202,11
,,
ROI_21,203,12
,,
ROI_21,204,15
,,
ROI_21,205,18
,,
ROI_21,206,20
,,
ROI_21,207,10
,,
ROI_21,208,15
,,
ROI_21,209,22
,,
ROI_21,210,11
,,
ROI_21,211,18
,,
ROI_21,212,8
,,
ROI_21,213,13
,,
ROI_21,214,9
,,
ROI_21,215,9
,,
ROI_21,216,7
,,
ROI_21,217,19
,,
ROI_21,218,16
,,
ROI_21,219,11
,,
ROI_21,220,7
,,
ROI_21,221,8
,,
ROI_21,222,10
,,
ROI_21,223,12
,,
ROI_21,224,12
,,
ROI_21,225,7
,,
ROI_21,226,9
,,
ROI_21,227,12
,,
ROI_21,228,6
,,
ROI_21,229,13
,,
ROI_21,230,11
,,
ROI_21,231,10
,,
ROI_21,232,4
,,
ROI_21,233,5
,,
ROI_21,234,8
,,
ROI_21,235,13
,,
ROI_21,236,8
,,
ROI_21,237,13
,,
ROI_21,238,13
,,
ROI_21,239,6
,,
ROI_21,240,11
,,
ROI_21,241,13
,,
ROI_21,242,14
,,
ROI_21,243,8
,,
ROI_21,244,11
,,
ROI_21,245,7
,,
ROI_21,246,9
,,
ROI_21,247,10
,,
ROI_21,248,11
,,
ROI_21,249,5
,,
ROI_21,250,8
,,
ROI_21,251,10
,,
ROI_21,252,6
,,
ROI_21,253,12
,,
ROI_21,254,10
,,
ROI_21,255,791
,,
ROI_22,0,384
,,
ROI_22,1,237
,,
ROI_22,2,223
,,
ROI_22,3,283
,,
ROI_22,4,287
,,
ROI_22,5,244
,,
ROI_22,6,282
,,
ROI_22,7,307
,,
ROI_22,8,251
,,
ROI_22,9,329
,,
ROI_22,10,291
,,
ROI_22,11,292
,,
ROI_22,12,229
,,
ROI_22,13,218
,,
ROI_22,14,212
,,
ROI_22,15,225
,,
ROI_22,16,169
,,
ROI_22,17,168
,,
ROI_22,18,145
,,
ROI_22,19,146
,,
ROI_22,20,160
,,
ROI_22,21,169
,,
ROI_22,22,139
,,
ROI_22,23,119
,,
ROI_22,24,127
,,
ROI_22,25,119
,,
ROI_22,26,143
,,
ROI_22,27,161
,,
ROI_22,28,123
,,
ROI_22,29,130
,,
ROI_22,30,127
,,
ROI_22,31,98
,,
ROI_22,32,93
,,
ROI_22,33,124
,,
ROI_22,34,100
,,
ROI_22,35,101
,,
ROI_22,36,96
,,
ROI_22,37,78
,,
ROI_22,38,78
,,
ROI_22,39,91
,,
ROI_22,40,92
,,
ROI_22,41,66
,,
ROI_22,42,75
,,
ROI_22,43,88
,,
ROI_22,44,65
,,
ROI_22,45,77
,,
ROI_22,46,77
,,
ROI_22,47,64
,,
ROI_22,48,62
,,
ROI_22,49,60
,,
ROI_22,50,64
,,
ROI_22,51,64
,,
ROI_22,52,50
,,
ROI_22,53,52
,,
ROI_22,54,60
,,
ROI_22,55,48
,,
ROI_22,56,52
,,
ROI_22,57,57
,,
ROI_22,58,49
,,
ROI_22,59,50
,,
ROI_22,60,42
,,
ROI_22,61,56
,,
ROI_22,62,43
,,
ROI_22,63,57
,,
ROI_22,64,41
,,
ROI_22,65,42
,,
ROI_22,66,29
,,
ROI_22,67,31
,,
ROI_22,68,47
,,
ROI_22,69,40
,,
ROI_22,70,48
,,
ROI_22,71,32
,,
ROI_22,72,40
,,
ROI_22,73,28
,,
ROI_22,74,36
,,
ROI_22,75,33
,,
ROI_22,76,33
,,
ROI_22,77,31
,,
ROI_22,78,29
,,
ROI_22,79,28
,,
ROI_22,80,34
,,
ROI_22,81,30
,,
ROI_22,82,29
,,
ROI_22,83,23
,,
ROI_22,84,30
,,
ROI_22,85,30
,,
ROI_22,86,24
,,
ROI_22,87,30
,,
ROI_22,88,26
,,
ROI_22,89,19
,,
ROI_22,90,30
,,
ROI_22,91,23
,,
ROI_22,92,26
,,
ROI_22,93,24
,,
ROI_22,94,26
,,
ROI_22,95,23
,,
ROI_22,96,25
,,
ROI_22,97,20
,,
ROI_22,98,26
,,
ROI_22,99,15
,,
ROI_22,100,22
,,
ROI_22,101,23
,,
ROI_22,102,19
,,
ROI_22,103,19
,,
ROI_22,104,19
,,
ROI_22,105,22
,,
ROI_22,106,26
,,
ROI_22,107,14
,,
ROI_22,108,18
,,
ROI_22,109,21
,,
ROI_22,110,11
,,
ROI_22,111,20
,,
ROI_22,112,24
,,
ROI_22,113,19
,,
ROI_22,114,14
,,
ROI_22,115,10
,,
ROI_22,116,24
,,
ROI_22,117,23
,,
ROI_22,118,14
,,
ROI_22,119,13
,,
ROI_22,120,17
,,
ROI_22,121,12
,,
ROI_22,122,16
,,
ROI_22,123,17
,,
ROI_22,124,17
,,
ROI_22,125,18
,,
ROI_22,126,15
,,
ROI_22,127,12
,,
ROI_22,128,18
,,
ROI_22,129,15
,,
ROI_22,130,17
,,
ROI_22,131,5
,,
ROI_22,132,9
,,
ROI_22,133,9
,,
ROI_22,134,19
,,
ROI_22,135,11
,,
ROI_22,136,14
,,
ROI_22,137,15
,,
ROI_22,138,9
,,
ROI_22,139,12
,,
ROI_22,140,18
,,
ROI_22,141,10
,,
ROI_22,142,10
,,
ROI_22,143,8
,,
ROI_22,144,9
,,
ROI_22,145,8
,,
ROI_22,146,13
,,
ROI_22,147,8
,,
ROI_22,148,8
,,
ROI_22,149,11
,,
ROI_22,150,6
,,
ROI_22,151,9
,,
ROI_22,152,6
,,
ROI_22,153,12
,,
ROI_22,154,10
,,
ROI_22,155,9
,,
ROI_22,156,10
,,
ROI_22,157,11
,,
ROI_22,158,6
,,
ROI_22,159,6
,,
ROI_22,160,8
,,
ROI_22,161,9
,,
ROI_22,162,3
,,
ROI_22,163,10
,,
ROI_22,164,12
,,
ROI_22,165,7
,,
ROI_22,166,5
,,
ROI_22,167,7
,,
ROI_22,168,9
,,
ROI_22,169,9
,,
ROI_22,170,8
,,
ROI_22,171,7
,,
ROI_22,172,7
,,
ROI_22,173,9
,,
ROI_22,174,13
,,
ROI_22,175,6
,,
ROI_22,176,6
,,
ROI_22,177,9
,,
ROI_22,178,9
,,
ROI_22,179,5
,,
ROI_22,180,12
,,
ROI_22,181,7
,,
ROI_22,182,9
,,
ROI_22,183,6
,,
ROI_22,184,15
,,
ROI_22,185,6
,,
ROI_22,186,9
,,
ROI_22,187,9
,,
ROI_22,188,7
,,
ROI_22,189,5
,,
ROI_22,190,8
,,
ROI_22,191,13
,,
ROI_22,192,9
,,
ROI_22,193,5
,,
ROI_22,194,2
,,
ROI_22,195,7
,,
ROI_22,196,6
,,
ROI_22,197,10
,,
ROI_22,198,4
,,
ROI_22,199,11
,,
ROI_22,200,5
,,
ROI_22,201,5
,,
ROI_22,202,7
,,
ROI_22,203,4
,,
ROI_22,204,3
,,
ROI_22,205,3
,,
ROI_22,206,7
,,
ROI_22,207,4
,,
ROI_22,208,6
,,
ROI_22,209,3
,,
ROI_22,210,4
,,
ROI_22,211,2
,,
ROI_22,212,10
,,
ROI_22,213,4
,,
ROI_22,214,2
,,
ROI_22,215,6
,,
ROI_22,216,3
,,
ROI_22,217,7
,,
ROI_22,218,6
,,
ROI_22,219,5
,,
ROI_22,220,5
,,
ROI_22,221,5
,,
ROI_22,222,7
,,
ROI_22,223,7
,,
ROI_22,224,4
,,
ROI_22,225,4
,,
ROI_22,226,2
,,
ROI_22,227,3
,,
ROI_22,228,1
,,
ROI_22,229,1
,,
ROI_22,230,2
,,
ROI_22,231,6
,,
ROI_22,232,5
,,
ROI_22,233,1
,,
ROI_22,234,4
,,
ROI_22,235,6
,,
ROI_22,236,4
,,
ROI_22,237,3
,,
ROI_22,238,8
,,
ROI_22,239,2
,,
ROI_22,240,3
,,
ROI_22,241,6
,,
ROI_22,242,2
,,
ROI_22,243,5
,,
ROI_22,244,4
,,
ROI_22,245,3
,,
ROI_22,246,4
,,
ROI_22,247,4
,,
ROI_22,248,2
,,
ROI_22,249,2
,,
ROI_22,250,2
,,
ROI_22,251,2
,,
ROI_22,252,2
,,
ROI_22,253,3
,,
ROI_22,254,1
,,
ROI_22,255,331
,,
ROI_23,0,19
,,
ROI_23,1,91
,,
ROI_23,2,219
,,
ROI_23,3,343
,,
ROI_23,4,296
,,
ROI_23,5,253
,,
ROI_23,6,269
,,
ROI_23,7,217
,,
ROI_23,8,192
,,
ROI_23,9,209
,,
ROI_23,10,173
,,
ROI_23,11,212
,,
ROI_23,12,171
,,
ROI_23,13,149
,,
ROI_23,14,156
,,
ROI_23,15,175
,,
ROI_23,16,146
,,
ROI_23,17,158
,,
ROI_23,18,126
,,
ROI_23,19,106
,,
ROI_23,20,131
,,
ROI_23,21,133
,,
ROI_23,22,117
,,
ROI_23,23,118
,,
ROI_23,24,95
,,
ROI_23,25,94
,,
ROI_23,26,108
,,
ROI_23,27,79
,,
ROI_23,28,82
,,
ROI_23,29,70
,,
ROI_23,30,66
,,
ROI_23,31,76
,,
ROI_23,32,70
,,
ROI_23,33,70
,,
ROI_23,34,65
,,
ROI_23,35,59
,,
ROI_23,36,66
,,
ROI_23,37,59
,,
ROI_23,38,62
,,
ROI_23,39,56
,,
ROI_23,40,51
,,
ROI_23,41,46
,,
ROI_23,42,55
,,
ROI_23,43,41
,,
ROI_23,44,49
,,
ROI_23,45,61
,,
ROI_23,46,39
,,
ROI_23,47,35
,,
ROI_23,48,42
,,
ROI_23,49,36
,,
ROI_23,50,43
,,
ROI_23,51,31
,,
ROI_23,52,39
,,
ROI_23,53,31
,,
ROI_23,54,41
,,
ROI_23,55,39
,,
ROI_23,56,45
,,
ROI_23,57,49
,,
ROI_23,58,26
,,
ROI_23,59,30
,,
ROI_23,60,26
,,
ROI_23,61,26
,,
ROI_23,62,27
,,
ROI_23,63,36
,,
ROI_23,64,19
,,
ROI_23,65,26
,,
ROI_23,66,24
,,
ROI_23,67,25
,,
ROI_23,68,26
,,
ROI_23,69,18
,,
ROI_23,70,33
,,
ROI_23,71,18
,,
ROI_23,72,27
,,
ROI_23,73,21
,,
ROI_23,74,15
,,
ROI_23,75,17
,,
ROI_23,76,21
,,
ROI_23,77,23
,,
ROI_23,78,20
,,
ROI_23,79,22
,,
ROI_23,80,22
,,
ROI_23,81,14
,,
ROI_23,82,18
,,
ROI_23,83,16
,,
ROI_23,84,11
,,
ROI_23,85,12
,,
ROI_23,86,18
,,
ROI_23,87,13
,,
ROI_23,88,18
,,
ROI_23,89,18
,,
ROI_23,90,14
,,
ROI_23,91,8
,,
ROI_23,92,10
,,
ROI_23,93,14
,,
ROI_23,94,12
,,
ROI_23,95,17
,,
ROI_23,96,15
,,
ROI_23,97,12
,,
ROI_23,98,15
,,
ROI_23,99,13
,,
ROI_23,100,13
,,
ROI_23,101,11
,,
ROI_23,102,9
,,
ROI_23,103,16
,,
ROI_23,104,15
,,
ROI_23,105,11
,,
ROI_23,106,8
,,
ROI_23,107,13
,,
ROI_23,108,12
,,
ROI_23,109,11
,,
ROI_23,110,12
,,
ROI_23,111,9
,,
ROI_23,112,15
,,
ROI_23,113,10
,,
ROI_23,114,5
,,
ROI_23,115,8
,,
ROI_23,116,8
,,
ROI_23,117,6
,,
ROI_23,118,7
,,
ROI_23,119,11
,,
ROI_23,120,7
,,
ROI_23,121,9
,,
ROI_23,122,12
,,
ROI_23,123,9
,,
ROI_23,124,12
,,
ROI_23,125,15
,,
ROI_23,126,2
,,
ROI_23,127,6
,,
ROI_23,128,7
,,
ROI_23,129,13
,,
ROI_23,130,7
,,
ROI_23,131,10
,,
ROI_23,132,6
,,
ROI_23,133,5
,,
ROI_23,134,13
,,
ROI_23,135,11
,,
ROI_23,136,6
,,
ROI_23,137,5
,,
ROI_23,138,7
,,
ROI_23,139,5
,,
ROI_23,140,9
,,
ROI_23,141,5
,,
ROI_23,142,10
,,
ROI_23,143,8
,,
ROI_23,144,7
,,
ROI_23,145,5
,,
ROI_23,146,9
,,
ROI_23,147,2
,,
ROI_23,148,7
,,
ROI_23,149,2
,,
ROI_23,150,8
,,
ROI_23,151,7
,,
ROI_23,152,6
,,
ROI_23,153,8
,,
ROI_23,154,3
,,
ROI_23,155,6
,,
ROI_23,156,4
,,
ROI_23,157,6
,,
ROI_23,158,3
,,
ROI_23,159,5
,,
ROI_23,160,3
,,
ROI_23,161,5
,,
ROI_23,162,3
,,
ROI_23,163,8
,,
ROI_23,164,6
,,
ROI_23,165,4
,,
ROI_23,166,5
,,
ROI_23,167,4
,,
ROI_23,168,2
,,
ROI_23,169,5
,,
ROI_23,170,5
,,
ROI_23,171,6
,,
ROI_23,172,6
,,
ROI_23,173,5
,,
ROI_23,174,5
,,
ROI_23,175,2
,,
ROI_23,176,4
,,
ROI_23,177,3
,,
ROI_23,178,5
,,
ROI_23,179,5
,,
ROI_23,180,3
,,
ROI_23,181,7
,,
ROI_23,182,3
,,
ROI_23,183,7
,,
ROI_23,184,5
,,
ROI_23,185,4
,,
ROI_23,186,1
,,
ROI_23,187,5
,,
ROI_23,188,2
,,
ROI_23,189,3
,,
ROI_23,190,3
,,
ROI_23,191,2
,,
ROI_23,192,2
,,
ROI_23,193,4
,,
ROI_23,194,3
,,
ROI_23,195,3
,,
ROI_23,196,3
,,
ROI_23,197,3
,,
ROI_23,198,2
,,
ROI_23,199,2
,,
ROI_23,200,6
,,
ROI_23,201,3
,,
ROI_23,202,3
,,
ROI_23,203,7
,,
ROI_23,204,1
,,
ROI_23,205,1
,,
ROI_23,206,5
,,
ROI_23,207,6
,,
ROI_23,208,2
,,
ROI_23,209,2
,,
ROI_23,210,1
,,
ROI_23,211,4
,,
ROI_23,212,2
,,
ROI_23,213,2
,,
ROI_23,214,6
,,
ROI_23,215,1
,,
ROI_23,216,1
,,
ROI_23,217,3
,,
ROI_23,218,6
,,
ROI_23,219,3
,,
ROI_23,220,1
,,
ROI_23,221,2
,,
ROI_23,222,4
,,
ROI_23,223,1
,,
ROI_23,224,5
,,
ROI_23,225,1
,,
ROI_23,226,3
,,
ROI_23,227,1
,,
ROI_23,228,3
,,
ROI_23,229,5
,,
ROI_23,230,1
,,
ROI_23,231,4
,,
ROI_23,232,0
,,
ROI_23,233,2
,,
ROI_23,234,3
,,
ROI_23,235,2
,,
ROI_23,236,1
,,
ROI_23,237,4
,,
ROI_23,238,2
,,
ROI_23,239,0
,,
ROI_23,240,1
,,
ROI_23,241,4
,,
ROI_23,242,4
,,
ROI_23,243,1
,,
ROI_23,244,2
,,
ROI_23,245,5
,,
ROI_23,246,0
,,
ROI_23,247,4
,,
ROI_23,248,1
,,
ROI_23,249,4
,,
ROI_23,250,0
,,
ROI_23,251,1
,,
ROI_23,252,1
,,
ROI_23,253,0
,,
ROI_23,254,4
,,
ROI_23,255,263
,,
ROI_24,0,1816
,,
ROI_24,1,830
,,
ROI_24,2,815
,,
ROI_24,3,879
,,
ROI_24,4,792
,,
ROI_24,5,736
,,
ROI_24,6,755
,,
ROI_24,7,664
,,
ROI_24,8,626
,,
ROI_24,9,623
,,
ROI_24,10,474
,,
ROI_24,11,457
,,
ROI_24,12,431
,,
ROI_24,13,426
,,
ROI_24,14,351
,,
ROI_24,15,453
,,
ROI_24,16,322
,,
ROI_24,17,301
,,
ROI_24,18,279
,,
ROI_24,19,297
,,
ROI_24,20,223
,,
ROI_24,21,281
,,
ROI_24,22,235
,,
ROI_24,23,219
,,
ROI_24,24,237
,,
ROI_24,25,191
,,
ROI_24,26,213
,,
ROI_24,27,205
,,
ROI_24,28,180
,,
ROI_24,29,163
,,
ROI_24,30,174
,,
ROI_24,31,158
,,
ROI_24,32,155
,,
ROI_24,33,177
,,
ROI_24,34,156
,,
ROI_24,35,153
,,
ROI_24,36,129
,,
ROI_24,37,155
,,
ROI_24,38,161
,,
ROI_24,39,133
,,
ROI_24,40,124
,,
ROI_24,41,101
,,
ROI_24,42,108
,,
ROI_24,43,113
,,
ROI_24,44,123
,,
ROI_24,45,132
,,
ROI_24,46,111
,,
ROI_24,47,119
,,
ROI_24,48,90
,,
ROI_24,49,91
,,
ROI_24,50,115
,,
ROI_24,51,107
,,
ROI_24,52,83
,,
ROI_24,53,79
,,
ROI_24,54,82
,,
ROI_24,55,87
,,
ROI_24,56,88
,,
ROI_24,57,75
,,
ROI_24,58,71
,,
ROI_24,59,70
,,
ROI_24,60,59
,,
ROI_24,61,70
,,
ROI_24,62,81
,,
ROI_24,63,63
,,
ROI_24,64,71
,,
ROI_24,65,65
,,
ROI_24,66,56
,,
ROI_24,67,56
,,
ROI_24,68,61
,,
ROI_24,69,55
,,
ROI_24,70,50
,,
ROI_24,71,49
,,
ROI_24,72,65
,,
ROI_24,73,51
,,
ROI_24,74,52
,,
ROI_24,75,43
,,
ROI_24,76,44
,,
ROI_24,77,43
,,
ROI_24,78,43
,,
ROI_24,79,47
,,
ROI_24,80,52
,,
ROI_24,81,41
,,
ROI_24,82,34
,,
ROI_24,83,44
,,
ROI_24,84,31
,,
ROI_24,85,51
,,
ROI_24,86,41
,,
ROI_24,87,45
,,
ROI_24,88,37
,,
ROI_24,89,51
,,
ROI_24,90,35
,,
ROI_24,91,30
,,
ROI_24,92,47
,,
ROI_24,93,29
,,
ROI_24,94,34
,,
ROI_24,95,17
,,
ROI_24,96,26
,,
ROI_24,97,31
,,
ROI_24,98,38
,,
ROI_24,99,35
,,
ROI_24,100,25
,,
ROI_24,101,32
,,
ROI_24,102,26
,,
ROI_24,103,23
,,
ROI_24,104,32
,,
ROI_24,105,24
,,
ROI_24,106,24
,,
ROI_24,107,26
,,
ROI_24,108,26
,,
ROI_24,109,25
,,
ROI_24,110,22
,,
ROI_24,111,34
,,
ROI_24,112,22
,,
ROI_24,113,21
,,
ROI_24,114,25
,,
ROI_24,115,19
,,
ROI_24,116,37
,,
ROI_24,117,26
,,
ROI_24,118,18
,,
ROI_24,119,25
,,
ROI_24,120,24
,,
ROI_24,121,21
,,
ROI_24,122,17
,,
ROI_24,123,16
,,
ROI_24,124,25
,,
ROI_24,125,22
,,
ROI_24,126,23
,,
ROI_24,127,19
,,
ROI_24,128,18
,,
ROI_24,129,23
,,
ROI_24,130,15
,,
ROI_24,131,19
,,
ROI_24,132,15
,,
ROI_24,133,25
,,
ROI_24,134,17
,,
ROI_24,135,13
,,
ROI_24,136,9
,,
ROI_24,137,16
,,
ROI_24,138,19
,,
ROI_24,139,18
,,
ROI_24,140,20
,,
ROI_24,141,22
,,
ROI_24,142,22
,,
ROI_24,143,14
,,
ROI_24,144,19
,,
ROI_24,145,24
,,
ROI_24,146,12
,,
ROI_24,147,17
,,
ROI_24,148,14
,,
ROI_24,149,17
,,
ROI_24,150,16
,,
ROI_24,151,11
,,
ROI_24,152,14
,,
ROI_24,153,16
,,
ROI_24,154,16
,,
ROI_24,155,18
,,
ROI_24,156,14
,,
ROI_24,157,11
,,
ROI_24,158,16
,,
ROI_24,159,12
,,
ROI_24,160,9
,,
ROI_24,161,15
,,
ROI_24,162,5
,,
ROI_24,163,15
,,
ROI_24,164,12
,,
ROI_24,165,10
,,
ROI_24,166,14
,,
ROI_24,167,9
,,
ROI_24,168,8
,,
ROI_24,169,10
,,
ROI_24,170,14
,,
ROI_24,171,11
,,
ROI_24,172,8
,,
ROI_24,173,13
,,
ROI_24,174,6
,,
ROI_24,175,13
,,
ROI_24,176,10
,,
ROI_24,177,9
,,
ROI_24,178,4
,,
ROI_24,179,10
,,
ROI_24,180,9
,,
ROI_24,181,12
,,
ROI_24,182,7
,,
ROI_24,183,13
,,
ROI_24,184,11
,,
ROI_24,185,10
,,
ROI_24,186,6
,,
ROI_24,187,5
,,
ROI_24,188,9
,,
ROI_24,189,14
,,
ROI_24,190,7
,,
ROI_24,191,9
,,
ROI_24,192,6
,,
ROI_24,193,11
,,
ROI_24,194,8
,,
ROI_24,195,13
,,
ROI_24,196,9
,,
ROI_24,197,9
,,
ROI_24,198,5
,,
ROI_24,199,10
,,
ROI_24,200,6
,,
ROI_24,201,6
,,
ROI_24,202,6
,,
ROI_24,203,10
,,
ROI_24,204,10
,,
ROI_24,205,11
,,
ROI_24,206,5
,,
ROI_24,207,6
,,
ROI_24,208,1
,,
ROI_24,209,12
,,
ROI_24,210,6
,,
ROI_24,211,8
,,
ROI_24,212,5
,,
ROI_24,213,7
,,
ROI_24,214,2
,,
ROI_24,215,9
,,
ROI_24,216,10
,,
ROI_24,217,8
,,
ROI_24,218,9
,,
ROI_24,219,7
,,
ROI_24,220,3
,,
ROI_24,221,9
,,
ROI_24,222,8
,,
ROI_24,223,8
,,
ROI_24,224,7
,,
ROI_24,225,4
,,
ROI_24,226,4
,,
ROI_24,227,5
,,
ROI_24,228,3
,,
ROI_24,229,6
,,
ROI_24,230,3
,,
ROI_24,231,9
,,
ROI_24,232,6
,,
ROI_24,233,8
,,
ROI_24,234,7
,,
ROI_24,235,10
,,
ROI_24,236,6
,,
ROI_24,237,4
,,
ROI_24,238,10
,,
ROI_24,239,7
,,
ROI_24,240,10
,,
ROI_24,241,1
,,
ROI_24,242,5
,,
ROI_24,243,5
,,
ROI_24,244,7
,,
ROI_24,245,5
,,
ROI_24,246,10
,,
ROI_24,247,4
,,
ROI_24,248,10
,,
ROI_24,249,6
,,
ROI_24,250,5
,,
ROI_24,251,6
,,
ROI_24,252,6
,,
ROI_24,253,2
,,
ROI_24,254,14
,,
ROI_24,255,635
,,
ROI_25,0,2672
,,
ROI_25,1,808
,,
ROI_25,2,751
,,
ROI_25,3,766
,,
ROI_25,4,676
,,
ROI_25,5,591
,,
ROI_25,6,588
,,
ROI_25,7,506
,,
ROI_25,8,427
,,
ROI_25,9,542
,,
ROI_25,10,444
,,
ROI_25,11,444
,,
ROI_25,12,406
,,
ROI_25,13,424
,,
ROI_25,14,364
,,
ROI_25,15,428
,,
ROI_25,16,301
,,
ROI_25,17,341
,,
ROI_25,18,280
,,
ROI_25,19,272
,,
ROI_25,20,267
,,
ROI_25,21,291
,,
ROI_25,22,228
,,
ROI_25,23,211
,,
ROI_25,24,218
,,
ROI_25,25,172
,,
ROI_25,26,162
,,
ROI_25,27,177
,,
ROI_25,28,157
,,
ROI_25,29,151
,,
ROI_25,30,140
,,
ROI_25,31,133
,,
ROI_25,32,126
,,
ROI_25,33,123
,,
ROI_25,34,125
,,
ROI_25,35,101
,,
ROI_25,36,106
,,
ROI_25,37,101
,,
ROI_25,38,90
,,
ROI_25,39,104
,,
ROI_25,40,88
,,
ROI_25,41,94
,,
ROI_25,42,94
,,
ROI_25,43,91
,,
ROI_25,44,94
,,
ROI_25,45,77
,,
ROI_25,46,59
,,
ROI_25,47,75
,,
ROI_25,48,81
,,
ROI_25,49,53
,,
ROI_25,50,70
,,
ROI_25,51,72
,,
ROI_25,52,47
,,
ROI_25,53,44
,,
ROI_25,54,53
,,
ROI_25,55,53
,,
ROI_25,56,66
,,
ROI_25,57,61
,,
ROI_25,58,56
,,
ROI_25,59,49
,,
ROI_25,60,48
,,
ROI_25,61,46
,,
ROI_25,62,50
,,
ROI_25,63,47
,,
ROI_25,64,47
,,
ROI_25,65,44
,,
ROI_25,66,37
,,
ROI_25,67,36
,,
ROI_25,68,61
,,
ROI_25,69,39
,,
ROI_25,70,37
,,
ROI_25,71,42
,,
ROI_25,72,43
,,
ROI_25,73,36
,,
ROI_25,74,45
,,
ROI_25,75,39
,,
ROI_25,76,40
,,
ROI_25,77,35
,,
ROI_25,78,27
,,
ROI_25,79,25
,,
ROI_25,80,25
,,
ROI_25,81,33
,,
ROI_25,82,23
,,
ROI_25,83,29
,,
ROI_25,84,32
,,
ROI_25,85,27
,,
ROI_25,86,33
,,
ROI_25,87,21
,,
ROI_25,88,24
,,
ROI_25,89,24
,,
ROI_25,90,24
,,
ROI_25,91,23
,,
ROI_25,92,30
,,
ROI_25,93,27
,,
ROI_25,94,27
,,
ROI_25,95,23
,,
ROI_25,96,28
,,
ROI_25,97,25
,,
ROI_25,98,29
,,
ROI_25,99,17
,,
ROI_25,100,13
,,
ROI_25,101,17
,,
ROI_25,102,18
,,
ROI_25,103,19
,,
ROI_25,104,20
,,
ROI_25,105,14
,,
ROI_25,106,19
,,
ROI_25,107,16
,,
ROI_25,108,18
,,
ROI_25,109,18
,,
ROI_25,110,26
,,
ROI_25,111,18
,,
ROI_25,112,14
,,
ROI_25,113,9
,,
ROI_25,114,15
,,
ROI_25,115,22
,,
ROI_25,116,18
,,
ROI_25,117,14
,,
ROI_25,118,17
,,
ROI_25,119,12
,,
ROI_25,120,15
,,
ROI_25,121,12
,,
ROI_25,122,16
,,
ROI_25,123,9
,,
ROI_25,124,11
,,
ROI_25,125,16
,,
ROI_25,126,9
,,
ROI_25,127,19
,,
ROI_25,128,18
,,
ROI_25,129,13
,,
ROI_25,130,12
,,
ROI_25,131,8
,,
ROI_25,132,11
,,
ROI_25,133,11
,,
ROI_25,134,17
,,
ROI_25,135,11
,,
ROI_25,136,19
,,
ROI_25,137,8
,,
ROI_25,138,10
,,
ROI_25,139,11
,,
ROI_25,140,11
,,
ROI_25,141,11
,,
ROI_25,142,10
,,
ROI_25,143,7
,,
ROI_25,144,8
,,
ROI_25,145,12
,,
ROI_25,146,10
,,
ROI_25,147,4
,,
ROI_25,148,10
,,
ROI_25,149,13
,,
ROI_25,150,6
,,
ROI_25,151,5
,,
ROI_25,152,8
,,
ROI_25,153,11
,,
ROI_25,154,7
,,
ROI_25,155,6
,,
ROI_25,156,6
,,
ROI_25,157,7
,,
ROI_25,158,8
,,
ROI_25,159,7
,,
ROI_25,160,8
,,
ROI_25,161,10
,,
ROI_25,162,9
,,
ROI_25,163,8
,,
ROI_25,164,14
,,
ROI_25,165,7
,,
ROI_25,166,7
,,
ROI_25,167,8
,,
ROI_25,168,5
,,
ROI_25,169,6
,,
ROI_25,170,7
,,
ROI_25,171,3
,,
ROI_25,172,1
,,
ROI_25,173,10
,,
ROI_25,174,7
,,
ROI_25,175,3
,,
ROI_25,176,8
,,
ROI_25,177,4
,,
ROI_25,178,5
,,
ROI_25,179,5
,,
ROI_25,180,2
,,
ROI_25,181,8
,,
ROI_25,182,6
,,
ROI_25,183,4
,,
ROI_25,184,8
,,
ROI_25,185,2
,,
ROI_25,186,4
,,
ROI_25,187,8
,,
ROI_25,188,6
,,
ROI_25,189,3
,,
ROI_25,190,7
,,
ROI_25,191,6
,,
ROI_25,192,2
,,
ROI_25,193,5
,,
ROI_25,194,2
,,
ROI_25,195,4
,,
ROI_25,196,8
,,
ROI_25,197,11
,,
ROI_25,198,5
,,
ROI_25,199,7
,,
ROI_25,200,3
,,
ROI_25,201,8
,,
ROI_25,202,3
,,
ROI_25,203,3
,,
ROI_25,204,4
,,
ROI_25,205,3
,,
ROI_25,206,8
,,
ROI_25,207,2
,,
ROI_25,208,3
,,
ROI_25,209,5
,,
ROI_25,210,4
,,
ROI_25,211,2
,,
ROI_25,212,6
,,
ROI_25,213,5
,,
ROI_25,214,4
,,
ROI_25,215,2
,,
ROI_25,216,6
,,
ROI_25,217,2
,,
ROI_25,218,4
,,
ROI_25,219,2
,,
ROI_25,220,2
,,
ROI_25,221,3
,,
ROI_25,222,7
,,
ROI_25,223,3
,,
ROI_25,224,6
,,
ROI_25,225,0
,,
ROI_25,226,5
,,
ROI_25,227,1
,,
ROI_25,228,1
,,
ROI_25,229,2
,,
ROI_25,230,2
,,
ROI_25,231,4
,,
ROI_25,232,4
,,
ROI_25,233,0
,,
ROI_25,234,5
,,
ROI_25,235,3
,,
ROI_25,236,2
,,
ROI_25,237,3
,,
ROI_25,238,0
,,
ROI_25,239,4
,,
ROI_25,240,3
,,
ROI_25,241,2
,,
ROI_25,242,0
,,
ROI_25,243,4
,,
ROI_25,244,1
,,
ROI_25,245,2
,,
ROI_25,246,2
,,
ROI_25,247,0
,,
ROI_25,248,6
,,
ROI_25,249,0
,,
ROI_25,250,3
,,
ROI_25,251,2
,,
ROI_25,252,0
,,
ROI_25,253,2
,,
ROI_25,254,2
,,
ROI_25,255,205
,,
ROI_26,0,589
,,
ROI_26,1,304
,,
ROI_26,2,282
,,
ROI_26,3,297
,,
ROI_26,4,246
,,
ROI_26,5,210
,,
ROI_26,6,212
,,
ROI_26,7,170
,,
ROI_26,8,170
,,
ROI_26,9,182
,,
ROI_26,10,148
,,
ROI_26,11,178
,,
ROI_26,12,152
,,
ROI_26,13,162
,,
ROI_26,14,145
,,
ROI_26,15,147
,,
ROI_26,16,136
,,
ROI_26,17,115
,,
ROI_26,18,123
,,
ROI_26,19,106
,,
ROI_26,20,118
,,
ROI_26,21,127
,,
ROI_26,22,97
,,
ROI_26,23,87
,,
ROI_26,24,95
,,
ROI_26,25,84
,,
ROI_26,26,115
,,
ROI_26,27,112
,,
ROI_26,28,83
,,
ROI_26,29,95
,,
ROI_26,30,92
,,
ROI_26,31,83
,,
ROI_26,32,84
,,
ROI_26,33,95
,,
ROI_26,34,78
,,
ROI_26,35,67
,,
ROI_26,36,52
,,
ROI_26,37,76
,,
ROI_26,38,59
,,
ROI_26,39,74
,,
ROI_26,40,77
,,
ROI_26,41,68
,,
ROI_26,42,52
,,
ROI_26,43,65
,,
ROI_26,44,52
,,
ROI_26,45,78
,,
ROI_26,46,54
,,
ROI_26,47,60
,,
ROI_26,48,51
,,
ROI_26,49,51
,,
ROI_26,50,52
,,
ROI_26,51,65
,,
ROI_26,52,53
,,
ROI_26,53,64
,,
ROI_26,54,53
,,
ROI_26,55,67
,,
ROI_26,56,58
,,
ROI_26,57,49
,,
ROI_26,58,40
,,
ROI_26,59,59
,,
ROI_26,60,32
,,
ROI_26,61,44
,,
ROI_26,62,45
,,
ROI_26,63,65
,,
ROI_26,64,44
,,
ROI_26,65,37
,,
ROI_26,66,44
,,
ROI_26,67,50
,,
ROI_26,68,53
,,
ROI_26,69,34
,,
ROI_26,70,48
,,
ROI_26,71,37
,,
ROI_26,72,33
,,
ROI_26,73,48
,,
ROI_26,74,32
,,
ROI_26,75,48
,,
ROI_26,76,43
,,
ROI_26,77,37
,,
ROI_26,78,31
,,
ROI_26,79,34
,,
ROI_26,80,48
,,
ROI_26,81,38
,,
ROI_26,82,28
,,
ROI_26,83,28
,,
ROI_26,84,28
,,
ROI_26,85,43
,,
ROI_26,86,36
,,
ROI_26,87,31
,,
ROI_26,88,32
,,
ROI_26,89,28
,,
ROI_26,90,27
,,
ROI_26,91,39
,,
ROI_26,92,35
,,
ROI_26,93,28
,,
ROI_26,94,32
,,
ROI_26,95,27
,,
ROI_26,96,33
,,
ROI_26,97,22
,,
ROI_26,98,36
,,
ROI_26,99,29
,,
ROI_26,100,30
,,
ROI_26,101,22
,,
ROI_26,102,32
,,
ROI_26,103,35
,,
ROI_26,104,26
,,
ROI_26,105,26
,,
ROI_26,106,14
,,
ROI_26,107,21
,,
ROI_26,108,32
,,
ROI_26,109,28
,,
ROI_26,110,21
,,
ROI_26,111,23
,,
ROI_26,112,25
,,
ROI_26,113,24
,,
ROI_26,114,18
,,
ROI_26,115,21
,,
ROI_26,116,22
,,
ROI_26,117,23
,,
ROI_26,118,22
,,
ROI_26,119,11
,,
ROI_26,120,26
,,
ROI_26,121,20
,,
ROI_26,122,21
,,
ROI_26,123,19
,,
ROI_26,124,20
,,
ROI_26,125,12
,,
ROI_26,126,19
,,
ROI_26,127,17
,,
ROI_26,128,27
,,
ROI_26,129,19
,,
ROI_26,130,17
,,
ROI_26,131,20
,,
ROI_26,132,15
,,
ROI_26,133,17
,,
ROI_26,134,17
,,
ROI_26,135,21
,,
ROI_26,136,14
,,
ROI_26,137,19
,,
ROI_26,138,17
,,
ROI_26,139,18
,,
ROI_26,140,19
,,
ROI_26,141,13
,,
ROI_26,142,21
,,
ROI_26,143,18
,,
ROI_26,144,19
,,
ROI_26,145,14
,,
ROI_26,146,21
,,
ROI_26,147,16
,,
ROI_26,148,14
,,
ROI_26,149,12
,,
ROI_26,150,11
,,
ROI_26,151,13
,,
ROI_26,152,15
,,
ROI_26,153,16
,,
ROI_26,154,9
,,
ROI_26,155,14
,,
ROI_26,156,13
,,
ROI_26,157,15
,,
ROI_26,158,17
,,
ROI_26,159,14
,,
ROI_26,160,10
,,
ROI_26,161,21
,,
ROI_26,162,18
,,
ROI_26,163,14
,,
ROI_26,164,18
,,
ROI_26,165,15
,,
ROI_26,166,16
,,
ROI_26,167,13
,,
ROI_26,168,13
,,
ROI_26,169,6
,,
ROI_26,170,12
,,
ROI_26,171,13
,,
ROI_26,172,14
,,
ROI_26,173,8
,,
ROI_26,174,14
,,
ROI_26,175,10
,,
ROI_26,176,17
,,
ROI_26,177,15
,,
ROI_26,178,11
,,
ROI_26,179,10
,,
ROI_26,180,18
,,
ROI_26,181,19
,,
ROI_26,182,17
,,
ROI_26,183,14
,,
ROI_26,184,8
,,
ROI_26,185,5
,,
ROI_26,186,8
,,
ROI_26,187,9
,,
ROI_26,188,14
,,
ROI_26,189,10
,,
ROI_26,190,13
,,
ROI_26,191,6
,,
ROI_26,192,14
,,
ROI_26,193,11
,,
ROI_26,194,4
,,
ROI_26,195,13
,,
ROI_26,196,12
,,
ROI_26,197,12
,,
ROI_26,198,9
,,
ROI_26,199,16
,,
ROI_26,200,11
,,
ROI_26,201,18
,,
ROI_26,202,16
,,
ROI_26,203,13
,,
ROI_26,204,11
,,
ROI_26,205,10
,,
ROI_26,206,12
,,
ROI_26,207,10
,,
ROI_26,208,10
,,
ROI_26,209,9
,,
ROI_26,210,11
,,
ROI_26,211,8
,,
ROI_26,212,5
,,
ROI_26,213,12
,,
ROI_26,214,8
,,
ROI_26,215,7
,,
ROI_26,216,9
,,
ROI_26,217,13
,,
ROI_26,218,12
,,
ROI_26,219,6
,,
ROI_26,220,9
,,
ROI_26,221,8
,,
ROI_26,222,9
,,
ROI_26,223,9
,,
ROI_26,224,17
,,
ROI_26,225,11
,,
ROI_26,226,12
,,
ROI_26,227,7
,,
ROI_26,228,4
,,
ROI_26,229,7
,,
ROI_26,230,9
,,
ROI_26,231,8
,,
ROI_26,232,10
,,
ROI_26,233,6
,,
ROI_26,234,4
,,
ROI_26,235,7
,,
ROI_26,236,5
,,
ROI_26,237,8
,,
ROI_26,238,6
,,
ROI_26,239,7
,,
ROI_26,240,11
,,
ROI_26,241,11
,,
ROI_26,242,6
,,
ROI_26,243,3
,,
ROI_26,244,7
,,
ROI_26,245,5
,,
ROI_26,246,3
,,
ROI_26,247,7
,,
ROI_26,248,7
,,
ROI_26,249,6
,,
ROI_26,250,6
,,
ROI_26,251,6
,,
ROI_26,252,6
,,
ROI_26,253,5
,,
ROI_26,254,8
,,
ROI_26,255,668
,,
ROI_27,0,2111
,,
ROI_27,1,1358
,,
ROI_27,2,1174
,,
ROI_27,3,1071
,,
ROI_27,4,891
,,
ROI_27,5,771
,,
ROI_27,6,785
,,
ROI_27,7,689
,,
ROI_27,8,606
,,
ROI_27,9,699
,,
ROI_27,10,563
,,
ROI_27,11,538
,,
ROI_27,12,478
,,
ROI_27,13,500
,,
ROI_27,14,387
,,
ROI_27,15,483
,,
ROI_27,16,380
,,
ROI_27,17,377
,,
ROI_27,18,337
,,
ROI_27,19,322
,,
ROI_27,20,316
,,
ROI_27,21,363
,,
ROI_27,22,279
,,
ROI_27,23,290
,,
ROI_27,24,258
,,
ROI_27,25,239
,,
ROI_27,26,236
,,
ROI_27,27,258
,,
ROI_27,28,211
,,
ROI_27,29,198
,,
ROI_27,30,223
,,
ROI_27,31,206
,,
ROI_27,32,185
,,
ROI_27,33,207
,,
ROI_27,34,190
,,
ROI_27,35,159
,,
ROI_27,36,166
,,
ROI_27,37,189
,,
ROI_27,38,154
,,
ROI_27,39,160
,,
ROI_27,40,145
,,
ROI_27,41,141
,,
ROI_27,42,118
,,
ROI_27,43,146
,,
ROI_27,44,134
,,
ROI_27,45,162
,,
ROI_27,46,122
,,
ROI_27,47,121
,,
ROI_27,48,97
,,
ROI_27,49,115
,,
ROI_27,50,131
,,
ROI_27,51,128
,,
ROI_27,52,99
,,
ROI_27,53,122
,,
ROI_27,54,99
,,
ROI_27,55,106
,,
ROI_27,56,94
,,
ROI_27,57,107
,,
ROI_27,58,92
,,
ROI_27,59,105
,,
ROI_27,60,94
,,
ROI_27,61,80
,,
ROI_27,62,87
,,
ROI_27,63,81
,,
ROI_27,64,79
,,
ROI_27,65,66
,,
ROI_27,66,75
,,
ROI_27,67,56
,,
ROI_27,68,76
,,
ROI_27,69,71
,,
ROI_27,70,92
,,
ROI_27,71,53
,,
ROI_27,72,63
,,
ROI_27,73,51
,,
ROI_27,74,80
,,
ROI_27,75,61
,,
ROI_27,76,54
,,
ROI_27,77,49
,,
ROI_27,78,55
,,
ROI_27,79,50
,,
ROI_27,80,52
,,
ROI_27,81,46
,,
ROI_27,82,52
,,
ROI_27,83,64
,,
ROI_27,84,34
,,
ROI_27,85,46
,,
ROI_27,86,43
,,
ROI_27,87,43
,,
ROI_27,88,41
,,
ROI_27,89,44
,,
ROI_27,90,45
,,
ROI_27,91,43
,,
ROI_27,92,38
,,
ROI_27,93,43
,,
ROI_27,94,41
,,
ROI_27,95,40
,,
ROI_27,96,33
,,
ROI_27,97,41
,,
ROI_27,98,48
,,
ROI_27,99,40
,,
ROI_27,100,31
,,
ROI_27,101,27
,,
ROI_27,102,37
,,
ROI_27,103,35
,,
ROI_27,104,48
,,
ROI_27,105,23
,,
ROI_27,106,33
,,
ROI_27,107,31
,,
ROI_27,108,33
,,
ROI_27,109,27
,,
ROI_27,110,38
,,
ROI_27,111,34
,,
ROI_27,112,36
,,
ROI_27,113,27
,,
ROI_27,114,33
,,
ROI_27,115,32
,,
ROI_27,116,36
,,
ROI_27,117,30
,,
ROI_27,118,12
,,
ROI_27,119,25
,,
ROI_27,120,25
,,
ROI_27,121,25
,,
ROI_27,122,34
,,
ROI_27,123,30
,,
ROI_27,124,21
,,
ROI_27,125,16
,,
ROI_27,126,25
,,
ROI_27,127,21
,,
ROI_27,128,29
,,
ROI_27,129,24
,,
ROI_27,130,15
,,
ROI_27,131,23
,,
ROI_27,132,19
,,
ROI_27,133,11
,,
ROI_27,134,25
,,
ROI_27,135,18
,,
ROI_27,136,22
,,
ROI_27,137,19
,,
ROI_27,138,23
,,
ROI_27,139,22
,,
ROI_27,140,17
,,
ROI_27,141,14
,,
ROI_27,142,19
,,
ROI_27,143,29
,,
ROI_27,144,24
,,
ROI_27,145,14
,,
ROI_27,146,18
,,
ROI_27,147,12
,,
ROI_27,148,13
,,
ROI_27,149,20
,,
ROI_27,150,19
,,
ROI_27,151,14
,,
ROI_27,152,21
,,
ROI_27,153,7
,,
ROI_27,154,16
,,
ROI_27,155,12
,,
ROI_27,156,16
,,
ROI_27,157,19
,,
ROI_27,158,17
,,
ROI_27,159,14
,,
ROI_27,160,23
,,
ROI_27,161,7
,,
ROI_27,162,20
,,
ROI_27,163,17
,,
ROI_27,164,19
,,
ROI_27,165,14
,,
ROI_27,166,14
,,
ROI_27,167,18
,,
ROI_27,168,14
,,
ROI_27,169,11
,,
ROI_27,170,16
,,
ROI_27,171,14
,,
ROI_27,172,11
,,
ROI_27,173,12
,,
ROI_27,174,16
,,
ROI_27,175,8
,,
ROI_27,176,12
,,
ROI_27,177,9
,,
ROI_27,178,12
,,
ROI_27,179,15
,,
ROI_27,180,14
,,
ROI_27,181,21
,,
ROI_27,182,13
,,
ROI_27,183,17
,,
ROI_27,184,12
,,
ROI_27,185,14
,,
ROI_27,186,11
,,
ROI_27,187,11
,,
ROI_27,188,5
,,
ROI_27,189,11
,,
ROI_27,190,10
,,
ROI_27,191,14
,,
ROI_27,192,9
,,
ROI_27,193,11
,,
ROI_27,194,5
,,
ROI_27,195,10
,,
ROI_27,196,7
,,
ROI_27,197,8
,,
ROI_27,198,10
,,
ROI_27,199,10
,,
ROI_27,200,8
,,
ROI_27,201,6
,,
ROI_27,202,10
,,
ROI_27,203,8
,,
ROI_27,204,11
,,
ROI_27,205,10
,,
ROI_27,206,9
,,
ROI_27,207,6
,,
ROI_27,208,5
,,
ROI_27,209,6
,,
ROI_27,210,5
,,
ROI_27,211,8
,,
ROI_27,212,7
,,
ROI_27,213,7
,,
ROI_27,214,7
,,
ROI_27,215,11
,,
ROI_27,216,2
,,
ROI_27,217,5
,,
ROI_27,218,12
,,
ROI_27,219,7
,,
ROI_27,220,8
,,
ROI_27,221,5
,,
ROI_27,222,8
,,
ROI_27,223,4
,,
ROI_27,224,3
,,
ROI_27,225,4
,,
ROI_27,226,13
,,
ROI_27,227,5
,,
ROI_27,228,9
,,
ROI_27,229,6
,,
ROI_27,230,8
,,
ROI_27,231,13
,,
ROI_27,232,6
,,
ROI_27,233,7
,,
ROI_27,234,1
,,
ROI_27,235,6
,,
ROI_27,236,1
,,
ROI_27,237,2
,,
ROI_27,238,2
,,
ROI_27,239,2
,,
ROI_27,240,4
,,
ROI_27,241,6
,,
ROI_27,242,4
,,
ROI_27,243,2
,,
ROI_27,244,8
,,
ROI_27,245,8
,,
ROI_27,246,4
,,
ROI_27,247,4
,,
ROI_27,248,3
,,
ROI_27,249,6
,,
ROI_27,250,3
,,
ROI_27,251,8
,,
ROI_27,252,3
,,
ROI_27,253,3
,,
ROI_27,254,6
,,
ROI_27,255,329
,,
ROI_28,0,2375
,,
ROI_28,1,1093
,,
ROI_28,2,1076
,,
ROI_28,3,1000
,,
ROI_28,4,896
,,
ROI_28,5,729
,,
ROI_28,6,666
,,
ROI_28,7,687
,,
ROI_28,8,577
,,
ROI_28,9,665
,,
ROI_28,10,564
,,
ROI_28,11,512
,,
ROI_28,12,463
,,
ROI_28,13,461
,,
ROI_28,14,404
,,
ROI_28,15,429
,,
ROI_28,16,398
,,
ROI_28,17,356
,,
ROI_28,18,311
,,
ROI_28,19,312
,,
ROI_28,20,298
,,
ROI_28,21,335
,,
ROI_28,22,288
,,
ROI_28,23,287
,,
ROI_28,24,281
,,
ROI_28,25,231
,,
ROI_28,26,236
,,
ROI_28,27,268
,,
ROI_28,28,250
,,
ROI_28,29,211
,,
ROI_28,30,230
,,
ROI_28,31,211
,,
ROI_28,32,208
,,
ROI_28,33,231
,,
ROI_28,34,209
,,
ROI_28,35,177
,,
ROI_28,36,211
,,
ROI_28,37,156
,,
ROI_28,38,190
,,
ROI_28,39,186
,,
ROI_28,40,177
,,
ROI_28,41,169
,,
ROI_28,42,156
,,
ROI_28,43,144
,,
ROI_28,44,151
,,
ROI_28,45,166
,,
ROI_28,46,137
,,
ROI_28,47,140
,,
ROI_28,48,119
,,
ROI_28,49,133
,,
ROI_28,50,127
,,
ROI_28,51,140
,,
ROI_28,52,105
,,
ROI_28,53,111
,,
ROI_28,54,103
,,
ROI_28,55,92
,,
ROI_28,56,112
,,
ROI_28,57,94
,,
ROI_28,58,93
,,
ROI_28,59,89
,,
ROI_28,60,98
,,
ROI_28,61,81
,,
ROI_28,62,91
,,
ROI_28,63,85
,,
ROI_28,64,77
,,
ROI_28,65,83
,,
ROI_28,66,72
,,
ROI_28,67,79
,,
ROI_28,68,87
,,
ROI_28,69,72
,,
ROI_28,70,65
,,
ROI_28,71,55
,,
ROI_28,72,68
,,
ROI_28,73,65
,,
ROI_28,74,57
,,
ROI_28,75,65
,,
ROI_28,76,69
,,
ROI_28,77,56
,,
ROI_28,78,64
,,
ROI_28,79,57
,,
ROI_28,80,65
,,
ROI_28,81,61
,,
ROI_28,82,61
,,
ROI_28,83,54
,,
ROI_28,84,71
,,
ROI_28,85,45
,,
ROI_28,86,57
,,
ROI_28,87,60
,,
ROI_28,88,48
,,
ROI_28,89,46
,,
ROI_28,90,46
,,
ROI_28,91,47
,,
ROI_28,92,61
,,
ROI_28,93,35
,,
ROI_28,94,48
,,
ROI_28,95,47
,,
ROI_28,96,37
,,
ROI_28,97,43
,,
ROI_28,98,53
,,
ROI_28,99,55
,,
ROI_28,100,30
,,
ROI_28,101,26
,,
ROI_28,102,40
,,
ROI_28,103,36
,,
ROI_28,104,40
,,
ROI_28,105,40
,,
ROI_28,106,36
,,
ROI_28,107,45
,,
ROI_28,108,35
,,
ROI_28,109,29
,,
ROI_28,110,41
,,
ROI_28,111,27
,,
ROI_28,112,37
,,
ROI_28,113,37
,,
ROI_28,114,31
,,
ROI_28,115,26
,,
ROI_28,116,35
,,
ROI_28,117,34
,,
ROI_28,118,29
,,
ROI_28,119,26
,,
ROI_28,120,33
,,
ROI_28,121,24
,,
ROI_28,122,27
,,
ROI_28,123,23
,,
ROI_28,124,27
,,
ROI_28,125,25
,,
ROI_28,126,24
,,
ROI_28,127,32
,,
ROI_28,128,32
,,
ROI_28,129,24
,,
ROI_28,130,23
,,
ROI_28,131,20
,,
ROI_28,132,23
,,
ROI_28,133,26
,,
ROI_28,134,20
,,
ROI_28,135,17
,,
ROI_28,136,25
,,
ROI_28,137,21
,,
ROI_28,138,21
,,
ROI_28,139,22
,,
ROI_28,140,23
,,
ROI_28,141,26
,,
ROI_28,142,21
,,
ROI_28,143,18
,,
ROI_28,144,17
,,
ROI_28,145,20
,,
ROI_28,146,18
,,
ROI_28,147,19
,,
ROI_28,148,17
,,
ROI_28,149,11
,,
ROI_28,150,12
,,
ROI_28,151,24
,,
ROI_28,152,25
,,
ROI_28,153,17
,,
ROI_28,154,11
,,
ROI_28,155,17
,,
ROI_28,156,11
,,
ROI_28,157,11
,,
ROI_28,158,18
,,
ROI_28,159,23
,,
ROI_28,160,18
,,
ROI_28,161,13
,,
ROI_28,162,16
,,
ROI_28,163,18
,,
ROI_28,164,23
,,
ROI_28,165,12
,,
ROI_28,166,15
,,
ROI_28,167,22
,,
ROI_28,168,10
,,
ROI_28,169,16
,,
ROI_28,170,14
,,
ROI_28,171,18
,,
ROI_28,172,10
,,
ROI_28,173,15
,,
ROI_28,174,18
,,
ROI_28,175,6
,,
ROI_28,176,19
,,
ROI_28,177,7
,,
ROI_28,178,12
,,
ROI_28,179,10
,,
ROI_28,180,11
,,
ROI_28,181,16
,,
ROI_28,182,8
,,
ROI_28,183,10
,,
ROI_28,184,7
,,
ROI_28,185,8
,,
ROI_28,186,16
,,
ROI_28,187,15
,,
ROI_28,188,13
,,
ROI_28,189,16
,,
ROI_28,190,8
,,
ROI_28,191,13
,,
ROI_28,192,10
,,
ROI_28,193,16
,,
ROI_28,194,9
,,
ROI_28,195,6
,,
ROI_28,196,7
,,
ROI_28,197,11
,,
ROI_28,198,12
,,
ROI_28,199,16
,,
ROI_28,200,12
,,
ROI_28,201,11
,,
ROI_28,202,8
,,
ROI_28,203,12
,,
ROI_28,204,10
,,
ROI_28,205,8
,,
ROI_28,206,12
,,
ROI_28,207,3
,,
ROI_28,208,8
,,
ROI_28,209,9
,,
ROI_28,210,6
,,
ROI_28,211,6
,,
ROI_28,212,6
,,
ROI_28,213,9
,,
ROI_28,214,9
,,
ROI_28,215,12
,,
ROI_28,216,13
,,
ROI_28,217,8
,,
ROI_28,218,2
,,
ROI_28,219,6
,,
ROI_28,220,4
,,
ROI_28,221,7
,,
ROI_28,222,10
,,
ROI_28,223,9
,,
ROI_28,224,6
,,
ROI_28,225,5
,,
ROI_28,226,7
,,
ROI_28,227,3
,,
ROI_28,228,10
,,
ROI_28,229,6
,,
ROI_28,230,9
,,
ROI_28,231,4
,,
ROI_28,232,1
,,
ROI_28,233,7
,,
ROI_28,234,7
,,
ROI_28,235,4
,,
ROI_28,236,8
,,
ROI_28,237,6
,,
ROI_28,238,7
,,
ROI_28,239,10
,,
ROI_28,240,3
,,
ROI_28,241,4
,,
ROI_28,242,3
,,
ROI_28,243,2
,,
ROI_28,244,5
,,
ROI_28,245,2
,,
ROI_28,246,5
,,
ROI_28,247,6
,,
ROI_28,248,6
,,
ROI_28,249,6
,,
ROI_28,250,4
,,
ROI_28,251,2
,,
ROI_28,252,4
,,
ROI_28,253,6
,,
ROI_28,254,2
,,
ROI_28,255,432
,,
ROI_29,0,1205
,,
ROI_29,1,797
,,
ROI_29,2,838
,,
ROI_29,3,1005
,,
ROI_29,4,878
,,
ROI_29,5,731
,,
ROI_29,6,742
,,
ROI_29,7,641
,,
ROI_29,8,659
,,
ROI_29,9,707
,,
ROI_29,10,601
,,
ROI_29,11,633
,,
ROI_29,12,492
,,
ROI_29,13,528
,,
ROI_29,14,502
,,
ROI_29,15,563
,,
ROI_29,16,466
,,
ROI_29,17,455
,,
ROI_29,18,421
,,
ROI_29,19,395
,,
ROI_29,20,360
,,
ROI_29,21,414
,,
ROI_29,22,361
,,
ROI_29,23,334
,,
ROI_29,24,314
,,
ROI_29,25,285
,,
ROI_29,26,289
,,
ROI_29,27,291
,,
ROI_29,28,219
,,
ROI_29,29,248
,,
ROI_29,30,224
,,
ROI_29,31,203
,,
ROI_29,32,226
,,
ROI_29,33,247
,,
ROI_29,34,199
,,
ROI_29,35,210
,,
ROI_29,36,197
,,
ROI_29,37,158
,,
ROI_29,38,162
,,
ROI_29,39,199
,,
ROI_29,40,176
,,
ROI_29,41,137
,,
ROI_29,42,156
,,
ROI_29,43,149
,,
ROI_29,44,171
,,
ROI_29,45,146
,,
ROI_29,46,154
,,
ROI_29,47,125
,,
ROI_29,48,121
,,
ROI_29,49,115
,,
ROI_29,50,115
,,
ROI_29,51,138
,,
ROI_29,52,110
,,
ROI_29,53,124
,,
ROI_29,54,97
,,
ROI_29,55,99
,,
ROI_29,56,90
,,
ROI_29,57,112
,,
ROI_29,58,111
,,
ROI_29,59,100
,,
ROI_29,60,82
,,
ROI_29,61,90
,,
ROI_29,62,89
,,
ROI_29,63,85
,,
ROI_29,64,89
,,
ROI_29,65,87
,,
ROI_29,66,94
,,
ROI_29,67,72
,,
ROI_29,68,81
,,
ROI_29,69,67
,,
ROI_29,70,68
,,
ROI_29,71,63
,,
ROI_29,72,73
,,
ROI_29,73,78
,,
ROI_29,74,77
,,
ROI_29,75,53
,,
ROI_29,76,69
,,
ROI_29,77,66
,,
ROI_29,78,71
,,
ROI_29,79,63
,,
ROI_29,80,62
,,
ROI_29,81,60
,,
ROI_29,82,53
,,
ROI_29,83,51
,,
ROI_29,84,51
,,
ROI_29,85,55
,,
ROI_29,86,55
,,
ROI_29,87,28
,,
ROI_29,88,44
,,
ROI_29,89,49
,,
ROI_29,90,47
,,
ROI_29,91,46
,,
ROI_29,92,47
,,
ROI_29,93,42
,,
ROI_29,94,44
,,
ROI_29,95,48
,,
ROI_29,96,43
,,
ROI_29,97,40
,,
ROI_29,98,49
,,
ROI_29,99,43
,,
ROI_29,100,40
,,
ROI_29,101,32
,,
ROI_29,102,35
,,
ROI_29,103,39
,,
ROI_29,104,49
,,
ROI_29,105,42
,,
ROI_29,106,39
,,
ROI_29,107,25
,,
ROI_29,108,38
,,
ROI_29,109,39
,,
ROI_29,110,39
,,
ROI_29,111,26
,,
ROI_29,112,31
,,
ROI_29,113,37
,,
ROI_29,114,30
,,
ROI_29,115,28
,,
ROI_29,116,30
,,
ROI_29,117,26
,,
ROI_29,118,25
,,
ROI_29,119,26
,,
ROI_29,120,25
,,
ROI_29,121,30
,,
ROI_29,122,27
,,
ROI_29,123,24
,,
ROI_29,124,26
,,
ROI_29,125,25
,,
ROI_29,126,22
,,
ROI_29,127,25
,,
ROI_29,128,28
,,
ROI_29,129,23
,,
ROI_29,130,26
,,
ROI_29,131,30
,,
ROI_29,132,23
,,
ROI_29,133,22
,,
ROI_29,134,22
,,
ROI_29,135,27
,,
ROI_29,136,26
,,
ROI_29,137,19
,,
ROI_29,138,22
,,
ROI_29,139,23
,,
ROI_29,140,24
,,
ROI_29,141,10
,,
ROI_29,142,20
,,
ROI_29,143,14
,,
ROI_29,144,27
,,
ROI_29,145,19
,,
ROI_29,146,21
,,
ROI_29,147,29
,,
ROI_29,148,23
,,
ROI_29,149,20
,,
ROI_29,150,15
,,
ROI_29,151,21
,,
ROI_29,152,23
,,
ROI_29,153,12
,,
ROI_29,154,16
,,
ROI_29,155,19
,,
ROI_29,156,9
,,
ROI_29,157,20
,,
ROI_29,158,22
,,
ROI_29,159,19
,,
ROI_29,160,15
,,
ROI_29,161,23
,,
ROI_29,162,15
,,
ROI_29,163,14
,,
ROI_29,164,18
,,
ROI_29,165,18
,,
ROI_29,166,12
,,
ROI_29,167,10
,,
ROI_29,168,9
,,
ROI_29,169,10
,,
ROI_29,170,10
,,
ROI_29,171,7
,,
ROI_29,172,14
,,
ROI_29,173,22
,,
ROI_29,174,12
,,
ROI_29,175,15
,,
ROI_29,176,14
,,
ROI_29,177,8
,,
ROI_29,178,11
,,
ROI_29,179,10
,,
ROI_29,180,12
,,
ROI_29,181,15
,,
ROI_29,182,19
,,
ROI_29,183,12
,,
ROI_29,184,4
,,
ROI_29,185,9
,,
ROI_29,186,12
,,
ROI_29,187,13
,,
ROI_29,188,13
,,
ROI_29,189,11
,,
ROI_29,190,12
,,
ROI_29,191,11
,,
ROI_29,192,6
,,
ROI_29,193,10
,,
ROI_29,194,6
,,
ROI_29,195,5
,,
ROI_29,196,9
,,
ROI_29,197,10
,,
ROI_29,198,10
,,
ROI_29,199,14
,,
ROI_29,200,8
,,
ROI_29,201,9
,,
ROI_29,202,13
,,
ROI_29,203,7
,,
ROI_29,204,11
,,
ROI_29,205,12
,,
ROI_29,206,9
,,
ROI_29,207,14
,,
ROI_29,208,10
,,
ROI_29,209,9
,,
ROI_29,210,12
,,
ROI_29,211,9
,,
ROI_29,212,5
,,
ROI_29,213,8
,,
ROI_29,214,8
,,
ROI_29,215,8
,,
ROI_29,216,8
,,
ROI_29,217,6
,,
ROI_29,218,12
,,
ROI_29,219,9
,,
ROI_29,220,2
,,
ROI_29,221,3
,,
ROI_29,222,8
,,
ROI_29,223,7
,,
ROI_29,224,2
,,
ROI_29,225,15
,,
ROI_29,226,11
,,
ROI_29,227,4
,,
ROI_29,228,8
,,
ROI_29,229,9
,,
ROI_29,230,2
,,
ROI_29,231,8
,,
ROI_29,232,8
,,
ROI_29,233,4
,,
ROI_29,234,4
,,
ROI_29,235,4
,,
ROI_29,236,10
,,
ROI_29,237,13
,,
ROI_29,238,4
,,
ROI_29,239,3
,,
ROI_29,240,5
,,
ROI_29,241,6
,,
ROI_29,242,13
,,
ROI_29,243,5
,,
ROI_29,244,1
,,
ROI_29,245,4
,,
ROI_29,246,3
,,
ROI_29,247,9
,,
ROI_29,248,5
,,
ROI_29,249,5
,,
ROI_29,250,6
,,
ROI_29,251,6
,,
ROI_29,252,6
,,
ROI_29,253,5
,,
ROI_29,254,5
,,
ROI_29,255,600
,,
ROI_30,0,0
,,
ROI_30,1,0
,,
ROI_30,2,3
,,
ROI_30,3,4
,,
ROI_30,4,5
,,
ROI_30,5,7
,,
ROI_30,6,6
,,
ROI_30,7,6
,,
ROI_30,8,3
,,
ROI_30,9,5
,,
ROI_30,10,11
,,
ROI_30,11,7
,,
ROI_30,12,4
,,
ROI_30,13,7
,,
ROI_30,14,6
,,
ROI_30,15,8
,,
ROI_30,16,6
,,
ROI_30,17,6
,,
ROI_30,18,12
,,
ROI_30,19,12
,,
ROI_30,20,12
,,
ROI_30,21,10
,,
ROI_30,22,10
,,
ROI_30,23,11
,,
ROI_30,24,14
,,
ROI_30,25,9
,,
ROI_30,26,10
,,
ROI_30,27,14
,,
ROI_30,28,14
,,
ROI_30,29,9
,,
ROI_30,30,11
,,
ROI_30,31,15
,,
ROI_30,32,9
,,
ROI_30,33,17
,,
ROI_30,34,14
,,
ROI_30,35,12
,,
ROI_30,36,8
,,
ROI_30,37,9
,,
ROI_30,38,9
,,
ROI_30,39,12
,,
ROI_30,40,8
,,
ROI_30,41,10
,,
ROI_30,42,5
,,
ROI_30,43,12
,,
ROI_30,44,5
,,
ROI_30,45,12
,,
ROI_30,46,9
,,
ROI_30,47,8
,,
ROI_30,48,7
,,
ROI_30,49,9
,,
ROI_30,50,2
,,
ROI_30,51,12
,,
ROI_30,52,3
,,
ROI_30,53,10
,,
ROI_30,54,5
,,
ROI_30,55,9
,,
ROI_30,56,4
,,
ROI_30,57,5
,,
ROI_30,58,8
,,
ROI_30,59,5
,,
ROI_30,60,8
,,
ROI_30,61,5
,,
ROI_30,62,11
,,
ROI_30,63,6
,,
ROI_30,64,3
,,
ROI_30,65,11
,,
ROI_30,66,5
,,
ROI_30,67,5
,,
ROI_30,68,6
,,
ROI_30,69,8
,,
ROI_30,70,3
,,
ROI_30,71,1
,,
ROI_30,72,6
,,
ROI_30,73,5
,,
ROI_30,74,8
,,
ROI_30,75,4
,,
ROI_30,76,3
,,
ROI_30,77,9
,,
ROI_30,78,7
,,
ROI_30,79,6
,,
ROI_30,80,1
,,
ROI_30,81,5
,,
ROI_30,82,3
,,
ROI_30,83,4
,,
ROI_30,84,5
,,
ROI_30,85,6
,,
ROI_30,86,9
,,
ROI_30,87,7
,,
ROI_30,88,7
,,
ROI_30,89,8
,,
ROI_30,90,6
,,
ROI_30,91,6
,,
ROI_30,92,1
,,
ROI_30,93,6
,,
ROI_30,94,0
,,
ROI_30,95,6
,,
ROI_30,96,2
,,
ROI_30,97,6
,,
ROI_30,98,4
,,
ROI_30,99,2
,,
ROI_30,100,4
,,
ROI_30,101,1
,,
ROI_30,102,7
,,
ROI_30,103,2
,,
ROI_30,104,6
,,
ROI_30,105,2
,,
ROI_30,106,3
,,
ROI_30,107,7
,,
ROI_30,108,5
,,
ROI_30,109,1
,,
ROI_30,110,4
,,
ROI_30,111,5
,,
ROI_30,112,6
,,
ROI_30,113,9
,,
ROI_30,114,1
,,
ROI_30,115,6
,,
ROI_30,116,5
,,
ROI_30,117,4
,,
ROI_30,118,6
,,
ROI_30,119,5
,,
ROI_30,120,4
,,
ROI_30,121,4
,,
ROI_30,122,3
,,
ROI_30,123,6
,,
ROI_30,124,6
,,
ROI_30,125,2
,,
ROI_30,126,1
,,
ROI_30,127,5
,,
ROI_30,128,5
,,
ROI_30,129,8
,,
ROI_30,130,4
,,
ROI_30,131,3
,,
ROI_30,132,4
,,
ROI_30,133,2
,,
ROI_30,134,5
,,
ROI_30,135,4
,,
ROI_30,136,4
,,
ROI_30,137,6
,,
ROI_30,138,3
,,
ROI_30,139,3
,,
ROI_30,140,0
,,
ROI_30,141,1
,,
ROI_30,142,1
,,
ROI_30,143,4
,,
ROI_30,144,4
,,
ROI_30,145,2
,,
ROI_30,146,2
,,
ROI_30,147,4
,,
ROI_30,148,0
,,
ROI_30,149,2
,,
ROI_30,150,1
,,
ROI_30,151,4
,,
ROI_30,152,2
,,
ROI_30,153,6
,,
ROI_30,154,4
,,
ROI_30,155,3
,,
ROI_30,156,2
,,
ROI_30,157,4
,,
ROI_30,158,3
,,
ROI_30,159,2
,,
ROI_30,160,1
,,
ROI_30,161,3
,,
ROI_30,162,3
,,
ROI_30,163,3
,,
ROI_30,164,4
,,
ROI_30,165,3
,,
ROI_30,166,3
,,
ROI_30,167,0
,,
ROI_30,168,4
,,
ROI_30,169,3
,,
ROI_30,170,2
,,
ROI_30,171,5
,,
ROI_30,172,3
,,
ROI_30,173,4
,,
ROI_30,174,3
,,
ROI_30,175,2
,,
ROI_30,176,5
,,
ROI_30,177,2
,,
ROI_30,178,3
,,
ROI_30,179,2
,,
ROI_30,180,3
,,
ROI_30,181,1
,,
ROI_30,182,4
,,
ROI_30,183,4
,,
ROI_30,184,3
,,
ROI_30,185,2
,,
ROI_30,186,2
,,
ROI_30,187,2
,,
ROI_30,188,3
,,
ROI_30,189,1
,,
ROI_30,190,2
,,
ROI_30,191,2
,,
ROI_30,192,1
,,
ROI_30,193,3
,,
ROI_30,194,2
,,
ROI_30,195,4
,,
ROI_30,196,2
,,
ROI_30,197,3
,,
ROI_30,198,0
,,
ROI_30,199,3
,,
ROI_30,200,6
,,
ROI_30,201,2
,,
ROI_30,202,0
,,
ROI_30,203,1
,,
ROI_30,204,1
,,
ROI_30,205,1
,,
ROI_30,206,0
,,
ROI_30,207,1
,,
ROI_30,208,2
,,
ROI_30,209,0
,,
ROI_30,210,1
,,
ROI_30,211,0
,,
ROI_30,212,0
,,
ROI_30,213,1
,,
ROI_30,214,3
,,
ROI_30,215,1
,,
ROI_30,216,3
,,
ROI_30,217,5
,,
ROI_30,218,0
,,
ROI_30,219,2
,,
ROI_30,220,0
,,
ROI_30,221,1
,,
ROI_30,222,0
,,
ROI_30,223,1
,,
ROI_30,224,3
,,
ROI_30,225,2
,,
ROI_30,226,0
,,
ROI_30,227,0
,,
ROI_30,228,1
,,
ROI_30,229,2
,,
ROI_30,230,1
,,
ROI_30,231,0
,,
ROI_30,232,0
,,
ROI_30,233,0
,,
ROI_30,234,0
,,
ROI_30,235,1
,,
ROI_30,236,1
,,
ROI_30,237,1
,,
ROI_30,238,1
,,
ROI_30,239,3
,,
ROI_30,240,1
,,
ROI_30,241,2
,,
ROI_30,242,1
,,
ROI_30,243,2
,,
ROI_30,244,0
,,
ROI_30,245,1
,,
ROI_30,246,0
,,
ROI_30,247,0
,,
ROI_30,248,0
,,
ROI_30,249,0
,,
ROI_30,250,0
,,
ROI_30,251,0
,,
ROI_30,252,0
,,
ROI_30,253,0
,,
ROI_30,254,0
,,
ROI_30,255,69
,,
ROI_31,0,2
,,
ROI_31,1,1
,,
ROI_31,2,3
,,
ROI_31,3,18
,,
ROI_31,4,18
,,
ROI_31,5,23
,,
ROI_31,6,22
,,
ROI_31,7,28
,,
ROI_31,8,30
,,
ROI_31,9,24
,,
ROI_31,10,22
,,
ROI_31,11,11
,,
ROI_31,12,17
,,
ROI_31,13,22
,,
ROI_31,14,13
,,
ROI_31,15,19
,,
ROI_31,16,9
,,
ROI_31,17,20
,,
ROI_31,18,10
,,
ROI_31,19,6
,,
ROI_31,20,10
,,
ROI_31,21,18
,,
ROI_31,22,13
,,
ROI_31,23,11
,,
ROI_31,24,9
,,
ROI_31,25,11
,,
ROI_31,26,13
,,
ROI_31,27,10
,,
ROI_31,28,13
,,
ROI_31,29,8
,,
ROI_31,30,3
,,
ROI_31,31,5
,,
ROI_31,32,9
,,
ROI_31,33,15
,,
ROI_31,34,9
,,
ROI_31,35,8
,,
ROI_31,36,3
,,
ROI_31,37,11
,,
ROI_31,38,12
,,
ROI_31,39,2
,,
ROI_31,40,3
,,
ROI_31,41,8
,,
ROI_31,42,1
,,
ROI_31,43,7
,,
ROI_31,44,3
,,
ROI_31,45,7
,,
ROI_31,46,9
,,
ROI_31,47,7
,,
ROI_31,48,9
,,
ROI_31,49,5
,,
ROI_31,50,4
,,
ROI_31,51,4
,,
ROI_31,52,2
,,
ROI_31,53,5
,,
ROI_31,54,3
,,
ROI_31,55,4
,,
ROI_31,56,0
,,
ROI_31,57,2
,,
ROI_31,58,4
,,
ROI_31,59,0
,,
ROI_31,60,2
,,
ROI_31,61,1
,,
ROI_31,62,1
,,
ROI_31,63,3
,,
ROI_31,64,2
,,
ROI_31,65,2
,,
ROI_31,66,3
,,
ROI_31,67,2
,,
ROI_31,68,1
,,
ROI_31,69,1
,,
ROI_31,70,0
,,
ROI_31,71,0
,,
ROI_31,72,0
,,
ROI_31,73,1
,,
ROI_31,74,2
,,
ROI_31,75,2
,,
ROI_31,76,0
,,
ROI_31,77,1
,,
ROI_31,78,0
,,
ROI_31,79,0
,,
ROI_31,80,1
,,
ROI_31,81,0
,,
ROI_31,82,2
,,
ROI_31,83,0
,,
ROI_31,84,0
,,
ROI_31,85,1
,,
ROI_31,86,1
,,
ROI_31,87,0
,,
ROI_31,88,1
,,
ROI_31,89,0
,,
ROI_31,90,1
,,
ROI_31,91,0
,,
ROI_31,92,0
,,
ROI_31,93,0
,,
ROI_31,94,0
,,
ROI_31,95,1
,,
ROI_31,96,0
,,
ROI_31,97,0
,,
ROI_31,98,1
,,
ROI_31,99,0
,,
ROI_31,100,1
,,
ROI_31,101,0
,,
ROI_31,102,1
,,
ROI_31,103,0
,,
ROI_31,104,0
,,
ROI_31,105,0
,,
ROI_31,106,0
,,
ROI_31,107,1
,,
ROI_31,108,1
,,
ROI_31,109,0
,,
ROI_31,110,0
,,
ROI_31,111,0
,,
ROI_31,112,1
,,
ROI_31,113,1
,,
ROI_31,114,0
,,
ROI_31,115,0
,,
ROI_31,116,1
,,
ROI_31,117,0
,,
ROI_31,118,2
,,
ROI_31,119,0
,,
ROI_31,120,0
,,
ROI_31,121,0
,,
ROI_31,122,0
,,
ROI_31,123,0
,,
ROI_31,124,0
,,
ROI_31,125,0
,,
ROI_31,126,0
,,
ROI_31,127,0
,,
ROI_31,128,0
,,
ROI_31,129,0
,,
ROI_31,130,0
,,
ROI_31,131,0
,,
ROI_31,132,1
,,
ROI_31,133,0
,,
ROI_31,134,0
,,
ROI_31,135,0
,,
ROI_31,136,0
,,
ROI_31,137,0
,,
ROI_31,138,0
,,
ROI_31,139,0
,,
ROI_31,140,2
,,
ROI_31,141,0
,,
ROI_31,142,0
,,
ROI_31,143,0
,,
ROI_31,144,0
,,
ROI_31,145,0
,,
ROI_31,146,0
,,
ROI_31,147,0
,,
ROI_31,148,0
,,
ROI_31,149,1
,,
ROI_31,150,0
,,
ROI_31,151,1
,,
ROI_31,152,0
,,
ROI_31,153,0
,,
ROI_31,154,0
,,
ROI_31,155,0
,,
ROI_31,156,0
,,
ROI_31,157,0
,,
ROI_31,158,0
,,
ROI_31,159,0
,,
ROI_31,160,0
,,
ROI_31,161,0
,,
ROI_31,162,0
,,
ROI_31,163,0
,,
ROI_31,164,0
,,
ROI_31,165,0
,,
ROI_31,166,0
,,
ROI_31,167,0
,,
ROI_31,168,2
,,
ROI_31,169,1
,,
ROI_31,170,0
,,
ROI_31,171,1
,,
ROI_31,172,1
,,
ROI_31,173,1
,,
ROI_31,174,0
,,
ROI_31,175,0
,,
ROI_31,176,0
,,
ROI_31,177,0
,,
ROI_31,178,0
,,
ROI_31,179,0
,,
ROI_31,180,0
,,
ROI_31,181,0
,,
ROI_31,182,0
,,
ROI_31,183,0
,,
ROI_31,184,0
,,
ROI_31,185,0
,,
ROI_31,186,0
,,
ROI_31,187,0
,,
ROI_31,188,0
,,
ROI_31,189,1
,,
ROI_31,190,0
,,
ROI_31,191,1
,,
ROI_31,192,0
,,
ROI_31,193,0
,,
ROI_31,194,0
,,
ROI_31,195,1
,,
ROI_31,196,0
,,
ROI_31,197,0
,,
ROI_31,198,0
,,
ROI_31,199,0
,,
ROI_31,200,0
,,
ROI_31,201,0
,,
ROI_31,202,1
,,
ROI_31,203,0
,,
ROI_31,204,0
,,
ROI_31,205,0
,,
ROI_31,206,0
,,
ROI_31,207,0
,,
ROI_31,208,0
,,
ROI_31,209,0
,,
ROI_31,210,0
,,
ROI_31,211,0
,,
ROI_31,212,0
,,
ROI_31,213,0
,,
ROI_31,214,0
,,
ROI_31,215,0
,,
ROI_31,216,0
,,
ROI_31,217,0
,,
ROI_31,218,0
,,
ROI_31,219,0
,,
ROI_31,220,0
,,
ROI_31,221,0
,,
ROI_31,222,0
,,
ROI_31,223,0
,,
ROI_31,224,0
,,
ROI_31,225,0
,,
ROI_31,226,0
,,
ROI_31,227,0
,,
ROI_31,228,0
,,
ROI_31,229,0
,,
ROI_31,230,0
,,
ROI_31,231,0
,,
ROI_31,232,0
,,
ROI_31,233,0
,,
ROI_31,234,0
,,
ROI_31,235,0
,,
ROI_31,236,0
,,
ROI_31,237,1
,,
ROI_31,238,0
,,
ROI_31,239,0
,,
ROI_31,240,0
,,
ROI_31,241,0
,,
ROI_31,242,1
,,
ROI_31,243,0
,,
ROI_31,244,0
,,
ROI_31,245,0
,,
ROI_31,246,0
,,
ROI_31,247,0
,,
ROI_31,248,0
,,
ROI_31,249,0
,,
ROI_31,250,0
,,
ROI_31,251,0
,,
ROI_31,252,1
,,
ROI_31,253,1
,,
ROI_31,254,0
,,
ROI_31,255,0
,,
ROI_32,0,215
,,
ROI_32,1,51
,,
ROI_32,2,28
,,
ROI_32,3,25
,,
ROI_32,4,16
,,
ROI_32,5,18
,,
ROI_32,6,20
,,
ROI_32,7,13
,,
ROI_32,8,10
,,
ROI_32,9,13
,,
ROI_32,10,16
,,
ROI_32,11,17
,,
ROI_32,12,23
,,
ROI_32,13,22
,,
ROI_32,14,17
,,
ROI_32,15,18
,,
ROI_32,16,14
,,
ROI_32,17,19
,,
ROI_32,18,17
,,
ROI_32,19,12
,,
ROI_32,20,5
,,
ROI_32,21,13
,,
ROI_32,22,8
,,
ROI_32,23,8
,,
ROI_32,24,5
,,
ROI_32,25,9
,,
ROI_32,26,6
,,
ROI_32,27,9
,,
ROI_32,28,6
,,
ROI_32,29,6
,,
ROI_32,30,2
,,
ROI_32,31,8
,,
ROI_32,32,6
,,
ROI_32,33,6
,,
ROI_32,34,4
,,
ROI_32,35,7
,,
ROI_32,36,8
,,
ROI_32,37,2
,,
ROI_32,38,8
,,
ROI_32,39,7
,,
ROI_32,40,6
,,
ROI_32,41,8
,,
ROI_32,42,4
,,
ROI_32,43,6
,,
ROI_32,44,1
,,
ROI_32,45,5
,,
ROI_32,46,2
,,
ROI_32,47,6
,,
ROI_32,48,2
,,
ROI_32,49,2
,,
ROI_32,50,3
,,
ROI_32,51,2
,,
ROI_32,52,6
,,
ROI_32,53,3
,,
ROI_32,54,3
,,
ROI_32,55,6
,,
ROI_32,56,2
,,
ROI_32,57,6
,,
ROI_32,58,1
,,
ROI_32,59,3
,,
ROI_32,60,1
,,
ROI_32,61,2
,,
ROI_32,62,3
,,
ROI_32,63,4
,,
ROI_32,64,0
,,
ROI_32,65,5
,,
ROI_32,66,6
,,
ROI_32,67,4
,,
ROI_32,68,1
,,
ROI_32,69,4
,,
ROI_32,70,2
,,
ROI_32,71,1
,,
ROI_32,72,2
,,
ROI_32,73,4
,,
ROI_32,74,4
,,
ROI_32,75,1
,,
ROI_32,76,3
,,
ROI_32,77,3
,,
ROI_32,78,1
,,
ROI_32,79,3
,,
ROI_32,80,3
,,
ROI_32,81,0
,,
ROI_32,82,0
,,
ROI_32,83,1
,,
ROI_32,84,2
,,
ROI_32,85,0
,,
ROI_32,86,0
,,
ROI_32,87,1
,,
ROI_32,88,4
,,
ROI_32,89,0
,,
ROI_32,90,0
,,
ROI_32,91,4
,,
ROI_32,92,1
,,
ROI_32,93,0
,,
ROI_32,94,3
,,
ROI_32,95,0
,,
ROI_32,96,3
,,
ROI_32,97,3
,,
ROI_32,98,1
,,
ROI_32,99,2
,,
ROI_32,100,2
,,
ROI_32,101,2
,,
ROI_32,102,1
,,
ROI_32,103,2
,,
ROI_32,104,4
,,
ROI_32,105,1
,,
ROI_32,106,1
,,
ROI_32,107,0
,,
ROI_32,108,0
,,
ROI_32,109,0
,,
ROI_32,110,2
,,
ROI_32,111,2
,,
ROI_32,112,1
,,
ROI_32,113,0
,,
ROI_32,114,2
,,
ROI_32,115,0
,,
ROI_32,116,2
,,
ROI_32,117,2
,,
ROI_32,118,1
,,
ROI_32,119,1
,,
ROI_32,120,0
,,
ROI_32,121,0
,,
ROI_32,122,1
,,
ROI_32,123,3
,,
ROI_32,124,2
,,
ROI_32,125,2
,,
ROI_32,126,0
,,
ROI_32,127,0
,,
ROI_32,128,2
,,
ROI_32,129,0
,,
ROI_32,130,1
,,
ROI_32,131,0
,,
ROI_32,132,1
,,
ROI_32,133,2
,,
ROI_32,134,0
,,
ROI_32,135,0
,,
ROI_32,136,0
,,
ROI_32,137,0
,,
ROI_32,138,0
,,
ROI_32,139,2
,,
ROI_32,140,0
,,
ROI_32,141,0
,,
ROI_32,142,0
,,
ROI_32,143,3
,,
ROI_32,144,0
,,
ROI_32,145,1
,,
ROI_32,146,0
,,
ROI_32,147,0
,,
ROI_32,148,2
,,
ROI_32,149,1
,,
ROI_32,150,0
,,
ROI_32,151,2
,,
ROI_32,152,2
,,
ROI_32,153,1
,,
ROI_32,154,2
,,
ROI_32,155,0
,,
ROI_32,156,0
,,
ROI_32,157,2
,,
ROI_32,158,2
,,
ROI_32,159,1
,,
ROI_32,160,1
,,
ROI_32,161,1
,,
ROI_32,162,1
,,
ROI_32,163,2
,,
ROI_32,164,2
,,
ROI_32,165,3
,,
ROI_32,166,0
,,
ROI_32,167,1
,,
ROI_32,168,0
,,
ROI_32,169,0
,,
ROI_32,170,0
,,
ROI_32,171,0
,,
ROI_32,172,0
,,
ROI_32,173,1
,,
ROI_32,174,0
,,
ROI_32,175,1
,,
ROI_32,176,1
,,
ROI_32,177,0
,,
ROI_32,178,1
,,
ROI_32,179,1
,,
ROI_32,180,1
,,
ROI_32,181,0
,,
ROI_32,182,1
,,
ROI_32,183,2
,,
ROI_32,184,0
,,
ROI_32,185,0
,,
ROI_32,186,0
,,
ROI_32,187,2
,,
ROI_32,188,0
,,
ROI_32,189,1
,,
ROI_32,190,0
,,
ROI_32,191,0
,,
ROI_32,192,0
,,
ROI_32,193,0
,,
ROI_32,194,1
,,
ROI_32,195,0
,,
ROI_32,196,0
,,
ROI_32,197,0
,,
ROI_32,198,0
,,
ROI_32,199,0
,,
ROI_32,200,0
,,
ROI_32,201,0
,,
ROI_32,202,2
,,
ROI_32,203,1
,,
ROI_32,204,2
,,
ROI_32,205,1
,,
ROI_32,206,0
,,
ROI_32,207,0
,,
ROI_32,208,0
,,
ROI_32,209,0
,,
ROI_32,210,0
,,
ROI_32,211,0
,,
ROI_32,212,1
,,
ROI_32,213,3
,,
ROI_32,214,0
,,
ROI_32,215,0
,,
ROI_32,216,0
,,
ROI_32,217,0
,,
ROI_32,218,1
,,
ROI_32,219,0
,,
ROI_32,220,0
,,
ROI_32,221,0
,,
ROI_32,222,1
,,
ROI_32,223,0
,,
ROI_32,224,0
,,
ROI_32,225,1
,,
ROI_32,226,1
,,
ROI_32,227,0
,,
ROI_32,228,1
,,
ROI_32,229,0
,,
ROI_32,230,0
,,
ROI_32,231,0
,,
ROI_32,232,2
,,
ROI_32,233,1
,,
ROI_32,234,0
,,
ROI_32,235,0
,,
ROI_32,236,0
,,
ROI_32,237,0
,,
ROI_32,238,0
,,
ROI_32,239,0
,,
ROI_32,240,0
,,
ROI_32,241,1
,,
ROI_32,242,1
,,
ROI_32,243,0
,,
ROI_32,244,2
,,
ROI_32,245,0
,,
ROI_32,246,0
,,
ROI_32,247,0
,,
ROI_32,248,0
,,
ROI_32,249,0
,,
ROI_32,250,1
,,
ROI_32,251,1
,,
ROI_32,252,0
,,
ROI_32,253,0
,,
ROI_32,254,0
,,
ROI_32,255,23
,,
ROI_33,0,140
,,
ROI_33,1,125
,,
ROI_33,2,223
,,
ROI_33,3,268
,,
ROI_33,4,257
,,
ROI_33,5,277
,,
ROI_33,6,271
,,
ROI_33,7,245
,,
ROI_33,8,235
,,
ROI_33,9,251
,,
ROI_33,10,199
,,
ROI_33,11,174
,,
ROI_33,12,178
,,
ROI_33,13,156
,,
ROI_33,14,162
,,
ROI_33,15,183
,,
ROI_33,16,135
,,
ROI_33,17,154
,,
ROI_33,18,125
,,
ROI_33,19,130
,,
ROI_33,20,116
,,
ROI_33,21,132
,,
ROI_33,22,103
,,
ROI_33,23,102
,,
ROI_33,24,100
,,
ROI_33,25,112
,,
ROI_33,26,103
,,
ROI_33,27,105
,,
ROI_33,28,102
,,
ROI_33,29,98
,,
ROI_33,30,77
,,
ROI_33,31,69
,,
ROI_33,32,76
,,
ROI_33,33,74
,,
ROI_33,34,80
,,
ROI_33,35,56
,,
ROI_33,36,57
,,
ROI_33,37,80
,,
ROI_33,38,71
,,
ROI_33,39,69
,,
ROI_33,40,56
,,
ROI_33,41,75
,,
ROI_33,42,54
,,
ROI_33,43,50
,,
ROI_33,44,53
,,
ROI_33,45,47
,,
ROI_33,46,50
,,
ROI_33,47,33
,,
ROI_33,48,51
,,
ROI_33,49,47
,,
ROI_33,50,51
,,
ROI_33,51,48
,,
ROI_33,52,41
,,
ROI_33,53,31
,,
ROI_33,54,34
,,
ROI_33,55,42
,,
ROI_33,56,28
,,
ROI_33,57,43
,,
ROI_33,58,35
,,
ROI_33,59,35
,,
ROI_33,60,20
,,
ROI_33,61,39
,,
ROI_33,62,34
,,
ROI_33,63,26
,,
ROI_33,64,30
,,
ROI_33,65,30
,,
ROI_33,66,28
,,
ROI_33,67,34
,,
ROI_33,68,24
,,
ROI_33,69,35
,,
ROI_33,70,28
,,
ROI_33,71,23
,,
ROI_33,72,27
,,
ROI_33,73,29
,,
ROI_33,74,25
,,
ROI_33,75,26
,,
ROI_33,76,20
,,
ROI_33,77,24
,,
ROI_33,78,23
,,
ROI_33,79,23
,,
ROI_33,80,24
,,
ROI_33,81,25
,,
ROI_33,82,31
,,
ROI_33,83,18
,,
ROI_33,84,17
,,
ROI_33,85,19
,,
ROI_33,86,23
,,
ROI_33,87,16
,,
ROI_33,88,19
,,
ROI_33,89,15
,,
ROI_33,90,18
,,
ROI_33,91,18
,,
ROI_33,92,22
,,
ROI_33,93,13
,,
ROI_33,94,7
,,
ROI_33,95,19
,,
ROI_33,96,12
,,
ROI_33,97,15
,,
ROI_33,98,12
,,
ROI_33,99,15
,,
ROI_33,100,15
,,
ROI_33,101,15
,,
ROI_33,102,16
,,
ROI_33,103,6
,,
ROI_33,104,11
,,
ROI_33,105,5
,,
ROI_33,106,10
,,
ROI_33,107,12
,,
ROI_33,108,9
,,
ROI_33,109,14
,,
ROI_33,110,11
,,
ROI_33,111,22
,,
ROI_33,112,12
,,
ROI_33,113,4
,,
ROI_33,114,13
,,
ROI_33,115,9
,,
ROI_33,116,10
,,
ROI_33,117,11
,,
ROI_33,118,12
,,
ROI_33,119,15
,,
ROI_33,120,9
,,
ROI_33,121,16
,,
ROI_33,122,14
,,
ROI_33,123,8
,,
ROI_33,124,14
,,
ROI_33,125,10
,,
ROI_33,126,9
,,
ROI_33,127,7
,,
ROI_33,128,9
,,
ROI_33,129,15
,,
ROI_33,130,8
,,
ROI_33,131,11
,,
ROI_33,132,8
,,
ROI_33,133,11
,,
ROI_33,134,10
,,
ROI_33,135,8
,,
ROI_33,136,8
,,
ROI_33,137,7
,,
ROI_33,138,7
,,
ROI_33,139,4
,,
ROI_33,140,4
,,
ROI_33,141,10
,,
ROI_33,142,9
,,
ROI_33,143,10
,,
ROI_33,144,4
,,
ROI_33,145,8
,,
ROI_33,146,5
,,
ROI_33,147,3
,,
ROI_33,148,5
,,
ROI_33,149,4
,,
ROI_33,150,7
,,
ROI_33,151,3
,,
ROI_33,152,4
,,
ROI_33,153,5
,,
ROI_33,154,4
,,
ROI_33,155,5
,,
ROI_33,156,6
,,
ROI_33,157,13
,,
ROI_33,158,6
,,
ROI_33,159,5
,,
ROI_33,160,4
,,
ROI_33,161,5
,,
ROI_33,162,10
,,
ROI_33,163,8
,,
ROI_33,164,3
,,
ROI_33,165,3
,,
ROI_33,166,5
,,
ROI_33,167,8
,,
ROI_33,168,3
,,
ROI_33,169,6
,,
ROI_33,170,5
,,
ROI_33,171,4
,,
ROI_33,172,2
,,
ROI_33,173,3
,,
ROI_33,174,3
,,
ROI_33,175,3
,,
ROI_33,176,4
,,
ROI_33,177,4
,,
ROI_33,178,6
,,
ROI_33,179,6
,,
ROI_33,180,4
,,
ROI_33,181,4
,,
ROI_33,182,3
,,
ROI_33,183,1
,,
ROI_33,184,2
,,
ROI_33,185,4
,,
ROI_33,186,6
,,
ROI_33,187,4
,,
ROI_33,188,2
,,
ROI_33,189,1
,,
ROI_33,190,4
,,
ROI_33,191,6
,,
ROI_33,192,5
,,
ROI_33,193,5
,,
ROI_33,194,4
,,
ROI_33,195,5
,,
ROI_33,196,3
,,
ROI_33,197,3
,,
ROI_33,198,1
,,
ROI_33,199,2
,,
ROI_33,200,4
,,
ROI_33,201,3
,,
ROI_33,202,3
,,
ROI_33,203,4
,,
ROI_33,204,1
,,
ROI_33,205,3
,,
ROI_33,206,4
,,
ROI_33,207,2
,,
ROI_33,208,4
,,
ROI_33,209,1
,,
ROI_33,210,2
,,
ROI_33,211,2
,,
ROI_33,212,7
,,
ROI_33,213,2
,,
ROI_33,214,1
,,
ROI_33,215,2
,,
ROI_33,216,3
,,
ROI_33,217,5
,,
ROI_33,218,0
,,
ROI_33,219,2
,,
ROI_33,220,1
,,
ROI_33,221,2
,,
ROI_33,222,3
,,
ROI_33,223,3
,,
ROI_33,224,3
,,
ROI_33,225,4
,,
ROI_33,226,2
,,
ROI_33,227,2
,,
ROI_33,228,2
,,
ROI_33,229,5
,,
ROI_33,230,0
,,
ROI_33,231,0
,,
ROI_33,232,0
,,
ROI_33,233,2
,,
ROI_33,234,1
,,
ROI_33,235,4
,,
ROI_33,236,1
,,
ROI_33,237,2
,,
ROI_33,238,4
,,
ROI_33,239,0
,,
ROI_33,240,3
,,
ROI_33,241,3
,,
ROI_33,242,3
,,
ROI_33,243,1
,,
ROI_33,244,6
,,
ROI_33,245,2
,,
ROI_33,246,3
,,
ROI_33,247,3
,,
ROI_33,248,1
,,
ROI_33,249,2
,,
ROI_33,250,1
,,
ROI_33,251,2
,,
ROI_33,252,3
,,
ROI_33,253,1
,,
ROI_33,254,2
,,
ROI_33,255,219
,,
ROI_34,0,75
,,
ROI_34,1,79
,,
ROI_34,2,110
,,
ROI_34,3,114
,,
ROI_34,4,93
,,
ROI_34,5,60
,,
ROI_34,6,75
,,
ROI_34,7,77
,,
ROI_34,8,53
,,
ROI_34,9,67
,,
ROI_34,10,61
,,
ROI_34,11,54
,,
ROI_34,12,47
,,
ROI_34,13,57
,,
ROI_34,14,44
,,
ROI_34,15,51
,,
ROI_34,16,40
,,
ROI_34,17,47
,,
ROI_34,18,36
,,
ROI_34,19,44
,,
ROI_34,20,33
,,
ROI_34,21,36
,,
ROI_34,22,33
,,
ROI_34,23,30
,,
ROI_34,24,27
,,
ROI_34,25,26
,,
ROI_34,26,24
,,
ROI_34,27,23
,,
ROI_34,28,18
,,
ROI_34,29,16
,,
ROI_34,30,17
,,
ROI_34,31,16
,,
ROI_34,32,16
,,
ROI_34,33,21
,,
ROI_34,34,18
,,
ROI_34,35,20
,,
ROI_34,36,18
,,
ROI_34,37,14
,,
ROI_34,38,8
,,
ROI_34,39,27
,,
ROI_34,40,11
,,
ROI_34,41,13
,,
ROI_34,42,9
,,
ROI_34,43,16
,,
ROI_34,44,12
,,
ROI_34,45,12
,,
ROI_34,46,16
,,
ROI_34,47,16
,,
ROI_34,48,11
,,
ROI_34,49,14
,,
ROI_34,50,17
,,
ROI_34,51,18
,,
ROI_34,52,17
,,
ROI_34,53,11
,,
ROI_34,54,3
,,
ROI_34,55,9
,,
ROI_34,56,11
,,
ROI_34,57,19
,,
ROI_34,58,10
,,
ROI_34,59,9
,,
ROI_34,60,7
,,
ROI_34,61,9
,,
ROI_34,62,12
,,
ROI_34,63,12
,,
ROI_34,64,17
,,
ROI_34,65,8
,,
ROI_34,66,13
,,
ROI_34,67,14
,,
ROI_34,68,11
,,
ROI_34,69,6
,,
ROI_34,70,13
,,
ROI_34,71,14
,,
ROI_34,72,10
,,
ROI_34,73,5
,,
ROI_34,74,9
,,
ROI_34,75,10
,,
ROI_34,76,10
,,
ROI_34,77,13
,,
ROI_34,78,7
,,
ROI_34,79,19
,,
ROI_34,80,13
,,
ROI_34,81,8
,,
ROI_34,82,7
,,
ROI_34,83,12
,,
ROI_34,84,5
,,
ROI_34,85,5
,,
ROI_34,86,4
,,
ROI_34,87,9
,,
ROI_34,88,7
,,
ROI_34,89,13
,,
ROI_34,90,3
,,
ROI_34,91,8
,,
ROI_34,92,10
,,
ROI_34,93,6
,,
ROI_34,94,13
,,
ROI_34,95,4
,,
ROI_34,96,5
,,
ROI_34,97,10
,,
ROI_34,98,8
,,
ROI_34,99,5
,,
ROI_34,100,4
,,
ROI_34,101,5
,,
ROI_34,102,4
,,
ROI_34,103,6
,,
ROI_34,104,4
,,
ROI_34,105,4
,,
ROI_34,106,2
,,
ROI_34,107,2
,,
ROI_34,108,5
,,
ROI_34,109,6
,,
ROI_34,110,9
,,
ROI_34,111,2
,,
ROI_34,112,6
,,
ROI_34,113,3
,,
ROI_34,114,5
,,
ROI_34,115,5
,,
ROI_34,116,4
,,
ROI_34,117,6
,,
ROI_34,118,6
,,
ROI_34,119,3
,,
ROI_34,120,6
,,
ROI_34,121,4
,,
ROI_34,122,4
,,
ROI_34,123,3
,,
ROI_34,124,2
,,
ROI_34,125,4
,,
ROI_34,126,2
,,
ROI_34,127,0
,,
ROI_34,128,4
,,
ROI_34,129,2
,,
ROI_34,130,3
,,
ROI_34,131,2
,,
ROI_34,132,2
,,
ROI_34,133,2
,,
ROI_34,134,5
,,
ROI_34,135,3
,,
ROI_34,136,2
,,
ROI_34,137,4
,,
ROI_34,138,2
,,
ROI_34,139,3
,,
ROI_34,140,2
,,
ROI_34,141,2
,,
ROI_34,142,3
,,
ROI_34,143,2
,,
ROI_34,144,3
,,
ROI_34,145,3
,,
ROI_34,146,2
,,
ROI_34,147,4
,,
ROI_34,148,2
,,
ROI_34,149,0
,,
ROI_34,150,2
,,
ROI_34,151,2
,,
ROI_34,152,3
,,
ROI_34,153,3
,,
ROI_34,154,0
,,
ROI_34,155,3
,,
ROI_34,156,1
,,
ROI_34,157,3
,,
ROI_34,158,3
,,
ROI_34,159,1
,,
ROI_34,160,2
,,
ROI_34,161,2
,,
ROI_34,162,1
,,
ROI_34,163,1
,,
ROI_34,164,1
,,
ROI_34,165,1
,,
ROI_34,166,1
,,
ROI_34,167,1
,,
ROI_34,168,2
,,
ROI_34,169,1
,,
ROI_34,170,0
,,
ROI_34,171,1
,,
ROI_34,172,0
,,
ROI_34,173,0
,,
ROI_34,174,0
,,
ROI_34,175,5
,,
ROI_34,176,3
,,
ROI_34,177,2
,,
ROI_34,178,0
,,
ROI_34,179,0
,,
ROI_34,180,1
,,
ROI_34,181,1
,,
ROI_34,182,1
,,
ROI_34,183,2
,,
ROI_34,184,3
,,
ROI_34,185,0
,,
ROI_34,186,1
,,
ROI_34,187,0
,,
ROI_34,188,2
,,
ROI_34,189,1
,,
ROI_34,190,0
,,
ROI_34,191,0
,,
ROI_34,192,2
,,
ROI_34,193,2
,,
ROI_34,194,1
,,
ROI_34,195,0
,,
ROI_34,196,1
,,
ROI_34,197,0
,,
ROI_34,198,1
,,
ROI_34,199,4
,,
ROI_34,200,5
,,
ROI_34,201,2
,,
ROI_34,202,0
,,
ROI_34,203,1
,,
ROI_34,204,1
,,
ROI_34,205,0
,,
ROI_34,206,1
,,
ROI_34,207,3
,,
ROI_34,208,0
,,
ROI_34,209,6
,,
ROI_34,210,1
,,
ROI_34,211,2
,,
ROI_34,212,3
,,
ROI_34,213,0
,,
ROI_34,214,1
,,
ROI_34,215,0
,,
ROI_34,216,1
,,
ROI_34,217,2
,,
ROI_34,218,2
,,
ROI_34,219,1
,,
ROI_34,220,1
,,
ROI_34,221,2
,,
ROI_34,222,0
,,
ROI_34,223,1
,,
ROI_34,224,0
,,
ROI_34,225,1
,,
ROI_34,226,1
,,
ROI_34,227,3
,,
ROI_34,228,2
,,
ROI_34,229,0
,,
ROI_34,230,1
,,
ROI_34,231,0
,,
ROI_34,232,1
,,
ROI_34,233,1
,,
ROI_34,234,0
,,
ROI_34,235,2
,,
ROI_34,236,1
,,
ROI_34,237,1
,,
ROI_34,238,1
,,
ROI_34,239,2
,,
ROI_34,240,0
,,
ROI_34,241,0
,,
ROI_34,242,1
,,
ROI_34,243,1
,,
ROI_34,244,1
,,
ROI_34,245,1
,,
ROI_34,246,1
,,
ROI_34,247,3
,,
ROI_34,248,1
,,
ROI_34,249,0
,,
ROI_34,250,2
,,
ROI_34,251,1
,,
ROI_34,252,0
,,
ROI_34,253,1
,,
ROI_34,254,1
,,
ROI_34,255,44
,,
ROI_35,0,3
,,
ROI_35,1,9
,,
ROI_35,2,26
,,
ROI_35,3,28
,,
ROI_35,4,32
,,
ROI_35,5,34
,,
ROI_35,6,17
,,
ROI_35,7,15
,,
ROI_35,8,23
,,
ROI_35,9,16
,,
ROI_35,10,14
,,
ROI_35,11,20
,,
ROI_35,12,14
,,
ROI_35,13,14
,,
ROI_35,14,11
,,
ROI_35,15,8
,,
ROI_35,16,8
,,
ROI_35,17,11
,,
ROI_35,18,11
,,
ROI_35,19,8
,,
ROI_35,20,4
,,
ROI_35,21,10
,,
ROI_35,22,4
,,
ROI_35,23,3
,,
ROI_35,24,10
,,
ROI_35,25,7
,,
ROI_35,26,2
,,
ROI_35,27,5
,,
ROI_35,28,5
,,
ROI_35,29,4
,,
ROI_35,30,4
,,
ROI_35,31,2
,,
ROI_35,32,1
,,
ROI_35,33,2
,,
ROI_35,34,1
,,
ROI_35,35,1
,,
ROI_35,36,1
,,
ROI_35,37,0
,,
ROI_35,38,0
,,
ROI_35,39,4
,,
ROI_35,40,2
,,
ROI_35,41,0
,,
ROI_35,42,1
,,
ROI_35,43,1
,,
ROI_35,44,2
,,
ROI_35,45,0
,,
ROI_35,46,3
,,
ROI_35,47,0
,,
ROI_35,48,0
,,
ROI_35,49,0
,,
ROI_35,50,2
,,
ROI_35,51,2
,,
ROI_35,52,4
,,
ROI_35,53,1
,,
ROI_35,54,1
,,
ROI_35,55,1
,,
ROI_35,56,0
,,
ROI_35,57,0
,,
ROI_35,58,0
,,
ROI_35,59,0
,,
ROI_35,60,1
,,
ROI_35,61,1
,,
ROI_35,62,0
,,
ROI_35,63,0
,,
ROI_35,64,1
,,
ROI_35,65,0
,,
ROI_35,66,2
,,
ROI_35,67,2
,,
ROI_35,68,2
,,
ROI_35,69,2
,,
ROI_35,70,4
,,
ROI_35,71,0
,,
ROI_35,72,0
,,
ROI_35,73,2
,,
ROI_35,74,0
,,
ROI_35,75,0
,,
ROI_35,76,0
,,
ROI_35,77,0
,,
ROI_35,78,0
,,
ROI_35,79,0
,,
ROI_35,80,1
,,
ROI_35,81,0
,,
ROI_35,82,0
,,
ROI_35,83,0
,,
ROI_35,84,3
,,
ROI_35,85,2
,,
ROI_35,86,1
,,
ROI_35,87,0
,,
ROI_35,88,1
,,
ROI_35,89,0
,,
ROI_35,90,0
,,
ROI_35,91,2
,,
ROI_35,92,0
,,
ROI_35,93,0
,,
ROI_35,94,0
,,
ROI_35,95,1
,,
ROI_35,96,1
,,
ROI_35,97,1
,,
ROI_35,98,2
,,
ROI_35,99,1
,,
ROI_35,100,0
,,
ROI_35,101,0
,,
ROI_35,102,1
,,
ROI_35,103,0
,,
ROI_35,104,2
,,
ROI_35,105,0
,,
ROI_35,106,1
,,
ROI_35,107,1
,,
ROI_35,108,0
,,
ROI_35,109,0
,,
ROI_35,110,0
,,
ROI_35,111,0
,,
ROI_35,112,0
,,
ROI_35,113,0
,,
ROI_35,114,0
,,
ROI_35,115,0
,,
ROI_35,116,0
,,
ROI_35,117,0
,,
ROI_35,118,0
,,
ROI_35,119,0
,,
ROI_35,120,0
,,
ROI_35,121,2
,,
ROI_35,122,0
,,
ROI_35,123,1
,,
ROI_35,124,0
,,
ROI_35,125,0
,,
ROI_35,126,0
,,
ROI_35,127,1
,,
ROI_35,128,0
,,
ROI_35,129,1
,,
ROI_35,130,0
,,
ROI_35,131,1
,,
ROI_35,132,0
,,
ROI_35,133,0
,,
ROI_35,134,0
,,
ROI_35,135,0
,,
ROI_35,136,0
,,
ROI_35,137,0
,,
ROI_35,138,0
,,
ROI_35,139,0
,,
ROI_35,140,0
,,
ROI_35,141,0
,,
ROI_35,142,0
,,
ROI_35,143,0
,,
ROI_35,144,0
,,
ROI_35,145,0
,,
ROI_35,146,0
,,
ROI_35,147,1
,,
ROI_35,148,0
,,
ROI_35,149,0
,,
ROI_35,150,0
,,
ROI_35,151,0
,,
ROI_35,152,0
,,
ROI_35,153,0
,,
ROI_35,154,1
,,
ROI_35,155,1
,,
ROI_35,156,0
,,
ROI_35,157,0
,,
ROI_35,158,0
,,
ROI_35,159,0
,,
ROI_35,160,0
,,
ROI_35,161,0
,,
ROI_35,162,1
,,
ROI_35,163,0
,,
ROI_35,164,1
,,
ROI_35,165,1
,,
ROI_35,166,0
,,
ROI_35,167,1
,,
ROI_35,168,1
,,
ROI_35,169,1
,,
ROI_35,170,1
,,
ROI_35,171,0
,,
ROI_35,172,0
,,
ROI_35,173,0
,,
ROI_35,174,0
,,
ROI_35,175,0
,,
ROI_35,176,1
,,
ROI_35,177,0
,,
ROI_35,178,0
,,
ROI_35,179,0
,,
ROI_35,180,0
,,
ROI_35,181,0
,,
ROI_35,182,0
,,
ROI_35,183,0
,,
ROI_35,184,0
,,
ROI_35,185,0
,,
ROI_35,186,0
,,
ROI_35,187,0
,,
ROI_35,188,0
,,
ROI_35,189,0
,,
ROI_35,190,0
,,
ROI_35,191,0
,,
ROI_35,192,1
,,
ROI_35,193,0
,,
ROI_35,194,0
,,
ROI_35,195,0
,,
ROI_35,196,0
,,
ROI_35,197,1
,,
ROI_35,198,1
,,
ROI_35,199,0
,,
ROI_35,200,0
,,
ROI_35,201,0
,,
ROI_35,202,0
,,
ROI_35,203,0
,,
ROI_35,204,0
,,
ROI_35,205,0
,,
ROI_35,206,0
,,
ROI_35,207,0
,,
ROI_35,208,0
,,
ROI_35,209,0
,,
ROI_35,210,1
,,
ROI_35,211,2
,,
ROI_35,212,0
,,
ROI_35,213,0
,,
ROI_35,214,0
,,
ROI_35,215,0
,,
ROI_35,216,0
,,
ROI_35,217,0
,,
ROI_35,218,0
,,
ROI_35,219,1
,,
ROI_35,220,0
,,
ROI_35,221,0
,,
ROI_35,222,0
,,
ROI_35,223,0
,,
ROI_35,224,0
,,
ROI_35,225,0
,,
ROI_35,226,0
,,
ROI_35,227,0
,,
ROI_35,228,0
,,
ROI_35,229,0
,,
ROI_35,230,0
,,
ROI_35,231,0
,,
ROI_35,232,0
,,
ROI_35,233,0
,,
ROI_35,234,0
,,
ROI_35,235,0
,,
ROI_35,236,0
,,
ROI_35,237,0
,,
ROI_35,238,0
,,
ROI_35,239,0
,,
ROI_35,240,0
,,
ROI_35,241,0
,,
ROI_35,242,0
,,
ROI_35,243,0
,,
ROI_35,244,1
,,
ROI_35,245,0
,,
ROI_35,246,0
,,
ROI_35,247,1
,,
ROI_35,248,0
,,
ROI_35,249,0
,,
ROI_35,250,0
,,
ROI_35,251,0
,,
ROI_35,252,1
,,
ROI_35,253,0
,,
ROI_35,254,0
,,
ROI_35,255,0
,,
ROI_36,0,1899
,,
ROI_36,1,1152
,,
ROI_36,2,1141
,,
ROI_36,3,1032
,,
ROI_36,4,800
,,
ROI_36,5,653
,,
ROI_36,6,675
,,
ROI_36,7,693
,,
ROI_36,8,609
,,
ROI_36,9,707
,,
ROI_36,10,640
,,
ROI_36,11,579
,,
ROI_36,12,498
,,
ROI_36,13,503
,,
ROI_36,14,435
,,
ROI_36,15,467
,,
ROI_36,16,399
,,
ROI_36,17,340
,,
ROI_36,18,350
,,
ROI_36,19,357
,,
ROI_36,20,307
,,
ROI_36,21,326
,,
ROI_36,22,288
,,
ROI_36,23,285
,,
ROI_36,24,233
,,
ROI_36,25,254
,,
ROI_36,26,237
,,
ROI_36,27,244
,,
ROI_36,28,237
,,
ROI_36,29,222
,,
ROI_36,30,194
,,
ROI_36,31,171
,,
ROI_36,32,180
,,
ROI_36,33,210
,,
ROI_36,34,153
,,
ROI_36,35,159
,,
ROI_36,36,150
,,
ROI_36,37,136
,,
ROI_36,38,137
,,
ROI_36,39,169
,,
ROI_36,40,115
,,
ROI_36,41,140
,,
ROI_36,42,133
,,
ROI_36,43,142
,,
ROI_36,44,133
,,
ROI_36,45,127
,,
ROI_36,46,108
,,
ROI_36,47,120
,,
ROI_36,48,102
,,
ROI_36,49,109
,,
ROI_36,50,130
,,
ROI_36,51,127
,,
ROI_36,52,114
,,
ROI_36,53,92
,,
ROI_36,54,103
,,
ROI_36,55,79
,,
ROI_36,56,86
,,
ROI_36,57,95
,,
ROI_36,58,83
,,
ROI_36,59,96
,,
ROI_36,60,75
,,
ROI_36,61,74
,,
ROI_36,62,78
,,
ROI_36,63,86
,,
ROI_36,64,94
,,
ROI_36,65,81
,,
ROI_36,66,66
,,
ROI_36,67,77
,,
ROI_36,68,89
,,
ROI_36,69,75
,,
ROI_36,70,65
,,
ROI_36,71,80
,,
ROI_36,72,73
,,
ROI_36,73,73
,,
ROI_36,74,88
,,
ROI_36,75,67
,,
ROI_36,76,63
,,
ROI_36,77,54
,,
ROI_36,78,77
,,
ROI_36,79,70
,,
ROI_36,80,68
,,
ROI_36,81,53
,,
ROI_36,82,67
,,
ROI_36,83,63
,,
ROI_36,84,64
,,
ROI_36,85,71
,,
ROI_36,86,81
,,
ROI_36,87,46
,,
ROI_36,88,50
,,
ROI_36,89,52
,,
ROI_36,90,52
,,
ROI_36,91,52
,,
ROI_36,92,70
,,
ROI_36,93,53
,,
ROI_36,94,58
,,
ROI_36,95,70
,,
ROI_36,96,48
,,
ROI_36,97,47
,,
ROI_36,98,53
,,
ROI_36,99,51
,,
ROI_36,100,47
,,
ROI_36,101,41
,,
ROI_36,102,43
,,
ROI_36,103,34
,,
ROI_36,104,62
,,
ROI_36,105,32
,,
ROI_36,106,38
,,
ROI_36,107,38
,,
ROI_36,108,43
,,
ROI_36,109,46
,,
ROI_36,110,45
,,
ROI_36,111,33
,,
ROI_36,112,34
,,
ROI_36,113,38
,,
ROI_36,114,34
,,
ROI_36,115,35
,,
ROI_36,116,43
,,
ROI_36,117,29
,,
ROI_36,118,31
,,
ROI_36,119,28
,,
ROI_36,120,28
,,
ROI_36,121,34
,,
ROI_36,122,33
,,
ROI_36,123,27
,,
ROI_36,124,32
,,
ROI_36,125,28
,,
ROI_36,126,39
,,
ROI_36,127,42
,,
ROI_36,128,30
,,
ROI_36,129,30
,,
ROI_36,130,38
,,
ROI_36,131,32
,,
ROI_36,132,26
,,
ROI_36,133,27
,,
ROI_36,134,26
,,
ROI_36,135,24
,,
ROI_36,136,34
,,
ROI_36,137,31
,,
ROI_36,138,24
,,
ROI_36,139,29
,,
ROI_36,140,25
,,
ROI_36,141,26
,,
ROI_36,142,26
,,
ROI_36,143,25
,,
ROI_36,144,21
,,
ROI_36,145,22
,,
ROI_36,146,27
,,
ROI_36,147,21
,,
ROI_36,148,27
,,
ROI_36,149,16
,,
ROI_36,150,22
,,
ROI_36,151,22
,,
ROI_36,152,17
,,
ROI_36,153,12
,,
ROI_36,154,19
,,
ROI_36,155,25
,,
ROI_36,156,20
,,
ROI_36,157,19
,,
ROI_36,158,34
,,
ROI_36,159,20
,,
ROI_36,160,24
,,
ROI_36,161,18
,,
ROI_36,162,16
,,
ROI_36,163,20
,,
ROI_36,164,19
,,
ROI_36,165,15
,,
ROI_36,166,21
,,
ROI_36,167,16
,,
ROI_36,168,17
,,
ROI_36,169,22
,,
ROI_36,170,19
,,
ROI_36,171,19
,,
ROI_36,172,16
,,
ROI_36,173,25
,,
ROI_36,174,14
,,
ROI_36,175,17
,,
ROI_36,176,13
,,
ROI_36,177,18
,,
ROI_36,178,23
,,
ROI_36,179,13
,,
ROI_36,180,20
,,
ROI_36,181,8
,,
ROI_36,182,10
,,
ROI_36,183,19
,,
ROI_36,184,9
,,
ROI_36,185,17
,,
ROI_36,186,12
,,
ROI_36,187,16
,,
ROI_36,188,20
,,
ROI_36,189,17
,,
ROI_36,190,11
,,
ROI_36,191,16
,,
ROI_36,192,15
,,
ROI_36,193,15
,,
ROI_36,194,13
,,
ROI_36,195,12
,,
ROI_36,196,8
,,
ROI_36,197,11
,,
ROI_36,198,7
,,
ROI_36,199,16
,,
ROI_36,200,11
,,
ROI_36,201,11
,,
ROI_36,202,11
,,
ROI_36,203,8
,,
ROI_36,204,7
,,
ROI_36,205,7
,,
ROI_36,206,9
,,
ROI_36,207,14
,,
ROI_36,208,9
,,
ROI_36,209,7
,,
ROI_36,210,12
,,
ROI_36,211,6
,,
ROI_36,212,15
,,
ROI_36,213,9
,,
ROI_36,214,6
,,
ROI_36,215,9
,,
ROI_36,216,8
,,
ROI_36,217,12
,,
ROI_36,218,10
,,
ROI_36,219,2
,,
ROI_36,220,7
,,
ROI_36,221,8
,,
ROI_36,222,7
,,
ROI_36,223,8
,,
ROI_36,224,13
,,
ROI_36,225,10
,,
ROI_36,226,7
,,
ROI_36,227,13
,,
ROI_36,228,8
,,
ROI_36,229,9
,,
ROI_36,230,6
,,
ROI_36,231,8
,,
ROI_36,232,10
,,
ROI_36,233,7
,,
ROI_36,234,9
,,
ROI_36,235,5
,,
ROI_36,236,5
,,
ROI_36,237,9
,,
ROI_36,238,7
,,
ROI_36,239,10
,,
ROI_36,240,3
,,
ROI_36,241,6
,,
ROI_36,242,7
,,
ROI_36,243,2
,,
ROI_36,244,8
,,
ROI_36,245,6
,,
ROI_36,246,1
,,
ROI_36,247,3
,,
ROI_36,248,8
,,
ROI_36,249,6
,,
ROI_36,250,6
,,
ROI_36,251,5
,,
ROI_36,252,3
,,
ROI_36,253,8
,,
ROI_36,254,4
,,
ROI_36,255,638
,,
ROI_37,0,575
,,
ROI_37,1,534
,,
ROI_37,2,501
,,
ROI_37,3,534
,,
ROI_37,4,487
,,
ROI_37,5,411
,,
ROI_37,6,409
,,
ROI_37,7,390
,,
ROI_37,8,368
,,
ROI_37,9,354
,,
ROI_37,10,291
,,
ROI_37,11,278
,,
ROI_37,12,218
,,
ROI_37,13,203
,,
ROI_37,14,174
,,
ROI_37,15,185
,,
ROI_37,16,145
,,
ROI_37,17,164
,,
ROI_37,18,128
,,
ROI_37,19,128
,,
ROI_37,20,133
,,
ROI_37,21,133
,,
ROI_37,22,112
,,
ROI_37,23,83
,,
ROI_37,24,74
,,
ROI_37,25,69
,,
ROI_37,26,95
,,
ROI_37,27,116
,,
ROI_37,28,79
,,
ROI_37,29,50
,,
ROI_37,30,58
,,
ROI_37,31,51
,,
ROI_37,32,65
,,
ROI_37,33,71
,,
ROI_37,34,59
,,
ROI_37,35,50
,,
ROI_37,36,48
,,
ROI_37,37,31
,,
ROI_37,38,28
,,
ROI_37,39,66
,,
ROI_37,40,32
,,
ROI_37,41,30
,,
ROI_37,42,41
,,
ROI_37,43,28
,,
ROI_37,44,22
,,
ROI_37,45,43
,,
ROI_37,46,18
,,
ROI_37,47,26
,,
ROI_37,48,25
,,
ROI_37,49,25
,,
ROI_37,50,23
,,
ROI_37,51,19
,,
ROI_37,52,23
,,
ROI_37,53,21
,,
ROI_37,54,14
,,
ROI_37,55,23
,,
ROI_37,56,12
,,
ROI_37,57,12
,,
ROI_37,58,16
,,
ROI_37,59,24
,,
ROI_37,60,9
,,
ROI_37,61,13
,,
ROI_37,62,23
,,
ROI_37,63,10
,,
ROI_37,64,15
,,
ROI_37,65,4
,,
ROI_37,66,12
,,
ROI_37,67,5
,,
ROI_37,68,14
,,
ROI_37,69,10
,,
ROI_37,70,10
,,
ROI_37,71,10
,,
ROI_37,72,11
,,
ROI_37,73,12
,,
ROI_37,74,8
,,
ROI_37,75,10
,,
ROI_37,76,3
,,
ROI_37,77,6
,,
ROI_37,78,12
,,
ROI_37,79,10
,,
ROI_37,80,5
,,
ROI_37,81,11
,,
ROI_37,82,4
,,
ROI_37,83,6
,,
ROI_37,84,11
,,
ROI_37,85,5
,,
ROI_37,86,8
,,
ROI_37,87,6
,,
ROI_37,88,3
,,
ROI_37,89,8
,,
ROI_37,90,8
,,
ROI_37,91,4
,,
ROI_37,92,10
,,
ROI_37,93,3
,,
ROI_37,94,7
,,
ROI_37,95,5
,,
ROI_37,96,6
,,
ROI_37,97,5
,,
ROI_37,98,9
,,
ROI_37,99,8
,,
ROI_37,100,8
,,
ROI_37,101,2
,,
ROI_37,102,7
,,
ROI_37,103,5
,,
ROI_37,104,8
,,
ROI_37,105,5
,,
ROI_37,106,4
,,
ROI_37,107,6
,,
ROI_37,108,3
,,
ROI_37,109,4
,,
ROI_37,110,4
,,
ROI_37,111,5
,,
ROI_37,112,7
,,
ROI_37,113,1
,,
ROI_37,114,7
,,
ROI_37,115,5
,,
ROI_37,116,6
,,
ROI_37,117,9
,,
ROI_37,118,1
,,
ROI_37,119,6
,,
ROI_37,120,3
,,
ROI_37,121,6
,,
ROI_37,122,4
,,
ROI_37,123,4
,,
ROI_37,124,4
,,
ROI_37,125,4
,,
ROI_37,126,6
,,
ROI_37,127,3
,,
ROI_37,128,2
,,
ROI_37,129,5
,,
ROI_37,130,5
,,
ROI_37,131,3
,,
ROI_37,132,4
,,
ROI_37,133,5
,,
ROI_37,134,6
,,
ROI_37,135,0
,,
ROI_37,136,4
,,
ROI_37,137,4
,,
ROI_37,138,1
,,
ROI_37,139,1
,,
ROI_37,140,6
,,
ROI_37,141,2
,,
ROI_37,142,3
,,
ROI_37,143,4
,,
ROI_37,144,1
,,
ROI_37,145,0
,,
ROI_37,146,0
,,
ROI_37,147,3
,,
ROI_37,148,2
,,
ROI_37,149,4
,,
ROI_37,150,3
,,
ROI_37,151,2
,,
ROI_37,152,6
,,
ROI_37,153,3
,,
ROI_37,154,4
,,
ROI_37,155,1
,,
ROI_37,156,2
,,
ROI_37,157,3
,,
ROI_37,158,1
,,
ROI_37,159,3
,,
ROI_37,160,3
,,
ROI_37,161,2
,,
ROI_37,162,1
,,
ROI_37,163,4
,,
ROI_37,164,2
,,
ROI_37,165,0
,,
ROI_37,166,4
,,
ROI_37,167,3
,,
ROI_37,168,1
,,
ROI_37,169,0
,,
ROI_37,170,3
,,
ROI_37,171,1
,,
ROI_37,172,2
,,
ROI_37,173,0
,,
ROI_37,174,4
,,
ROI_37,175,5
,,
ROI_37,176,3
,,
ROI_37,177,3
,,
ROI_37,178,2
,,
ROI_37,179,2
,,
ROI_37,180,1
,,
ROI_37,181,0
,,
ROI_37,182,4
,,
ROI_37,183,2
,,
ROI_37,184,2
,,
ROI_37,185,3
,,
ROI_37,186,2
,,
ROI_37,187,1
,,
ROI_37,188,2
,,
ROI_37,189,1
,,
ROI_37,190,1
,,
ROI_37,191,1
,,
ROI_37,192,3
,,
ROI_37,193,0
,,
ROI_37,194,1
,,
ROI_37,195,1
,,
ROI_37,196,1
,,
ROI_37,197,2
,,
ROI_37,198,2
,,
ROI_37,199,1
,,
ROI_37,200,2
,,
ROI_37,201,1
,,
ROI_37,202,2
,,
ROI_37,203,2
,,
ROI_37,204,1
,,
ROI_37,205,2
,,
ROI_37,206,1
,,
ROI_37,207,2
,,
ROI_37,208,2
,,
ROI_37,209,0
,,
ROI_37,210,1
,,
ROI_37,211,2
,,
ROI_37,212,0
,,
ROI_37,213,0
,,
ROI_37,214,3
,,
ROI_37,215,4
,,
ROI_37,216,1
,,
ROI_37,217,0
,,
ROI_37,218,2
,,
ROI_37,219,1
,,
ROI_37,220,0
,,
ROI_37,221,0
,,
ROI_37,222,2
,,
ROI_37,223,2
,,
ROI_37,224,1
,,
ROI_37,225,0
,,
ROI_37,226,1
,,
ROI_37,227,0
,,
ROI_37,228,3
,,
ROI_37,229,2
,,
ROI_37,230,1
,,
ROI_37,231,2
,,
ROI_37,232,1
,,
ROI_37,233,1
,,
ROI_37,234,1
,,
ROI_37,235,0
,,
ROI_37,236,0
,,
ROI_37,237,0
,,
ROI_37,238,1
,,
ROI_37,239,0
,,
ROI_37,240,0
,,
ROI_37,241,1
,,
ROI_37,242,1
,,
ROI_37,243,1
,,
ROI_37,244,0
,,
ROI_37,245,1
,,
ROI_37,246,0
,,
ROI_37,247,0
,,
ROI_37,248,0
,,
ROI_37,249,1
,,
ROI_37,250,0
,,
ROI_37,251,0
,,
ROI_37,252,0
,,
ROI_37,253,1
,,
ROI_37,254,1
,,
ROI_37,255,147
,,
ROI_38,0,591
,,
ROI_38,1,317
,,
ROI_38,2,207
,,
ROI_38,3,175
,,
ROI_38,4,139
,,
ROI_38,5,129
,,
ROI_38,6,134
,,
ROI_38,7,124
,,
ROI_38,8,106
,,
ROI_38,9,121
,,
ROI_38,10,85
,,
ROI_38,11,90
,,
ROI_38,12,59
,,
ROI_38,13,80
,,
ROI_38,14,74
,,
ROI_38,15,77
,,
ROI_38,16,55
,,
ROI_38,17,66
,,
ROI_38,18,76
,,
ROI_38,19,51
,,
ROI_38,20,51
,,
ROI_38,21,63
,,
ROI_38,22,63
,,
ROI_38,23,44
,,
ROI_38,24,36
,,
ROI_38,25,52
,,
ROI_38,26,43
,,
ROI_38,27,40
,,
ROI_38,28,43
,,
ROI_38,29,27
,,
ROI_38,30,34
,,
ROI_38,31,41
,,
ROI_38,32,37
,,
ROI_38,33,32
,,
ROI_38,34,22
,,
ROI_38,35,25
,,
ROI_38,36,39
,,
ROI_38,37,32
,,
ROI_38,38,18
,,
ROI_38,39,36
,,
ROI_38,40,24
,,
ROI_38,41,29
,,
ROI_38,42,23
,,
ROI_38,43,24
,,
ROI_38,44,24
,,
ROI_38,45,17
,,
ROI_38,46,27
,,
ROI_38,47,23
,,
ROI_38,48,18
,,
ROI_38,49,24
,,
ROI_38,50,22
,,
ROI_38,51,23
,,
ROI_38,52,22
,,
ROI_38,53,22
,,
ROI_38,54,12
,,
ROI_38,55,23
,,
ROI_38,56,11
,,
ROI_38,57,20
,,
ROI_38,58,18
,,
ROI_38,59,24
,,
ROI_38,60,10
,,
ROI_38,61,16
,,
ROI_38,62,18
,,
ROI_38,63,21
,,
ROI_38,64,19
,,
ROI_38,65,16
,,
ROI_38,66,10
,,
ROI_38,67,19
,,
ROI_38,68,17
,,
ROI_38,69,18
,,
ROI_38,70,16
,,
ROI_38,71,13
,,
ROI_38,72,14
,,
ROI_38,73,10
,,
ROI_38,74,16
,,
ROI_38,75,10
,,
ROI_38,76,15
,,
ROI_38,77,7
,,
ROI_38,78,13
,,
ROI_38,79,11
,,
ROI_38,80,6
,,
ROI_38,81,12
,,
ROI_38,82,13
,,
ROI_38,83,20
,,
ROI_38,84,11
,,
ROI_38,85,9
,,
ROI_38,86,9
,,
ROI_38,87,11
,,
ROI_38,88,10
,,
ROI_38,89,12
,,
ROI_38,90,10
,,
ROI_38,91,15
,,
ROI_38,92,9
,,
ROI_38,93,8
,,
ROI_38,94,8
,,
ROI_38,95,15
,,
ROI_38,96,5
,,
ROI_38,97,8
,,
ROI_38,98,11
,,
ROI_38,99,9
,,
ROI_38,100,8
,,
ROI_38,101,7
,,
ROI_38,102,7
,,
ROI_38,103,6
,,
ROI_38,104,6
,,
ROI_38,105,12
,,
ROI_38,106,8
,,
ROI_38,107,6
,,
ROI_38,108,6
,,
ROI_38,109,5
,,
ROI_38,110,8
,,
ROI_38,111,6
,,
ROI_38,112,9
,,
ROI_38,113,13
,,
ROI_38,114,6
,,
ROI_38,115,8
,,
ROI_38,116,8
,,
ROI_38,117,9
,,
ROI_38,118,6
,,
ROI_38,119,8
,,
ROI_38,120,6
,,
ROI_38,121,12
,,
ROI_38,122,9
,,
ROI_38,123,5
,,
ROI_38,124,5
,,
ROI_38,125,4
,,
ROI_38,126,6
,,
ROI_38,127,2
,,
ROI_38,128,5
,,
ROI_38,129,4
,,
ROI_38,130,4
,,
ROI_38,131,7
,,
ROI_38,132,6
,,
ROI_38,133,7
,,
ROI_38,134,9
,,
ROI_38,135,7
,,
ROI_38,136,3
,,
ROI_38,137,3
,,
ROI_38,138,4
,,
ROI_38,139,6
,,
ROI_38,140,4
,,
ROI_38,141,5
,,
ROI_38,142,0
,,
ROI_38,143,7
,,
ROI_38,144,2
,,
ROI_38,145,8
,,
ROI_38,146,4
,,
ROI_38,147,4
,,
ROI_38,148,6
,,
ROI_38,149,3
,,
ROI_38,150,5
,,
ROI_38,151,4
,,
ROI_38,152,3
,,
ROI_38,153,8
,,
ROI_38,154,5
,,
ROI_38,155,3
,,
ROI_38,156,9
,,
ROI_38,157,3
,,
ROI_38,158,8
,,
ROI_38,159,6
,,
ROI_38,160,6
,,
ROI_38,161,3
,,
ROI_38,162,4
,,
ROI_38,163,6
,,
ROI_38,164,4
,,
ROI_38,165,1
,,
ROI_38,166,1
,,
ROI_38,167,6
,,
ROI_38,168,3
,,
ROI_38,169,6
,,
ROI_38,170,6
,,
ROI_38,171,4
,,
ROI_38,172,6
,,
ROI_38,173,2
,,
ROI_38,174,1
,,
ROI_38,175,5
,,
ROI_38,176,8
,,
ROI_38,177,2
,,
ROI_38,178,1
,,
ROI_38,179,3
,,
ROI_38,180,1
,,
ROI_38,181,4
,,
ROI_38,182,1
,,
ROI_38,183,3
,,
ROI_38,184,3
,,
ROI_38,185,5
,,
ROI_38,186,4
,,
ROI_38,187,4
,,
ROI_38,188,4
,,
ROI_38,189,4
,,
ROI_38,190,1
,,
ROI_38,191,2
,,
ROI_38,192,3
,,
ROI_38,193,2
,,
ROI_38,194,0
,,
ROI_38,195,0
,,
ROI_38,196,2
,,
ROI_38,197,4
,,
ROI_38,198,2
,,
ROI_38,199,4
,,
ROI_38,200,3
,,
ROI_38,201,4
,,
ROI_38,202,2
,,
ROI_38,203,4
,,
ROI_38,204,1
,,
ROI_38,205,1
,,
ROI_38,206,1
,,
ROI_38,207,3
,,
ROI_38,208,2
,,
ROI_38,209,2
,,
ROI_38,210,1
,,
ROI_38,211,5
,,
ROI_38,212,3
,,
ROI_38,213,0
,,
ROI_38,214,8
,,
ROI_38,215,1
,,
ROI_38,216,3
,,
ROI_38,217,4
,,
ROI_38,218,5
,,
ROI_38,219,4
,,
ROI_38,220,0
,,
ROI_38,221,4
,,
ROI_38,222,2
,,
ROI_38,223,3
,,
ROI_38,224,2
,,
ROI_38,225,3
,,
ROI_38,226,4
,,
ROI_38,227,1
,,
ROI_38,228,2
,,
ROI_38,229,5
,,
ROI_38,230,1
,,
ROI_38,231,4
,,
ROI_38,232,1
,,
ROI_38,233,2
,,
ROI_38,234,4
,,
ROI_38,235,5
,,
ROI_38,236,3
,,
ROI_38,237,2
,,
ROI_38,238,6
,,
ROI_38,239,6
,,
ROI_38,240,5
,,
ROI_38,241,2
,,
ROI_38,242,1
,,
ROI_38,243,0
,,
ROI_38,244,4
,,
ROI_38,245,4
,,
ROI_38,246,3
,,
ROI_38,247,2
,,
ROI_38,248,6
,,
ROI_38,249,2
,,
ROI_38,250,1
,,
ROI_38,251,3
,,
ROI_38,252,2
,,
ROI_38,253,2
,,
ROI_38,254,3
,,
ROI_38,255,184
,,
ROI_39,0,46
,,
ROI_39,1,12
,,
ROI_39,2,10
,,
ROI_39,3,6
,,
ROI_39,4,12
,,
ROI_39,5,4
,,
ROI_39,6,2
,,
ROI_39,7,10
,,
ROI_39,8,7
,,
ROI_39,9,10
,,
ROI_39,10,8
,,
ROI_39,11,9
,,
ROI_39,12,3
,,
ROI_39,13,7
,,
ROI_39,14,7
,,
ROI_39,15,5
,,
ROI_39,16,5
,,
ROI_39,17,4
,,
ROI_39,18,2
,,
ROI_39,19,3
,,
ROI_39,20,7
,,
ROI_39,21,13
,,
ROI_39,22,3
,,
ROI_39,23,6
,,
ROI_39,24,4
,,
ROI_39,25,10
,,
ROI_39,26,5
,,
ROI_39,27,13
,,
ROI_39,28,5
,,
ROI_39,29,4
,,
ROI_39,30,5
,,
ROI_39,31,8
,,
ROI_39,32,10
,,
ROI_39,33,10
,,
ROI_39,34,3
,,
ROI_39,35,4
,,
ROI_39,36,7
,,
ROI_39,37,12
,,
ROI_39,38,5
,,
ROI_39,39,16
,,
ROI_39,40,8
,,
ROI_39,41,9
,,
ROI_39,42,6
,,
ROI_39,43,7
,,
ROI_39,44,7
,,
ROI_39,45,6
,,
ROI_39,46,3
,,
ROI_39,47,11
,,
ROI_39,48,5
,,
ROI_39,49,5
,,
ROI_39,50,4
,,
ROI_39,51,9
,,
ROI_39,52,1
,,
ROI_39,53,2
,,
ROI_39,54,6
,,
ROI_39,55,1
,,
ROI_39,56,7
,,
ROI_39,57,4
,,
ROI_39,58,2
,,
ROI_39,59,2
,,
ROI_39,60,1
,,
ROI_39,61,4
,,
ROI_39,62,1
,,
ROI_39,63,3
,,
ROI_39,64,6
,,
ROI_39,65,2
,,
ROI_39,66,1
,,
ROI_39,67,1
,,
ROI_39,68,4
,,
ROI_39,69,1
,,
ROI_39,70,3
,,
ROI_39,71,1
,,
ROI_39,72,0
,,
ROI_39,73,2
,,
ROI_39,74,2
,,
ROI_39,75,0
,,
ROI_39,76,2
,,
ROI_39,77,1
,,
ROI_39,78,3
,,
ROI_39,79,1
,,
ROI_39,80,1
,,
ROI_39,81,3
,,
ROI_39,82,1
,,
ROI_39,83,1
,,
ROI_39,84,2
,,
ROI_39,85,3
,,
ROI_39,86,0
,,
ROI_39,87,0
,,
ROI_39,88,1
,,
ROI_39,89,0
,,
ROI_39,90,2
,,
ROI_39,91,0
,,
ROI_39,92,4
,,
ROI_39,93,1
,,
ROI_39,94,1
,,
ROI_39,95,1
,,
ROI_39,96,0
,,
ROI_39,97,3
,,
ROI_39,98,1
,,
ROI_39,99,2
,,
ROI_39,100,0
,,
ROI_39,101,2
,,
ROI_39,102,2
,,
ROI_39,103,0
,,
ROI_39,104,1
,,
ROI_39,105,0
,,
ROI_39,106,1
,,
ROI_39,107,0
,,
ROI_39,108,1
,,
ROI_39,109,2
,,
ROI_39,110,2
,,
ROI_39,111,1
,,
ROI_39,112,1
,,
ROI_39,113,0
,,
ROI_39,114,1
,,
ROI_39,115,0
,,
ROI_39,116,0
,,
ROI_39,117,1
,,
ROI_39,118,1
,,
ROI_39,119,0
,,
ROI_39,120,0
,,
ROI_39,121,0
,,
ROI_39,122,3
,,
ROI_39,123,2
,,
ROI_39,124,0
,,
ROI_39,125,0
,,
ROI_39,126,0
,,
ROI_39,127,0
,,
ROI_39,128,1
,,
ROI_39,129,2
,,
ROI_39,130,0
,,
ROI_39,131,1
,,
ROI_39,132,0
,,
ROI_39,133,1
,,
ROI_39,134,0
,,
ROI_39,135,1
,,
ROI_39,136,0
,,
ROI_39,137,1
,,
ROI_39,138,1
,,
ROI_39,139,0
,,
ROI_39,140,1
,,
ROI_39,141,0
,,
ROI_39,142,2
,,
ROI_39,143,0
,,
ROI_39,144,1
,,
ROI_39,145,0
,,
ROI_39,146,0
,,
ROI_39,147,0
,,
ROI_39,148,0
,,
ROI_39,149,1
,,
ROI_39,150,1
,,
ROI_39,151,0
,,
ROI_39,152,0
,,
ROI_39,153,0
,,
ROI_39,154,1
,,
ROI_39,155,0
,,
ROI_39,156,0
,,
ROI_39,157,0
,,
ROI_39,158,0
,,
ROI_39,159,0
,,
ROI_39,160,0
,,
ROI_39,161,2
,,
ROI_39,162,2
,,
ROI_39,163,1
,,
ROI_39,164,1
,,
ROI_39,165,2
,,
ROI_39,166,0
,,
ROI_39,167,0
,,
ROI_39,168,0
,,
ROI_39,169,0
,,
ROI_39,170,0
,,
ROI_39,171,0
,,
ROI_39,172,0
,,
ROI_39,173,3
,,
ROI_39,174,0
,,
ROI_39,175,0
,,
ROI_39,176,1
,,
ROI_39,177,0
,,
ROI_39,178,0
,,
ROI_39,179,0
,,
ROI_39,180,0
,,
ROI_39,181,0
,,
ROI_39,182,1
,,
ROI_39,183,1
,,
ROI_39,184,0
,,
ROI_39,185,1
,,
ROI_39,186,1
,,
ROI_39,187,0
,,
ROI_39,188,0
,,
ROI_39,189,0
,,
ROI_39,190,0
,,
ROI_39,191,0
,,
ROI_39,192,1
,,
ROI_39,193,0
,,
ROI_39,194,0
,,
ROI_39,195,0
,,
ROI_39,196,0
,,
ROI_39,197,0
,,
ROI_39,198,0
,,
ROI_39,199,1
,,
ROI_39,200,0
,,
ROI_39,201,0
,,
ROI_39,202,0
,,
ROI_39,203,0
,,
ROI_39,204,0
,,
ROI_39,205,0
,,
ROI_39,206,0
,,
ROI_39,207,0
,,
ROI_39,208,2
,,
ROI_39,209,0
,,
ROI_39,210,0
,,
ROI_39,211,0
,,
ROI_39,212,1
,,
ROI_39,213,0
,,
ROI_39,214,0
,,
ROI_39,215,0
,,
ROI_39,216,0
,,
ROI_39,217,0
,,
ROI_39,218,0
,,
ROI_39,219,1
,,
ROI_39,220,0
,,
ROI_39,221,0
,,
ROI_39,222,0
,,
ROI_39,223,1
,,
ROI_39,224,0
,,
ROI_39,225,0
,,
ROI_39,226,1
,,
ROI_39,227,0
,,
ROI_39,228,0
,,
ROI_39,229,0
,,
ROI_39,230,0
,,
ROI_39,231,0
,,
ROI_39,232,0
,,
ROI_39,233,2
,,
ROI_39,234,0
,,
ROI_39,235,1
,,
ROI_39,236,0
,,
ROI_39,237,1
,,
ROI_39,238,1
,,
ROI_39,239,1
,,
ROI_39,240,0
,,
ROI_39,241,1
,,
ROI_39,242,0
,,
ROI_39,243,0
,,
ROI_39,244,0
,,
ROI_39,245,0
,,
ROI_39,246,0
,,
ROI_39,247,2
,,
ROI_39,248,0
,,
ROI_39,249,0
,,
ROI_39,250,0
,,
ROI_39,251,0
,,
ROI_39,252,0
,,
ROI_39,253,0
,,
ROI_39,254,0
,,
ROI_39,255,14
,,
ROI_40,0,9
,,
ROI_40,1,10
,,
ROI_40,2,6
,,
ROI_40,3,8
,,
ROI_40,4,9
,,
ROI_40,5,5
,,
ROI_40,6,7
,,
ROI_40,7,8
,,
ROI_40,8,8
,,
ROI_40,9,2
,,
ROI_40,10,5
,,
ROI_40,11,6
,,
ROI_40,12,3
,,
ROI_40,13,3
,,
ROI_40,14,2
,,
ROI_40,15,5
,,
ROI_40,16,3
,,
ROI_40,17,5
,,
ROI_40,18,4
,,
ROI_40,19,2
,,
ROI_40,20,0
,,
ROI_40,21,3
,,
ROI_40,22,2
,,
ROI_40,23,4
,,
ROI_40,24,2
,,
ROI_40,25,2
,,
ROI_40,26,4
,,
ROI_40,27,3
,,
ROI_40,28,1
,,
ROI_40,29,4
,,
ROI_40,30,2
,,
ROI_40,31,4
,,
ROI_40,32,2
,,
ROI_40,33,6
,,
ROI_40,34,7
,,
ROI_40,35,5
,,
ROI_40,36,5
,,
ROI_40,37,8
,,
ROI_40,38,10
,,
ROI_40,39,10
,,
ROI_40,40,6
,,
ROI_40,41,6
,,
ROI_40,42,5
,,
ROI_40,43,8
,,
ROI_40,44,9
,,
ROI_40,45,9
,,
ROI_40,46,6
,,
ROI_40,47,8
,,
ROI_40,48,9
,,
ROI_40,49,6
,,
ROI_40,50,11
,,
ROI_40,51,4
,,
ROI_40,52,5
,,
ROI_40,53,12
,,
ROI_40,54,6
,,
ROI_40,55,7
,,
ROI_40,56,8
,,
ROI_40,57,12
,,
ROI_40,58,6
,,
ROI_40,59,9
,,
ROI_40,60,6
,,
ROI_40,61,10
,,
ROI_40,62,6
,,
ROI_40,63,1
,,
ROI_40,64,6
,,
ROI_40,65,2
,,
ROI_40,66,6
,,
ROI_40,67,4
,,
ROI_40,68,8
,,
ROI_40,69,6
,,
ROI_40,70,1
,,
ROI_40,71,3
,,
ROI_40,72,5
,,
ROI_40,73,1
,,
ROI_40,74,1
,,
ROI_40,75,3
,,
ROI_40,76,0
,,
ROI_40,77,2
,,
ROI_40,78,0
,,
ROI_40,79,2
,,
ROI_40,80,3
,,
ROI_40,81,1
,,
ROI_40,82,0
,,
ROI_40,83,1
,,
ROI_40,84,3
,,
ROI_40,85,5
,,
ROI_40,86,1
,,
ROI_40,87,2
,,
ROI_40,88,1
,,
ROI_40,89,0
,,
ROI_40,90,2
,,
ROI_40,91,2
,,
ROI_40,92,0
,,
ROI_40,93,1
,,
ROI_40,94,1
,,
ROI_40,95,1
,,
ROI_40,96,0
,,
ROI_40,97,1
,,
ROI_40,98,0
,,
ROI_40,99,0
,,
ROI_40,100,0
,,
ROI_40,101,0
,,
ROI_40,102,1
,,
ROI_40,103,0
,,
ROI_40,104,0
,,
ROI_40,105,1
,,
ROI_40,106,0
,,
ROI_40,107,0
,,
ROI_40,108,0
,,
ROI_40,109,0
,,
ROI_40,110,0
,,
ROI_40,111,0
,,
ROI_40,112,1
,,
ROI_40,113,1
,,
ROI_40,114,1
,,
ROI_40,115,0
,,
ROI_40,116,1
,,
ROI_40,117,0
,,
ROI_40,118,0
,,
ROI_40,119,0
,,
ROI_40,120,0
,,
ROI_40,121,1
,,
ROI_40,122,0
,,
ROI_40,123,0
,,
ROI_40,124,0
,,
ROI_40,125,0
,,
ROI_40,126,0
,,
ROI_40,127,1
,,
ROI_40,128,0
,,
ROI_40,129,0
,,
ROI_40,130,0
,,
ROI_40,131,0
,,
ROI_40,132,0
,,
ROI_40,133,0
,,
ROI_40,134,0
,,
ROI_40,135,0
,,
ROI_40,136,0
,,
ROI_40,137,0
,,
ROI_40,138,0
,,
ROI_40,139,0
,,
ROI_40,140,0
,,
ROI_40,141,0
,,
ROI_40,142,0
,,
ROI_40,143,0
,,
ROI_40,144,0
,,
ROI_40,145,0
,,
ROI_40,146,0
,,
ROI_40,147,0
,,
ROI_40,148,1
,,
ROI_40,149,0
,,
ROI_40,150,0
,,
ROI_40,151,0
,,
ROI_40,152,0
,,
ROI_40,153,1
,,
ROI_40,154,0
,,
ROI_40,155,0
,,
ROI_40,156,0
,,
ROI_40,157,0
,,
ROI_40,158,0
,,
ROI_40,159,0
,,
ROI_40,160,0
,,
ROI_40,161,0
,,
ROI_40,162,0
,,
ROI_40,163,0
,,
ROI_40,164,0
,,
ROI_40,165,0
,,
ROI_40,166,0
,,
ROI_40,167,0
,,
ROI_40,168,0
,,
ROI_40,169,0
,,
ROI_40,170,0
,,
ROI_40,171,0
,,
ROI_40,172,0
,,
ROI_40,173,0
,,
ROI_40,174,0
,,
ROI_40,175,0
,,
ROI_40,176,0
,,
ROI_40,177,0
,,
ROI_40,178,0
,,
ROI_40,179,0
,,
ROI_40,180,0
,,
ROI_40,181,0
,,
ROI_40,182,0
,,
ROI_40,183,0
,,
ROI_40,184,0
,,
ROI_40,185,0
,,
ROI_40,186,0
,,
ROI_40,187,0
,,
ROI_40,188,0
,,
ROI_40,189,0
,,
ROI_40,190,0
,,
ROI_40,191,0
,,
ROI_40,192,0
,,
ROI_40,193,0
,,
ROI_40,194,0
,,
ROI_40,195,0
,,
ROI_40,196,0
,,
ROI_40,197,0
,,
ROI_40,198,0
,,
ROI_40,199,0
,,
ROI_40,200,0
,,
ROI_40,201,0
,,
ROI_40,202,0
,,
ROI_40,203,0
,,
ROI_40,204,0
,,
ROI_40,205,0
,,
ROI_40,206,0
,,
ROI_40,207,0
,,
ROI_40,208,0
,,
ROI_40,209,0
,,
ROI_40,210,0
,,
ROI_40,211,0
,,
ROI_40,212,0
,,
ROI_40,213,0
,,
ROI_40,214,0
,,
ROI_40,215,0
,,
ROI_40,216,0
,,
ROI_40,217,0
,,
ROI_40,218,0
,,
ROI_40,219,0
,,
ROI_40,220,0
,,
ROI_40,221,0
,,
ROI_40,222,0
,,
ROI_40,223,0
,,
ROI_40,224,0
,,
ROI_40,225,0
,,
ROI_40,226,0
,,
ROI_40,227,0
,,
ROI_40,228,0
,,
ROI_40,229,0
,,
ROI_40,230,0
,,
ROI_40,231,0
,,
ROI_40,232,0
,,
ROI_40,233,0
,,
ROI_40,234,0
,,
ROI_40,235,0
,,
ROI_40,236,0
,,
ROI_40,237,0
,,
ROI_40,238,0
,,
ROI_40,239,0
,,
ROI_40,240,0
,,
ROI_40,241,0
,,
ROI_40,242,0
,,
ROI_40,243,0
,,
ROI_40,244,0
,,
ROI_40,245,0
,,
ROI_40,246,0
,,
ROI_40,247,0
,,
ROI_40,248,0
,,
ROI_40,249,0
,,
ROI_40,250,0
,,
ROI_40,251,0
,,
ROI_40,252,0
,,
ROI_40,253,0
,,
ROI_40,254,0
,,
ROI_40,255,0