ROI,Bin,Count
ROI_1,0,5535
,,
ROI_1,1,679
,,
ROI_1,2,621
,,
ROI_1,3,470
,,
ROI_1,4,401
,,
ROI_1,5,346
,,
ROI_1,6,305
,,
ROI_1,7,303
,,
ROI_1,8,259
,,
ROI_1,9,240
,,
ROI_1,10,290
,,
ROI_1,11,248
,,
ROI_1,12,261
,,
ROI_1,13,225
,,
ROI_1,14,172
,,
ROI_1,15,193
,,
ROI_1,16,203
,,
ROI_1,17,171
,,
ROI_1,18,179
,,
ROI_1,19,174
,,
ROI_1,20,165
,,
ROI_1,21,146
,,
ROI_1,22,179
,,
ROI_1,23,152
,,
ROI_1,24,148
,,
ROI_1,25,121
,,
ROI_1,26,115
,,
ROI_1,27,123
,,
ROI_1,28,127
,,
ROI_1,29,129
,,
ROI_1,30,121
,,
ROI_1,31,112
,,
ROI_1,32,121
,,
ROI_1,33,111
,,
ROI_1,34,98
,,
ROI_1,35,106
,,
ROI_1,36,87
,,
ROI_1,37,100
,,
ROI_1,38,91
,,
ROI_1,39,66
,,
ROI_1,40,86
,,
ROI_1,41,88
,,
ROI_1,42,69
,,
ROI_1,43,79
,,
ROI_1,44,80
,,
ROI_1,45,65
,,
ROI_1,46,86
,,
ROI_1,47,84
,,
ROI_1,48,70
,,
ROI_1,49,64
,,
ROI_1,50,55
,,
ROI_1,51,60
,,
ROI_1,52,46
,,
ROI_1,53,63
,,
ROI_1,54,53
,,
ROI_1,55,66
,,
ROI_1,56,56
,,
ROI_1,57,52
,,
ROI_1,58,56
,,
ROI_1,59,60
,,
ROI_1,60,48
,,
ROI_1,61,46
,,
ROI_1,62,56
,,
ROI_1,63,52
,,
ROI_1,64,51
,,
ROI_1,65,49
,,
ROI_1,66,43
,,
ROI_1,67,38
,,
ROI_1,68,46
,,
ROI_1,69,52
,,
ROI_1,70,43
,,
ROI_1,71,38
,,
ROI_1,72,39
,,
ROI_1,73,43
,,
ROI_1,74,40
,,
ROI_1,75,49
,,
ROI_1,76,40
,,
ROI_1,77,41
,,
ROI_1,78,35
,,
ROI_1,79,51
,,
ROI_1,80,41
,,
ROI_1,81,27
,,
ROI_1,82,40
,,
ROI_1,83,45
,,
ROI_1,84,39
,,
ROI_1,85,33
,,
ROI_1,86,33
,,
ROI_1,87,45
,,
ROI_1,88,30
,,
ROI_1,89,34
,,
ROI_1,90,45
,,
ROI_1,91,35
,,
ROI_1,92,38
,,
ROI_1,93,28
,,
ROI_1,94,42
,,
ROI_1,95,22
,,
ROI_1,96,31
,,
ROI_1,97,23
,,
ROI_1,98,23
,,
ROI_1,99,27
,,
ROI_1,100,29
,,
ROI_1,101,19
,,
ROI_1,102,23
,,
ROI_1,103,24
,,
ROI_1,104,20
,,
ROI_1,105,24
,,
ROI_1,106,28
,,
ROI_1,107,25
,,
ROI_1,108,21
,,
ROI_1,109,23
,,
ROI_1,110,26
,,
ROI_1,111,20
,,
ROI_1,112,24
,,
ROI_1,113,14
,,
ROI_1,114,23
,,
ROI_1,115,14
,,
ROI_1,116,17
,,
ROI_1,117,14
,,
ROI_1,118,19
,,
ROI_1,119,28
,,
ROI_1,120,28
,,
ROI_1,121,28
,,
ROI_1,122,33
,,
ROI_1,123,35
,,
ROI_1,124,23
,,
ROI_1,125,6
,,
ROI_1,126,12
,,
ROI_1,127,23
,,
ROI_1,128,25
,,
ROI_1,129,12
,,
ROI_1,130,19
,,
ROI_1,131,13
,,
ROI_1,132,13
,,
ROI_1,133,13
,,
ROI_1,134,21
,,
ROI_1,135,9
,,
ROI_1,136,14
,,
ROI_1,137,14
,,
ROI_1,138,15
,,
ROI_1,139,9
,,
ROI_1,140,7
,,
ROI_1,141,17
,,
ROI_1,142,15
,,
ROI_1,143,14
,,
ROI_1,144,9
,,
ROI_1,145,11
,,
ROI_1,146,12
,,
ROI_1,147,7
,,
ROI_1,148,8
,,
ROI_1,149,4
,,
ROI_1,150,3
,,
ROI_1,151,4
,,
ROI_1,152,7
,,
ROI_1,153,11
,,
ROI_1,154,8
,,
ROI_1,155,7
,,
ROI_1,156,12
,,
ROI_1,157,12
,,
ROI_1,158,10
,,
ROI_1,159,8
,,
ROI_1,160,3
,,
ROI_1,161,2
,,
ROI_1,162,6
,,
ROI_1,163,10
,,
ROI_1,164,10
,,
ROI_1,165,4
,,
ROI_1,166,5
,,
ROI_1,167,14
,,
ROI_1,168,6
,,
ROI_1,169,9
,,
ROI_1,170,5
,,
ROI_1,171,5
,,
ROI_1,172,8
,,
ROI_1,173,5
,,
ROI_1,174,5
,,
ROI_1,175,6
,,
ROI_1,176,3
,,
ROI_1,177,7
,,
ROI_1,178,1
,,
ROI_1,179,5
,,
ROI_1,180,7
,,
ROI_1,181,7
,,
ROI_1,182,9
,,
ROI_1,183,8
,,
ROI_1,184,7
,,
ROI_1,185,5
,,
ROI_1,186,4
,,
ROI_1,187,8
,,
ROI_1,188,6
,,
ROI_1,189,5
,,
ROI_1,190,5
,,
ROI_1,191,8
,,
ROI_1,192,3
,,
ROI_1,193,5
,,
ROI_1,194,5
,,
ROI_1,195,2
,,
ROI_1,196,4
,,
ROI_1,197,5
,,
ROI_1,198,7
,,
ROI_1,199,8
,,
ROI_1,200,5
,,
ROI_1,201,7
,,
ROI_1,202,6
,,
ROI_1,203,6
,,
ROI_1,204,3
,,
ROI_1,205,3
,,
ROI_1,206,2
,,
ROI_1,207,5
,,
ROI_1,208,3
,,
ROI_1,209,7
,,
ROI_1,210,10
,,
ROI_1,211,4
,,
ROI_1,212,5
,,
ROI_1,213,4
,,
ROI_1,214,5
,,
ROI_1,215,8
,,
ROI_1,216,3
,,
ROI_1,217,2
,,
ROI_1,218,2
,,
ROI_1,219,5
,,
ROI_1,220,8
,,
ROI_1,221,7
,,
ROI_1,222,2
,,
ROI_1,223,2
,,
ROI_1,224,3
,,
ROI_1,225,5
,,
ROI_1,226,5
,,
ROI_1,227,8
,,
ROI_1,228,4
,,
ROI_1,229,2
,,
ROI_1,230,6
,,
ROI_1,231,6
,,
ROI_1,232,6
,,
ROI_1,233,4
,,
ROI_1,234,2
,,
ROI_1,235,8
,,
ROI_1,236,5
,,
ROI_1,237,3
,,
ROI_1,238,5
,,
ROI_1,239,2
,,
ROI_1,240,4
,,
ROI_1,241,6
,,
ROI_1,242,3
,,
ROI_1,243,4
,,
ROI_1,244,4
,,
ROI_1,245,4
,,
ROI_1,246,4
,,
ROI_1,247,4
,,
ROI_1,248,1
,,
ROI_1,249,1
,,
ROI_1,250,3
,,
ROI_1,251,5
,,
ROI_1,252,2
,,
ROI_1,253,1
,,
ROI_1,254,6
,,
ROI_1,255,254
,,
ROI_2,0,8890
,,
ROI_2,1,2702
,,
ROI_2,2,2549
,,
ROI_2,3,2372
,,
ROI_2,4,1993
,,
ROI_2,5,1892
,,
ROI_2,6,1670
,,
ROI_2,7,1431
,,
ROI_2,8,1433
,,
ROI_2,9,1343
,,
ROI_2,10,1260
,,
ROI_2,11,1082
,,
ROI_2,12,1114
,,
ROI_2,13,1040
,,
ROI_2,14,965
,,
ROI_2,15,898
,,
ROI_2,16,889
,,
ROI_2,17,864
,,
ROI_2,18,759
,,
ROI_2,19,808
,,
ROI_2,20,781
,,
ROI_2,21,660
,,
ROI_2,22,652
,,
ROI_2,23,691
,,
ROI_2,24,639
,,
ROI_2,25,614
,,
ROI_2,26,579
,,
ROI_2,27,580
,,
ROI_2,28,551
,,
ROI_2,29,579
,,
ROI_2,30,508
,,
ROI_2,31,494
,,
ROI_2,32,466
,,
ROI_2,33,461
,,
ROI_2,34,444
,,
ROI_2,35,381
,,
ROI_2,36,403
,,
ROI_2,37,397
,,
ROI_2,38,373
,,
ROI_2,39,346
,,
ROI_2,40,351
,,
ROI_2,41,330
,,
ROI_2,42,323
,,
ROI_2,43,346
,,
ROI_2,44,316
,,
ROI_2,45,313
,,
ROI_2,46,276
,,
ROI_2,47,301
,,
ROI_2,48,290
,,
ROI_2,49,235
,,
ROI_2,50,258
,,
ROI_2,51,264
,,
ROI_2,52,235
,,
ROI_2,53,189
,,
ROI_2,54,210
,,
ROI_2,55,227
,,
ROI_2,56,204
,,
ROI_2,57,225
,,
ROI_2,58,211
,,
ROI_2,59,195
,,
ROI_2,60,197
,,
ROI_2,61,160
,,
ROI_2,62,174
,,
ROI_2,63,154
,,
ROI_2,64,171
,,
ROI_2,65,161
,,
ROI_2,66,151
,,
ROI_2,67,145
,,
ROI_2,68,163
,,
ROI_2,69,152
,,
ROI_2,70,128
,,
ROI_2,71,142
,,
ROI_2,72,127
,,
ROI_2,73,118
,,
ROI_2,74,122
,,
ROI_2,75,134
,,
ROI_2,76,127
,,
ROI_2,77,114
,,
ROI_2,78,126
,,
ROI_2,79,107
,,
ROI_2,80,105
,,
ROI_2,81,95
,,
ROI_2,82,98
,,
ROI_2,83,89
,,
ROI_2,84,66
,,
ROI_2,85,94
,,
ROI_2,86,93
,,
ROI_2,87,89
,,
ROI_2,88,79
,,
ROI_2,89,79
,,
ROI_2,90,93
,,
ROI_2,91,89
,,
ROI_2,92,87
,,
ROI_2,93,79
,,
ROI_2,94,73
,,
ROI_2,95,70
,,
ROI_2,96,73
,,
ROI_2,97,61
,,
ROI_2,98,62
,,
ROI_2,99,68
,,
ROI_2,100,59
,,
ROI_2,101,70
,,
ROI_2,102,65
,,
ROI_2,103,64
,,
ROI_2,104,59
,,
ROI_2,105,58
,,
ROI_2,106,57
,,
ROI_2,107,57
,,
ROI_2,108,59
,,
ROI_2,109,54
,,
ROI_2,110,58
,,
ROI_2,111,41
,,
ROI_2,112,47
,,
ROI_2,113,40
,,
ROI_2,114,42
,,
ROI_2,115,43
,,
ROI_2,116,38
,,
ROI_2,117,45
,,
ROI_2,118,56
,,
ROI_2,119,53
,,
ROI_2,120,63
,,
ROI_2,121,80
,,
ROI_2,122,87
,,
ROI_2,123,60
,,
ROI_2,124,34
,,
ROI_2,125,30
,,
ROI_2,126,28
,,
ROI_2,127,42
,,
ROI_2,128,41
,,
ROI_2,129,33
,,
ROI_2,130,31
,,
ROI_2,131,33
,,
ROI_2,132,23
,,
ROI_2,133,19
,,
ROI_2,134,33
,,
ROI_2,135,19
,,
ROI_2,136,35
,,
ROI_2,137,24
,,
ROI_2,138,32
,,
ROI_2,139,32
,,
ROI_2,140,25
,,
ROI_2,141,24
,,
ROI_2,142,24
,,
ROI_2,143,15
,,
ROI_2,144,15
,,
ROI_2,145,17
,,
ROI_2,146,21
,,
ROI_2,147,24
,,
ROI_2,148,20
,,
ROI_2,149,14
,,
ROI_2,150,14
,,
ROI_2,151,29
,,
ROI_2,152,19
,,
ROI_2,153,14
,,
ROI_2,154,15
,,
ROI_2,155,19
,,
ROI_2,156,16
,,
ROI_2,157,12
,,
ROI_2,158,11
,,
ROI_2,159,15
,,
ROI_2,160,14
,,
ROI_2,161,16
,,
ROI_2,162,12
,,
ROI_2,163,15
,,
ROI_2,164,18
,,
ROI_2,165,14
,,
ROI_2,166,13
,,
ROI_2,167,10
,,
ROI_2,168,11
,,
ROI_2,169,14
,,
ROI_2,170,11
,,
ROI_2,171,6
,,
ROI_2,172,17
,,
ROI_2,173,16
,,
ROI_2,174,14
,,
ROI_2,175,9
,,
ROI_2,176,7
,,
ROI_2,177,9
,,
ROI_2,178,9
,,
ROI_2,179,16
,,
ROI_2,180,9
,,
ROI_2,181,7
,,
ROI_2,182,8
,,
ROI_2,183,6
,,
ROI_2,184,9
,,
ROI_2,185,15
,,
ROI_2,186,9
,,
ROI_2,187,10
,,
ROI_2,188,4
,,
ROI_2,189,8
,,
ROI_2,190,3
,,
ROI_2,191,8
,,
ROI_2,192,6
,,
ROI_2,193,6
,,
ROI_2,194,5
,,
ROI_2,195,3
,,
ROI_2,196,4
,,
ROI_2,197,7
,,
ROI_2,198,6
,,
ROI_2,199,7
,,
ROI_2,200,9
,,
ROI_2,201,6
,,
ROI_2,202,7
,,
ROI_2,203,4
,,
ROI_2,204,7
,,
ROI_2,205,5
,,
ROI_2,206,4
,,
ROI_2,207,6
,,
ROI_2,208,9
,,
ROI_2,209,6
,,
ROI_2,210,4
,,
ROI_2,211,8
,,
ROI_2,212,6
,,
ROI_2,213,4
,,
ROI_2,214,6
,,
ROI_2,215,4
,,
ROI_2,216,4
,,
ROI_2,217,4
,,
ROI_2,218,4
,,
ROI_2,219,2
,,
ROI_2,220,8
,,
ROI_2,221,3
,,
ROI_2,222,5
,,
ROI_2,223,8
,,
ROI_2,224,6
,,
ROI_2,225,5
,,
ROI_2,226,2
,,
ROI_2,227,2
,,
ROI_2,228,3
,,
ROI_2,229,8
,,
ROI_2,230,2
,,
ROI_2,231,1
,,
ROI_2,232,6
,,
ROI_2,233,6
,,
ROI_2,234,2
,,
ROI_2,235,4
,,
ROI_2,236,4
,,
ROI_2,237,1
,,
ROI_2,238,5
,,
ROI_2,239,3
,,
ROI_2,240,4
,,
ROI_2,241,6
,,
ROI_2,242,5
,,
ROI_2,243,2
,,
ROI_2,244,1
,,
ROI_2,245,2
,,
ROI_2,246,6
,,
ROI_2,247,5
,,
ROI_2,248,5
,,
ROI_2,249,2
,,
ROI_2,250,5
,,
ROI_2,251,0
,,
ROI_2,252,0
,,
ROI_2,253,4
,,
ROI_2,254,3
,,
ROI_2,255,246
,,
ROI_3,0,7662
,,
ROI_3,1,1230
,,
ROI_3,2,1177
,,
ROI_3,3,992
,,
ROI_3,4,850
,,
ROI_3,5,812
,,
ROI_3,6,768
,,
ROI_3,7,705
,,
ROI_3,8,625
,,
ROI_3,9,642
,,
ROI_3,10,618
,,
ROI_3,11,539
,,
ROI_3,12,608
,,
ROI_3,13,518
,,
ROI_3,14,463
,,
ROI_3,15,499
,,
ROI_3,16,438
,,
ROI_3,17,448
,,
ROI_3,18,405
,,
ROI_3,19,391
,,
ROI_3,20,380
,,
ROI_3,21,346
,,
ROI_3,22,378
,,
ROI_3,23,375
,,
ROI_3,24,364
,,
ROI_3,25,344
,,
ROI_3,26,316
,,
ROI_3,27,321
,,
ROI_3,28,296
,,
ROI_3,29,295
,,
ROI_3,30,286
,,
ROI_3,31,272
,,
ROI_3,32,275
,,
ROI_3,33,278
,,
ROI_3,34,240
,,
ROI_3,35,263
,,
ROI_3,36,237
,,
ROI_3,37,229
,,
ROI_3,38,258
,,
ROI_3,39,206
,,
ROI_3,40,222
,,
ROI_3,41,207
,,
ROI_3,42,211
,,
ROI_3,43,198
,,
ROI_3,44,205
,,
ROI_3,45,182
,,
ROI_3,46,189
,,
ROI_3,47,189
,,
ROI_3,48,143
,,
ROI_3,49,167
,,
ROI_3,50,181
,,
ROI_3,51,175
,,
ROI_3,52,150
,,
ROI_3,53,142
,,
ROI_3,54,142
,,
ROI_3,55,149
,,
ROI_3,56,147
,,
ROI_3,57,135
,,
ROI_3,58,147
,,
ROI_3,59,134
,,
ROI_3,60,145
,,
ROI_3,61,134
,,
ROI_3,62,148
,,
ROI_3,63,144
,,
ROI_3,64,131
,,
ROI_3,65,137
,,
ROI_3,66,124
,,
ROI_3,67,113
,,
ROI_3,68,115
,,
ROI_3,69,105
,,
ROI_3,70,86
,,
ROI_3,71,108
,,
ROI_3,72,96
,,
ROI_3,73,116
,,
ROI_3,74,89
,,
ROI_3,75,86
,,
ROI_3,76,101
,,
ROI_3,77,100
,,
ROI_3,78,64
,,
ROI_3,79,80
,,
ROI_3,80,96
,,
ROI_3,81,94
,,
ROI_3,82,81
,,
ROI_3,83,97
,,
ROI_3,84,80
,,
ROI_3,85,101
,,
ROI_3,86,97
,,
ROI_3,87,94
,,
ROI_3,88,85
,,
ROI_3,89,72
,,
ROI_3,90,77
,,
ROI_3,91,69
,,
ROI_3,92,68
,,
ROI_3,93,80
,,
ROI_3,94,76
,,
ROI_3,95,71
,,
ROI_3,96,54
,,
ROI_3,97,56
,,
ROI_3,98,52
,,
ROI_3,99,54
,,
ROI_3,100,71
,,
ROI_3,101,65
,,
ROI_3,102,63
,,
ROI_3,103,63
,,
ROI_3,104,48
,,
ROI_3,105,49
,,
ROI_3,106,53
,,
ROI_3,107,56
,,
ROI_3,108,48
,,
ROI_3,109,44
,,
ROI_3,110,43
,,
ROI_3,111,51
,,
ROI_3,112,37
,,
ROI_3,113,51
,,
ROI_3,114,52
,,
ROI_3,115,50
,,
ROI_3,116,49
,,
ROI_3,117,50
,,
ROI_3,118,50
,,
ROI_3,119,47
,,
ROI_3,120,47
,,
ROI_3,121,57
,,
ROI_3,122,78
,,
ROI_3,123,74
,,
ROI_3,124,43
,,
ROI_3,125,30
,,
ROI_3,126,32
,,
ROI_3,127,36
,,
ROI_3,128,47
,,
ROI_3,129,24
,,
ROI_3,130,24
,,
ROI_3,131,31
,,
ROI_3,132,25
,,
ROI_3,133,30
,,
ROI_3,134,26
,,
ROI_3,135,32
,,
ROI_3,136,34
,,
ROI_3,137,27
,,
ROI_3,138,26
,,
ROI_3,139,34
,,
ROI_3,140,23
,,
ROI_3,141,30
,,
ROI_3,142,31
,,
ROI_3,143,19
,,
ROI_3,144,21
,,
ROI_3,145,12
,,
ROI_3,146,19
,,
ROI_3,147,24
,,
ROI_3,148,26
,,
ROI_3,149,31
,,
ROI_3,150,23
,,
ROI_3,151,30
,,
ROI_3,152,26
,,
ROI_3,153,30
,,
ROI_3,154,23
,,
ROI_3,155,20
,,
ROI_3,156,26
,,
ROI_3,157,23
,,
ROI_3,158,18
,,
ROI_3,159,11
,,
ROI_3,160,23
,,
ROI_3,161,13
,,
ROI_3,162,24
,,
ROI_3,163,19
,,
ROI_3,164,18
,,
ROI_3,165,10
,,
ROI_3,166,18
,,
ROI_3,167,28
,,
ROI_3,168,20
,,
ROI_3,169,15
,,
ROI_3,170,15
,,
ROI_3,171,12
,,
ROI_3,172,14
,,
ROI_3,173,15
,,
ROI_3,174,17
,,
ROI_3,175,16
,,
ROI_3,176,14
,,
ROI_3,177,21
,,
ROI_3,178,19
,,
ROI_3,179,8
,,
ROI_3,180,15
,,
ROI_3,181,18
,,
ROI_3,182,7
,,
ROI_3,183,10
,,
ROI_3,184,16
,,
ROI_3,185,12
,,
ROI_3,186,13
,,
ROI_3,187,20
,,
ROI_3,188,7
,,
ROI_3,189,11
,,
ROI_3,190,9
,,
ROI_3,191,15
,,
ROI_3,192,13
,,
ROI_3,193,17
,,
ROI_3,194,8
,,
ROI_3,195,11
,,
ROI_3,196,15
,,
ROI_3,197,6
,,
ROI_3,198,8
,,
ROI_3,199,11
,,
ROI_3,200,15
,,
ROI_3,201,11
,,
ROI_3,202,12
,,
ROI_3,203,7
,,
ROI_3,204,8
,,
ROI_3,205,13
,,
ROI_3,206,8
,,
ROI_3,207,10
,,
ROI_3,208,16
,,
ROI_3,209,10
,,
ROI_3,210,9
,,
ROI_3,211,7
,,
ROI_3,212,13
,,
ROI_3,213,8
,,
ROI_3,214,14
,,
ROI_3,215,13
,,
ROI_3,216,7
,,
ROI_3,217,11
,,
ROI_3,218,5
,,
ROI_3,219,4
,,
ROI_3,220,5
,,
ROI_3,221,9
,,
ROI_3,222,6
,,
ROI_3,223,8
,,
ROI_3,224,5
,,
ROI_3,225,8
,,
ROI_3,226,9
,,
ROI_3,227,10
,,
ROI_3,228,7
,,
ROI_3,229,9
,,
ROI_3,230,7
,,
ROI_3,231,4
,,
ROI_3,232,6
,,
ROI_3,233,11
,,
ROI_3,234,10
,,
ROI_3,235,5
,,
ROI_3,236,4
,,
ROI_3,237,9
,,
ROI_3,238,9
,,
ROI_3,239,12
,,
ROI_3,240,6
,,
ROI_3,241,6
,,
ROI_3,242,5
,,
ROI_3,243,6
,,
ROI_3,244,3
,,
ROI_3,245,5
,,
ROI_3,246,4
,,
ROI_3,247,8
,,
ROI_3,248,4
,,
ROI_3,249,4
,,
ROI_3,250,7
,,
ROI_3,251,8
,,
ROI_3,252,5
,,
ROI_3,253,9
,,
ROI_3,254,7
,,
ROI_3,255,400
,,
ROI_4,0,3067
,,
ROI_4,1,630
,,
ROI_4,2,518
,,
ROI_4,3,441
,,
ROI_4,4,397
,,
ROI_4,5,375
,,
ROI_4,6,319
,,
ROI_4,7,284
,,
ROI_4,8,290
,,
ROI_4,9,253
,,
ROI_4,10,249
,,
ROI_4,11,215
,,
ROI_4,12,222
,,
ROI_4,13,210
,,
ROI_4,14,176
,,
ROI_4,15,186
,,
ROI_4,16,149
,,
ROI_4,17,175
,,
ROI_4,18,131
,,
ROI_4,19,141
,,
ROI_4,20,143
,,
ROI_4,21,105
,,
ROI_4,22,152
,,
ROI_4,23,113
,,
ROI_4,24,114
,,
ROI_4,25,106
,,
ROI_4,26,95
,,
ROI_4,27,111
,,
ROI_4,28,90
,,
ROI_4,29,108
,,
ROI_4,30,109
,,
ROI_4,31,105
,,
ROI_4,32,100
,,
ROI_4,33,87
,,
ROI_4,34,81
,,
ROI_4,35,72
,,
ROI_4,36,75
,,
ROI_4,37,73
,,
ROI_4,38,87
,,
ROI_4,39,65
,,
ROI_4,40,79
,,
ROI_4,41,76
,,
ROI_4,42,72
,,
ROI_4,43,82
,,
ROI_4,44,60
,,
ROI_4,45,62
,,
ROI_4,46,63
,,
ROI_4,47,57
,,
ROI_4,48,63
,,
ROI_4,49,49
,,
ROI_4,50,55
,,
ROI_4,51,62
,,
ROI_4,52,60
,,
ROI_4,53,50
,,
ROI_4,54,49
,,
ROI_4,55,52
,,
ROI_4,56,33
,,
ROI_4,57,50
,,
ROI_4,58,50
,,
ROI_4,59,41
,,
ROI_4,60,39
,,
ROI_4,61,38
,,
ROI_4,62,45
,,
ROI_4,63,38
,,
ROI_4,64,41
,,
ROI_4,65,37
,,
ROI_4,66,28
,,
ROI_4,67,40
,,
ROI_4,68,47
,,
ROI_4,69,36
,,
ROI_4,70,36
,,
ROI_4,71,33
,,
ROI_4,72,30
,,
ROI_4,73,34
,,
ROI_4,74,28
,,
ROI_4,75,40
,,
ROI_4,76,32
,,
ROI_4,77,32
,,
ROI_4,78,27
,,
ROI_4,79,27
,,
ROI_4,80,25
,,
ROI_4,81,31
,,
ROI_4,82,29
,,
ROI_4,83,25
,,
ROI_4,84,27
,,
ROI_4,85,25
,,
ROI_4,86,31
,,
ROI_4,87,19
,,
ROI_4,88,23
,,
ROI_4,89,20
,,
ROI_4,90,23
,,
ROI_4,91,19
,,
ROI_4,92,26
,,
ROI_4,93,22
,,
ROI_4,94,20
,,
ROI_4,95,24
,,
ROI_4,96,17
,,
ROI_4,97,19
,,
ROI_4,98,14
,,
ROI_4,99,16
,,
ROI_4,100,20
,,
ROI_4,101,20
,,
ROI_4,102,17
,,
ROI_4,103,10
,,
ROI_4,104,10
,,
ROI_4,105,15
,,
ROI_4,106,21
,,
ROI_4,107,21
,,
ROI_4,108,14
,,
ROI_4,109,25
,,
ROI_4,110,20
,,
ROI_4,111,17
,,
ROI_4,112,13
,,
ROI_4,113,16
,,
ROI_4,114,21
,,
ROI_4,115,13
,,
ROI_4,116,24
,,
ROI_4,117,19
,,
ROI_4,118,17
,,
ROI_4,119,20
,,
ROI_4,120,26
,,
ROI_4,121,25
,,
ROI_4,122,28
,,
ROI_4,123,32
,,
ROI_4,124,23
,,
ROI_4,125,11
,,
ROI_4,126,15
,,
ROI_4,127,21
,,
ROI_4,128,19
,,
ROI_4,129,12
,,
ROI_4,130,12
,,
ROI_4,131,11
,,
ROI_4,132,11
,,
ROI_4,133,9
,,
ROI_4,134,13
,,
ROI_4,135,6
,,
ROI_4,136,7
,,
ROI_4,137,9
,,
ROI_4,138,19
,,
ROI_4,139,15
,,
ROI_4,140,13
,,
ROI_4,141,9
,,
ROI_4,142,10
,,
ROI_4,143,10
,,
ROI_4,144,10
,,
ROI_4,145,9
,,
ROI_4,146,12
,,
ROI_4,147,10
,,
ROI_4,148,5
,,
ROI_4,149,10
,,
ROI_4,150,11
,,
ROI_4,151,9
,,
ROI_4,152,7
,,
ROI_4,153,7
,,
ROI_4,154,4
,,
ROI_4,155,9
,,
ROI_4,156,7
,,
ROI_4,157,4
,,
ROI_4,158,8
,,
ROI_4,159,8
,,
ROI_4,160,4
,,
ROI_4,161,14
,,
ROI_4,162,10
,,
ROI_4,163,12
,,
ROI_4,164,6
,,
ROI_4,165,10
,,
ROI_4,166,4
,,
ROI_4,167,17
,,
ROI_4,168,4
,,
ROI_4,169,3
,,
ROI_4,170,7
,,
ROI_4,171,8
,,
ROI_4,172,4
,,
ROI_4,173,4
,,
ROI_4,174,7
,,
ROI_4,175,3
,,
ROI_4,176,4
,,
ROI_4,177,1
,,
ROI_4,178,10
,,
ROI_4,179,3
,,
ROI_4,180,3
,,
ROI_4,181,7
,,
ROI_4,182,4
,,
ROI_4,183,11
,,
ROI_4,184,2
,,
ROI_4,185,3
,,
ROI_4,186,3
,,
ROI_4,187,9
,,
ROI_4,188,4
,,
ROI_4,189,3
,,
ROI_4,190,5
,,
ROI_4,191,1
,,
ROI_4,192,4
,,
ROI_4,193,7
,,
ROI_4,194,6
,,
ROI_4,195,6
,,
ROI_4,196,5
,,
ROI_4,197,2
,,
ROI_4,198,3
,,
ROI_4,199,2
,,
ROI_4,200,3
,,
ROI_4,201,2
,,
ROI_4,202,3
,,
ROI_4,203,5
,,
ROI_4,204,4
,,
ROI_4,205,4
,,
ROI_4,206,2
,,
ROI_4,207,3
,,
ROI_4,208,0
,,
ROI_4,209,2
,,
ROI_4,210,2
,,
ROI_4,211,1
,,
ROI_4,212,5
,,
ROI_4,213,0
,,
ROI_4,214,5
,,
ROI_4,215,2
,,
ROI_4,216,3
,,
ROI_4,217,0
,,
ROI_4,218,3
,,
ROI_4,219,3
,,
ROI_4,220,1
,,
ROI_4,221,2
,,
ROI_4,222,6
,,
ROI_4,223,2
,,
ROI_4,224,3
,,
ROI_4,225,3
,,
ROI_4,226,3
,,
ROI_4,227,3
,,
ROI_4,228,1
,,
ROI_4,229,6
,,
ROI_4,230,2
,,
ROI_4,231,2
,,
ROI_4,232,3
,,
ROI_4,233,5
,,
ROI_4,234,4
,,
ROI_4,235,2
,,
ROI_4,236,1
,,
ROI_4,237,1
,,
ROI_4,238,1
,,
ROI_4,239,3
,,
ROI_4,240,2
,,
ROI_4,241,2
,,
ROI_4,242,4
,,
ROI_4,243,1
,,
ROI_4,244,3
,,
ROI_4,245,1
,,
ROI_4,246,6
,,
ROI_4,247,2
,,
ROI_4,248,3
,,
ROI_4,249,1
,,
ROI_4,250,1
,,
ROI_4,251,3
,,
ROI_4,252,4
,,
ROI_4,253,5
,,
ROI_4,254,6
,,
ROI_4,255,253
,,
ROI_5,0,1593
,,
ROI_5,1,101
,,
ROI_5,2,67
,,
ROI_5,3,43
,,
ROI_5,4,36
,,
ROI_5,5,26
,,
ROI_5,6,28
,,
ROI_5,7,15
,,
ROI_5,8,23
,,
ROI_5,9,12
,,
ROI_5,10,15
,,
ROI_5,11,12
,,
ROI_5,12,13
,,
ROI_5,13,19
,,
ROI_5,14,17
,,
ROI_5,15,11
,,
ROI_5,16,3
,,
ROI_5,17,8
,,
ROI_5,18,9
,,
ROI_5,19,9
,,
ROI_5,20,12
,,
ROI_5,21,16
,,
ROI_5,22,8
,,
ROI_5,23,8
,,
ROI_5,24,8
,,
ROI_5,25,9
,,
ROI_5,26,6
,,
ROI_5,27,16
,,
ROI_5,28,10
,,
ROI_5,29,3
,,
ROI_5,30,7
,,
ROI_5,31,4
,,
ROI_5,32,6
,,
ROI_5,33,4
,,
ROI_5,34,9
,,
ROI_5,35,13
,,
ROI_5,36,8
,,
ROI_5,37,8
,,
ROI_5,38,6
,,
ROI_5,39,5
,,
ROI_5,40,1
,,
ROI_5,41,2
,,
ROI_5,42,3
,,
ROI_5,43,3
,,
ROI_5,44,2
,,
ROI_5,45,5
,,
ROI_5,46,5
,,
ROI_5,47,3
,,
ROI_5,48,4
,,
ROI_5,49,3
,,
ROI_5,50,2
,,
ROI_5,51,4
,,
ROI_5,52,4
,,
ROI_5,53,5
,,
ROI_5,54,5
,,
ROI_5,55,2
,,
ROI_5,56,1
,,
ROI_5,57,2
,,
ROI_5,58,2
,,
ROI_5,59,3
,,
ROI_5,60,4
,,
ROI_5,61,4
,,
ROI_5,62,4
,,
ROI_5,63,2
,,
ROI_5,64,1
,,
ROI_5,65,4
,,
ROI_5,66,1
,,
ROI_5,67,1
,,
ROI_5,68,3
,,
ROI_5,69,5
,,
ROI_5,70,2
,,
ROI_5,71,2
,,
ROI_5,72,0
,,
ROI_5,73,1
,,
ROI_5,74,4
,,
ROI_5,75,4
,,
ROI_5,76,0
,,
ROI_5,77,1
,,
ROI_5,78,2
,,
ROI_5,79,0
,,
ROI_5,80,0
,,
ROI_5,81,3
,,
ROI_5,82,0
,,
ROI_5,83,1
,,
ROI_5,84,1
,,
ROI_5,85,0
,,
ROI_5,86,0
,,
ROI_5,87,1
,,
ROI_5,88,1
,,
ROI_5,89,1
,,
ROI_5,90,1
,,
ROI_5,91,2
,,
ROI_5,92,0
,,
ROI_5,93,1
,,
ROI_5,94,1
,,
ROI_5,95,0
,,
ROI_5,96,0
,,
ROI_5,97,1
,,
ROI_5,98,0
,,
ROI_5,99,0
,,
ROI_5,100,2
,,
ROI_5,101,1
,,
ROI_5,102,0
,,
ROI_5,103,0
,,
ROI_5,104,1
,,
ROI_5,105,2
,,
ROI_5,106,3
,,
ROI_5,107,1
,,
ROI_5,108,1
,,
ROI_5,109,0
,,
ROI_5,110,2
,,
ROI_5,111,0
,,
ROI_5,112,0
,,
ROI_5,113,0
,,
ROI_5,114,0
,,
ROI_5,115,1
,,
ROI_5,116,1
,,
ROI_5,117,0
,,
ROI_5,118,1
,,
ROI_5,119,1
,,
ROI_5,120,0
,,
ROI_5,121,0
,,
ROI_5,122,2
,,
ROI_5,123,1
,,
ROI_5,124,0
,,
ROI_5,125,2
,,
ROI_5,126,0
,,
ROI_5,127,0
,,
ROI_5,128,0
,,
ROI_5,129,0
,,
ROI_5,130,0
,,
ROI_5,131,0
,,
ROI_5,132,0
,,
ROI_5,133,0
,,
ROI_5,134,1
,,
ROI_5,135,0
,,
ROI_5,136,0
,,
ROI_5,137,0
,,
ROI_5,138,0
,,
ROI_5,139,1
,,
ROI_5,140,1
,,
ROI_5,141,0
,,
ROI_5,142,0
,,
ROI_5,143,1
,,
ROI_5,144,1
,,
ROI_5,145,1
,,
ROI_5,146,0
,,
ROI_5,147,0
,,
ROI_5,148,0
,,
ROI_5,149,1
,,
ROI_5,150,1
,,
ROI_5,151,0
,,
ROI_5,152,2
,,
ROI_5,153,0
,,
ROI_5,154,1
,,
ROI_5,155,0
,,
ROI_5,156,0
,,
ROI_5,157,0
,,
ROI_5,158,1
,,
ROI_5,159,0
,,
ROI_5,160,0
,,
ROI_5,161,1
,,
ROI_5,162,0
,,
ROI_5,163,0
,,
ROI_5,164,2
,,
ROI_5,165,1
,,
ROI_5,166,1
,,
ROI_5,167,0
,,
ROI_5,168,2
,,
ROI_5,169,0
,,
ROI_5,170,0
,,
ROI_5,171,1
,,
ROI_5,172,1
,,
ROI_5,173,0
,,
ROI_5,174,1
,,
ROI_5,175,1
,,
ROI_5,176,1
,,
ROI_5,177,0
,,
ROI_5,178,0
,,
ROI_5,179,0
,,
ROI_5,180,1
,,
ROI_5,181,0
,,
ROI_5,182,1
,,
ROI_5,183,1
,,
ROI_5,184,1
,,
ROI_5,185,0
,,
ROI_5,186,0
,,
ROI_5,187,1
,,
ROI_5,188,1
,,
ROI_5,189,0
,,
ROI_5,190,0
,,
ROI_5,191,0
,,
ROI_5,192,0
,,
ROI_5,193,0
,,
ROI_5,194,0
,,
ROI_5,195,0
,,
ROI_5,196,1
,,
ROI_5,197,0
,,
ROI_5,198,0
,,
ROI_5,199,0
,,
ROI_5,200,0
,,
ROI_5,201,1
,,
ROI_5,202,0
,,
ROI_5,203,0
,,
ROI_5,204,1
,,
ROI_5,205,0
,,
ROI_5,206,0
,,
ROI_5,207,0
,,
ROI_5,208,1
,,
ROI_5,209,0
,,
ROI_5,210,0
,,
ROI_5,211,0
,,
ROI_5,212,1
,,
ROI_5,213,1
,,
ROI_5,214,0
,,
ROI_5,215,1
,,
ROI_5,216,0
,,
ROI_5,217,0
,,
ROI_5,218,0
,,
ROI_5,219,0
,,
ROI_5,220,0
,,
ROI_5,221,1
,,
ROI_5,222,3
,,
ROI_5,223,0
,,
ROI_5,224,0
,,
ROI_5,225,0
,,
ROI_5,226,1
,,
ROI_5,227,0
,,
ROI_5,228,1
,,
ROI_5,229,1
,,
ROI_5,230,2
,,
ROI_5,231,0
,,
ROI_5,232,0
,,
ROI_5,233,0
,,
ROI_5,234,0
,,
ROI_5,235,0
,,
ROI_5,236,0
,,
ROI_5,237,0
,,
ROI_5,238,0
,,
ROI_5,239,1
,,
ROI_5,240,0
,,
ROI_5,241,0
,,
ROI_5,242,0
,,
ROI_5,243,1
,,
ROI_5,244,0
,,
ROI_5,245,1
,,
ROI_5,246,0
,,
ROI_5,247,0
,,
ROI_5,248,0
,,
ROI_5,249,0
,,
ROI_5,250,0
,,
ROI_5,251,0
,,
ROI_5,252,0
,,
ROI_5,253,1
,,
ROI_5,254,2
,,
ROI_5,255,16
,,
ROI_6,0,4387
,,
ROI_6,1,605
,,
ROI_6,2,409
,,
ROI_6,3,348
,,
ROI_6,4,264
,,
ROI_6,5,240
,,
ROI_6,6,215
,,
ROI_6,7,180
,,
ROI_6,8,145
,,
ROI_6,9,155
,,
ROI_6,10,142
,,
ROI_6,11,121
,,
ROI_6,12,120
,,
ROI_6,13,112
,,
ROI_6,14,99
,,
ROI_6,15,82
,,
ROI_6,16,104
,,
ROI_6,17,99
,,
ROI_6,18,77
,,
ROI_6,19,81
,,
ROI_6,20,63
,,
ROI_6,21,63
,,
ROI_6,22,57
,,
ROI_6,23,49
,,
ROI_6,24,54
,,
ROI_6,25,49
,,
ROI_6,26,46
,,
ROI_6,27,52
,,
ROI_6,28,36
,,
ROI_6,29,54
,,
ROI_6,30,46
,,
ROI_6,31,56
,,
ROI_6,32,45
,,
ROI_6,33,32
,,
ROI_6,34,37
,,
ROI_6,35,33
,,
ROI_6,36,37
,,
ROI_6,37,34
,,
ROI_6,38,21
,,
ROI_6,39,41
,,
ROI_6,40,33
,,
ROI_6,41,37
,,
ROI_6,42,41
,,
ROI_6,43,32
,,
ROI_6,44,40
,,
ROI_6,45,26
,,
ROI_6,46,39
,,
ROI_6,47,27
,,
ROI_6,48,31
,,
ROI_6,49,25
,,
ROI_6,50,24
,,
ROI_6,51,33
,,
ROI_6,52,30
,,
ROI_6,53,28
,,
ROI_6,54,28
,,
ROI_6,55,34
,,
ROI_6,56,19
,,
ROI_6,57,25
,,
ROI_6,58,25
,,
ROI_6,59,24
,,
ROI_6,60,29
,,
ROI_6,61,24
,,
ROI_6,62,33
,,
ROI_6,63,28
,,
ROI_6,64,22
,,
ROI_6,65,21
,,
ROI_6,66,15
,,
ROI_6,67,17
,,
ROI_6,68,23
,,
ROI_6,69,30
,,
ROI_6,70,17
,,
ROI_6,71,17
,,
ROI_6,72,20
,,
ROI_6,73,25
,,
ROI_6,74,19
,,
ROI_6,75,23
,,
ROI_6,76,23
,,
ROI_6,77,16
,,
ROI_6,78,16
,,
ROI_6,79,21
,,
ROI_6,80,21
,,
ROI_6,81,22
,,
ROI_6,82,15
,,
ROI_6,83,18
,,
ROI_6,84,22
,,
ROI_6,85,12
,,
ROI_6,86,14
,,
ROI_6,87,12
,,
ROI_6,88,18
,,
ROI_6,89,17
,,
ROI_6,90,15
,,
ROI_6,91,18
,,
ROI_6,92,9
,,
ROI_6,93,12
,,
ROI_6,94,13
,,
ROI_6,95,15
,,
ROI_6,96,14
,,
ROI_6,97,10
,,
ROI_6,98,12
,,
ROI_6,99,11
,,
ROI_6,100,10
,,
ROI_6,101,15
,,
ROI_6,102,10
,,
ROI_6,103,20
,,
ROI_6,104,9
,,
ROI_6,105,11
,,
ROI_6,106,16
,,
ROI_6,107,12
,,
ROI_6,108,7
,,
ROI_6,109,15
,,
ROI_6,110,16
,,
ROI_6,111,18
,,
ROI_6,112,13
,,
ROI_6,113,13
,,
ROI_6,114,18
,,
ROI_6,115,9
,,
ROI_6,116,12
,,
ROI_6,117,13
,,
ROI_6,118,8
,,
ROI_6,119,9
,,
ROI_6,120,20
,,
ROI_6,121,20
,,
ROI_6,122,23
,,
ROI_6,123,13
,,
ROI_6,124,19
,,
ROI_6,125,12
,,
ROI_6,126,11
,,
ROI_6,127,14
,,
ROI_6,128,15
,,
ROI_6,129,17
,,
ROI_6,130,6
,,
ROI_6,131,5
,,
ROI_6,132,7
,,
ROI_6,133,12
,,
ROI_6,134,4
,,
ROI_6,135,7
,,
ROI_6,136,11
,,
ROI_6,137,15
,,
ROI_6,138,14
,,
ROI_6,139,6
,,
ROI_6,140,5
,,
ROI_6,141,15
,,
ROI_6,142,8
,,
ROI_6,143,8
,,
ROI_6,144,13
,,
ROI_6,145,13
,,
ROI_6,146,4
,,
ROI_6,147,3
,,
ROI_6,148,10
,,
ROI_6,149,8
,,
ROI_6,150,1
,,
ROI_6,151,9
,,
ROI_6,152,8
,,
ROI_6,153,3
,,
ROI_6,154,8
,,
ROI_6,155,6
,,
ROI_6,156,9
,,
ROI_6,157,6
,,
ROI_6,158,3
,,
ROI_6,159,8
,,
ROI_6,160,9
,,
ROI_6,161,5
,,
ROI_6,162,9
,,
ROI_6,163,6
,,
ROI_6,164,3
,,
ROI_6,165,8
,,
ROI_6,166,7
,,
ROI_6,167,6
,,
ROI_6,168,5
,,
ROI_6,169,6
,,
ROI_6,170,7
,,
ROI_6,171,6
,,
ROI_6,172,5
,,
ROI_6,173,2
,,
ROI_6,174,9
,,
ROI_6,175,5
,,
ROI_6,176,4
,,
ROI_6,177,9
,,
ROI_6,178,5
,,
ROI_6,179,1
,,
ROI_6,180,4
,,
ROI_6,181,5
,,
ROI_6,182,2
,,
ROI_6,183,5
,,
ROI_6,184,4
,,
ROI_6,185,5
,,
ROI_6,186,3
,,
ROI_6,187,8
,,
ROI_6,188,2
,,
ROI_6,189,3
,,
ROI_6,190,4
,,
ROI_6,191,2
,,
ROI_6,192,5
,,
ROI_6,193,4
,,
ROI_6,194,3
,,
ROI_6,195,6
,,
ROI_6,196,3
,,
ROI_6,197,4
,,
ROI_6,198,3
,,
ROI_6,199,6
,,
ROI_6,200,2
,,
ROI_6,201,1
,,
ROI_6,202,3
,,
ROI_6,203,4
,,
ROI_6,204,2
,,
ROI_6,205,2
,,
ROI_6,206,4
,,
ROI_6,207,1
,,
ROI_6,208,4
,,
ROI_6,209,2
,,
ROI_6,210,1
,,
ROI_6,211,5
,,
ROI_6,212,5
,,
ROI_6,213,2
,,
ROI_6,214,1
,,
ROI_6,215,2
,,
ROI_6,216,7
,,
ROI_6,217,4
,,
ROI_6,218,1
,,
ROI_6,219,3
,,
ROI_6,220,3
,,
ROI_6,221,1
,,
ROI_6,222,2
,,
ROI_6,223,0
,,
ROI_6,224,6
,,
ROI_6,225,3
,,
ROI_6,226,5
,,
ROI_6,227,6
,,
ROI_6,228,3
,,
ROI_6,229,0
,,
ROI_6,230,2
,,
ROI_6,231,0
,,
ROI_6,232,2
,,
ROI_6,233,2
,,
ROI_6,234,2
,,
ROI_6,235,4
,,
ROI_6,236,3
,,
ROI_6,237,3
,,
ROI_6,238,1
,,
ROI_6,239,3
,,
ROI_6,240,2
,,
ROI_6,241,6
,,
ROI_6,242,2
,,
ROI_6,243,2
,,
ROI_6,244,4
,,
ROI_6,245,2
,,
ROI_6,246,1
,,
ROI_6,247,2
,,
ROI_6,248,4
,,
ROI_6,249,1
,,
ROI_6,250,1
,,
ROI_6,251,1
,,
ROI_6,252,1
,,
ROI_6,253,3
,,
ROI_6,254,1
,,
ROI_6,255,191
,,
ROI_7,0,1822
,,
ROI_7,1,227
,,
ROI_7,2,177
,,
ROI_7,3,137
,,
ROI_7,4,105
,,
ROI_7,5,96
,,
ROI_7,6,85
,,
ROI_7,7,71
,,
ROI_7,8,86
,,
ROI_7,9,87
,,
ROI_7,10,82
,,
ROI_7,11,61
,,
ROI_7,12,61
,,
ROI_7,13,66
,,
ROI_7,14,72
,,
ROI_7,15,65
,,
ROI_7,16,56
,,
ROI_7,17,53
,,
ROI_7,18,55
,,
ROI_7,19,53
,,
ROI_7,20,54
,,
ROI_7,21,35
,,
ROI_7,22,33
,,
ROI_7,23,46
,,
ROI_7,24,41
,,
ROI_7,25,36
,,
ROI_7,26,46
,,
ROI_7,27,34
,,
ROI_7,28,30
,,
ROI_7,29,44
,,
ROI_7,30,27
,,
ROI_7,31,29
,,
ROI_7,32,20
,,
ROI_7,33,37
,,
ROI_7,34,26
,,
ROI_7,35,25
,,
ROI_7,36,29
,,
ROI_7,37,26
,,
ROI_7,38,31
,,
ROI_7,39,24
,,
ROI_7,40,23
,,
ROI_7,41,23
,,
ROI_7,42,14
,,
ROI_7,43,23
,,
ROI_7,44,28
,,
ROI_7,45,25
,,
ROI_7,46,26
,,
ROI_7,47,20
,,
ROI_7,48,17
,,
ROI_7,49,25
,,
ROI_7,50,18
,,
ROI_7,51,13
,,
ROI_7,52,20
,,
ROI_7,53,28
,,
ROI_7,54,18
,,
ROI_7,55,14
,,
ROI_7,56,20
,,
ROI_7,57,18
,,
ROI_7,58,19
,,
ROI_7,59,14
,,
ROI_7,60,12
,,
ROI_7,61,19
,,
ROI_7,62,14
,,
ROI_7,63,11
,,
ROI_7,64,28
,,
ROI_7,65,17
,,
ROI_7,66,17
,,
ROI_7,67,10
,,
ROI_7,68,19
,,
ROI_7,69,9
,,
ROI_7,70,21
,,
ROI_7,71,18
,,
ROI_7,72,15
,,
ROI_7,73,14
,,
ROI_7,74,8
,,
ROI_7,75,17
,,
ROI_7,76,17
,,
ROI_7,77,13
,,
ROI_7,78,17
,,
ROI_7,79,7
,,
ROI_7,80,11
,,
ROI_7,81,12
,,
ROI_7,82,10
,,
ROI_7,83,15
,,
ROI_7,84,12
,,
ROI_7,85,14
,,
ROI_7,86,11
,,
ROI_7,87,14
,,
ROI_7,88,14
,,
ROI_7,89,8
,,
ROI_7,90,11
,,
ROI_7,91,13
,,
ROI_7,92,12
,,
ROI_7,93,10
,,
ROI_7,94,12
,,
ROI_7,95,7
,,
ROI_7,96,10
,,
ROI_7,97,11
,,
ROI_7,98,13
,,
ROI_7,99,11
,,
ROI_7,100,7
,,
ROI_7,101,11
,,
ROI_7,102,11
,,
ROI_7,103,10
,,
ROI_7,104,11
,,
ROI_7,105,10
,,
ROI_7,106,10
,,
ROI_7,107,8
,,
ROI_7,108,6
,,
ROI_7,109,7
,,
ROI_7,110,13
,,
ROI_7,111,12
,,
ROI_7,112,8
,,
ROI_7,113,6
,,
ROI_7,114,9
,,
ROI_7,115,7
,,
ROI_7,116,13
,,
ROI_7,117,6
,,
ROI_7,118,15
,,
ROI_7,119,9
,,
ROI_7,120,11
,,
ROI_7,121,9
,,
ROI_7,122,17
,,
ROI_7,123,11
,,
ROI_7,124,14
,,
ROI_7,125,4
,,
ROI_7,126,6
,,
ROI_7,127,3
,,
ROI_7,128,10
,,
ROI_7,129,6
,,
ROI_7,130,6
,,
ROI_7,131,2
,,
ROI_7,132,8
,,
ROI_7,133,6
,,
ROI_7,134,6
,,
ROI_7,135,5
,,
ROI_7,136,4
,,
ROI_7,137,7
,,
ROI_7,138,6
,,
ROI_7,139,4
,,
ROI_7,140,3
,,
ROI_7,141,6
,,
ROI_7,142,3
,,
ROI_7,143,3
,,
ROI_7,144,3
,,
ROI_7,145,4
,,
ROI_7,146,1
,,
ROI_7,147,6
,,
ROI_7,148,7
,,
ROI_7,149,5
,,
ROI_7,150,2
,,
ROI_7,151,4
,,
ROI_7,152,5
,,
ROI_7,153,9
,,
ROI_7,154,7
,,
ROI_7,155,2
,,
ROI_7,156,4
,,
ROI_7,157,4
,,
ROI_7,158,2
,,
ROI_7,159,5
,,
ROI_7,160,5
,,
ROI_7,161,4
,,
ROI_7,162,2
,,
ROI_7,163,2
,,
ROI_7,164,2
,,
ROI_7,165,2
,,
ROI_7,166,4
,,
ROI_7,167,2
,,
ROI_7,168,7
,,
ROI_7,169,0
,,
ROI_7,170,5
,,
ROI_7,171,2
,,
ROI_7,172,5
,,
ROI_7,173,1
,,
ROI_7,174,0
,,
ROI_7,175,3
,,
ROI_7,176,3
,,
ROI_7,177,3
,,
ROI_7,178,4
,,
ROI_7,179,1
,,
ROI_7,180,2
,,
ROI_7,181,3
,,
ROI_7,182,3
,,
ROI_7,183,7
,,
ROI_7,184,0
,,
ROI_7,185,4
,,
ROI_7,186,1
,,
ROI_7,187,2
,,
ROI_7,188,3
,,
ROI_7,189,3
,,
ROI_7,190,2
,,
ROI_7,191,2
,,
ROI_7,192,4
,,
ROI_7,193,2
,,
ROI_7,194,2
,,
ROI_7,195,2
,,
ROI_7,196,2
,,
ROI_7,197,1
,,
ROI_7,198,1
,,
ROI_7,199,3
,,
ROI_7,200,1
,,
ROI_7,201,2
,,
ROI_7,202,4
,,
ROI_7,203,3
,,
ROI_7,204,0
,,
ROI_7,205,3
,,
ROI_7,206,7
,,
ROI_7,207,1
,,
ROI_7,208,0
,,
ROI_7,209,1
,,
ROI_7,210,2
,,
ROI_7,211,1
,,
ROI_7,212,1
,,
ROI_7,213,1
,,
ROI_7,214,1
,,
ROI_7,215,3
,,
ROI_7,216,2
,,
ROI_7,217,2
,,
ROI_7,218,1
,,
ROI_7,219,0
,,
ROI_7,220,1
,,
ROI_7,221,2
,,
ROI_7,222,1
,,
ROI_7,223,1
,,
ROI_7,224,1
,,
ROI_7,225,0
,,
ROI_7,226,1
,,
ROI_7,227,0
,,
ROI_7,228,2
,,
ROI_7,229,2
,,
ROI_7,230,3
,,
ROI_7,231,0
,,
ROI_7,232,1
,,
ROI_7,233,1
,,
ROI_7,234,3
,,
ROI_7,235,2
,,
ROI_7,236,3
,,
ROI_7,237,0
,,
ROI_7,238,0
,,
ROI_7,239,2
,,
ROI_7,240,1
,,
ROI_7,241,2
,,
ROI_7,242,1
,,
ROI_7,243,1
,,
ROI_7,244,2
,,
ROI_7,245,2
,,
ROI_7,246,1
,,
ROI_7,247,3
,,
ROI_7,248,0
,,
ROI_7,249,1
,,
ROI_7,250,0
,,
ROI_7,251,2
,,
ROI_7,252,3
,,
ROI_7,253,2
,,
ROI_7,254,1
,,
ROI_7,255,77
,,
ROI_8,0,4703
,,
ROI_8,1,743
,,
ROI_8,2,693
,,
ROI_8,3,585
,,
ROI_8,4,611
,,
ROI_8,5,537
,,
ROI_8,6,508
,,
ROI_8,7,456
,,
ROI_8,8,497
,,
ROI_8,9,457
,,
ROI_8,10,429
,,
ROI_8,11,394
,,
ROI_8,12,393
,,
ROI_8,13,370
,,
ROI_8,14,336
,,
ROI_8,15,366
,,
ROI_8,16,356
,,
ROI_8,17,339
,,
ROI_8,18,308
,,
ROI_8,19,291
,,
ROI_8,20,308
,,
ROI_8,21,256
,,
ROI_8,22,265
,,
ROI_8,23,285
,,
ROI_8,24,247
,,
ROI_8,25,239
,,
ROI_8,26,252
,,
ROI_8,27,203
,,
ROI_8,28,199
,,
ROI_8,29,258
,,
ROI_8,30,218
,,
ROI_8,31,209
,,
ROI_8,32,201
,,
ROI_8,33,196
,,
ROI_8,34,226
,,
ROI_8,35,216
,,
ROI_8,36,172
,,
ROI_8,37,173
,,
ROI_8,38,195
,,
ROI_8,39,156
,,
ROI_8,40,163
,,
ROI_8,41,151
,,
ROI_8,42,182
,,
ROI_8,43,151
,,
ROI_8,44,152
,,
ROI_8,45,154
,,
ROI_8,46,143
,,
ROI_8,47,153
,,
ROI_8,48,146
,,
ROI_8,49,118
,,
ROI_8,50,124
,,
ROI_8,51,135
,,
ROI_8,52,118
,,
ROI_8,53,122
,,
ROI_8,54,115
,,
ROI_8,55,132
,,
ROI_8,56,105
,,
ROI_8,57,122
,,
ROI_8,58,111
,,
ROI_8,59,117
,,
ROI_8,60,98
,,
ROI_8,61,104
,,
ROI_8,62,109
,,
ROI_8,63,89
,,
ROI_8,64,99
,,
ROI_8,65,96
,,
ROI_8,66,83
,,
ROI_8,67,79
,,
ROI_8,68,92
,,
ROI_8,69,80
,,
ROI_8,70,90
,,
ROI_8,71,84
,,
ROI_8,72,95
,,
ROI_8,73,75
,,
ROI_8,74,96
,,
ROI_8,75,93
,,
ROI_8,76,79
,,
ROI_8,77,65
,,
ROI_8,78,89
,,
ROI_8,79,72
,,
ROI_8,80,98
,,
ROI_8,81,65
,,
ROI_8,82,75
,,
ROI_8,83,84
,,
ROI_8,84,85
,,
ROI_8,85,82
,,
ROI_8,86,61
,,
ROI_8,87,67
,,
ROI_8,88,81
,,
ROI_8,89,61
,,
ROI_8,90,50
,,
ROI_8,91,69
,,
ROI_8,92,60
,,
ROI_8,93,64
,,
ROI_8,94,56
,,
ROI_8,95,48
,,
ROI_8,96,49
,,
ROI_8,97,52
,,
ROI_8,98,47
,,
ROI_8,99,51
,,
ROI_8,100,41
,,
ROI_8,101,59
,,
ROI_8,102,42
,,
ROI_8,103,53
,,
ROI_8,104,53
,,
ROI_8,105,57
,,
ROI_8,106,54
,,
ROI_8,107,48
,,
ROI_8,108,53
,,
ROI_8,109,44
,,
ROI_8,110,45
,,
ROI_8,111,44
,,
ROI_8,112,39
,,
ROI_8,113,39
,,
ROI_8,114,39
,,
ROI_8,115,32
,,
ROI_8,116,46
,,
ROI_8,117,50
,,
ROI_8,118,48
,,
ROI_8,119,36
,,
ROI_8,120,51
,,
ROI_8,121,68
,,
ROI_8,122,86
,,
ROI_8,123,69
,,
ROI_8,124,43
,,
ROI_8,125,40
,,
ROI_8,126,40
,,
ROI_8,127,40
,,
ROI_8,128,39
,,
ROI_8,129,27
,,
ROI_8,130,32
,,
ROI_8,131,26
,,
ROI_8,132,36
,,
ROI_8,133,26
,,
ROI_8,134,28
,,
ROI_8,135,28
,,
ROI_8,136,33
,,
ROI_8,137,28
,,
ROI_8,138,29
,,
ROI_8,139,33
,,
ROI_8,140,29
,,
ROI_8,141,22
,,
ROI_8,142,19
,,
ROI_8,143,17
,,
ROI_8,144,20
,,
ROI_8,145,23
,,
ROI_8,146,41
,,
ROI_8,147,19
,,
ROI_8,148,28
,,
ROI_8,149,25
,,
ROI_8,150,34
,,
ROI_8,151,28
,,
ROI_8,152,20
,,
ROI_8,153,26
,,
ROI_8,154,21
,,
ROI_8,155,21
,,
ROI_8,156,19
,,
ROI_8,157,28
,,
ROI_8,158,26
,,
ROI_8,159,18
,,
ROI_8,160,16
,,
ROI_8,161,18
,,
ROI_8,162,17
,,
ROI_8,163,16
,,
ROI_8,164,21
,,
ROI_8,165,22
,,
ROI_8,166,16
,,
ROI_8,167,21
,,
ROI_8,168,20
,,
ROI_8,169,21
,,
ROI_8,170,19
,,
ROI_8,171,16
,,
ROI_8,172,14
,,
ROI_8,173,9
,,
ROI_8,174,22
,,
ROI_8,175,10
,,
ROI_8,176,18
,,
ROI_8,177,17
,,
ROI_8,178,25
,,
ROI_8,179,15
,,
ROI_8,180,15
,,
ROI_8,181,11
,,
ROI_8,182,19
,,
ROI_8,183,20
,,
ROI_8,184,15
,,
ROI_8,185,15
,,
ROI_8,186,7
,,
ROI_8,187,12
,,
ROI_8,188,15
,,
ROI_8,189,14
,,
ROI_8,190,15
,,
ROI_8,191,20
,,
ROI_8,192,11
,,
ROI_8,193,9
,,
ROI_8,194,14
,,
ROI_8,195,11
,,
ROI_8,196,9
,,
ROI_8,197,17
,,
ROI_8,198,12
,,
ROI_8,199,11
,,
ROI_8,200,12
,,
ROI_8,201,10
,,
ROI_8,202,9
,,
ROI_8,203,13
,,
ROI_8,204,9
,,
ROI_8,205,9
,,
ROI_8,206,8
,,
ROI_8,207,11
,,
ROI_8,208,6
,,
ROI_8,209,12
,,
ROI_8,210,8
,,
ROI_8,211,14
,,
ROI_8,212,10
,,
ROI_8,213,14
,,
ROI_8,214,9
,,
ROI_8,215,7
,,
ROI_8,216,6
,,
ROI_8,217,12
,,
ROI_8,218,6
,,
ROI_8,219,10
,,
ROI_8,220,12
,,
ROI_8,221,7
,,
ROI_8,222,14
,,
ROI_8,223,6
,,
ROI_8,224,10
,,
ROI_8,225,3
,,
ROI_8,226,5
,,
ROI_8,227,5
,,
ROI_8,228,9
,,
ROI_8,229,4
,,
ROI_8,230,7
,,
ROI_8,231,10
,,
ROI_8,232,8
,,
ROI_8,233,2
,,
ROI_8,234,5
,,
ROI_8,235,7
,,
ROI_8,236,1
,,
ROI_8,237,2
,,
ROI_8,238,8
,,
ROI_8,239,7
,,
ROI_8,240,6
,,
ROI_8,241,5
,,
ROI_8,242,10
,,
ROI_8,243,6
,,
ROI_8,244,4
,,
ROI_8,245,4
,,
ROI_8,246,8
,,
ROI_8,247,3
,,
ROI_8,248,8
,,
ROI_8,249,5
,,
ROI_8,250,8
,,
ROI_8,251,3
,,
ROI_8,252,5
,,
ROI_8,253,1
,,
ROI_8,254,7
,,
ROI_8,255,331
,,
ROI_9,0,4419
,,
ROI_9,1,1182
,,
ROI_9,2,1073
,,
ROI_9,3,944
,,
ROI_9,4,778
,,
ROI_9,5,661
,,
ROI_9,6,659
,,
ROI_9,7,534
,,
ROI_9,8,530
,,
ROI_9,9,486
,,
ROI_9,10,435
,,
ROI_9,11,397
,,
ROI_9,12,400
,,
ROI_9,13,362
,,
ROI_9,14,375
,,
ROI_9,15,328
,,
ROI_9,16,344
,,
ROI_9,17,314
,,
ROI_9,18,298
,,
ROI_9,19,287
,,
ROI_9,20,299
,,
ROI_9,21,209
,,
ROI_9,22,237
,,
ROI_9,23,241
,,
ROI_9,24,212
,,
ROI_9,25,225
,,
ROI_9,26,188
,,
ROI_9,27,199
,,
ROI_9,28,191
,,
ROI_9,29,209
,,
ROI_9,30,186
,,
ROI_9,31,167
,,
ROI_9,32,157
,,
ROI_9,33,149
,,
ROI_9,34,152
,,
ROI_9,35,150
,,
ROI_9,36,116
,,
ROI_9,37,126
,,
ROI_9,38,121
,,
ROI_9,39,119
,,
ROI_9,40,106
,,
ROI_9,41,106
,,
ROI_9,42,119
,,
ROI_9,43,113
,,
ROI_9,44,97
,,
ROI_9,45,114
,,
ROI_9,46,88
,,
ROI_9,47,97
,,
ROI_9,48,90
,,
ROI_9,49,91
,,
ROI_9,50,68
,,
ROI_9,51,86
,,
ROI_9,52,73
,,
ROI_9,53,84
,,
ROI_9,54,83
,,
ROI_9,55,89
,,
ROI_9,56,74
,,
ROI_9,57,89
,,
ROI_9,58,64
,,
ROI_9,59,52
,,
ROI_9,60,83
,,
ROI_9,61,51
,,
ROI_9,62,73
,,
ROI_9,63,54
,,
ROI_9,64,51
,,
ROI_9,65,70
,,
ROI_9,66,60
,,
ROI_9,67,56
,,
ROI_9,68,62
,,
ROI_9,69,42
,,
ROI_9,70,49
,,
ROI_9,71,51
,,
ROI_9,72,41
,,
ROI_9,73,57
,,
ROI_9,74,36
,,
ROI_9,75,49
,,
ROI_9,76,45
,,
ROI_9,77,45
,,
ROI_9,78,46
,,
ROI_9,79,45
,,
ROI_9,80,35
,,
ROI_9,81,33
,,
ROI_9,82,36
,,
ROI_9,83,34
,,
ROI_9,84,30
,,
ROI_9,85,24
,,
ROI_9,86,19
,,
ROI_9,87,38
,,
ROI_9,88,35
,,
ROI_9,89,32
,,
ROI_9,90,24
,,
ROI_9,91,26
,,
ROI_9,92,36
,,
ROI_9,93,34
,,
ROI_9,94,33
,,
ROI_9,95,21
,,
ROI_9,96,27
,,
ROI_9,97,31
,,
ROI_9,98,17
,,
ROI_9,99,31
,,
ROI_9,100,15
,,
ROI_9,101,20
,,
ROI_9,102,20
,,
ROI_9,103,26
,,
ROI_9,104,14
,,
ROI_9,105,20
,,
ROI_9,106,19
,,
ROI_9,107,20
,,
ROI_9,108,15
,,
ROI_9,109,16
,,
ROI_9,110,29
,,
ROI_9,111,34
,,
ROI_9,112,15
,,
ROI_9,113,13
,,
ROI_9,114,20
,,
ROI_9,115,20
,,
ROI_9,116,22
,,
ROI_9,117,12
,,
ROI_9,118,18
,,
ROI_9,119,22
,,
ROI_9,120,27
,,
ROI_9,121,22
,,
ROI_9,122,34
,,
ROI_9,123,21
,,
ROI_9,124,11
,,
ROI_9,125,18
,,
ROI_9,126,15
,,
ROI_9,127,14
,,
ROI_9,128,15
,,
ROI_9,129,9
,,
ROI_9,130,12
,,
ROI_9,131,14
,,
ROI_9,132,10
,,
ROI_9,133,12
,,
ROI_9,134,10
,,
ROI_9,135,16
,,
ROI_9,136,8
,,
ROI_9,137,8
,,
ROI_9,138,12
,,
ROI_9,139,7
,,
ROI_9,140,11
,,
ROI_9,141,8
,,
ROI_9,142,12
,,
ROI_9,143,16
,,
ROI_9,144,10
,,
ROI_9,145,6
,,
ROI_9,146,11
,,
ROI_9,147,4
,,
ROI_9,148,10
,,
ROI_9,149,8
,,
ROI_9,150,9
,,
ROI_9,151,16
,,
ROI_9,152,12
,,
ROI_9,153,6
,,
ROI_9,154,2
,,
ROI_9,155,11
,,
ROI_9,156,7
,,
ROI_9,157,7
,,
ROI_9,158,6
,,
ROI_9,159,13
,,
ROI_9,160,12
,,
ROI_9,161,9
,,
ROI_9,162,9
,,
ROI_9,163,7
,,
ROI_9,164,3
,,
ROI_9,165,5
,,
ROI_9,166,7
,,
ROI_9,167,8
,,
ROI_9,168,6
,,
ROI_9,169,7
,,
ROI_9,170,7
,,
ROI_9,171,4
,,
ROI_9,172,9
,,
ROI_9,173,5
,,
ROI_9,174,5
,,
ROI_9,175,7
,,
ROI_9,176,6
,,
ROI_9,177,8
,,
ROI_9,178,8
,,
ROI_9,179,10
,,
ROI_9,180,6
,,
ROI_9,181,5
,,
ROI_9,182,11
,,
ROI_9,183,5
,,
ROI_9,184,9
,,
ROI_9,185,3
,,
ROI_9,186,4
,,
ROI_9,187,1
,,
ROI_9,188,1
,,
ROI_9,189,3
,,
ROI_9,190,4
,,
ROI_9,191,3
,,
ROI_9,192,4
,,
ROI_9,193,3
,,
ROI_9,194,3
,,
ROI_9,195,5
,,
ROI_9,196,4
,,
ROI_9,197,6
,,
ROI_9,198,5
,,
ROI_9,199,3
,,
ROI_9,200,4
,,
ROI_9,201,5
,,
ROI_9,202,4
,,
ROI_9,203,3
,,
ROI_9,204,3
,,
ROI_9,205,2
,,
ROI_9,206,4
,,
ROI_9,207,5
,,
ROI_9,208,2
,,
ROI_9,209,3
,,
ROI_9,210,2
,,
ROI_9,211,3
,,
ROI_9,212,1
,,
ROI_9,213,5
,,
ROI_9,214,3
,,
ROI_9,215,5
,,
ROI_9,216,1
,,
ROI_9,217,4
,,
ROI_9,218,2
,,
ROI_9,219,2
,,
ROI_9,220,1
,,
ROI_9,221,0
,,
ROI_9,222,5
,,
ROI_9,223,1
,,
ROI_9,224,1
,,
ROI_9,225,6
,,
ROI_9,226,3
,,
ROI_9,227,1
,,
ROI_9,228,5
,,
ROI_9,229,3
,,
ROI_9,230,4
,,
ROI_9,231,1
,,
ROI_9,232,4
,,
ROI_9,233,3
,,
ROI_9,234,6
,,
ROI_9,235,3
,,
ROI_9,236,3
,,
ROI_9,237,0
,,
ROI_9,238,2
,,
ROI_9,239,1
,,
ROI_9,240,5
,,
ROI_9,241,5
,,
ROI_9,242,4
,,
ROI_9,243,1
,,
ROI_9,244,3
,,
ROI_9,245,1
,,
ROI_9,246,2
,,
ROI_9,247,4
,,
ROI_9,248,3
,,
ROI_9,249,4
,,
ROI_9,250,3
,,
ROI_9,251,2
,,
ROI_9,252,2
,,
ROI_9,253,1
,,
ROI_9,254,3
,,
ROI_9,255,108
,,
ROI_10,0,3209
,,
ROI_10,1,885
,,
ROI_10,2,848
,,
ROI_10,3,877
,,
ROI_10,4,764
,,
ROI_10,5,751
,,
ROI_10,6,699
,,
ROI_10,7,657
,,
ROI_10,8,650
,,
ROI_10,9,604
,,
ROI_10,10,596
,,
ROI_10,11,605
,,
ROI_10,12,570
,,
ROI_10,13,527
,,
ROI_10,14,523
,,
ROI_10,15,537
,,
ROI_10,16,496
,,
ROI_10,17,490
,,
ROI_10,18,458
,,
ROI_10,19,442
,,
ROI_10,20,481
,,
ROI_10,21,432
,,
ROI_10,22,388
,,
ROI_10,23,398
,,
ROI_10,24,391
,,
ROI_10,25,351
,,
ROI_10,26,360
,,
ROI_10,27,356
,,
ROI_10,28,319
,,
ROI_10,29,379
,,
ROI_10,30,302
,,
ROI_10,31,281
,,
ROI_10,32,331
,,
ROI_10,33,292
,,
ROI_10,34,327
,,
ROI_10,35,297
,,
ROI_10,36,296
,,
ROI_10,37,269
,,
ROI_10,38,250
,,
ROI_10,39,220
,,
ROI_10,40,236
,,
ROI_10,41,264
,,
ROI_10,42,246
,,
ROI_10,43,211
,,
ROI_10,44,195
,,
ROI_10,45,233
,,
ROI_10,46,200
,,
ROI_10,47,260
,,
ROI_10,48,209
,,
ROI_10,49,211
,,
ROI_10,50,204
,,
ROI_10,51,188
,,
ROI_10,52,224
,,
ROI_10,53,181
,,
ROI_10,54,181
,,
ROI_10,55,198
,,
ROI_10,56,183
,,
ROI_10,57,162
,,
ROI_10,58,173
,,
ROI_10,59,157
,,
ROI_10,60,161
,,
ROI_10,61,166
,,
ROI_10,62,161
,,
ROI_10,63,137
,,
ROI_10,64,175
,,
ROI_10,65,160
,,
ROI_10,66,141
,,
ROI_10,67,152
,,
ROI_10,68,148
,,
ROI_10,69,170
,,
ROI_10,70,133
,,
ROI_10,71,158
,,
ROI_10,72,124
,,
ROI_10,73,134
,,
ROI_10,74,130
,,
ROI_10,75,126
,,
ROI_10,76,133
,,
ROI_10,77,132
,,
ROI_10,78,121
,,
ROI_10,79,144
,,
ROI_10,80,126
,,
ROI_10,81,131
,,
ROI_10,82,126
,,
ROI_10,83,115
,,
ROI_10,84,110
,,
ROI_10,85,101
,,
ROI_10,86,107
,,
ROI_10,87,91
,,
ROI_10,88,104
,,
ROI_10,89,120
,,
ROI_10,90,104
,,
ROI_10,91,83
,,
ROI_10,92,118
,,
ROI_10,93,93
,,
ROI_10,94,107
,,
ROI_10,95,105
,,
ROI_10,96,87
,,
ROI_10,97,95
,,
ROI_10,98,87
,,
ROI_10,99,88
,,
ROI_10,100,85
,,
ROI_10,101,102
,,
ROI_10,102,86
,,
ROI_10,103,91
,,
ROI_10,104,78
,,
ROI_10,105,77
,,
ROI_10,106,85
,,
ROI_10,107,71
,,
ROI_10,108,74
,,
ROI_10,109,68
,,
ROI_10,110,85
,,
ROI_10,111,96
,,
ROI_10,112,76
,,
ROI_10,113,76
,,
ROI_10,114,65
,,
ROI_10,115,64
,,
ROI_10,116,82
,,
ROI_10,117,81
,,
ROI_10,118,109
,,
ROI_10,119,90
,,
ROI_10,120,123
,,
ROI_10,121,130
,,
ROI_10,122,131
,,
ROI_10,123,122
,,
ROI_10,124,97
,,
ROI_10,125,74
,,
ROI_10,126,59
,,
ROI_10,127,83
,,
ROI_10,128,76
,,
ROI_10,129,59
,,
ROI_10,130,72
,,
ROI_10,131,70
,,
ROI_10,132,62
,,
ROI_10,133,59
,,
ROI_10,134,71
,,
ROI_10,135,53
,,
ROI_10,136,65
,,
ROI_10,137,66
,,
ROI_10,138,59
,,
ROI_10,139,69
,,
ROI_10,140,55
,,
ROI_10,141,60
,,
ROI_10,142,54
,,
ROI_10,143,55
,,
ROI_10,144,57
,,
ROI_10,145,56
,,
ROI_10,146,60
,,
ROI_10,147,50
,,
ROI_10,148,43
,,
ROI_10,149,53
,,
ROI_10,150,52
,,
ROI_10,151,63
,,
ROI_10,152,56
,,
ROI_10,153,64
,,
ROI_10,154,57
,,
ROI_10,155,53
,,
ROI_10,156,50
,,
ROI_10,157,44
,,
ROI_10,158,43
,,
ROI_10,159,48
,,
ROI_10,160,42
,,
ROI_10,161,57
,,
ROI_10,162,47
,,
ROI_10,163,39
,,
ROI_10,164,38
,,
ROI_10,165,44
,,
ROI_10,166,42
,,
ROI_10,167,51
,,
ROI_10,168,41
,,
ROI_10,169,28
,,
ROI_10,170,45
,,
ROI_10,171,30
,,
ROI_10,172,31
,,
ROI_10,173,36
,,
ROI_10,174,52
,,
ROI_10,175,40
,,
ROI_10,176,41
,,
ROI_10,177,30
,,
ROI_10,178,37
,,
ROI_10,179,30
,,
ROI_10,180,41
,,
ROI_10,181,39
,,
ROI_10,182,36
,,
ROI_10,183,36
,,
ROI_10,184,40
,,
ROI_10,185,25
,,
ROI_10,186,39
,,
ROI_10,187,39
,,
ROI_10,188,41
,,
ROI_10,189,32
,,
ROI_10,190,37
,,
ROI_10,191,35
,,
ROI_10,192,37
,,
ROI_10,193,31
,,
ROI_10,194,28
,,
ROI_10,195,40
,,
ROI_10,196,37
,,
ROI_10,197,29
,,
ROI_10,198,31
,,
ROI_10,199,46
,,
ROI_10,200,34
,,
ROI_10,201,26
,,
ROI_10,202,31
,,
ROI_10,203,38
,,
ROI_10,204,25
,,
ROI_10,205,31
,,
ROI_10,206,30
,,
ROI_10,207,25
,,
ROI_10,208,31
,,
ROI_10,209,32
,,
ROI_10,210,27
,,
ROI_10,211,28
,,
ROI_10,212,33
,,
ROI_10,213,23
,,
ROI_10,214,32
,,
ROI_10,215,26
,,
ROI_10,216,29
,,
ROI_10,217,29
,,
ROI_10,218,21
,,
ROI_10,219,26
,,
ROI_10,220,25
,,
ROI_10,221,27
,,
ROI_10,222,31
,,
ROI_10,223,23
,,
ROI_10,224,29
,,
ROI_10,225,19
,,
ROI_10,226,32
,,
ROI_10,227,21
,,
ROI_10,228,29
,,
ROI_10,229,36
,,
ROI_10,230,23
,,
ROI_10,231,27
,,
ROI_10,232,34
,,
ROI_10,233,26
,,
ROI_10,234,24
,,
ROI_10,235,17
,,
ROI_10,236,23
,,
ROI_10,237,16
,,
ROI_10,238,21
,,
ROI_10,239,23
,,
ROI_10,240,16
,,
ROI_10,241,23
,,
ROI_10,242,17
,,
ROI_10,243,17
,,
ROI_10,244,10
,,
ROI_10,245,25
,,
ROI_10,246,22
,,
ROI_10,247,26
,,
ROI_10,248,20
,,
ROI_10,249,16
,,
ROI_10,250,13
,,
ROI_10,251,17
,,
ROI_10,252,17
,,
ROI_10,253,24
,,
ROI_10,254,13
,,
ROI_10,255,1358
,,
ROI_11,0,1001
,,
ROI_11,1,485
,,
ROI_11,2,489
,,
ROI_11,3,456
,,
ROI_11,4,442
,,
ROI_11,5,431
,,
ROI_11,6,447
,,
ROI_11,7,339
,,
ROI_11,8,431
,,
ROI_11,9,339
,,
ROI_11,10,369
,,
ROI_11,11,364
,,
ROI_11,12,396
,,
ROI_11,13,357
,,
ROI_11,14,338
,,
ROI_11,15,383
,,
ROI_11,16,365
,,
ROI_11,17,339
,,
ROI_11,18,324
,,
ROI_11,19,304
,,
ROI_11,20,311
,,
ROI_11,21,300
,,
ROI_11,22,291
,,
ROI_11,23,292
,,
ROI_11,24,291
,,
ROI_11,25,257
,,
ROI_11,26,264
,,
ROI_11,27,297
,,
ROI_11,28,286
,,
ROI_11,29,276
,,
ROI_11,30,255
,,
ROI_11,31,281
,,
ROI_11,32,249
,,
ROI_11,33,268
,,
ROI_11,34,258
,,
ROI_11,35,215
,,
ROI_11,36,223
,,
ROI_11,37,243
,,
ROI_11,38,246
,,
ROI_11,39,201
,,
ROI_11,40,227
,,
ROI_11,41,207
,,
ROI_11,42,198
,,
ROI_11,43,215
,,
ROI_11,44,229
,,
ROI_11,45,216
,,
ROI_11,46,193
,,
ROI_11,47,196
,,
ROI_11,48,184
,,
ROI_11,49,182
,,
ROI_11,50,178
,,
ROI_11,51,186
,,
ROI_11,52,191
,,
ROI_11,53,160
,,
ROI_11,54,157
,,
ROI_11,55,165
,,
ROI_11,56,143
,,
ROI_11,57,181
,,
ROI_11,58,147
,,
ROI_11,59,161
,,
ROI_11,60,146
,,
ROI_11,61,155
,,
ROI_11,62,148
,,
ROI_11,63,124
,,
ROI_11,64,166
,,
ROI_11,65,135
,,
ROI_11,66,133
,,
ROI_11,67,132
,,
ROI_11,68,130
,,
ROI_11,69,132
,,
ROI_11,70,114
,,
ROI_11,71,114
,,
ROI_11,72,113
,,
ROI_11,73,117
,,
ROI_11,74,115
,,
ROI_11,75,133
,,
ROI_11,76,139
,,
ROI_11,77,120
,,
ROI_11,78,108
,,
ROI_11,79,98
,,
ROI_11,80,111
,,
ROI_11,81,125
,,
ROI_11,82,100
,,
ROI_11,83,111
,,
ROI_11,84,93
,,
ROI_11,85,98
,,
ROI_11,86,78
,,
ROI_11,87,111
,,
ROI_11,88,92
,,
ROI_11,89,98
,,
ROI_11,90,87
,,
ROI_11,91,73
,,
ROI_11,92,94
,,
ROI_11,93,101
,,
ROI_11,94,77
,,
ROI_11,95,83
,,
ROI_11,96,90
,,
ROI_11,97,88
,,
ROI_11,98,85
,,
ROI_11,99,94
,,
ROI_11,100,83
,,
ROI_11,101,80
,,
ROI_11,102,81
,,
ROI_11,103,76
,,
ROI_11,104,97
,,
ROI_11,105,78
,,
ROI_11,106,74
,,
ROI_11,107,88
,,
ROI_11,108,74
,,
ROI_11,109,67
,,
ROI_11,110,68
,,
ROI_11,111,69
,,
ROI_11,112,62
,,
ROI_11,113,76
,,
ROI_11,114,69
,,
ROI_11,115,75
,,
ROI_11,116,61
,,
ROI_11,117,62
,,
ROI_11,118,82
,,
ROI_11,119,69
,,
ROI_11,120,79
,,
ROI_11,121,88
,,
ROI_11,122,101
,,
ROI_11,123,107
,,
ROI_11,124,100
,,
ROI_11,125,76
,,
ROI_11,126,51
,,
ROI_11,127,72
,,
ROI_11,128,73
,,
ROI_11,129,65
,,
ROI_11,130,57
,,
ROI_11,131,63
,,
ROI_11,132,59
,,
ROI_11,133,44
,,
ROI_11,134,48
,,
ROI_11,135,39
,,
ROI_11,136,60
,,
ROI_11,137,45
,,
ROI_11,138,73
,,
ROI_11,139,45
,,
ROI_11,140,53
,,
ROI_11,141,52
,,
ROI_11,142,45
,,
ROI_11,143,38
,,
ROI_11,144,47
,,
ROI_11,145,45
,,
ROI_11,146,66
,,
ROI_11,147,39
,,
ROI_11,148,38
,,
ROI_11,149,49
,,
ROI_11,150,48
,,
ROI_11,151,45
,,
ROI_11,152,67
,,
ROI_11,153,43
,,
ROI_11,154,33
,,
ROI_11,155,32
,,
ROI_11,156,53
,,
ROI_11,157,33
,,
ROI_11,158,36
,,
ROI_11,159,40
,,
ROI_11,160,53
,,
ROI_11,161,35
,,
ROI_11,162,50
,,
ROI_11,163,32
,,
ROI_11,164,33
,,
ROI_11,165,30
,,
ROI_11,166,29
,,
ROI_11,167,41
,,
ROI_11,168,32
,,
ROI_11,169,35
,,
ROI_11,170,38
,,
ROI_11,171,46
,,
ROI_11,172,42
,,
ROI_11,173,49
,,
ROI_11,174,48
,,
ROI_11,175,28
,,
ROI_11,176,31
,,
ROI_11,177,34
,,
ROI_11,178,40
,,
ROI_11,179,34
,,
ROI_11,180,34
,,
ROI_11,181,25
,,
ROI_11,182,31
,,
ROI_11,183,26
,,
ROI_11,184,30
,,
ROI_11,185,35
,,
ROI_11,186,31
,,
ROI_11,187,22
,,
ROI_11,188,34
,,
ROI_11,189,31
,,
ROI_11,190,24
,,
ROI_11,191,26
,,
ROI_11,192,28
,,
ROI_11,193,20
,,
ROI_11,194,28
,,
ROI_11,195,42
,,
ROI_11,196,34
,,
ROI_11,197,36
,,
ROI_11,198,38
,,
ROI_11,199,35
,,
ROI_11,200,24
,,
ROI_11,201,18
,,
ROI_11,202,26
,,
ROI_11,203,26
,,
ROI_11,204,21
,,
ROI_11,205,24
,,
ROI_11,206,23
,,
ROI_11,207,25
,,
ROI_11,208,17
,,
ROI_11,209,23
,,
ROI_11,210,13
,,
ROI_11,211,24
,,
ROI_11,212,20
,,
ROI_11,213,28
,,
ROI_11,214,27
,,
ROI_11,215,24
,,
ROI_11,216,36
,,
ROI_11,217,19
,,
ROI_11,218,21
,,
ROI_11,219,26
,,
ROI_11,220,23
,,
ROI_11,221,21
,,
ROI_11,222,21
,,
ROI_11,223,24
,,
ROI_11,224,20
,,
ROI_11,225,29
,,
ROI_11,226,23
,,
ROI_11,227,20
,,
ROI_11,228,24
,,
ROI_11,229,29
,,
ROI_11,230,16
,,
ROI_11,231,19
,,
ROI_11,232,20
,,
ROI_11,233,21
,,
ROI_11,234,26
,,
ROI_11,235,21
,,
ROI_11,236,18
,,
ROI_11,237,15
,,
ROI_11,238,15
,,
ROI_11,239,14
,,
ROI_11,240,18
,,
ROI_11,241,22
,,
ROI_11,242,19
,,
ROI_11,243,22
,,
ROI_11,244,17
,,
ROI_11,245,11
,,
ROI_11,246,21
,,
ROI_11,247,18
,,
ROI_11,248,12
,,
ROI_11,249,16
,,
ROI_11,250,10
,,
ROI_11,251,16
,,
ROI_11,252,18
,,
ROI_11,253,16
,,
ROI_11,254,19
,,
ROI_11,255,1682
,,
ROI_12,0,1228
,,
ROI_12,1,201
,,
ROI_12,2,135
,,
ROI_12,3,105
,,
ROI_12,4,104
,,
ROI_12,5,107
,,
ROI_12,6,94
,,
ROI_12,7,68
,,
ROI_12,8,81
,,
ROI_12,9,55
,,
ROI_12,10,51
,,
ROI_12,11,58
,,
ROI_12,12,62
,,
ROI_12,13,67
,,
ROI_12,14,46
,,
ROI_12,15,52
,,
ROI_12,16,46
,,
ROI_12,17,48
,,
ROI_12,18,51
,,
ROI_12,19,47
,,
ROI_12,20,40
,,
ROI_12,21,23
,,
ROI_12,22,36
,,
ROI_12,23,25
,,
ROI_12,24,18
,,
ROI_12,25,29
,,
ROI_12,26,16
,,
ROI_12,27,25
,,
ROI_12,28,25
,,
ROI_12,29,19
,,
ROI_12,30,27
,,
ROI_12,31,18
,,
ROI_12,32,22
,,
ROI_12,33,21
,,
ROI_12,34,20
,,
ROI_12,35,22
,,
ROI_12,36,11
,,
ROI_12,37,15
,,
ROI_12,38,14
,,
ROI_12,39,15
,,
ROI_12,40,10
,,
ROI_12,41,12
,,
ROI_12,42,8
,,
ROI_12,43,17
,,
ROI_12,44,16
,,
ROI_12,45,11
,,
ROI_12,46,14
,,
ROI_12,47,8
,,
ROI_12,48,8
,,
ROI_12,49,11
,,
ROI_12,50,10
,,
ROI_12,51,6
,,
ROI_12,52,10
,,
ROI_12,53,13
,,
ROI_12,54,13
,,
ROI_12,55,7
,,
ROI_12,56,9
,,
ROI_12,57,15
,,
ROI_12,58,10
,,
ROI_12,59,7
,,
ROI_12,60,13
,,
ROI_12,61,10
,,
ROI_12,62,6
,,
ROI_12,63,9
,,
ROI_12,64,6
,,
ROI_12,65,8
,,
ROI_12,66,6
,,
ROI_12,67,6
,,
ROI_12,68,10
,,
ROI_12,69,7
,,
ROI_12,70,9
,,
ROI_12,71,2
,,
ROI_12,72,6
,,
ROI_12,73,4
,,
ROI_12,74,7
,,
ROI_12,75,8
,,
ROI_12,76,2
,,
ROI_12,77,2
,,
ROI_12,78,3
,,
ROI_12,79,4
,,
ROI_12,80,2
,,
ROI_12,81,5
,,
ROI_12,82,0
,,
ROI_12,83,4
,,
ROI_12,84,2
,,
ROI_12,85,4
,,
ROI_12,86,2
,,
ROI_12,87,3
,,
ROI_12,88,3
,,
ROI_12,89,2
,,
ROI_12,90,2
,,
ROI_12,91,1
,,
ROI_12,92,3
,,
ROI_12,93,2
,,
ROI_12,94,9
,,
ROI_12,95,2
,,
ROI_12,96,3
,,
ROI_12,97,1
,,
ROI_12,98,1
,,
ROI_12,99,2
,,
ROI_12,100,0
,,
ROI_12,101,4
,,
ROI_12,102,4
,,
ROI_12,103,3
,,
ROI_12,104,1
,,
ROI_12,105,1
,,
ROI_12,106,1
,,
ROI_12,107,1
,,
ROI_12,108,3
,,
ROI_12,109,0
,,
ROI_12,110,2
,,
ROI_12,111,1
,,
ROI_12,112,0
,,
ROI_12,113,2
,,
ROI_12,114,0
,,
ROI_12,115,1
,,
ROI_12,116,1
,,
ROI_12,117,0
,,
ROI_12,118,2
,,
ROI_12,119,0
,,
ROI_12,120,4
,,
ROI_12,121,1
,,
ROI_12,122,1
,,
ROI_12,123,1
,,
ROI_12,124,0
,,
ROI_12,125,0
,,
ROI_12,126,1
,,
ROI_12,127,0
,,
ROI_12,128,0
,,
ROI_12,129,2
,,
ROI_12,130,0
,,
ROI_12,131,0
,,
ROI_12,132,2
,,
ROI_12,133,0
,,
ROI_12,134,0
,,
ROI_12,135,0
,,
ROI_12,136,0
,,
ROI_12,137,1
,,
ROI_12,138,1
,,
ROI_12,139,0
,,
ROI_12,140,1
,,
ROI_12,141,0
,,
ROI_12,142,0
,,
ROI_12,143,0
,,
ROI_12,144,0
,,
ROI_12,145,2
,,
ROI_12,146,1
,,
ROI_12,147,0
,,
ROI_12,148,0
,,
ROI_12,149,0
,,
ROI_12,150,0
,,
ROI_12,151,0
,,
ROI_12,152,0
,,
ROI_12,153,0
,,
ROI_12,154,0
,,
ROI_12,155,0
,,
ROI_12,156,0
,,
ROI_12,157,0
,,
ROI_12,158,1
,,
ROI_12,159,0
,,
ROI_12,160,0
,,
ROI_12,161,1
,,
ROI_12,162,0
,,
ROI_12,163,0
,,
ROI_12,164,0
,,
ROI_12,165,0
,,
ROI_12,166,0
,,
ROI_12,167,0
,,
ROI_12,168,0
,,
ROI_12,169,0
,,
ROI_12,170,0
,,
ROI_12,171,0
,,
ROI_12,172,0
,,
ROI_12,173,0
,,
ROI_12,174,0
,,
ROI_12,175,0
,,
ROI_12,176,0
,,
ROI_12,177,0
,,
ROI_12,178,0
,,
ROI_12,179,0
,,
ROI_12,180,0
,,
ROI_12,181,0
,,
ROI_12,182,0
,,
ROI_12,183,0
,,
ROI_12,184,0
,,
ROI_12,185,0
,,
ROI_12,186,0
,,
ROI_12,187,0
,,
ROI_12,188,0
,,
ROI_12,189,0
,,
ROI_12,190,1
,,
ROI_12,191,0
,,
ROI_12,192,0
,,
ROI_12,193,0
,,
ROI_12,194,0
,,
ROI_12,195,0
,,
ROI_12,196,0
,,
ROI_12,197,0
,,
ROI_12,198,0
,,
ROI_12,199,0
,,
ROI_12,200,0
,,
ROI_12,201,0
,,
ROI_12,202,0
,,
ROI_12,203,0
,,
ROI_12,204,0
,,
ROI_12,205,0
,,
ROI_12,206,0
,,
ROI_12,207,1
,,
ROI_12,208,0
,,
ROI_12,209,0
,,
ROI_12,210,0
,,
ROI_12,211,0
,,
ROI_12,212,0
,,
ROI_12,213,0
,,
ROI_12,214,1
,,
ROI_12,215,0
,,
ROI_12,216,1
,,
ROI_12,217,0
,,
ROI_12,218,0
,,
ROI_12,219,0
,,
ROI_12,220,0
,,
ROI_12,221,0
,,
ROI_12,222,0
,,
ROI_12,223,0
,,
ROI_12,224,0
,,
ROI_12,225,0
,,
ROI_12,226,0
,,
ROI_12,227,1
,,
ROI_12,228,0
,,
ROI_12,229,0
,,
ROI_12,230,0
,,
ROI_12,231,0
,,
ROI_12,232,0
,,
ROI_12,233,0
,,
ROI_12,234,0
,,
ROI_12,235,0
,,
ROI_12,236,0
,,
ROI_12,237,0
,,
ROI_12,238,0
,,
ROI_12,239,1
,,
ROI_12,240,0
,,
ROI_12,241,0
,,
ROI_12,242,0
,,
ROI_12,243,1
,,
ROI_12,244,0
,,
ROI_12,245,0
,,
ROI_12,246,0
,,
ROI_12,247,0
,,
ROI_12,248,0
,,
ROI_12,249,0
,,
ROI_12,250,0
,,
ROI_12,251,0
,,
ROI_12,252,0
,,
ROI_12,253,0
,,
ROI_12,254,0
,,
ROI_12,255,0
,,
ROI_13,0,4811
,,
ROI_13,1,860
,,
ROI_13,2,742
,,
ROI_13,3,587
,,
ROI_13,4,475
,,
ROI_13,5,450
,,
ROI_13,6,406
,,
ROI_13,7,354
,,
ROI_13,8,353
,,
ROI_13,9,315
,,
ROI_13,10,298
,,
ROI_13,11,294
,,
ROI_13,12,260
,,
ROI_13,13,296
,,
ROI_13,14,250
,,
ROI_13,15,236
,,
ROI_13,16,233
,,
ROI_13,17,252
,,
ROI_13,18,207
,,
ROI_13,19,219
,,
ROI_13,20,203
,,
ROI_13,21,191
,,
ROI_13,22,192
,,
ROI_13,23,186
,,
ROI_13,24,178
,,
ROI_13,25,163
,,
ROI_13,26,137
,,
ROI_13,27,124
,,
ROI_13,28,144
,,
ROI_13,29,144
,,
ROI_13,30,142
,,
ROI_13,31,140
,,
ROI_13,32,121
,,
ROI_13,33,130
,,
ROI_13,34,121
,,
ROI_13,35,100
,,
ROI_13,36,102
,,
ROI_13,37,95
,,
ROI_13,38,96
,,
ROI_13,39,82
,,
ROI_13,40,100
,,
ROI_13,41,110
,,
ROI_13,42,93
,,
ROI_13,43,82
,,
ROI_13,44,93
,,
ROI_13,45,89
,,
ROI_13,46,91
,,
ROI_13,47,91
,,
ROI_13,48,89
,,
ROI_13,49,86
,,
ROI_13,50,78
,,
ROI_13,51,77
,,
ROI_13,52,68
,,
ROI_13,53,78
,,
ROI_13,54,71
,,
ROI_13,55,69
,,
ROI_13,56,88
,,
ROI_13,57,61
,,
ROI_13,58,72
,,
ROI_13,59,69
,,
ROI_13,60,53
,,
ROI_13,61,70
,,
ROI_13,62,64
,,
ROI_13,63,58
,,
ROI_13,64,58
,,
ROI_13,65,63
,,
ROI_13,66,64
,,
ROI_13,67,67
,,
ROI_13,68,51
,,
ROI_13,69,53
,,
ROI_13,70,60
,,
ROI_13,71,55
,,
ROI_13,72,56
,,
ROI_13,73,58
,,
ROI_13,74,44
,,
ROI_13,75,48
,,
ROI_13,76,42
,,
ROI_13,77,47
,,
ROI_13,78,44
,,
ROI_13,79,48
,,
ROI_13,80,52
,,
ROI_13,81,33
,,
ROI_13,82,43
,,
ROI_13,83,48
,,
ROI_13,84,32
,,
ROI_13,85,29
,,
ROI_13,86,23
,,
ROI_13,87,31
,,
ROI_13,88,31
,,
ROI_13,89,49
,,
ROI_13,90,29
,,
ROI_13,91,40
,,
ROI_13,92,33
,,
ROI_13,93,25
,,
ROI_13,94,42
,,
ROI_13,95,26
,,
ROI_13,96,39
,,
ROI_13,97,23
,,
ROI_13,98,22
,,
ROI_13,99,33
,,
ROI_13,100,33
,,
ROI_13,101,28
,,
ROI_13,102,28
,,
ROI_13,103,22
,,
ROI_13,104,31
,,
ROI_13,105,21
,,
ROI_13,106,32
,,
ROI_13,107,23
,,
ROI_13,108,22
,,
ROI_13,109,25
,,
ROI_13,110,26
,,
ROI_13,111,22
,,
ROI_13,112,23
,,
ROI_13,113,25
,,
ROI_13,114,22
,,
ROI_13,115,13
,,
ROI_13,116,19
,,
ROI_13,117,21
,,
ROI_13,118,27
,,
ROI_13,119,24
,,
ROI_13,120,33
,,
ROI_13,121,32
,,
ROI_13,122,38
,,
ROI_13,123,24
,,
ROI_13,124,37
,,
ROI_13,125,18
,,
ROI_13,126,12
,,
ROI_13,127,12
,,
ROI_13,128,29
,,
ROI_13,129,18
,,
ROI_13,130,17
,,
ROI_13,131,17
,,
ROI_13,132,14
,,
ROI_13,133,19
,,
ROI_13,134,17
,,
ROI_13,135,24
,,
ROI_13,136,10
,,
ROI_13,137,22
,,
ROI_13,138,17
,,
ROI_13,139,25
,,
ROI_13,140,15
,,
ROI_13,141,17
,,
ROI_13,142,16
,,
ROI_13,143,19
,,
ROI_13,144,18
,,
ROI_13,145,12
,,
ROI_13,146,16
,,
ROI_13,147,23
,,
ROI_13,148,15
,,
ROI_13,149,20
,,
ROI_13,150,27
,,
ROI_13,151,16
,,
ROI_13,152,23
,,
ROI_13,153,15
,,
ROI_13,154,12
,,
ROI_13,155,13
,,
ROI_13,156,12
,,
ROI_13,157,23
,,
ROI_13,158,9
,,
ROI_13,159,6
,,
ROI_13,160,10
,,
ROI_13,161,8
,,
ROI_13,162,17
,,
ROI_13,163,16
,,
ROI_13,164,20
,,
ROI_13,165,9
,,
ROI_13,166,12
,,
ROI_13,167,24
,,
ROI_13,168,17
,,
ROI_13,169,15
,,
ROI_13,170,12
,,
ROI_13,171,18
,,
ROI_13,172,18
,,
ROI_13,173,7
,,
ROI_13,174,13
,,
ROI_13,175,8
,,
ROI_13,176,14
,,
ROI_13,177,11
,,
ROI_13,178,8
,,
ROI_13,179,12
,,
ROI_13,180,11
,,
ROI_13,181,13
,,
ROI_13,182,16
,,
ROI_13,183,18
,,
ROI_13,184,18
,,
ROI_13,185,19
,,
ROI_13,186,15
,,
ROI_13,187,9
,,
ROI_13,188,5
,,
ROI_13,189,12
,,
ROI_13,190,16
,,
ROI_13,191,15
,,
ROI_13,192,10
,,
ROI_13,193,8
,,
ROI_13,194,6
,,
ROI_13,195,5
,,
ROI_13,196,9
,,
ROI_13,197,9
,,
ROI_13,198,10
,,
ROI_13,199,7
,,
ROI_13,200,11
,,
ROI_13,201,6
,,
ROI_13,202,10
,,
ROI_13,203,9
,,
ROI_13,204,14
,,
ROI_13,205,7
,,
ROI_13,206,10
,,
ROI_13,207,7
,,
ROI_13,208,9
,,
ROI_13,209,6
,,
ROI_13,210,9
,,
ROI_13,211,11
,,
ROI_13,212,6
,,
ROI_13,213,7
,,
ROI_13,214,9
,,
ROI_13,215,13
,,
ROI_13,216,12
,,
ROI_13,217,12
,,
ROI_13,218,5
,,
ROI_13,219,13
,,
ROI_13,220,7
,,
ROI_13,221,4
,,
ROI_13,222,14
,,
ROI_13,223,8
,,
ROI_13,224,4
,,
ROI_13,225,8
,,
ROI_13,226,6
,,
ROI_13,227,9
,,
ROI_13,228,4
,,
ROI_13,229,9
,,
ROI_13,230,3
,,
ROI_13,231,9
,,
ROI_13,232,7
,,
ROI_13,233,5
,,
ROI_13,234,12
,,
ROI_13,235,8
,,
ROI_13,236,10
,,
ROI_13,237,6
,,
ROI_13,238,7
,,
ROI_13,239,8
,,
ROI_13,240,8
,,
ROI_13,241,10
,,
ROI_13,242,6
,,
ROI_13,243,11
,,
ROI_13,244,3
,,
ROI_13,245,4
,,
ROI_13,246,12
,,
ROI_13,247,11
,,
ROI_13,248,7
,,
ROI_13,249,10
,,
ROI_13,250,8
,,
ROI_13,251,5
,,
ROI_13,252,5
,,
ROI_13,253,9
,,
ROI_13,254,10
,,
ROI_13,255,788
,,
ROI_14,0,6573
,,
ROI_14,1,1170
,,
ROI_14,2,1161
,,
ROI_14,3,1168
,,
ROI_14,4,1023
,,
ROI_14,5,970
,,
ROI_14,6,958
,,
ROI_14,7,894
,,
ROI_14,8,851
,,
ROI_14,9,882
,,
ROI_14,10,758
,,
ROI_14,11,761
,,
ROI_14,12,784
,,
ROI_14,13,777
,,
ROI_14,14,702
,,
ROI_14,15,683
,,
ROI_14,16,665
,,
ROI_14,17,693
,,
ROI_14,18,635
,,
ROI_14,19,612
,,
ROI_14,20,693
,,
ROI_14,21,531
,,
ROI_14,22,574
,,
ROI_14,23,532
,,
ROI_14,24,533
,,
ROI_14,25,469
,,
ROI_14,26,497
,,
ROI_14,27,434
,,
ROI_14,28,418
,,
ROI_14,29,441
,,
ROI_14,30,452
,,
ROI_14,31,394
,,
ROI_14,32,381
,,
ROI_14,33,410
,,
ROI_14,34,408
,,
ROI_14,35,361
,,
ROI_14,36,370
,,
ROI_14,37,381
,,
ROI_14,38,371
,,
ROI_14,39,305
,,
ROI_14,40,303
,,
ROI_14,41,342
,,
ROI_14,42,333
,,
ROI_14,43,327
,,
ROI_14,44,322
,,
ROI_14,45,300
,,
ROI_14,46,247
,,
ROI_14,47,284
,,
ROI_14,48,315
,,
ROI_14,49,257
,,
ROI_14,50,295
,,
ROI_14,51,287
,,
ROI_14,52,280
,,
ROI_14,53,230
,,
ROI_14,54,259
,,
ROI_14,55,242
,,
ROI_14,56,232
,,
ROI_14,57,254
,,
ROI_14,58,280
,,
ROI_14,59,229
,,
ROI_14,60,188
,,
ROI_14,61,218
,,
ROI_14,62,217
,,
ROI_14,63,220
,,
ROI_14,64,230
,,
ROI_14,65,222
,,
ROI_14,66,243
,,
ROI_14,67,210
,,
ROI_14,68,196
,,
ROI_14,69,190
,,
ROI_14,70,165
,,
ROI_14,71,194
,,
ROI_14,72,184
,,
ROI_14,73,180
,,
ROI_14,74,169
,,
ROI_14,75,174
,,
ROI_14,76,159
,,
ROI_14,77,149
,,
ROI_14,78,165
,,
ROI_14,79,175
,,
ROI_14,80,158
,,
ROI_14,81,133
,,
ROI_14,82,138
,,
ROI_14,83,146
,,
ROI_14,84,141
,,
ROI_14,85,153
,,
ROI_14,86,143
,,
ROI_14,87,130
,,
ROI_14,88,145
,,
ROI_14,89,143
,,
ROI_14,90,143
,,
ROI_14,91,127
,,
ROI_14,92,130
,,
ROI_14,93,130
,,
ROI_14,94,133
,,
ROI_14,95,102
,,
ROI_14,96,114
,,
ROI_14,97,113
,,
ROI_14,98,119
,,
ROI_14,99,106
,,
ROI_14,100,113
,,
ROI_14,101,114
,,
ROI_14,102,94
,,
ROI_14,103,116
,,
ROI_14,104,102
,,
ROI_14,105,94
,,
ROI_14,106,106
,,
ROI_14,107,89
,,
ROI_14,108,92
,,
ROI_14,109,117
,,
ROI_14,110,86
,,
ROI_14,111,93
,,
ROI_14,112,89
,,
ROI_14,113,66
,,
ROI_14,114,88
,,
ROI_14,115,71
,,
ROI_14,116,83
,,
ROI_14,117,76
,,
ROI_14,118,86
,,
ROI_14,119,89
,,
ROI_14,120,117
,,
ROI_14,121,117
,,
ROI_14,122,150
,,
ROI_14,123,113
,,
ROI_14,124,108
,,
ROI_14,125,84
,,
ROI_14,126,67
,,
ROI_14,127,86
,,
ROI_14,128,79
,,
ROI_14,129,73
,,
ROI_14,130,72
,,
ROI_14,131,72
,,
ROI_14,132,64
,,
ROI_14,133,60
,,
ROI_14,134,50
,,
ROI_14,135,68
,,
ROI_14,136,51
,,
ROI_14,137,75
,,
ROI_14,138,67
,,
ROI_14,139,55
,,
ROI_14,140,45
,,
ROI_14,141,66
,,
ROI_14,142,53
,,
ROI_14,143,52
,,
ROI_14,144,55
,,
ROI_14,145,53
,,
ROI_14,146,45
,,
ROI_14,147,37
,,
ROI_14,148,38
,,
ROI_14,149,52
,,
ROI_14,150,50
,,
ROI_14,151,46
,,
ROI_14,152,65
,,
ROI_14,153,45
,,
ROI_14,154,32
,,
ROI_14,155,40
,,
ROI_14,156,41
,,
ROI_14,157,49
,,
ROI_14,158,37
,,
ROI_14,159,38
,,
ROI_14,160,39
,,
ROI_14,161,38
,,
ROI_14,162,42
,,
ROI_14,163,40
,,
ROI_14,164,42
,,
ROI_14,165,33
,,
ROI_14,166,47
,,
ROI_14,167,47
,,
ROI_14,168,30
,,
ROI_14,169,38
,,
ROI_14,170,35
,,
ROI_14,171,35
,,
ROI_14,172,38
,,
ROI_14,173,24
,,
ROI_14,174,32
,,
ROI_14,175,33
,,
ROI_14,176,23
,,
ROI_14,177,25
,,
ROI_14,178,23
,,
ROI_14,179,28
,,
ROI_14,180,24
,,
ROI_14,181,22
,,
ROI_14,182,28
,,
ROI_14,183,29
,,
ROI_14,184,25
,,
ROI_14,185,23
,,
ROI_14,186,31
,,
ROI_14,187,24
,,
ROI_14,188,32
,,
ROI_14,189,27
,,
ROI_14,190,16
,,
ROI_14,191,29
,,
ROI_14,192,17
,,
ROI_14,193,14
,,
ROI_14,194,28
,,
ROI_14,195,29
,,
ROI_14,196,20
,,
ROI_14,197,17
,,
ROI_14,198,24
,,
ROI_14,199,18
,,
ROI_14,200,25
,,
ROI_14,201,17
,,
ROI_14,202,13
,,
ROI_14,203,17
,,
ROI_14,204,27
,,
ROI_14,205,21
,,
ROI_14,206,22
,,
ROI_14,207,29
,,
ROI_14,208,17
,,
ROI_14,209,22
,,
ROI_14,210,19
,,
ROI_14,211,22
,,
ROI_14,212,20
,,
ROI_14,213,15
,,
ROI_14,214,24
,,
ROI_14,215,21
,,
ROI_14,216,21
,,
ROI_14,217,22
,,
ROI_14,218,10
,,
ROI_14,219,15
,,
ROI_14,220,14
,,
ROI_14,221,17
,,
ROI_14,222,17
,,
ROI_14,223,17
,,
ROI_14,224,12
,,
ROI_14,225,19
,,
ROI_14,226,16
,,
ROI_14,227,19
,,
ROI_14,228,13
,,
ROI_14,229,11
,,
ROI_14,230,8
,,
ROI_14,231,14
,,
ROI_14,232,19
,,
ROI_14,233,13
,,
ROI_14,234,14
,,
ROI_14,235,13
,,
ROI_14,236,13
,,
ROI_14,237,14
,,
ROI_14,238,16
,,
ROI_14,239,8
,,
ROI_14,240,11
,,
ROI_14,241,13
,,
ROI_14,242,10
,,
ROI_14,243,7
,,
ROI_14,244,13
,,
ROI_14,245,16
,,
ROI_14,246,8
,,
ROI_14,247,8
,,
ROI_14,248,6
,,
ROI_14,249,18
,,
ROI_14,250,10
,,
ROI_14,251,15
,,
ROI_14,252,6
,,
ROI_14,253,11
,,
ROI_14,254,12
,,
ROI_14,255,818
,,
ROI_15,0,2902
,,
ROI_15,1,566
,,
ROI_15,2,587
,,
ROI_15,3,635
,,
ROI_15,4,568
,,
ROI_15,5,516
,,
ROI_15,6,423
,,
ROI_15,7,375
,,
ROI_15,8,378
,,
ROI_15,9,367
,,
ROI_15,10,374
,,
ROI_15,11,338
,,
ROI_15,12,333
,,
ROI_15,13,355
,,
ROI_15,14,272
,,
ROI_15,15,284
,,
ROI_15,16,273
,,
ROI_15,17,276
,,
ROI_15,18,271
,,
ROI_15,19,268
,,
ROI_15,20,274
,,
ROI_15,21,244
,,
ROI_15,22,262
,,
ROI_15,23,245
,,
ROI_15,24,248
,,
ROI_15,25,221
,,
ROI_15,26,233
,,
ROI_15,27,214
,,
ROI_15,28,203
,,
ROI_15,29,209
,,
ROI_15,30,161
,,
ROI_15,31,172
,,
ROI_15,32,186
,,
ROI_15,33,172
,,
ROI_15,34,183
,,
ROI_15,35,154
,,
ROI_15,36,171
,,
ROI_15,37,172
,,
ROI_15,38,172
,,
ROI_15,39,137
,,
ROI_15,40,156
,,
ROI_15,41,155
,,
ROI_15,42,128
,,
ROI_15,43,153
,,
ROI_15,44,125
,,
ROI_15,45,121
,,
ROI_15,46,118
,,
ROI_15,47,108
,,
ROI_15,48,116
,,
ROI_15,49,131
,,
ROI_15,50,118
,,
ROI_15,51,131
,,
ROI_15,52,112
,,
ROI_15,53,101
,,
ROI_15,54,116
,,
ROI_15,55,111
,,
ROI_15,56,104
,,
ROI_15,57,98
,,
ROI_15,58,109
,,
ROI_15,59,107
,,
ROI_15,60,87
,,
ROI_15,61,92
,,
ROI_15,62,85
,,
ROI_15,63,80
,,
ROI_15,64,86
,,
ROI_15,65,87
,,
ROI_15,66,72
,,
ROI_15,67,82
,,
ROI_15,68,98
,,
ROI_15,69,71
,,
ROI_15,70,74
,,
ROI_15,71,81
,,
ROI_15,72,70
,,
ROI_15,73,90
,,
ROI_15,74,66
,,
ROI_15,75,70
,,
ROI_15,76,75
,,
ROI_15,77,81
,,
ROI_15,78,77
,,
ROI_15,79,55
,,
ROI_15,80,71
,,
ROI_15,81,54
,,
ROI_15,82,62
,,
ROI_15,83,79
,,
ROI_15,84,71
,,
ROI_15,85,67
,,
ROI_15,86,54
,,
ROI_15,87,51
,,
ROI_15,88,57
,,
ROI_15,89,68
,,
ROI_15,90,60
,,
ROI_15,91,55
,,
ROI_15,92,61
,,
ROI_15,93,52
,,
ROI_15,94,57
,,
ROI_15,95,61
,,
ROI_15,96,60
,,
ROI_15,97,52
,,
ROI_15,98,34
,,
ROI_15,99,53
,,
ROI_15,100,51
,,
ROI_15,101,44
,,
ROI_15,102,50
,,
ROI_15,103,45
,,
ROI_15,104,54
,,
ROI_15,105,52
,,
ROI_15,106,51
,,
ROI_15,107,33
,,
ROI_15,108,43
,,
ROI_15,109,41
,,
ROI_15,110,49
,,
ROI_15,111,51
,,
ROI_15,112,43
,,
ROI_15,113,38
,,
ROI_15,114,47
,,
ROI_15,115,47
,,
ROI_15,116,48
,,
ROI_15,117,51
,,
ROI_15,118,34
,,
ROI_15,119,49
,,
ROI_15,120,82
,,
ROI_15,121,70
,,
ROI_15,122,82
,,
ROI_15,123,79
,,
ROI_15,124,61
,,
ROI_15,125,40
,,
ROI_15,126,40
,,
ROI_15,127,52
,,
ROI_15,128,51
,,
ROI_15,129,29
,,
ROI_15,130,42
,,
ROI_15,131,35
,,
ROI_15,132,41
,,
ROI_15,133,27
,,
ROI_15,134,33
,,
ROI_15,135,35
,,
ROI_15,136,30
,,
ROI_15,137,30
,,
ROI_15,138,44
,,
ROI_15,139,25
,,
ROI_15,140,30
,,
ROI_15,141,27
,,
ROI_15,142,48
,,
ROI_15,143,39
,,
ROI_15,144,39
,,
ROI_15,145,28
,,
ROI_15,146,26
,,
ROI_15,147,31
,,
ROI_15,148,29
,,
ROI_15,149,26
,,
ROI_15,150,26
,,
ROI_15,151,30
,,
ROI_15,152,25
,,
ROI_15,153,24
,,
ROI_15,154,24
,,
ROI_15,155,19
,,
ROI_15,156,29
,,
ROI_15,157,27
,,
ROI_15,158,21
,,
ROI_15,159,27
,,
ROI_15,160,26
,,
ROI_15,161,24
,,
ROI_15,162,25
,,
ROI_15,163,24
,,
ROI_15,164,24
,,
ROI_15,165,24
,,
ROI_15,166,21
,,
ROI_15,167,33
,,
ROI_15,168,37
,,
ROI_15,169,22
,,
ROI_15,170,24
,,
ROI_15,171,21
,,
ROI_15,172,19
,,
ROI_15,173,14
,,
ROI_15,174,14
,,
ROI_15,175,17
,,
ROI_15,176,22
,,
ROI_15,177,21
,,
ROI_15,178,25
,,
ROI_15,179,22
,,
ROI_15,180,21
,,
ROI_15,181,29
,,
ROI_15,182,21
,,
ROI_15,183,21
,,
ROI_15,184,17
,,
ROI_15,185,24
,,
ROI_15,186,18
,,
ROI_15,187,23
,,
ROI_15,188,20
,,
ROI_15,189,13
,,
ROI_15,190,12
,,
ROI_15,191,21
,,
ROI_15,192,18
,,
ROI_15,193,15
,,
ROI_15,194,16
,,
ROI_15,195,21
,,
ROI_15,196,19
,,
ROI_15,197,20
,,
ROI_15,198,19
,,
ROI_15,199,18
,,
ROI_15,200,17
,,
ROI_15,201,18
,,
ROI_15,202,17
,,
ROI_15,203,16
,,
ROI_15,204,10
,,
ROI_15,205,21
,,
ROI_15,206,20
,,
ROI_15,207,14
,,
ROI_15,208,16
,,
ROI_15,209,9
,,
ROI_15,210,14
,,
ROI_15,211,17
,,
ROI_15,212,18
,,
ROI_15,213,14
,,
ROI_15,214,13
,,
ROI_15,215,18
,,
ROI_15,216,17
,,
ROI_15,217,12
,,
ROI_15,218,15
,,
ROI_15,219,14
,,
ROI_15,220,9
,,
ROI_15,221,16
,,
ROI_15,222,15
,,
ROI_15,223,13
,,
ROI_15,224,10
,,
ROI_15,225,7
,,
ROI_15,226,9
,,
ROI_15,227,12
,,
ROI_15,228,8
,,
ROI_15,229,11
,,
ROI_15,230,9
,,
ROI_15,231,8
,,
ROI_15,232,12
,,
ROI_15,233,10
,,
ROI_15,234,14
,,
ROI_15,235,11
,,
ROI_15,236,12
,,
ROI_15,237,16
,,
ROI_15,238,11
,,
ROI_15,239,6
,,
ROI_15,240,8
,,
ROI_15,241,15
,,
ROI_15,242,9
,,
ROI_15,243,11
,,
ROI_15,244,7
,,
ROI_15,245,17
,,
ROI_15,246,12
,,
ROI_15,247,9
,,
ROI_15,248,8
,,
ROI_15,249,9
,,
ROI_15,250,12
,,
ROI_15,251,12
,,
ROI_15,252,10
,,
ROI_15,253,15
,,
ROI_15,254,8
,,
ROI_15,255,1236
,,
ROI_16,0,2270
,,
ROI_16,1,707
,,
ROI_16,2,564
,,
ROI_16,3,461
,,
ROI_16,4,351
,,
ROI_16,5,360
,,
ROI_16,6,267
,,
ROI_16,7,241
,,
ROI_16,8,197
,,
ROI_16,9,189
,,
ROI_16,10,186
,,
ROI_16,11,152
,,
ROI_16,12,139
,,
ROI_16,13,134
,,
ROI_16,14,104
,,
ROI_16,15,96
,,
ROI_16,16,101
,,
ROI_16,17,106
,,
ROI_16,18,103
,,
ROI_16,19,84
,,
ROI_16,20,89
,,
ROI_16,21,73
,,
ROI_16,22,84
,,
ROI_16,23,70
,,
ROI_16,24,46
,,
ROI_16,25,45
,,
ROI_16,26,53
,,
ROI_16,27,55
,,
ROI_16,28,47
,,
ROI_16,29,35
,,
ROI_16,30,28
,,
ROI_16,31,32
,,
ROI_16,32,37
,,
ROI_16,33,30
,,
ROI_16,34,25
,,
ROI_16,35,27
,,
ROI_16,36,28
,,
ROI_16,37,29
,,
ROI_16,38,22
,,
ROI_16,39,10
,,
ROI_16,40,22
,,
ROI_16,41,22
,,
ROI_16,42,15
,,
ROI_16,43,20
,,
ROI_16,44,17
,,
ROI_16,45,20
,,
ROI_16,46,16
,,
ROI_16,47,18
,,
ROI_16,48,15
,,
ROI_16,49,14
,,
ROI_16,50,12
,,
ROI_16,51,15
,,
ROI_16,52,14
,,
ROI_16,53,18
,,
ROI_16,54,15
,,
ROI_16,55,11
,,
ROI_16,56,9
,,
ROI_16,57,13
,,
ROI_16,58,7
,,
ROI_16,59,12
,,
ROI_16,60,11
,,
ROI_16,61,6
,,
ROI_16,62,10
,,
ROI_16,63,11
,,
ROI_16,64,13
,,
ROI_16,65,8
,,
ROI_16,66,10
,,
ROI_16,67,4
,,
ROI_16,68,6
,,
ROI_16,69,7
,,
ROI_16,70,5
,,
ROI_16,71,11
,,
ROI_16,72,7
,,
ROI_16,73,5
,,
ROI_16,74,4
,,
ROI_16,75,19
,,
ROI_16,76,6
,,
ROI_16,77,8
,,
ROI_16,78,7
,,
ROI_16,79,7
,,
ROI_16,80,11
,,
ROI_16,81,2
,,
ROI_16,82,8
,,
ROI_16,83,11
,,
ROI_16,84,7
,,
ROI_16,85,7
,,
ROI_16,86,4
,,
ROI_16,87,6
,,
ROI_16,88,6
,,
ROI_16,89,7
,,
ROI_16,90,5
,,
ROI_16,91,5
,,
ROI_16,92,9
,,
ROI_16,93,7
,,
ROI_16,94,5
,,
ROI_16,95,4
,,
ROI_16,96,5
,,
ROI_16,97,3
,,
ROI_16,98,5
,,
ROI_16,99,4
,,
ROI_16,100,6
,,
ROI_16,101,6
,,
ROI_16,102,4
,,
ROI_16,103,5
,,
ROI_16,104,6
,,
ROI_16,105,6
,,
ROI_16,106,3
,,
ROI_16,107,2
,,
ROI_16,108,5
,,
ROI_16,109,5
,,
ROI_16,110,5
,,
ROI_16,111,2
,,
ROI_16,112,2
,,
ROI_16,113,2
,,
ROI_16,114,3
,,
ROI_16,115,1
,,
ROI_16,116,3
,,
ROI_16,117,2
,,
ROI_16,118,4
,,
ROI_16,119,3
,,
ROI_16,120,2
,,
ROI_16,121,3
,,
ROI_16,122,5
,,
ROI_16,123,2
,,
ROI_16,124,3
,,
ROI_16,125,0
,,
ROI_16,126,2
,,
ROI_16,127,1
,,
ROI_16,128,1
,,
ROI_16,129,1
,,
ROI_16,130,2
,,
ROI_16,131,1
,,
ROI_16,132,1
,,
ROI_16,133,2
,,
ROI_16,134,2
,,
ROI_16,135,1
,,
ROI_16,136,1
,,
ROI_16,137,0
,,
ROI_16,138,2
,,
ROI_16,139,2
,,
ROI_16,140,1
,,
ROI_16,141,4
,,
ROI_16,142,0
,,
ROI_16,143,0
,,
ROI_16,144,0
,,
ROI_16,145,2
,,
ROI_16,146,0
,,
ROI_16,147,1
,,
ROI_16,148,1
,,
ROI_16,149,2
,,
ROI_16,150,1
,,
ROI_16,151,3
,,
ROI_16,152,0
,,
ROI_16,153,1
,,
ROI_16,154,1
,,
ROI_16,155,2
,,
ROI_16,156,1
,,
ROI_16,157,0
,,
ROI_16,158,0
,,
ROI_16,159,0
,,
ROI_16,160,0
,,
ROI_16,161,1
,,
ROI_16,162,0
,,
ROI_16,163,1
,,
ROI_16,164,1
,,
ROI_16,165,0
,,
ROI_16,166,2
,,
ROI_16,167,1
,,
ROI_16,168,0
,,
ROI_16,169,1
,,
ROI_16,170,0
,,
ROI_16,171,1
,,
ROI_16,172,1
,,
ROI_16,173,0
,,
ROI_16,174,0
,,
ROI_16,175,0
,,
ROI_16,176,0
,,
ROI_16,177,0
,,
ROI_16,178,0
,,
ROI_16,179,1
,,
ROI_16,180,0
,,
ROI_16,181,0
,,
ROI_16,182,0
,,
ROI_16,183,0
,,
ROI_16,184,0
,,
ROI_16,185,0
,,
ROI_16,186,0
,,
ROI_16,187,0
,,
ROI_16,188,0
,,
ROI_16,189,1
,,
ROI_16,190,0
,,
ROI_16,191,0
,,
ROI_16,192,1
,,
ROI_16,193,0
,,
ROI_16,194,0
,,
ROI_16,195,0
,,
ROI_16,196,0
,,
ROI_16,197,1
,,
ROI_16,198,0
,,
ROI_16,199,0
,,
ROI_16,200,0
,,
ROI_16,201,0
,,
ROI_16,202,1
,,
ROI_16,203,0
,,
ROI_16,204,0
,,
ROI_16,205,0
,,
ROI_16,206,0
,,
ROI_16,207,0
,,
ROI_16,208,0
,,
ROI_16,209,0
,,
ROI_16,210,0
,,
ROI_16,211,0
,,
ROI_16,212,0
,,
ROI_16,213,1
,,
ROI_16,214,0
,,
ROI_16,215,0
,,
ROI_16,216,0
,,
ROI_16,217,0
,,
ROI_16,218,0
,,
ROI_16,219,0
,,
ROI_16,220,0
,,
ROI_16,221,1
,,
ROI_16,222,1
,,
ROI_16,223,0
,,
ROI_16,224,0
,,
ROI_16,225,1
,,
ROI_16,226,0
,,
ROI_16,227,0
,,
ROI_16,228,0
,,
ROI_16,229,0
,,
ROI_16,230,0
,,
ROI_16,231,0
,,
ROI_16,232,1
,,
ROI_16,233,1
,,
ROI_16,234,0
,,
ROI_16,235,0
,,
ROI_16,236,0
,,
ROI_16,237,0
,,
ROI_16,238,0
,,
ROI_16,239,0
,,
ROI_16,240,0
,,
ROI_16,241,0
,,
ROI_16,242,0
,,
ROI_16,243,0
,,
ROI_16,244,0
,,
ROI_16,245,0
,,
ROI_16,246,0
,,
ROI_16,247,0
,,
ROI_16,248,0
,,
ROI_16,249,0
,,
ROI_16,250,0
,,
ROI_16,251,0
,,
ROI_16,252,0
,,
ROI_16,253,0
,,
ROI_16,254,0
,,
ROI_16,255,1
,,
ROI_17,0,2342
,,
ROI_17,1,543
,,
ROI_17,2,511
,,
ROI_17,3,397
,,
ROI_17,4,309
,,
ROI_17,5,298
,,
ROI_17,6,242
,,
ROI_17,7,234
,,
ROI_17,8,235
,,
ROI_17,9,200
,,
ROI_17,10,204
,,
ROI_17,11,156
,,
ROI_17,12,159
,,
ROI_17,13,145
,,
ROI_17,14,128
,,
ROI_17,15,115
,,
ROI_17,16,129
,,
ROI_17,17,106
,,
ROI_17,18,81
,,
ROI_17,19,92
,,
ROI_17,20,92
,,
ROI_17,21,88
,,
ROI_17,22,69
,,
ROI_17,23,76
,,
ROI_17,24,64
,,
ROI_17,25,54
,,
ROI_17,26,53
,,
ROI_17,27,61
,,
ROI_17,28,60
,,
ROI_17,29,50
,,
ROI_17,30,49
,,
ROI_17,31,46
,,
ROI_17,32,50
,,
ROI_17,33,45
,,
ROI_17,34,40
,,
ROI_17,35,41
,,
ROI_17,36,34
,,
ROI_17,37,47
,,
ROI_17,38,42
,,
ROI_17,39,31
,,
ROI_17,40,30
,,
ROI_17,41,30
,,
ROI_17,42,29
,,
ROI_17,43,26
,,
ROI_17,44,34
,,
ROI_17,45,43
,,
ROI_17,46,24
,,
ROI_17,47,27
,,
ROI_17,48,21
,,
ROI_17,49,23
,,
ROI_17,50,18
,,
ROI_17,51,28
,,
ROI_17,52,29
,,
ROI_17,53,21
,,
ROI_17,54,19
,,
ROI_17,55,31
,,
ROI_17,56,19
,,
ROI_17,57,24
,,
ROI_17,58,23
,,
ROI_17,59,21
,,
ROI_17,60,19
,,
ROI_17,61,17
,,
ROI_17,62,24
,,
ROI_17,63,22
,,
ROI_17,64,11
,,
ROI_17,65,20
,,
ROI_17,66,12
,,
ROI_17,67,13
,,
ROI_17,68,17
,,
ROI_17,69,11
,,
ROI_17,70,14
,,
ROI_17,71,12
,,
ROI_17,72,14
,,
ROI_17,73,12
,,
ROI_17,74,15
,,
ROI_17,75,15
,,
ROI_17,76,11
,,
ROI_17,77,19
,,
ROI_17,78,14
,,
ROI_17,79,6
,,
ROI_17,80,12
,,
ROI_17,81,7
,,
ROI_17,82,11
,,
ROI_17,83,14
,,
ROI_17,84,5
,,
ROI_17,85,7
,,
ROI_17,86,5
,,
ROI_17,87,13
,,
ROI_17,88,7
,,
ROI_17,89,7
,,
ROI_17,90,11
,,
ROI_17,91,9
,,
ROI_17,92,3
,,
ROI_17,93,6
,,
ROI_17,94,6
,,
ROI_17,95,8
,,
ROI_17,96,5
,,
ROI_17,97,7
,,
ROI_17,98,5
,,
ROI_17,99,8
,,
ROI_17,100,7
,,
ROI_17,101,7
,,
ROI_17,102,3
,,
ROI_17,103,3
,,
ROI_17,104,8
,,
ROI_17,105,8
,,
ROI_17,106,1
,,
ROI_17,107,8
,,
ROI_17,108,5
,,
ROI_17,109,2
,,
ROI_17,110,5
,,
ROI_17,111,0
,,
ROI_17,112,9
,,
ROI_17,113,5
,,
ROI_17,114,6
,,
ROI_17,115,7
,,
ROI_17,116,2
,,
ROI_17,117,5
,,
ROI_17,118,7
,,
ROI_17,119,4
,,
ROI_17,120,13
,,
ROI_17,121,6
,,
ROI_17,122,6
,,
ROI_17,123,7
,,
ROI_17,124,2
,,
ROI_17,125,0
,,
ROI_17,126,2
,,
ROI_17,127,4
,,
ROI_17,128,2
,,
ROI_17,129,4
,,
ROI_17,130,2
,,
ROI_17,131,2
,,
ROI_17,132,7
,,
ROI_17,133,3
,,
ROI_17,134,5
,,
ROI_17,135,1
,,
ROI_17,136,2
,,
ROI_17,137,2
,,
ROI_17,138,5
,,
ROI_17,139,2
,,
ROI_17,140,1
,,
ROI_17,141,3
,,
ROI_17,142,4
,,
ROI_17,143,1
,,
ROI_17,144,1
,,
ROI_17,145,2
,,
ROI_17,146,3
,,
ROI_17,147,0
,,
ROI_17,148,2
,,
ROI_17,149,2
,,
ROI_17,150,5
,,
ROI_17,151,3
,,
ROI_17,152,3
,,
ROI_17,153,1
,,
ROI_17,154,1
,,
ROI_17,155,2
,,
ROI_17,156,0
,,
ROI_17,157,0
,,
ROI_17,158,2
,,
ROI_17,159,0
,,
ROI_17,160,2
,,
ROI_17,161,2
,,
ROI_17,162,3
,,
ROI_17,163,0
,,
ROI_17,164,2
,,
ROI_17,165,1
,,
ROI_17,166,1
,,
ROI_17,167,6
,,
ROI_17,168,3
,,
ROI_17,169,0
,,
ROI_17,170,2
,,
ROI_17,171,1
,,
ROI_17,172,1
,,
ROI_17,173,3
,,
ROI_17,174,1
,,
ROI_17,175,1
,,
ROI_17,176,7
,,
ROI_17,177,0
,,
ROI_17,178,2
,,
ROI_17,179,1
,,
ROI_17,180,1
,,
ROI_17,181,1
,,
ROI_17,182,0
,,
ROI_17,183,0
,,
ROI_17,184,3
,,
ROI_17,185,1
,,
ROI_17,186,0
,,
ROI_17,187,1
,,
ROI_17,188,1
,,
ROI_17,189,1
,,
ROI_17,190,1
,,
ROI_17,191,1
,,
ROI_17,192,0
,,
ROI_17,193,1
,,
ROI_17,194,1
,,
ROI_17,195,1
,,
ROI_17,196,0
,,
ROI_17,197,0
,,
ROI_17,198,1
,,
ROI_17,199,1
,,
ROI_17,200,0
,,
ROI_17,201,0
,,
ROI_17,202,0
,,
ROI_17,203,1
,,
ROI_17,204,0
,,
ROI_17,205,0
,,
ROI_17,206,1
,,
ROI_17,207,0
,,
ROI_17,208,1
,,
ROI_17,209,1
,,
ROI_17,210,0
,,
ROI_17,211,0
,,
ROI_17,212,0
,,
ROI_17,213,0
,,
ROI_17,214,0
,,
ROI_17,215,0
,,
ROI_17,216,0
,,
ROI_17,217,0
,,
ROI_17,218,1
,,
ROI_17,219,0
,,
ROI_17,220,1
,,
ROI_17,221,0
,,
ROI_17,222,0
,,
ROI_17,223,0
,,
ROI_17,224,0
,,
ROI_17,225,0
,,
ROI_17,226,1
,,
ROI_17,227,0
,,
ROI_17,228,0
,,
ROI_17,229,0
,,
ROI_17,230,0
,,
ROI_17,231,0
,,
ROI_17,232,0
,,
ROI_17,233,0
,,
ROI_17,234,0
,,
ROI_17,235,0
,,
ROI_17,236,0
,,
ROI_17,237,0
,,
ROI_17,238,0
,,
ROI_17,239,0
,,
ROI_17,240,0
,,
ROI_17,241,0
,,
ROI_17,242,0
,,
ROI_17,243,0
,,
ROI_17,244,0
,,
ROI_17,245,0
,,
ROI_17,246,0
,,
ROI_17,247,0
,,
ROI_17,248,0
,,
ROI_17,249,0
,,
ROI_17,250,0
,,
ROI_17,251,0
,,
ROI_17,252,0
,,
ROI_17,253,0
,,
ROI_17,254,0
,,
ROI_17,255,0
,,
ROI_18,0,6970
,,
ROI_18,1,338
,,
ROI_18,2,233
,,
ROI_18,3,186
,,
ROI_18,4,155
,,
ROI_18,5,126
,,
ROI_18,6,101
,,
ROI_18,7,99
,,
ROI_18,8,99
,,
ROI_18,9,67
,,
ROI_18,10,75
,,
ROI_18,11,60
,,
ROI_18,12,62
,,
ROI_18,13,57
,,
ROI_18,14,51
,,
ROI_18,15,48
,,
ROI_18,16,50
,,
ROI_18,17,44
,,
ROI_18,18,47
,,
ROI_18,19,40
,,
ROI_18,20,36
,,
ROI_18,21,31
,,
ROI_18,22,48
,,
ROI_18,23,26
,,
ROI_18,24,26
,,
ROI_18,25,27
,,
ROI_18,26,33
,,
ROI_18,27,23
,,
ROI_18,28,19
,,
ROI_18,29,16
,,
ROI_18,30,30
,,
ROI_18,31,24
,,
ROI_18,32,19
,,
ROI_18,33,22
,,
ROI_18,34,22
,,
ROI_18,35,22
,,
ROI_18,36,17
,,
ROI_18,37,18
,,
ROI_18,38,13
,,
ROI_18,39,14
,,
ROI_18,40,18
,,
ROI_18,41,16
,,
ROI_18,42,15
,,
ROI_18,43,9
,,
ROI_18,44,13
,,
ROI_18,45,10
,,
ROI_18,46,13
,,
ROI_18,47,6
,,
ROI_18,48,10
,,
ROI_18,49,14
,,
ROI_18,50,7
,,
ROI_18,51,9
,,
ROI_18,52,9
,,
ROI_18,53,10
,,
ROI_18,54,16
,,
ROI_18,55,3
,,
ROI_18,56,9
,,
ROI_18,57,13
,,
ROI_18,58,13
,,
ROI_18,59,8
,,
ROI_18,60,3
,,
ROI_18,61,11
,,
ROI_18,62,6
,,
ROI_18,63,7
,,
ROI_18,64,7
,,
ROI_18,65,5
,,
ROI_18,66,11
,,
ROI_18,67,4
,,
ROI_18,68,10
,,
ROI_18,69,8
,,
ROI_18,70,4
,,
ROI_18,71,2
,,
ROI_18,72,6
,,
ROI_18,73,4
,,
ROI_18,74,6
,,
ROI_18,75,5
,,
ROI_18,76,1
,,
ROI_18,77,7
,,
ROI_18,78,6
,,
ROI_18,79,7
,,
ROI_18,80,6
,,
ROI_18,81,5
,,
ROI_18,82,2
,,
ROI_18,83,8
,,
ROI_18,84,5
,,
ROI_18,85,4
,,
ROI_18,86,5
,,
ROI_18,87,4
,,
ROI_18,88,5
,,
ROI_18,89,3
,,
ROI_18,90,6
,,
ROI_18,91,2
,,
ROI_18,92,7
,,
ROI_18,93,5
,,
ROI_18,94,4
,,
ROI_18,95,3
,,
ROI_18,96,0
,,
ROI_18,97,3
,,
ROI_18,98,3
,,
ROI_18,99,4
,,
ROI_18,100,3
,,
ROI_18,101,2
,,
ROI_18,102,5
,,
ROI_18,103,0
,,
ROI_18,104,2
,,
ROI_18,105,1
,,
ROI_18,106,5
,,
ROI_18,107,3
,,
ROI_18,108,6
,,
ROI_18,109,4
,,
ROI_18,110,3
,,
ROI_18,111,2
,,
ROI_18,112,5
,,
ROI_18,113,4
,,
ROI_18,114,3
,,
ROI_18,115,2
,,
ROI_18,116,2
,,
ROI_18,117,2
,,
ROI_18,118,3
,,
ROI_18,119,3
,,
ROI_18,120,2
,,
ROI_18,121,5
,,
ROI_18,122,5
,,
ROI_18,123,5
,,
ROI_18,124,3
,,
ROI_18,125,4
,,
ROI_18,126,1
,,
ROI_18,127,1
,,
ROI_18,128,2
,,
ROI_18,129,2
,,
ROI_18,130,3
,,
ROI_18,131,2
,,
ROI_18,132,1
,,
ROI_18,133,0
,,
ROI_18,134,2
,,
ROI_18,135,1
,,
ROI_18,136,1
,,
ROI_18,137,2
,,
ROI_18,138,3
,,
ROI_18,139,2
,,
ROI_18,140,0
,,
ROI_18,141,2
,,
ROI_18,142,0
,,
ROI_18,143,2
,,
ROI_18,144,1
,,
ROI_18,145,4
,,
ROI_18,146,1
,,
ROI_18,147,1
,,
ROI_18,148,1
,,
ROI_18,149,3
,,
ROI_18,150,3
,,
ROI_18,151,2
,,
ROI_18,152,2
,,
ROI_18,153,1
,,
ROI_18,154,1
,,
ROI_18,155,1
,,
ROI_18,156,2
,,
ROI_18,157,1
,,
ROI_18,158,2
,,
ROI_18,159,2
,,
ROI_18,160,0
,,
ROI_18,161,2
,,
ROI_18,162,2
,,
ROI_18,163,0
,,
ROI_18,164,1
,,
ROI_18,165,2
,,
ROI_18,166,0
,,
ROI_18,167,1
,,
ROI_18,168,2
,,
ROI_18,169,0
,,
ROI_18,170,3
,,
ROI_18,171,4
,,
ROI_18,172,0
,,
ROI_18,173,1
,,
ROI_18,174,1
,,
ROI_18,175,2
,,
ROI_18,176,0
,,
ROI_18,177,2
,,
ROI_18,178,1
,,
ROI_18,179,1
,,
ROI_18,180,3
,,
ROI_18,181,2
,,
ROI_18,182,0
,,
ROI_18,183,1
,,
ROI_18,184,0
,,
ROI_18,185,0
,,
ROI_18,186,0
,,
ROI_18,187,2
,,
ROI_18,188,3
,,
ROI_18,189,0
,,
ROI_18,190,1
,,
ROI_18,191,1
,,
ROI_18,192,0
,,
ROI_18,193,1
,,
ROI_18,194,3
,,
ROI_18,195,1
,,
ROI_18,196,0
,,
ROI_18,197,1
,,
ROI_18,198,0
,,
ROI_18,199,0
,,
ROI_18,200,1
,,
ROI_18,201,1
,,
ROI_18,202,0
,,
ROI_18,203,1
,,
ROI_18,204,0
,,
ROI_18,205,1
,,
ROI_18,206,2
,,
ROI_18,207,0
,,
ROI_18,208,0
,,
ROI_18,209,0
,,
ROI_18,210,0
,,
ROI_18,211,1
,,
ROI_18,212,0
,,
ROI_18,213,0
,,
ROI_18,214,0
,,
ROI_18,215,0
,,
ROI_18,216,1
,,
ROI_18,217,0
,,
ROI_18,218,1
,,
ROI_18,219,0
,,
ROI_18,220,1
,,
ROI_18,221,0
,,
ROI_18,222,0
,,
ROI_18,223,0
,,
ROI_18,224,0
,,
ROI_18,225,0
,,
ROI_18,226,0
,,
ROI_18,227,0
,,
ROI_18,228,0
,,
ROI_18,229,0
,,
ROI_18,230,0
,,
ROI_18,231,0
,,
ROI_18,232,0
,,
ROI_18,233,1
,,
ROI_18,234,0
,,
ROI_18,235,0
,,
ROI_18,236,1
,,
ROI_18,237,0
,,
ROI_18,238,0
,,
ROI_18,239,0
,,
ROI_18,240,0
,,
ROI_18,241,0
,,
ROI_18,242,0
,,
ROI_18,243,0
,,
ROI_18,244,0
,,
ROI_18,245,1
,,
ROI_18,246,0
,,
ROI_18,247,0
,,
ROI_18,248,0
,,
ROI_18,249,0
,,
ROI_18,250,0
,,
ROI_18,251,0
,,
ROI_18,252,0
,,
ROI_18,253,0
,,
ROI_18,254,0
,,
ROI_18,255,34
,,
ROI_19,0,1516
,,
ROI_19,1,174
,,
ROI_19,2,95
,,
ROI_19,3,69
,,
ROI_19,4,65
,,
ROI_19,5,54
,,
ROI_19,6,50
,,
ROI_19,7,50
,,
ROI_19,8,56
,,
ROI_19,9,34
,,
ROI_19,10,40
,,
ROI_19,11,45
,,
ROI_19,12,31
,,
ROI_19,13,48
,,
ROI_19,14,40
,,
ROI_19,15,42
,,
ROI_19,16,39
,,
ROI_19,17,33
,,
ROI_19,18,32
,,
ROI_19,19,30
,,
ROI_19,20,26
,,
ROI_19,21,33
,,
ROI_19,22,32
,,
ROI_19,23,33
,,
ROI_19,24,32
,,
ROI_19,25,35
,,
ROI_19,26,31
,,
ROI_19,27,29
,,
ROI_19,28,22
,,
ROI_19,29,21
,,
ROI_19,30,22
,,
ROI_19,31,20
,,
ROI_19,32,33
,,
ROI_19,33,33
,,
ROI_19,34,22
,,
ROI_19,35,30
,,
ROI_19,36,19
,,
ROI_19,37,28
,,
ROI_19,38,17
,,
ROI_19,39,19
,,
ROI_19,40,23
,,
ROI_19,41,19
,,
ROI_19,42,22
,,
ROI_19,43,16
,,
ROI_19,44,12
,,
ROI_19,45,17
,,
ROI_19,46,12
,,
ROI_19,47,16
,,
ROI_19,48,21
,,
ROI_19,49,14
,,
ROI_19,50,15
,,
ROI_19,51,22
,,
ROI_19,52,15
,,
ROI_19,53,19
,,
ROI_19,54,14
,,
ROI_19,55,11
,,
ROI_19,56,15
,,
ROI_19,57,18
,,
ROI_19,58,22
,,
ROI_19,59,11
,,
ROI_19,60,11
,,
ROI_19,61,13
,,
ROI_19,62,13
,,
ROI_19,63,14
,,
ROI_19,64,13
,,
ROI_19,65,13
,,
ROI_19,66,9
,,
ROI_19,67,8
,,
ROI_19,68,8
,,
ROI_19,69,11
,,
ROI_19,70,9
,,
ROI_19,71,12
,,
ROI_19,72,18
,,
ROI_19,73,11
,,
ROI_19,74,12
,,
ROI_19,75,6
,,
ROI_19,76,17
,,
ROI_19,77,12
,,
ROI_19,78,10
,,
ROI_19,79,9
,,
ROI_19,80,13
,,
ROI_19,81,13
,,
ROI_19,82,10
,,
ROI_19,83,8
,,
ROI_19,84,5
,,
ROI_19,85,15
,,
ROI_19,86,14
,,
ROI_19,87,5
,,
ROI_19,88,7
,,
ROI_19,89,7
,,
ROI_19,90,8
,,
ROI_19,91,5
,,
ROI_19,92,7
,,
ROI_19,93,4
,,
ROI_19,94,9
,,
ROI_19,95,9
,,
ROI_19,96,7
,,
ROI_19,97,8
,,
ROI_19,98,10
,,
ROI_19,99,9
,,
ROI_19,100,13
,,
ROI_19,101,10
,,
ROI_19,102,8
,,
ROI_19,103,8
,,
ROI_19,104,5
,,
ROI_19,105,7
,,
ROI_19,106,6
,,
ROI_19,107,9
,,
ROI_19,108,6
,,
ROI_19,109,7
,,
ROI_19,110,7
,,
ROI_19,111,6
,,
ROI_19,112,2
,,
ROI_19,113,6
,,
ROI_19,114,4
,,
ROI_19,115,6
,,
ROI_19,116,7
,,
ROI_19,117,13
,,
ROI_19,118,4
,,
ROI_19,119,6
,,
ROI_19,120,8
,,
ROI_19,121,9
,,
ROI_19,122,10
,,
ROI_19,123,10
,,
ROI_19,124,11
,,
ROI_19,125,4
,,
ROI_19,126,5
,,
ROI_19,127,6
,,
ROI_19,128,5
,,
ROI_19,129,7
,,
ROI_19,130,6
,,
ROI_19,131,3
,,
ROI_19,132,5
,,
ROI_19,133,6
,,
ROI_19,134,5
,,
ROI_19,135,5
,,
ROI_19,136,5
,,
ROI_19,137,3
,,
ROI_19,138,6
,,
ROI_19,139,5
,,
ROI_19,140,3
,,
ROI_19,141,2
,,
ROI_19,142,5
,,
ROI_19,143,6
,,
ROI_19,144,2
,,
ROI_19,145,2
,,
ROI_19,146,7
,,
ROI_19,147,3
,,
ROI_19,148,2
,,
ROI_19,149,5
,,
ROI_19,150,3
,,
ROI_19,151,3
,,
ROI_19,152,5
,,
ROI_19,153,5
,,
ROI_19,154,1
,,
ROI_19,155,2
,,
ROI_19,156,5
,,
ROI_19,157,1
,,
ROI_19,158,5
,,
ROI_19,159,1
,,
ROI_19,160,4
,,
ROI_19,161,6
,,
ROI_19,162,3
,,
ROI_19,163,4
,,
ROI_19,164,3
,,
ROI_19,165,2
,,
ROI_19,166,1
,,
ROI_19,167,1
,,
ROI_19,168,4
,,
ROI_19,169,2
,,
ROI_19,170,2
,,
ROI_19,171,4
,,
ROI_19,172,1
,,
ROI_19,173,2
,,
ROI_19,174,3
,,
ROI_19,175,3
,,
ROI_19,176,1
,,
ROI_19,177,0
,,
ROI_19,178,1
,,
ROI_19,179,0
,,
ROI_19,180,2
,,
ROI_19,181,4
,,
ROI_19,182,0
,,
ROI_19,183,1
,,
ROI_19,184,3
,,
ROI_19,185,2
,,
ROI_19,186,2
,,
ROI_19,187,2
,,
ROI_19,188,0
,,
ROI_19,189,1
,,
ROI_19,190,0
,,
ROI_19,191,3
,,
ROI_19,192,1
,,
ROI_19,193,1
,,
ROI_19,194,1
,,
ROI_19,195,3
,,
ROI_19,196,4
,,
ROI_19,197,1
,,
ROI_19,198,2
,,
ROI_19,199,0
,,
ROI_19,200,3
,,
ROI_19,201,1
,,
ROI_19,202,1
,,
ROI_19,203,1
,,
ROI_19,204,0
,,
ROI_19,205,1
,,
ROI_19,206,2
,,
ROI_19,207,3
,,
ROI_19,208,0
,,
ROI_19,209,2
,,
ROI_19,210,0
,,
ROI_19,211,0
,,
ROI_19,212,2
,,
ROI_19,213,2
,,
ROI_19,214,1
,,
ROI_19,215,1
,,
ROI_19,216,0
,,
ROI_19,217,1
,,
ROI_19,218,2
,,
ROI_19,219,0
,,
ROI_19,220,3
,,
ROI_19,221,0
,,
ROI_19,222,0
,,
ROI_19,223,1
,,
ROI_19,224,0
,,
ROI_19,225,0
,,
ROI_19,226,1
,,
ROI_19,227,1
,,
ROI_19,228,1
,,
ROI_19,229,0
,,
ROI_19,230,1
,,
ROI_19,231,0
,,
ROI_19,232,2
,,
ROI_19,233,1
,,
ROI_19,234,2
,,
ROI_19,235,0
,,
ROI_19,236,0
,,
ROI_19,237,1
,,
ROI_19,238,0
,,
ROI_19,239,1
,,
ROI_19,240,0
,,
ROI_19,241,1
,,
ROI_19,242,1
,,
ROI_19,243,0
,,
ROI_19,244,0
,,
ROI_19,245,1
,,
ROI_19,246,1
,,
ROI_19,247,3
,,
ROI_19,248,0
,,
ROI_19,249,1
,,
ROI_19,250,0
,,
ROI_19,251,0
,,
ROI_19,252,0
,,
ROI_19,253,0
,,
ROI_19,254,0
,,
ROI_19,255,20
,,
ROI_20,0,7348
,,
ROI_20,1,1325
,,
ROI_20,2,1191
,,
ROI_20,3,1078
,,
ROI_20,4,890
,,
ROI_20,5,816
,,
ROI_20,6,735
,,
ROI_20,7,623
,,
ROI_20,8,653
,,
ROI_20,9,591
,,
ROI_20,10,550
,,
ROI_20,11,556
,,
ROI_20,12,501
,,
ROI_20,13,453
,,
ROI_20,14,398
,,
ROI_20,15,394
,,
ROI_20,16,410
,,
ROI_20,17,375
,,
ROI_20,18,344
,,
ROI_20,19,325
,,
ROI_20,20,295
,,
ROI_20,21,303
,,
ROI_20,22,288
,,
ROI_20,23,267
,,
ROI_20,24,267
,,
ROI_20,25,245
,,
ROI_20,26,219
,,
ROI_20,27,221
,,
ROI_20,28,203
,,
ROI_20,29,179
,,
ROI_20,30,199
,,
ROI_20,31,176
,,
ROI_20,32,158
,,
ROI_20,33,168
,,
ROI_20,34,169
,,
ROI_20,35,156
,,
ROI_20,36,158
,,
ROI_20,37,131
,,
ROI_20,38,132
,,
ROI_20,39,133
,,
ROI_20,40,128
,,
ROI_20,41,118
,,
ROI_20,42,108
,,
ROI_20,43,117
,,
ROI_20,44,137
,,
ROI_20,45,118
,,
ROI_20,46,123
,,
ROI_20,47,102
,,
ROI_20,48,93
,,
ROI_20,49,84
,,
ROI_20,50,73
,,
ROI_20,51,75
,,
ROI_20,52,96
,,
ROI_20,53,90
,,
ROI_20,54,102
,,
ROI_20,55,98
,,
ROI_20,56,69
,,
ROI_20,57,78
,,
ROI_20,58,83
,,
ROI_20,59,66
,,
ROI_20,60,62
,,
ROI_20,61,66
,,
ROI_20,62,80
,,
ROI_20,63,73
,,
ROI_20,64,74
,,
ROI_20,65,79
,,
ROI_20,66,69
,,
ROI_20,67,59
,,
ROI_20,68,69
,,
ROI_20,69,49
,,
ROI_20,70,64
,,
ROI_20,71,51
,,
ROI_20,72,55
,,
ROI_20,73,58
,,
ROI_20,74,48
,,
ROI_20,75,47
,,
ROI_20,76,59
,,
ROI_20,77,47
,,
ROI_20,78,43
,,
ROI_20,79,36
,,
ROI_20,80,55
,,
ROI_20,81,45
,,
ROI_20,82,39
,,
ROI_20,83,35
,,
ROI_20,84,47
,,
ROI_20,85,33
,,
ROI_20,86,38
,,
ROI_20,87,45
,,
ROI_20,88,36
,,
ROI_20,89,34
,,
ROI_20,90,34
,,
ROI_20,91,34
,,
ROI_20,92,31
,,
ROI_20,93,36
,,
ROI_20,94,37
,,
ROI_20,95,22
,,
ROI_20,96,37
,,
ROI_20,97,30
,,
ROI_20,98,26
,,
ROI_20,99,39
,,
ROI_20,100,31
,,
ROI_20,101,25
,,
ROI_20,102,26
,,
ROI_20,103,30
,,
ROI_20,104,19
,,
ROI_20,105,19
,,
ROI_20,106,20
,,
ROI_20,107,28
,,
ROI_20,108,16
,,
ROI_20,109,27
,,
ROI_20,110,28
,,
ROI_20,111,11
,,
ROI_20,112,24
,,
ROI_20,113,18
,,
ROI_20,114,21
,,
ROI_20,115,19
,,
ROI_20,116,21
,,
ROI_20,117,17
,,
ROI_20,118,21
,,
ROI_20,119,20
,,
ROI_20,120,21
,,
ROI_20,121,22
,,
ROI_20,122,27
,,
ROI_20,123,40
,,
ROI_20,124,29
,,
ROI_20,125,22
,,
ROI_20,126,22
,,
ROI_20,127,20
,,
ROI_20,128,19
,,
ROI_20,129,14
,,
ROI_20,130,17
,,
ROI_20,131,24
,,
ROI_20,132,11
,,
ROI_20,133,18
,,
ROI_20,134,21
,,
ROI_20,135,10
,,
ROI_20,136,11
,,
ROI_20,137,13
,,
ROI_20,138,22
,,
ROI_20,139,18
,,
ROI_20,140,18
,,
ROI_20,141,14
,,
ROI_20,142,20
,,
ROI_20,143,14
,,
ROI_20,144,18
,,
ROI_20,145,8
,,
ROI_20,146,14
,,
ROI_20,147,15
,,
ROI_20,148,12
,,
ROI_20,149,7
,,
ROI_20,150,12
,,
ROI_20,151,13
,,
ROI_20,152,19
,,
ROI_20,153,13
,,
ROI_20,154,10
,,
ROI_20,155,11
,,
ROI_20,156,12
,,
ROI_20,157,14
,,
ROI_20,158,12
,,
ROI_20,159,8
,,
ROI_20,160,14
,,
ROI_20,161,11
,,
ROI_20,162,8
,,
ROI_20,163,11
,,
ROI_20,164,17
,,
ROI_20,165,11
,,
ROI_20,166,10
,,
ROI_20,167,10
,,
ROI_20,168,10
,,
ROI_20,169,9
,,
ROI_20,170,12
,,
ROI_20,171,10
,,
ROI_20,172,4
,,
ROI_20,173,8
,,
ROI_20,174,16
,,
ROI_20,175,10
,,
ROI_20,176,5
,,
ROI_20,177,11
,,
ROI_20,178,12
,,
ROI_20,179,14
,,
ROI_20,180,11
,,
ROI_20,181,4
,,
ROI_20,182,7
,,
ROI_20,183,9
,,
ROI_20,184,14
,,
ROI_20,185,7
,,
ROI_20,186,13
,,
ROI_20,187,9
,,
ROI_20,188,9
,,
ROI_20,189,11
,,
ROI_20,190,12
,,
ROI_20,191,9
,,
ROI_20,192,10
,,
ROI_20,193,6
,,
ROI_20,194,10
,,
ROI_20,195,6
,,
ROI_20,196,7
,,
ROI_20,197,8
,,
ROI_20,198,8
,,
ROI_20,199,11
,,
ROI_20,200,8
,,
ROI_20,201,7
,,
ROI_20,202,8
,,
ROI_20,203,10
,,
ROI_20,204,7
,,
ROI_20,205,7
,,
ROI_20,206,8
,,
ROI_20,207,8
,,
ROI_20,208,9
,,
ROI_20,209,5
,,
ROI_20,210,4
,,
ROI_20,211,3
,,
ROI_20,212,9
,,
ROI_20,213,7
,,
ROI_20,214,9
,,
ROI_20,215,7
,,
ROI_20,216,4
,,
ROI_20,217,8
,,
ROI_20,218,8
,,
ROI_20,219,8
,,
ROI_20,220,5
,,
ROI_20,221,4
,,
ROI_20,222,9
,,
ROI_20,223,12
,,
ROI_20,224,7
,,
ROI_20,225,10
,,
ROI_20,226,7
,,
ROI_20,227,7
,,
ROI_20,228,10
,,
ROI_20,229,9
,,
ROI_20,230,7
,,
ROI_20,231,5
,,
ROI_20,232,9
,,
ROI_20,233,9
,,
ROI_20,234,4
,,
ROI_20,235,4
,,
ROI_20,236,6
,,
ROI_20,237,3
,,
ROI_20,238,9
,,
ROI_20,239,8
,,
ROI_20,240,4
,,
ROI_20,241,6
,,
ROI_20,242,3
,,
ROI_20,243,6
,,
ROI_20,244,0
,,
ROI_20,245,6
,,
ROI_20,246,6
,,
ROI_20,247,5
,,
ROI_20,248,4
,,
ROI_20,249,5
,,
ROI_20,250,3
,,
ROI_20,251,6
,,
ROI_20,252,9
,,
ROI_20,253,7
,,
ROI_20,254,8
,,
ROI_20,255,538
,,
ROI_21,0,2311
,,
ROI_21,1,516
,,
ROI_21,2,499
,,
ROI_21,3,495
,,
ROI_21,4,474
,,
ROI_21,5,429
,,
ROI_21,6,432
,,
ROI_21,7,397
,,
ROI_21,8,384
,,
ROI_21,9,393
,,
ROI_21,10,365
,,
ROI_21,11,353
,,
ROI_21,12,364
,,
ROI_21,13,344
,,
ROI_21,14,299
,,
ROI_21,15,308
,,
ROI_21,16,327
,,
ROI_21,17,304
,,
ROI_21,18,264
,,
ROI_21,19,269
,,
ROI_21,20,284
,,
ROI_21,21,232
,,
ROI_21,22,247
,,
ROI_21,23,244
,,
ROI_21,24,215
,,
ROI_21,25,217
,,
ROI_21,26,209
,,
ROI_21,27,190
,,
ROI_21,28,178
,,
ROI_21,29,201
,,
ROI_21,30,198
,,
ROI_21,31,214
,,
ROI_21,32,171
,,
ROI_21,33,171
,,
ROI_21,34,160
,,
ROI_21,35,158
,,
ROI_21,36,159
,,
ROI_21,37,164
,,
ROI_21,38,145
,,
ROI_21,39,160
,,
ROI_21,40,146
,,
ROI_21,41,149
,,
ROI_21,42,122
,,
ROI_21,43,123
,,
ROI_21,44,122
,,
ROI_21,45,136
,,
ROI_21,46,113
,,
ROI_21,47,106
,,
ROI_21,48,104
,,
ROI_21,49,121
,,
ROI_21,50,114
,,
ROI_21,51,121
,,
ROI_21,52,112
,,
ROI_21,53,101
,,
ROI_21,54,106
,,
ROI_21,55,90
,,
ROI_21,56,103
,,
ROI_21,57,94
,,
ROI_21,58,99
,,
ROI_21,59,109
,,
ROI_21,60,98
,,
ROI_21,61,102
,,
ROI_21,62,87
,,
ROI_21,63,94
,,
ROI_21,64,71
,,
ROI_21,65,78
,,
ROI_21,66,70
,,
ROI_21,67,66
,,
ROI_21,68,67
,,
ROI_21,69,67
,,
ROI_21,70,52
,,
ROI_21,71,68
,,
ROI_21,72,79
,,
ROI_21,73,64
,,
ROI_21,74,63
,,
ROI_21,75,61
,,
ROI_21,76,63
,,
ROI_21,77,78
,,
ROI_21,78,70
,,
ROI_21,79,62
,,
ROI_21,80,68
,,
ROI_21,81,54
,,
ROI_21,82,60
,,
ROI_21,83,58
,,
ROI_21,84,44
,,
ROI_21,85,56
,,
ROI_21,86,49
,,
ROI_21,87,42
,,
ROI_21,88,55
,,
ROI_21,89,50
,,
ROI_21,90,58
,,
ROI_21,91,49
,,
ROI_21,92,36
,,
ROI_21,93,43
,,
ROI_21,94,49
,,
ROI_21,95,37
,,
ROI_21,96,37
,,
ROI_21,97,35
,,
ROI_21,98,35
,,
ROI_21,99,36
,,
ROI_21,100,31
,,
ROI_21,101,41
,,
ROI_21,102,38
,,
ROI_21,103,56
,,
ROI_21,104,39
,,
ROI_21,105,30
,,
ROI_21,106,26
,,
ROI_21,107,27
,,
ROI_21,108,20
,,
ROI_21,109,29
,,
ROI_21,110,34
,,
ROI_21,111,26
,,
ROI_21,112,29
,,
ROI_21,113,23
,,
ROI_21,114,30
,,
ROI_21,115,24
,,
ROI_21,116,23
,,
ROI_21,117,24
,,
ROI_21,118,27
,,
ROI_21,119,26
,,
ROI_21,120,26
,,
ROI_21,121,36
,,
ROI_21,122,34
,,
ROI_21,123,45
,,
ROI_21,124,28
,,
ROI_21,125,32
,,
ROI_21,126,22
,,
ROI_21,127,31
,,
ROI_21,128,25
,,
ROI_21,129,14
,,
ROI_21,130,18
,,
ROI_21,131,12
,,
ROI_21,132,18
,,
ROI_21,133,16
,,
ROI_21,134,19
,,
ROI_21,135,16
,,
ROI_21,136,18
,,
ROI_21,137,23
,,
ROI_21,138,18
,,
ROI_21,139,17
,,
ROI_21,140,24
,,
ROI_21,141,14
,,
ROI_21,142,27
,,
ROI_21,143,24
,,
ROI_21,144,13
,,
ROI_21,145,17
,,
ROI_21,146,11
,,
ROI_21,147,9
,,
ROI_21,148,15
,,
ROI_21,149,16
,,
ROI_21,150,10
,,
ROI_21,151,15
,,
ROI_21,152,18
,,
ROI_21,153,14
,,
ROI_21,154,15
,,
ROI_21,155,18
,,
ROI_21,156,10
,,
ROI_21,157,21
,,
ROI_21,158,11
,,
ROI_21,159,19
,,
ROI_21,160,8
,,
ROI_21,161,15
,,
ROI_21,162,13
,,
ROI_21,163,20
,,
ROI_21,164,10
,,
ROI_21,165,14
,,
ROI_21,166,10
,,
ROI_21,167,19
,,
ROI_21,168,13
,,
ROI_21,169,15
,,
ROI_21,170,16
,,
ROI_21,171,14
,,
ROI_21,172,13
,,
ROI_21,173,9
,,
ROI_21,174,12
,,
ROI_21,175,13
,,
ROI_21,176,11
,,
ROI_21,177,12
,,
ROI_21,178,10
,,
ROI_21,179,14
,,
ROI_21,180,14
,,
ROI_21,181,15
,,
ROI_21,182,14
,,
ROI_21,183,7
,,
ROI_21,184,9
,,
ROI_21,185,17
,,
ROI_21,186,9
,,
ROI_21,187,11
,,
ROI_21,188,10
,,
ROI_21,189,10
,,
ROI_21,190,15
,,
ROI_21,191,14
,,
ROI_21,192,6
,,
ROI_21,193,11
,,
ROI_21,194,16
,,
ROI_21,195,11
,,
ROI_21,196,10
,,
ROI_21,197,9
,,
ROI_21,198,9
,,
ROI_21,199,19
,,
ROI_21,200,11
,,
ROI_21,201,11
,,
ROI_21,202,5
,,
ROI_21,203,8
,,
ROI_21,204,10
,,
ROI_21,205,13
,,
ROI_21,206,3
,,
ROI_21,207,9
,,
ROI_21,208,5
,,
ROI_21,209,11
,,
ROI_21,210,6
,,
ROI_21,211,2
,,
ROI_21,212,6
,,
ROI_21,213,10
,,
ROI_21,214,8
,,
ROI_21,215,12
,,
ROI_21,216,9
,,
ROI_21,217,8
,,
ROI_21,218,7
,,
ROI_21,219,5
,,
ROI_21,220,6
,,
ROI_21,221,10
,,
ROI_21,222,13
,,
ROI_21,223,11
,,
ROI_21,224,6
,,
ROI_21,225,9
,,
ROI_21,226,8
,,
ROI_21,227,10
,,
ROI_21,228,6
,,
ROI_21,229,8
,,
ROI_21,230,11
,,
ROI_21,231,13
,,
ROI_21,232,9
,,
ROI_21,233,5
,,
ROI_21,234,10
,,
ROI_21,235,7
,,
ROI_21,236,8
,,
ROI_21,237,8
,,
ROI_21,238,10
,,
ROI_21,239,7
,,
ROI_21,240,5
,,
ROI_21,241,2
,,
ROI_21,242,5
,,
ROI_21,243,4
,,
ROI_21,244,4
,,
ROI_21,245,7
,,
ROI_21,246,9
,,
ROI_21,247,6
,,
ROI_21,248,5
,,
ROI_21,249,4
,,
ROI_21,250,9
,,
ROI_21,251,4
,,
ROI_21,252,9
,,
ROI_21,253,11
,,
ROI_21,254,5
,,
ROI_21,255,729
,,
ROI_22,0,10
,,
ROI_22,1,6
,,
ROI_22,2,5
,,
ROI_22,3,5
,,
ROI_22,4,12
,,
ROI_22,5,3
,,
ROI_22,6,4
,,
ROI_22,7,4
,,
ROI_22,8,6
,,
ROI_22,9,6
,,
ROI_22,10,4
,,
ROI_22,11,3
,,
ROI_22,12,6
,,
ROI_22,13,4
,,
ROI_22,14,6
,,
ROI_22,15,8
,,
ROI_22,16,5
,,
ROI_22,17,5
,,
ROI_22,18,3
,,
ROI_22,19,5
,,
ROI_22,20,5
,,
ROI_22,21,5
,,
ROI_22,22,7
,,
ROI_22,23,4
,,
ROI_22,24,8
,,
ROI_22,25,3
,,
ROI_22,26,4
,,
ROI_22,27,8
,,
ROI_22,28,3
,,
ROI_22,29,3
,,
ROI_22,30,5
,,
ROI_22,31,10
,,
ROI_22,32,2
,,
ROI_22,33,4
,,
ROI_22,34,6
,,
ROI_22,35,2
,,
ROI_22,36,6
,,
ROI_22,37,4
,,
ROI_22,38,2
,,
ROI_22,39,7
,,
ROI_22,40,0
,,
ROI_22,41,2
,,
ROI_22,42,7
,,
ROI_22,43,0
,,
ROI_22,44,3
,,
ROI_22,45,5
,,
ROI_22,46,6
,,
ROI_22,47,3
,,
ROI_22,48,2
,,
ROI_22,49,1
,,
ROI_22,50,2
,,
ROI_22,51,3
,,
ROI_22,52,0
,,
ROI_22,53,6
,,
ROI_22,54,4
,,
ROI_22,55,4
,,
ROI_22,56,3
,,
ROI_22,57,2
,,
ROI_22,58,3
,,
ROI_22,59,5
,,
ROI_22,60,6
,,
ROI_22,61,3
,,
ROI_22,62,3
,,
ROI_22,63,2
,,
ROI_22,64,7
,,
ROI_22,65,5
,,
ROI_22,66,0
,,
ROI_22,67,2
,,
ROI_22,68,2
,,
ROI_22,69,2
,,
ROI_22,70,3
,,
ROI_22,71,4
,,
ROI_22,72,7
,,
ROI_22,73,2
,,
ROI_22,74,2
,,
ROI_22,75,7
,,
ROI_22,76,4
,,
ROI_22,77,3
,,
ROI_22,78,3
,,
ROI_22,79,2
,,
ROI_22,80,4
,,
ROI_22,81,2
,,
ROI_22,82,3
,,
ROI_22,83,2
,,
ROI_22,84,1
,,
ROI_22,85,1
,,
ROI_22,86,3
,,
ROI_22,87,2
,,
ROI_22,88,4
,,
ROI_22,89,0
,,
ROI_22,90,1
,,
ROI_22,91,3
,,
ROI_22,92,3
,,
ROI_22,93,0
,,
ROI_22,94,2
,,
ROI_22,95,1
,,
ROI_22,96,2
,,
ROI_22,97,1
,,
ROI_22,98,4
,,
ROI_22,99,4
,,
ROI_22,100,2
,,
ROI_22,101,2
,,
ROI_22,102,3
,,
ROI_22,103,1
,,
ROI_22,104,0
,,
ROI_22,105,2
,,
ROI_22,106,2
,,
ROI_22,107,1
,,
ROI_22,108,2
,,
ROI_22,109,2
,,
ROI_22,110,1
,,
ROI_22,111,0
,,
ROI_22,112,3
,,
ROI_22,113,2
,,
ROI_22,114,1
,,
ROI_22,115,3
,,
ROI_22,116,2
,,
ROI_22,117,4
,,
ROI_22,118,3
,,
ROI_22,119,2
,,
ROI_22,120,2
,,
ROI_22,121,0
,,
ROI_22,122,3
,,
ROI_22,123,2
,,
ROI_22,124,0
,,
ROI_22,125,0
,,
ROI_22,126,2
,,
ROI_22,127,1
,,
ROI_22,128,1
,,
ROI_22,129,2
,,
ROI_22,130,1
,,
ROI_22,131,2
,,
ROI_22,132,1
,,
ROI_22,133,0
,,
ROI_22,134,1
,,
ROI_22,135,2
,,
ROI_22,136,3
,,
ROI_22,137,2
,,
ROI_22,138,0
,,
ROI_22,139,1
,,
ROI_22,140,1
,,
ROI_22,141,2
,,
ROI_22,142,0
,,
ROI_22,143,1
,,
ROI_22,144,0
,,
ROI_22,145,0
,,
ROI_22,146,1
,,
ROI_22,147,0
,,
ROI_22,148,1
,,
ROI_22,149,1
,,
ROI_22,150,1
,,
ROI_22,151,0
,,
ROI_22,152,2
,,
ROI_22,153,1
,,
ROI_22,154,0
,,
ROI_22,155,0
,,
ROI_22,156,1
,,
ROI_22,157,0
,,
ROI_22,158,1
,,
ROI_22,159,0
,,
ROI_22,160,1
,,
ROI_22,161,0
,,
ROI_22,162,0
,,
ROI_22,163,2
,,
ROI_22,164,0
,,
ROI_22,165,2
,,
ROI_22,166,2
,,
ROI_22,167,1
,,
ROI_22,168,0
,,
ROI_22,169,1
,,
ROI_22,170,0
,,
ROI_22,171,1
,,
ROI_22,172,0
,,
ROI_22,173,1
,,
ROI_22,174,1
,,
ROI_22,175,2
,,
ROI_22,176,0
,,
ROI_22,177,0
,,
ROI_22,178,1
,,
ROI_22,179,0
,,
ROI_22,180,1
,,
ROI_22,181,0
,,
ROI_22,182,0
,,
ROI_22,183,0
,,
ROI_22,184,0
,,
ROI_22,185,3
,,
ROI_22,186,0
,,
ROI_22,187,1
,,
ROI_22,188,0
,,
ROI_22,189,0
,,
ROI_22,190,1
,,
ROI_22,191,0
,,
ROI_22,192,0
,,
ROI_22,193,1
,,
ROI_22,194,0
,,
ROI_22,195,1
,,
ROI_22,196,0
,,
ROI_22,197,0
,,
ROI_22,198,0
,,
ROI_22,199,0
,,
ROI_22,200,0
,,
ROI_22,201,0
,,
ROI_22,202,1
,,
ROI_22,203,0
,,
ROI_22,204,1
,,
ROI_22,205,0
,,
ROI_22,206,1
,,
ROI_22,207,0
,,
ROI_22,208,1
,,
ROI_22,209,0
,,
ROI_22,210,1
,,
ROI_22,211,0
,,
ROI_22,212,0
,,
ROI_22,213,0
,,
ROI_22,214,0
,,
ROI_22,215,0
,,
ROI_22,216,0
,,
ROI_22,217,0
,,
ROI_22,218,0
,,
ROI_22,219,0
,,
ROI_22,220,0
,,
ROI_22,221,0
,,
ROI_22,222,1
,,
ROI_22,223,0
,,
ROI_22,224,0
,,
ROI_22,225,0
,,
ROI_22,226,0
,,
ROI_22,227,0
,,
ROI_22,228,1
,,
ROI_22,229,0
,,
ROI_22,230,0
,,
ROI_22,231,0
,,
ROI_22,232,0
,,
ROI_22,233,0
,,
ROI_22,234,0
,,
ROI_22,235,0
,,
ROI_22,236,0
,,
ROI_22,237,0
,,
ROI_22,238,0
,,
ROI_22,239,0
,,
ROI_22,240,0
,,
ROI_22,241,0
,,
ROI_22,242,0
,,
ROI_22,243,0
,,
ROI_22,244,0
,,
ROI_22,245,0
,,
ROI_22,246,0
,,
ROI_22,247,1
,,
ROI_22,248,0
,,
ROI_22,249,0
,,
ROI_22,250,0
,,
ROI_22,251,0
,,
ROI_22,252,0
,,
ROI_22,253,0
,,
ROI_22,254,0
,,
ROI_22,255,4
,,
ROI_23,0,3443
,,
ROI_23,1,585
,,
ROI_23,2,465
,,
ROI_23,3,417
,,
ROI_23,4,359
,,
ROI_23,5,378
,,
ROI_23,6,324
,,
ROI_23,7,283
,,
ROI_23,8,253
,,
ROI_23,9,212
,,
ROI_23,10,203
,,
ROI_23,11,186
,,
ROI_23,12,166
,,
ROI_23,13,140
,,
ROI_23,14,119
,,
ROI_23,15,111
,,
ROI_23,16,129
,,
ROI_23,17,113
,,
ROI_23,18,99
,,
ROI_23,19,90
,,
ROI_23,20,75
,,
ROI_23,21,95
,,
ROI_23,22,82
,,
ROI_23,23,88
,,
ROI_23,24,65
,,
ROI_23,25,85
,,
ROI_23,26,63
,,
ROI_23,27,65
,,
ROI_23,28,79
,,
ROI_23,29,76
,,
ROI_23,30,64
,,
ROI_23,31,67
,,
ROI_23,32,54
,,
ROI_23,33,54
,,
ROI_23,34,54
,,
ROI_23,35,47
,,
ROI_23,36,42
,,
ROI_23,37,70
,,
ROI_23,38,45
,,
ROI_23,39,40
,,
ROI_23,40,45
,,
ROI_23,41,39
,,
ROI_23,42,50
,,
ROI_23,43,36
,,
ROI_23,44,38
,,
ROI_23,45,44
,,
ROI_23,46,27
,,
ROI_23,47,37
,,
ROI_23,48,28
,,
ROI_23,49,21
,,
ROI_23,50,30
,,
ROI_23,51,42
,,
ROI_23,52,35
,,
ROI_23,53,29
,,
ROI_23,54,31
,,
ROI_23,55,24
,,
ROI_23,56,29
,,
ROI_23,57,22
,,
ROI_23,58,32
,,
ROI_23,59,30
,,
ROI_23,60,32
,,
ROI_23,61,25
,,
ROI_23,62,30
,,
ROI_23,63,27
,,
ROI_23,64,24
,,
ROI_23,65,20
,,
ROI_23,66,23
,,
ROI_23,67,26
,,
ROI_23,68,16
,,
ROI_23,69,27
,,
ROI_23,70,20
,,
ROI_23,71,24
,,
ROI_23,72,10
,,
ROI_23,73,24
,,
ROI_23,74,19
,,
ROI_23,75,12
,,
ROI_23,76,19
,,
ROI_23,77,15
,,
ROI_23,78,11
,,
ROI_23,79,17
,,
ROI_23,80,26
,,
ROI_23,81,12
,,
ROI_23,82,13
,,
ROI_23,83,9
,,
ROI_23,84,15
,,
ROI_23,85,12
,,
ROI_23,86,22
,,
ROI_23,87,17
,,
ROI_23,88,19
,,
ROI_23,89,17
,,
ROI_23,90,13
,,
ROI_23,91,6
,,
ROI_23,92,9
,,
ROI_23,93,12
,,
ROI_23,94,13
,,
ROI_23,95,11
,,
ROI_23,96,17
,,
ROI_23,97,15
,,
ROI_23,98,19
,,
ROI_23,99,9
,,
ROI_23,100,25
,,
ROI_23,101,4
,,
ROI_23,102,11
,,
ROI_23,103,13
,,
ROI_23,104,14
,,
ROI_23,105,14
,,
ROI_23,106,11
,,
ROI_23,107,10
,,
ROI_23,108,14
,,
ROI_23,109,11
,,
ROI_23,110,11
,,
ROI_23,111,9
,,
ROI_23,112,8
,,
ROI_23,113,9
,,
ROI_23,114,13
,,
ROI_23,115,4
,,
ROI_23,116,10
,,
ROI_23,117,18
,,
ROI_23,118,9
,,
ROI_23,119,13
,,
ROI_23,120,8
,,
ROI_23,121,14
,,
ROI_23,122,27
,,
ROI_23,123,14
,,
ROI_23,124,10
,,
ROI_23,125,11
,,
ROI_23,126,6
,,
ROI_23,127,11
,,
ROI_23,128,10
,,
ROI_23,129,5
,,
ROI_23,130,10
,,
ROI_23,131,10
,,
ROI_23,132,8
,,
ROI_23,133,8
,,
ROI_23,134,6
,,
ROI_23,135,8
,,
ROI_23,136,6
,,
ROI_23,137,5
,,
ROI_23,138,10
,,
ROI_23,139,5
,,
ROI_23,140,4
,,
ROI_23,141,8
,,
ROI_23,142,8
,,
ROI_23,143,6
,,
ROI_23,144,3
,,
ROI_23,145,5
,,
ROI_23,146,5
,,
ROI_23,147,6
,,
ROI_23,148,5
,,
ROI_23,149,2
,,
ROI_23,150,2
,,
ROI_23,151,2
,,
ROI_23,152,5
,,
ROI_23,153,7
,,
ROI_23,154,3
,,
ROI_23,155,11
,,
ROI_23,156,8
,,
ROI_23,157,5
,,
ROI_23,158,5
,,
ROI_23,159,0
,,
ROI_23,160,5
,,
ROI_23,161,2
,,
ROI_23,162,2
,,
ROI_23,163,5
,,
ROI_23,164,2
,,
ROI_23,165,5
,,
ROI_23,166,3
,,
ROI_23,167,2
,,
ROI_23,168,5
,,
ROI_23,169,2
,,
ROI_23,170,2
,,
ROI_23,171,1
,,
ROI_23,172,2
,,
ROI_23,173,0
,,
ROI_23,174,2
,,
ROI_23,175,4
,,
ROI_23,176,2
,,
ROI_23,177,4
,,
ROI_23,178,5
,,
ROI_23,179,1
,,
ROI_23,180,4
,,
ROI_23,181,3
,,
ROI_23,182,2
,,
ROI_23,183,0
,,
ROI_23,184,2
,,
ROI_23,185,3
,,
ROI_23,186,2
,,
ROI_23,187,2
,,
ROI_23,188,2
,,
ROI_23,189,3
,,
ROI_23,190,2
,,
ROI_23,191,3
,,
ROI_23,192,3
,,
ROI_23,193,0
,,
ROI_23,194,1
,,
ROI_23,195,4
,,
ROI_23,196,1
,,
ROI_23,197,1
,,
ROI_23,198,2
,,
ROI_23,199,0
,,
ROI_23,200,2
,,
ROI_23,201,0
,,
ROI_23,202,2
,,
ROI_23,203,3
,,
ROI_23,204,0
,,
ROI_23,205,2
,,
ROI_23,206,2
,,
ROI_23,207,3
,,
ROI_23,208,0
,,
ROI_23,209,2
,,
ROI_23,210,0
,,
ROI_23,211,2
,,
ROI_23,212,1
,,
ROI_23,213,3
,,
ROI_23,214,1
,,
ROI_23,215,1
,,
ROI_23,216,2
,,
ROI_23,217,1
,,
ROI_23,218,2
,,
ROI_23,219,1
,,
ROI_23,220,0
,,
ROI_23,221,2
,,
ROI_23,222,3
,,
ROI_23,223,4
,,
ROI_23,224,1
,,
ROI_23,225,1
,,
ROI_23,226,1
,,
ROI_23,227,1
,,
ROI_23,228,2
,,
ROI_23,229,1
,,
ROI_23,230,0
,,
ROI_23,231,3
,,
ROI_23,232,1
,,
ROI_23,233,1
,,
ROI_23,234,1
,,
ROI_23,235,0
,,
ROI_23,236,2
,,
ROI_23,237,0
,,
ROI_23,238,0
,,
ROI_23,239,2
,,
ROI_23,240,2
,,
ROI_23,241,1
,,
ROI_23,242,1
,,
ROI_23,243,0
,,
ROI_23,244,1
,,
ROI_23,245,1
,,
ROI_23,246,4
,,
ROI_23,247,1
,,
ROI_23,248,1
,,
ROI_23,249,1
,,
ROI_23,250,0
,,
ROI_23,251,1
,,
ROI_23,252,2
,,
ROI_23,253,3
,,
ROI_23,254,1
,,
ROI_23,255,110
,,
ROI_24,0,14
,,
ROI_24,1,49
,,
ROI_24,2,68
,,
ROI_24,3,62
,,
ROI_24,4,50
,,
ROI_24,5,43
,,
ROI_24,6,35
,,
ROI_24,7,33
,,
ROI_24,8,33
,,
ROI_24,9,29
,,
ROI_24,10,35
,,
ROI_24,11,51
,,
ROI_24,12,36
,,
ROI_24,13,30
,,
ROI_24,14,30
,,
ROI_24,15,32
,,
ROI_24,16,15
,,
ROI_24,17,19
,,
ROI_24,18,34
,,
ROI_24,19,32
,,
ROI_24,20,22
,,
ROI_24,21,15
,,
ROI_24,22,23
,,
ROI_24,23,26
,,
ROI_24,24,25
,,
ROI_24,25,23
,,
ROI_24,26,28
,,
ROI_24,27,30
,,
ROI_24,28,28
,,
ROI_24,29,21
,,
ROI_24,30,28
,,
ROI_24,31,27
,,
ROI_24,32,16
,,
ROI_24,33,22
,,
ROI_24,34,31
,,
ROI_24,35,19
,,
ROI_24,36,26
,,
ROI_24,37,13
,,
ROI_24,38,17
,,
ROI_24,39,21
,,
ROI_24,40,17
,,
ROI_24,41,20
,,
ROI_24,42,23
,,
ROI_24,43,11
,,
ROI_24,44,19
,,
ROI_24,45,20
,,
ROI_24,46,14
,,
ROI_24,47,13
,,
ROI_24,48,13
,,
ROI_24,49,15
,,
ROI_24,50,18
,,
ROI_24,51,15
,,
ROI_24,52,20
,,
ROI_24,53,15
,,
ROI_24,54,26
,,
ROI_24,55,15
,,
ROI_24,56,13
,,
ROI_24,57,17
,,
ROI_24,58,13
,,
ROI_24,59,16
,,
ROI_24,60,16
,,
ROI_24,61,13
,,
ROI_24,62,10
,,
ROI_24,63,18
,,
ROI_24,64,16
,,
ROI_24,65,23
,,
ROI_24,66,18
,,
ROI_24,67,12
,,
ROI_24,68,16
,,
ROI_24,69,18
,,
ROI_24,70,13
,,
ROI_24,71,11
,,
ROI_24,72,11
,,
ROI_24,73,13
,,
ROI_24,74,9
,,
ROI_24,75,15
,,
ROI_24,76,7
,,
ROI_24,77,17
,,
ROI_24,78,16
,,
ROI_24,79,19
,,
ROI_24,80,16
,,
ROI_24,81,20
,,
ROI_24,82,22
,,
ROI_24,83,10
,,
ROI_24,84,13
,,
ROI_24,85,16
,,
ROI_24,86,11
,,
ROI_24,87,22
,,
ROI_24,88,17
,,
ROI_24,89,17
,,
ROI_24,90,17
,,
ROI_24,91,9
,,
ROI_24,92,18
,,
ROI_24,93,11
,,
ROI_24,94,10
,,
ROI_24,95,14
,,
ROI_24,96,15
,,
ROI_24,97,9
,,
ROI_24,98,13
,,
ROI_24,99,10
,,
ROI_24,100,8
,,
ROI_24,101,18
,,
ROI_24,102,11
,,
ROI_24,103,13
,,
ROI_24,104,7
,,
ROI_24,105,14
,,
ROI_24,106,16
,,
ROI_24,107,11
,,
ROI_24,108,9
,,
ROI_24,109,10
,,
ROI_24,110,11
,,
ROI_24,111,8
,,
ROI_24,112,12
,,
ROI_24,113,10
,,
ROI_24,114,5
,,
ROI_24,115,11
,,
ROI_24,116,15
,,
ROI_24,117,12
,,
ROI_24,118,9
,,
ROI_24,119,13
,,
ROI_24,120,10
,,
ROI_24,121,14
,,
ROI_24,122,23
,,
ROI_24,123,17
,,
ROI_24,124,12
,,
ROI_24,125,4
,,
ROI_24,126,11
,,
ROI_24,127,10
,,
ROI_24,128,10
,,
ROI_24,129,11
,,
ROI_24,130,11
,,
ROI_24,131,9
,,
ROI_24,132,6
,,
ROI_24,133,4
,,
ROI_24,134,4
,,
ROI_24,135,7
,,
ROI_24,136,6
,,
ROI_24,137,7
,,
ROI_24,138,10
,,
ROI_24,139,3
,,
ROI_24,140,8
,,
ROI_24,141,5
,,
ROI_24,142,4
,,
ROI_24,143,5
,,
ROI_24,144,6
,,
ROI_24,145,6
,,
ROI_24,146,4
,,
ROI_24,147,3
,,
ROI_24,148,13
,,
ROI_24,149,7
,,
ROI_24,150,10
,,
ROI_24,151,2
,,
ROI_24,152,8
,,
ROI_24,153,6
,,
ROI_24,154,7
,,
ROI_24,155,5
,,
ROI_24,156,3
,,
ROI_24,157,7
,,
ROI_24,158,6
,,
ROI_24,159,5
,,
ROI_24,160,6
,,
ROI_24,161,5
,,
ROI_24,162,7
,,
ROI_24,163,3
,,
ROI_24,164,3
,,
ROI_24,165,10
,,
ROI_24,166,6
,,
ROI_24,167,9
,,
ROI_24,168,7
,,
ROI_24,169,8
,,
ROI_24,170,4
,,
ROI_24,171,5
,,
ROI_24,172,8
,,
ROI_24,173,4
,,
ROI_24,174,3
,,
ROI_24,175,4
,,
ROI_24,176,11
,,
ROI_24,177,5
,,
ROI_24,178,3
,,
ROI_24,179,7
,,
ROI_24,180,6
,,
ROI_24,181,2
,,
ROI_24,182,7
,,
ROI_24,183,5
,,
ROI_24,184,6
,,
ROI_24,185,4
,,
ROI_24,186,4
,,
ROI_24,187,4
,,
ROI_24,188,5
,,
ROI_24,189,5
,,
ROI_24,190,6
,,
ROI_24,191,5
,,
ROI_24,192,7
,,
ROI_24,193,7
,,
ROI_24,194,5
,,
ROI_24,195,5
,,
ROI_24,196,8
,,
ROI_24,197,4
,,
ROI_24,198,3
,,
ROI_24,199,1
,,
ROI_24,200,3
,,
ROI_24,201,5
,,
ROI_24,202,4
,,
ROI_24,203,5
,,
ROI_24,204,3
,,
ROI_24,205,3
,,
ROI_24,206,2
,,
ROI_24,207,5
,,
ROI_24,208,2
,,
ROI_24,209,3
,,
ROI_24,210,5
,,
ROI_24,211,0
,,
ROI_24,212,2
,,
ROI_24,213,5
,,
ROI_24,214,5
,,
ROI_24,215,4
,,
ROI_24,216,3
,,
ROI_24,217,4
,,
ROI_24,218,6
,,
ROI_24,219,3
,,
ROI_24,220,4
,,
ROI_24,221,1
,,
ROI_24,222,4
,,
ROI_24,223,2
,,
ROI_24,224,3
,,
ROI_24,225,6
,,
ROI_24,226,2
,,
ROI_24,227,2
,,
ROI_24,228,4
,,
ROI_24,229,4
,,
ROI_24,230,3
,,
ROI_24,231,4
,,
ROI_24,232,5
,,
ROI_24,233,8
,,
ROI_24,234,2
,,
ROI_24,235,2
,,
ROI_24,236,0
,,
ROI_24,237,3
,,
ROI_24,238,1
,,
ROI_24,239,0
,,
ROI_24,240,0
,,
ROI_24,241,0
,,
ROI_24,242,2
,,
ROI_24,243,0
,,
ROI_24,244,2
,,
ROI_24,245,4
,,
ROI_24,246,2
,,
ROI_24,247,2
,,
ROI_24,248,3
,,
ROI_24,249,1
,,
ROI_24,250,0
,,
ROI_24,251,3
,,
ROI_24,252,2
,,
ROI_24,253,1
,,
ROI_24,254,5
,,
ROI_24,255,177
,,
ROI_25,0,1366
,,
ROI_25,1,279
,,
ROI_25,2,254
,,
ROI_25,3,271
,,
ROI_25,4,220
,,
ROI_25,5,249
,,
ROI_25,6,235
,,
ROI_25,7,264
,,
ROI_25,8,263
,,
ROI_25,9,256
,,
ROI_25,10,269
,,
ROI_25,11,258
,,
ROI_25,12,283
,,
ROI_25,13,256
,,
ROI_25,14,224
,,
ROI_25,15,266
,,
ROI_25,16,249
,,
ROI_25,17,278
,,
ROI_25,18,225
,,
ROI_25,19,256
,,
ROI_25,20,237
,,
ROI_25,21,228
,,
ROI_25,22,188
,,
ROI_25,23,228
,,
ROI_25,24,222
,,
ROI_25,25,168
,,
ROI_25,26,200
,,
ROI_25,27,221
,,
ROI_25,28,171
,,
ROI_25,29,195
,,
ROI_25,30,194
,,
ROI_25,31,171
,,
ROI_25,32,157
,,
ROI_25,33,186
,,
ROI_25,34,160
,,
ROI_25,35,159
,,
ROI_25,36,170
,,
ROI_25,37,141
,,
ROI_25,38,155
,,
ROI_25,39,150
,,
ROI_25,40,171
,,
ROI_25,41,128
,,
ROI_25,42,139
,,
ROI_25,43,142
,,
ROI_25,44,126
,,
ROI_25,45,126
,,
ROI_25,46,115
,,
ROI_25,47,114
,,
ROI_25,48,120
,,
ROI_25,49,86
,,
ROI_25,50,117
,,
ROI_25,51,113
,,
ROI_25,52,116
,,
ROI_25,53,87
,,
ROI_25,54,86
,,
ROI_25,55,101
,,
ROI_25,56,109
,,
ROI_25,57,94
,,
ROI_25,58,93
,,
ROI_25,59,93
,,
ROI_25,60,94
,,
ROI_25,61,72
,,
ROI_25,62,102
,,
ROI_25,63,70
,,
ROI_25,64,92
,,
ROI_25,65,88
,,
ROI_25,66,71
,,
ROI_25,67,72
,,
ROI_25,68,64
,,
ROI_25,69,74
,,
ROI_25,70,63
,,
ROI_25,71,72
,,
ROI_25,72,73
,,
ROI_25,73,80
,,
ROI_25,74,55
,,
ROI_25,75,80
,,
ROI_25,76,86
,,
ROI_25,77,61
,,
ROI_25,78,49
,,
ROI_25,79,66
,,
ROI_25,80,69
,,
ROI_25,81,61
,,
ROI_25,82,61
,,
ROI_25,83,61
,,
ROI_25,84,55
,,
ROI_25,85,52
,,
ROI_25,86,64
,,
ROI_25,87,56
,,
ROI_25,88,53
,,
ROI_25,89,55
,,
ROI_25,90,58
,,
ROI_25,91,42
,,
ROI_25,92,63
,,
ROI_25,93,39
,,
ROI_25,94,52
,,
ROI_25,95,38
,,
ROI_25,96,39
,,
ROI_25,97,50
,,
ROI_25,98,36
,,
ROI_25,99,45
,,
ROI_25,100,31
,,
ROI_25,101,33
,,
ROI_25,102,38
,,
ROI_25,103,52
,,
ROI_25,104,45
,,
ROI_25,105,37
,,
ROI_25,106,47
,,
ROI_25,107,40
,,
ROI_25,108,41
,,
ROI_25,109,40
,,
ROI_25,110,37
,,
ROI_25,111,33
,,
ROI_25,112,46
,,
ROI_25,113,42
,,
ROI_25,114,28
,,
ROI_25,115,43
,,
ROI_25,116,22
,,
ROI_25,117,37
,,
ROI_25,118,32
,,
ROI_25,119,32
,,
ROI_25,120,35
,,
ROI_25,121,41
,,
ROI_25,122,45
,,
ROI_25,123,50
,,
ROI_25,124,59
,,
ROI_25,125,43
,,
ROI_25,126,49
,,
ROI_25,127,38
,,
ROI_25,128,25
,,
ROI_25,129,28
,,
ROI_25,130,15
,,
ROI_25,131,34
,,
ROI_25,132,22
,,
ROI_25,133,23
,,
ROI_25,134,23
,,
ROI_25,135,23
,,
ROI_25,136,22
,,
ROI_25,137,24
,,
ROI_25,138,31
,,
ROI_25,139,25
,,
ROI_25,140,34
,,
ROI_25,141,27
,,
ROI_25,142,28
,,
ROI_25,143,23
,,
ROI_25,144,26
,,
ROI_25,145,27
,,
ROI_25,146,29
,,
ROI_25,147,19
,,
ROI_25,148,13
,,
ROI_25,149,26
,,
ROI_25,150,21
,,
ROI_25,151,21
,,
ROI_25,152,25
,,
ROI_25,153,12
,,
ROI_25,154,15
,,
ROI_25,155,25
,,
ROI_25,156,19
,,
ROI_25,157,20
,,
ROI_25,158,14
,,
ROI_25,159,14
,,
ROI_25,160,21
,,
ROI_25,161,15
,,
ROI_25,162,21
,,
ROI_25,163,21
,,
ROI_25,164,23
,,
ROI_25,165,12
,,
ROI_25,166,21
,,
ROI_25,167,19
,,
ROI_25,168,17
,,
ROI_25,169,13
,,
ROI_25,170,11
,,
ROI_25,171,15
,,
ROI_25,172,13
,,
ROI_25,173,14
,,
ROI_25,174,14
,,
ROI_25,175,13
,,
ROI_25,176,15
,,
ROI_25,177,11
,,
ROI_25,178,16
,,
ROI_25,179,9
,,
ROI_25,180,12
,,
ROI_25,181,18
,,
ROI_25,182,17
,,
ROI_25,183,12
,,
ROI_25,184,17
,,
ROI_25,185,14
,,
ROI_25,186,6
,,
ROI_25,187,11
,,
ROI_25,188,7
,,
ROI_25,189,10
,,
ROI_25,190,13
,,
ROI_25,191,13
,,
ROI_25,192,10
,,
ROI_25,193,14
,,
ROI_25,194,6
,,
ROI_25,195,8
,,
ROI_25,196,17
,,
ROI_25,197,12
,,
ROI_25,198,7
,,
ROI_25,199,14
,,
ROI_25,200,8
,,
ROI_25,201,6
,,
ROI_25,202,8
,,
ROI_25,203,6
,,
ROI_25,204,9
,,
ROI_25,205,8
,,
ROI_25,206,14
,,
ROI_25,207,15
,,
ROI_25,208,11
,,
ROI_25,209,4
,,
ROI_25,210,8
,,
ROI_25,211,13
,,
ROI_25,212,9
,,
ROI_25,213,10
,,
ROI_25,214,9
,,
ROI_25,215,5
,,
ROI_25,216,9
,,
ROI_25,217,5
,,
ROI_25,218,16
,,
ROI_25,219,11
,,
ROI_25,220,2
,,
ROI_25,221,13
,,
ROI_25,222,6
,,
ROI_25,223,8
,,
ROI_25,224,8
,,
ROI_25,225,6
,,
ROI_25,226,11
,,
ROI_25,227,10
,,
ROI_25,228,8
,,
ROI_25,229,13
,,
ROI_25,230,10
,,
ROI_25,231,6
,,
ROI_25,232,10
,,
ROI_25,233,9
,,
ROI_25,234,10
,,
ROI_25,235,4
,,
ROI_25,236,12
,,
ROI_25,237,11
,,
ROI_25,238,13
,,
ROI_25,239,7
,,
ROI_25,240,1
,,
ROI_25,241,3
,,
ROI_25,242,7
,,
ROI_25,243,6
,,
ROI_25,244,10
,,
ROI_25,245,5
,,
ROI_25,246,7
,,
ROI_25,247,8
,,
ROI_25,248,5
,,
ROI_25,249,11
,,
ROI_25,250,6
,,
ROI_25,251,10
,,
ROI_25,252,7
,,
ROI_25,253,5
,,
ROI_25,254,3
,,
ROI_25,255,419
,,
ROI_26,0,1100
,,
ROI_26,1,240
,,
ROI_26,2,264
,,
ROI_26,3,241
,,
ROI_26,4,192
,,
ROI_26,5,158
,,
ROI_26,6,116
,,
ROI_26,7,99
,,
ROI_26,8,105
,,
ROI_26,9,124
,,
ROI_26,10,112
,,
ROI_26,11,86
,,
ROI_26,12,112
,,
ROI_26,13,91
,,
ROI_26,14,102
,,
ROI_26,15,108
,,
ROI_26,16,103
,,
ROI_26,17,96
,,
ROI_26,18,77
,,
ROI_26,19,108
,,
ROI_26,20,96
,,
ROI_26,21,81
,,
ROI_26,22,85
,,
ROI_26,23,87
,,
ROI_26,24,73
,,
ROI_26,25,82
,,
ROI_26,26,85
,,
ROI_26,27,98
,,
ROI_26,28,93
,,
ROI_26,29,72
,,
ROI_26,30,81
,,
ROI_26,31,74
,,
ROI_26,32,71
,,
ROI_26,33,68
,,
ROI_26,34,70
,,
ROI_26,35,72
,,
ROI_26,36,84
,,
ROI_26,37,77
,,
ROI_26,38,63
,,
ROI_26,39,73
,,
ROI_26,40,80
,,
ROI_26,41,80
,,
ROI_26,42,73
,,
ROI_26,43,63
,,
ROI_26,44,77
,,
ROI_26,45,87
,,
ROI_26,46,88
,,
ROI_26,47,81
,,
ROI_26,48,61
,,
ROI_26,49,60
,,
ROI_26,50,69
,,
ROI_26,51,54
,,
ROI_26,52,81
,,
ROI_26,53,53
,,
ROI_26,54,78
,,
ROI_26,55,65
,,
ROI_26,56,46
,,
ROI_26,57,57
,,
ROI_26,58,59
,,
ROI_26,59,61
,,
ROI_26,60,75
,,
ROI_26,61,51
,,
ROI_26,62,61
,,
ROI_26,63,46
,,
ROI_26,64,55
,,
ROI_26,65,56
,,
ROI_26,66,54
,,
ROI_26,67,58
,,
ROI_26,68,48
,,
ROI_26,69,63
,,
ROI_26,70,50
,,
ROI_26,71,55
,,
ROI_26,72,51
,,
ROI_26,73,51
,,
ROI_26,74,42
,,
ROI_26,75,52
,,
ROI_26,76,45
,,
ROI_26,77,47
,,
ROI_26,78,43
,,
ROI_26,79,55
,,
ROI_26,80,52
,,
ROI_26,81,37
,,
ROI_26,82,35
,,
ROI_26,83,33
,,
ROI_26,84,46
,,
ROI_26,85,39
,,
ROI_26,86,34
,,
ROI_26,87,49
,,
ROI_26,88,35
,,
ROI_26,89,51
,,
ROI_26,90,38
,,
ROI_26,91,32
,,
ROI_26,92,42
,,
ROI_26,93,34
,,
ROI_26,94,31
,,
ROI_26,95,27
,,
ROI_26,96,35
,,
ROI_26,97,34
,,
ROI_26,98,39
,,
ROI_26,99,37
,,
ROI_26,100,31
,,
ROI_26,101,35
,,
ROI_26,102,27
,,
ROI_26,103,31
,,
ROI_26,104,33
,,
ROI_26,105,31
,,
ROI_26,106,35
,,
ROI_26,107,24
,,
ROI_26,108,28
,,
ROI_26,109,26
,,
ROI_26,110,26
,,
ROI_26,111,30
,,
ROI_26,112,23
,,
ROI_26,113,31
,,
ROI_26,114,30
,,
ROI_26,115,23
,,
ROI_26,116,28
,,
ROI_26,117,26
,,
ROI_26,118,31
,,
ROI_26,119,36
,,
ROI_26,120,32
,,
ROI_26,121,31
,,
ROI_26,122,37
,,
ROI_26,123,51
,,
ROI_26,124,38
,,
ROI_26,125,45
,,
ROI_26,126,35
,,
ROI_26,127,41
,,
ROI_26,128,29
,,
ROI_26,129,25
,,
ROI_26,130,33
,,
ROI_26,131,30
,,
ROI_26,132,29
,,
ROI_26,133,28
,,
ROI_26,134,24
,,
ROI_26,135,30
,,
ROI_26,136,16
,,
ROI_26,137,25
,,
ROI_26,138,19
,,
ROI_26,139,25
,,
ROI_26,140,24
,,
ROI_26,141,23
,,
ROI_26,142,24
,,
ROI_26,143,28
,,
ROI_26,144,16
,,
ROI_26,145,27
,,
ROI_26,146,23
,,
ROI_26,147,17
,,
ROI_26,148,14
,,
ROI_26,149,18
,,
ROI_26,150,23
,,
ROI_26,151,29
,,
ROI_26,152,31
,,
ROI_26,153,20
,,
ROI_26,154,22
,,
ROI_26,155,21
,,
ROI_26,156,24
,,
ROI_26,157,13
,,
ROI_26,158,18
,,
ROI_26,159,21
,,
ROI_26,160,14
,,
ROI_26,161,19
,,
ROI_26,162,14
,,
ROI_26,163,14
,,
ROI_26,164,17
,,
ROI_26,165,14
,,
ROI_26,166,23
,,
ROI_26,167,20
,,
ROI_26,168,20
,,
ROI_26,169,18
,,
ROI_26,170,18
,,
ROI_26,171,17
,,
ROI_26,172,18
,,
ROI_26,173,13
,,
ROI_26,174,14
,,
ROI_26,175,11
,,
ROI_26,176,22
,,
ROI_26,177,14
,,
ROI_26,178,20
,,
ROI_26,179,12
,,
ROI_26,180,16
,,
ROI_26,181,19
,,
ROI_26,182,8
,,
ROI_26,183,27
,,
ROI_26,184,11
,,
ROI_26,185,10
,,
ROI_26,186,13
,,
ROI_26,187,10
,,
ROI_26,188,11
,,
ROI_26,189,11
,,
ROI_26,190,12
,,
ROI_26,191,12
,,
ROI_26,192,9
,,
ROI_26,193,19
,,
ROI_26,194,12
,,
ROI_26,195,12
,,
ROI_26,196,12
,,
ROI_26,197,15
,,
ROI_26,198,13
,,
ROI_26,199,11
,,
ROI_26,200,7
,,
ROI_26,201,13
,,
ROI_26,202,10
,,
ROI_26,203,15
,,
ROI_26,204,20
,,
ROI_26,205,12
,,
ROI_26,206,16
,,
ROI_26,207,15
,,
ROI_26,208,9
,,
ROI_26,209,12
,,
ROI_26,210,10
,,
ROI_26,211,9
,,
ROI_26,212,12
,,
ROI_26,213,10
,,
ROI_26,214,7
,,
ROI_26,215,9
,,
ROI_26,216,10
,,
ROI_26,217,9
,,
ROI_26,218,5
,,
ROI_26,219,10
,,
ROI_26,220,14
,,
ROI_26,221,7
,,
ROI_26,222,10
,,
ROI_26,223,12
,,
ROI_26,224,4
,,
ROI_26,225,10
,,
ROI_26,226,10
,,
ROI_26,227,10
,,
ROI_26,228,6
,,
ROI_26,229,8
,,
ROI_26,230,7
,,
ROI_26,231,9
,,
ROI_26,232,8
,,
ROI_26,233,8
,,
ROI_26,234,7
,,
ROI_26,235,3
,,
ROI_26,236,13
,,
ROI_26,237,5
,,
ROI_26,238,6
,,
ROI_26,239,6
,,
ROI_26,240,10
,,
ROI_26,241,11
,,
ROI_26,242,7
,,
ROI_26,243,7
,,
ROI_26,244,7
,,
ROI_26,245,8
,,
ROI_26,246,11
,,
ROI_26,247,9
,,
ROI_26,248,10
,,
ROI_26,249,5
,,
ROI_26,250,8
,,
ROI_26,251,3
,,
ROI_26,252,5
,,
ROI_26,253,9
,,
ROI_26,254,11
,,
ROI_26,255,555
,,
ROI_27,0,976
,,
ROI_27,1,54
,,
ROI_27,2,55
,,
ROI_27,3,31
,,
ROI_27,4,22
,,
ROI_27,5,25
,,
ROI_27,6,18
,,
ROI_27,7,17
,,
ROI_27,8,22
,,
ROI_27,9,15
,,
ROI_27,10,19
,,
ROI_27,11,14
,,
ROI_27,12,2
,,
ROI_27,13,11
,,
ROI_27,14,18
,,
ROI_27,15,12
,,
ROI_27,16,10
,,
ROI_27,17,5
,,
ROI_27,18,10
,,
ROI_27,19,14
,,
ROI_27,20,13
,,
ROI_27,21,13
,,
ROI_27,22,6
,,
ROI_27,23,5
,,
ROI_27,24,5
,,
ROI_27,25,12
,,
ROI_27,26,15
,,
ROI_27,27,5
,,
ROI_27,28,6
,,
ROI_27,29,7
,,
ROI_27,30,9
,,
ROI_27,31,3
,,
ROI_27,32,5
,,
ROI_27,33,5
,,
ROI_27,34,4
,,
ROI_27,35,6
,,
ROI_27,36,6
,,
ROI_27,37,7
,,
ROI_27,38,5
,,
ROI_27,39,7
,,
ROI_27,40,7
,,
ROI_27,41,5
,,
ROI_27,42,5
,,
ROI_27,43,9
,,
ROI_27,44,6
,,
ROI_27,45,4
,,
ROI_27,46,5
,,
ROI_27,47,7
,,
ROI_27,48,7
,,
ROI_27,49,3
,,
ROI_27,50,3
,,
ROI_27,51,4
,,
ROI_27,52,7
,,
ROI_27,53,2
,,
ROI_27,54,8
,,
ROI_27,55,6
,,
ROI_27,56,8
,,
ROI_27,57,14
,,
ROI_27,58,8
,,
ROI_27,59,5
,,
ROI_27,60,2
,,
ROI_27,61,5
,,
ROI_27,62,12
,,
ROI_27,63,4
,,
ROI_27,64,3
,,
ROI_27,65,5
,,
ROI_27,66,6
,,
ROI_27,67,4
,,
ROI_27,68,5
,,
ROI_27,69,5
,,
ROI_27,70,2
,,
ROI_27,71,0
,,
ROI_27,72,7
,,
ROI_27,73,4
,,
ROI_27,74,4
,,
ROI_27,75,1
,,
ROI_27,76,3
,,
ROI_27,77,5
,,
ROI_27,78,5
,,
ROI_27,79,0
,,
ROI_27,80,1
,,
ROI_27,81,3
,,
ROI_27,82,3
,,
ROI_27,83,5
,,
ROI_27,84,2
,,
ROI_27,85,4
,,
ROI_27,86,1
,,
ROI_27,87,3
,,
ROI_27,88,1
,,
ROI_27,89,5
,,
ROI_27,90,5
,,
ROI_27,91,2
,,
ROI_27,92,2
,,
ROI_27,93,0
,,
ROI_27,94,1
,,
ROI_27,95,5
,,
ROI_27,96,4
,,
ROI_27,97,2
,,
ROI_27,98,1
,,
ROI_27,99,0
,,
ROI_27,100,1
,,
ROI_27,101,1
,,
ROI_27,102,1
,,
ROI_27,103,1
,,
ROI_27,104,2
,,
ROI_27,105,1
,,
ROI_27,106,2
,,
ROI_27,107,2
,,
ROI_27,108,1
,,
ROI_27,109,1
,,
ROI_27,110,0
,,
ROI_27,111,0
,,
ROI_27,112,1
,,
ROI_27,113,2
,,
ROI_27,114,0
,,
ROI_27,115,0
,,
ROI_27,116,1
,,
ROI_27,117,0
,,
ROI_27,118,2
,,
ROI_27,119,0
,,
ROI_27,120,3
,,
ROI_27,121,2
,,
ROI_27,122,1
,,
ROI_27,123,1
,,
ROI_27,124,0
,,
ROI_27,125,1
,,
ROI_27,126,2
,,
ROI_27,127,1
,,
ROI_27,128,1
,,
ROI_27,129,0
,,
ROI_27,130,0
,,
ROI_27,131,1
,,
ROI_27,132,0
,,
ROI_27,133,0
,,
ROI_27,134,1
,,
ROI_27,135,0
,,
ROI_27,136,0
,,
ROI_27,137,0
,,
ROI_27,138,1
,,
ROI_27,139,2
,,
ROI_27,140,0
,,
ROI_27,141,0
,,
ROI_27,142,0
,,
ROI_27,143,0
,,
ROI_27,144,0
,,
ROI_27,145,0
,,
ROI_27,146,1
,,
ROI_27,147,0
,,
ROI_27,148,1
,,
ROI_27,149,0
,,
ROI_27,150,1
,,
ROI_27,151,0
,,
ROI_27,152,1
,,
ROI_27,153,0
,,
ROI_27,154,1
,,
ROI_27,155,0
,,
ROI_27,156,0
,,
ROI_27,157,0
,,
ROI_27,158,0
,,
ROI_27,159,0
,,
ROI_27,160,0
,,
ROI_27,161,1
,,
ROI_27,162,0
,,
ROI_27,163,0
,,
ROI_27,164,0
,,
ROI_27,165,0
,,
ROI_27,166,0
,,
ROI_27,167,0
,,
ROI_27,168,0
,,
ROI_27,169,0
,,
ROI_27,170,0
,,
ROI_27,171,1
,,
ROI_27,172,0
,,
ROI_27,173,1
,,
ROI_27,174,0
,,
ROI_27,175,0
,,
ROI_27,176,1
,,
ROI_27,177,0
,,
ROI_27,178,0
,,
ROI_27,179,0
,,
ROI_27,180,0
,,
ROI_27,181,0
,,
ROI_27,182,0
,,
ROI_27,183,0
,,
ROI_27,184,0
,,
ROI_27,185,0
,,
ROI_27,186,0
,,
ROI_27,187,0
,,
ROI_27,188,0
,,
ROI_27,189,0
,,
ROI_27,190,0
,,
ROI_27,191,0
,,
ROI_27,192,1
,,
ROI_27,193,0
,,
ROI_27,194,1
,,
ROI_27,195,0
,,
ROI_27,196,0
,,
ROI_27,197,0
,,
ROI_27,198,0
,,
ROI_27,199,0
,,
ROI_27,200,0
,,
ROI_27,201,0
,,
ROI_27,202,0
,,
ROI_27,203,0
,,
ROI_27,204,0
,,
ROI_27,205,0
,,
ROI_27,206,0
,,
ROI_27,207,0
,,
ROI_27,208,0
,,
ROI_27,209,0
,,
ROI_27,210,0
,,
ROI_27,211,0
,,
ROI_27,212,0
,,
ROI_27,213,0
,,
ROI_27,214,0
,,
ROI_27,215,0
,,
ROI_27,216,0
,,
ROI_27,217,0
,,
ROI_27,218,0
,,
ROI_27,219,0
,,
ROI_27,220,0
,,
ROI_27,221,0
,,
ROI_27,222,0
,,
ROI_27,223,0
,,
ROI_27,224,0
,,
ROI_27,225,0
,,
ROI_27,226,0
,,
ROI_27,227,0
,,
ROI_27,228,0
,,
ROI_27,229,0
,,
ROI_27,230,0
,,
ROI_27,231,0
,,
ROI_27,232,0
,,
ROI_27,233,0
,,
ROI_27,234,0
,,
ROI_27,235,0
,,
ROI_27,236,0
,,
ROI_27,237,0
,,
ROI_27,238,0
,,
ROI_27,239,0
,,
ROI_27,240,0
,,
ROI_27,241,0
,,
ROI_27,242,0
,,
ROI_27,243,0
,,
ROI_27,244,0
,,
ROI_27,245,0
,,
ROI_27,246,0
,,
ROI_27,247,0
,,
ROI_27,248,0
,,
ROI_27,249,0
,,
ROI_27,250,0
,,
ROI_27,251,0
,,
ROI_27,252,0
,,
ROI_27,253,0
,,
ROI_27,254,0
,,
ROI_27,255,0
,,
ROI_28,0,377
,,
ROI_28,1,67
,,
ROI_28,2,55
,,
ROI_28,3,45
,,
ROI_28,4,52
,,
ROI_28,5,49
,,
ROI_28,6,41
,,
ROI_28,7,43
,,
ROI_28,8,34
,,
ROI_28,9,32
,,
ROI_28,10,44
,,
ROI_28,11,35
,,
ROI_28,12,35
,,
ROI_28,13,38
,,
ROI_28,14,28
,,
ROI_28,15,25
,,
ROI_28,16,34
,,
ROI_28,17,18
,,
ROI_28,18,10
,,
ROI_28,19,23
,,
ROI_28,20,20
,,
ROI_28,21,21
,,
ROI_28,22,15
,,
ROI_28,23,17
,,
ROI_28,24,14
,,
ROI_28,25,16
,,
ROI_28,26,18
,,
ROI_28,27,14
,,
ROI_28,28,17
,,
ROI_28,29,15
,,
ROI_28,30,12
,,
ROI_28,31,10
,,
ROI_28,32,12
,,
ROI_28,33,14
,,
ROI_28,34,11
,,
ROI_28,35,8
,,
ROI_28,36,10
,,
ROI_28,37,7
,,
ROI_28,38,9
,,
ROI_28,39,12
,,
ROI_28,40,8
,,
ROI_28,41,10
,,
ROI_28,42,11
,,
ROI_28,43,9
,,
ROI_28,44,12
,,
ROI_28,45,11
,,
ROI_28,46,9
,,
ROI_28,47,7
,,
ROI_28,48,9
,,
ROI_28,49,5
,,
ROI_28,50,10
,,
ROI_28,51,5
,,
ROI_28,52,8
,,
ROI_28,53,6
,,
ROI_28,54,4
,,
ROI_28,55,5
,,
ROI_28,56,3
,,
ROI_28,57,14
,,
ROI_28,58,10
,,
ROI_28,59,6
,,
ROI_28,60,9
,,
ROI_28,61,11
,,
ROI_28,62,8
,,
ROI_28,63,6
,,
ROI_28,64,7
,,
ROI_28,65,3
,,
ROI_28,66,5
,,
ROI_28,67,5
,,
ROI_28,68,8
,,
ROI_28,69,9
,,
ROI_28,70,7
,,
ROI_28,71,5
,,
ROI_28,72,6
,,
ROI_28,73,7
,,
ROI_28,74,8
,,
ROI_28,75,2
,,
ROI_28,76,8
,,
ROI_28,77,8
,,
ROI_28,78,3
,,
ROI_28,79,6
,,
ROI_28,80,3
,,
ROI_28,81,7
,,
ROI_28,82,7
,,
ROI_28,83,4
,,
ROI_28,84,4
,,
ROI_28,85,5
,,
ROI_28,86,4
,,
ROI_28,87,3
,,
ROI_28,88,0
,,
ROI_28,89,6
,,
ROI_28,90,6
,,
ROI_28,91,4
,,
ROI_28,92,4
,,
ROI_28,93,5
,,
ROI_28,94,5
,,
ROI_28,95,5
,,
ROI_28,96,5
,,
ROI_28,97,4
,,
ROI_28,98,3
,,
ROI_28,99,4
,,
ROI_28,100,5
,,
ROI_28,101,4
,,
ROI_28,102,2
,,
ROI_28,103,4
,,
ROI_28,104,5
,,
ROI_28,105,6
,,
ROI_28,106,2
,,
ROI_28,107,1
,,
ROI_28,108,2
,,
ROI_28,109,3
,,
ROI_28,110,6
,,
ROI_28,111,1
,,
ROI_28,112,2
,,
ROI_28,113,1
,,
ROI_28,114,2
,,
ROI_28,115,0
,,
ROI_28,116,2
,,
ROI_28,117,2
,,
ROI_28,118,2
,,
ROI_28,119,1
,,
ROI_28,120,2
,,
ROI_28,121,2
,,
ROI_28,122,2
,,
ROI_28,123,2
,,
ROI_28,124,2
,,
ROI_28,125,2
,,
ROI_28,126,3
,,
ROI_28,127,2
,,
ROI_28,128,6
,,
ROI_28,129,2
,,
ROI_28,130,1
,,
ROI_28,131,2
,,
ROI_28,132,2
,,
ROI_28,133,2
,,
ROI_28,134,0
,,
ROI_28,135,1
,,
ROI_28,136,3
,,
ROI_28,137,2
,,
ROI_28,138,2
,,
ROI_28,139,0
,,
ROI_28,140,3
,,
ROI_28,141,3
,,
ROI_28,142,3
,,
ROI_28,143,1
,,
ROI_28,144,0
,,
ROI_28,145,2
,,
ROI_28,146,3
,,
ROI_28,147,0
,,
ROI_28,148,2
,,
ROI_28,149,1
,,
ROI_28,150,1
,,
ROI_28,151,4
,,
ROI_28,152,0
,,
ROI_28,153,0
,,
ROI_28,154,1
,,
ROI_28,155,1
,,
ROI_28,156,4
,,
ROI_28,157,4
,,
ROI_28,158,3
,,
ROI_28,159,1
,,
ROI_28,160,0
,,
ROI_28,161,1
,,
ROI_28,162,1
,,
ROI_28,163,1
,,
ROI_28,164,0
,,
ROI_28,165,0
,,
ROI_28,166,0
,,
ROI_28,167,1
,,
ROI_28,168,1
,,
ROI_28,169,1
,,
ROI_28,170,2
,,
ROI_28,171,1
,,
ROI_28,172,1
,,
ROI_28,173,1
,,
ROI_28,174,3
,,
ROI_28,175,1
,,
ROI_28,176,1
,,
ROI_28,177,0
,,
ROI_28,178,4
,,
ROI_28,179,0
,,
ROI_28,180,2
,,
ROI_28,181,0
,,
ROI_28,182,2
,,
ROI_28,183,1
,,
ROI_28,184,1
,,
ROI_28,185,2
,,
ROI_28,186,0
,,
ROI_28,187,1
,,
ROI_28,188,1
,,
ROI_28,189,0
,,
ROI_28,190,0
,,
ROI_28,191,0
,,
ROI_28,192,0
,,
ROI_28,193,1
,,
ROI_28,194,1
,,
ROI_28,195,2
,,
ROI_28,196,0
,,
ROI_28,197,1
,,
ROI_28,198,1
,,
ROI_28,199,1
,,
ROI_28,200,2
,,
ROI_28,201,0
,,
ROI_28,202,1
,,
ROI_28,203,1
,,
ROI_28,204,1
,,
ROI_28,205,0
,,
ROI_28,206,1
,,
ROI_28,207,0
,,
ROI_28,208,0
,,
ROI_28,209,0
,,
ROI_28,210,1
,,
ROI_28,211,2
,,
ROI_28,212,0
,,
ROI_28,213,1
,,
ROI_28,214,0
,,
ROI_28,215,0
,,
ROI_28,216,0
,,
ROI_28,217,0
,,
ROI_28,218,0
,,
ROI_28,219,1
,,
ROI_28,220,1
,,
ROI_28,221,1
,,
ROI_28,222,0
,,
ROI_28,223,1
,,
ROI_28,224,1
,,
ROI_28,225,1
,,
ROI_28,226,1
,,
ROI_28,227,1
,,
ROI_28,228,0
,,
ROI_28,229,1
,,
ROI_28,230,1
,,
ROI_28,231,0
,,
ROI_28,232,0
,,
ROI_28,233,0
,,
ROI_28,234,3
,,
ROI_28,235,1
,,
ROI_28,236,0
,,
ROI_28,237,2
,,
ROI_28,238,0
,,
ROI_28,239,0
,,
ROI_28,240,1
,,
ROI_28,241,0
,,
ROI_28,242,0
,,
ROI_28,243,0
,,
ROI_28,244,0
,,
ROI_28,245,0
,,
ROI_28,246,0
,,
ROI_28,247,0
,,
ROI_28,248,1
,,
ROI_28,249,0
,,
ROI_28,250,2
,,
ROI_28,251,1
,,
ROI_28,252,0
,,
ROI_28,253,0
,,
ROI_28,254,1
,,
ROI_28,255,9
,,
ROI_29,0,1052
,,
ROI_29,1,80
,,
ROI_29,2,64
,,
ROI_29,3,71
,,
ROI_29,4,41
,,
ROI_29,5,35
,,
ROI_29,6,35
,,
ROI_29,7,26
,,
ROI_29,8,19
,,
ROI_29,9,27
,,
ROI_29,10,13
,,
ROI_29,11,16
,,
ROI_29,12,5
,,
ROI_29,13,9
,,
ROI_29,14,6
,,
ROI_29,15,10
,,
ROI_29,16,10
,,
ROI_29,17,12
,,
ROI_29,18,7
,,
ROI_29,19,10
,,
ROI_29,20,5
,,
ROI_29,21,6
,,
ROI_29,22,5
,,
ROI_29,23,4
,,
ROI_29,24,6
,,
ROI_29,25,8
,,
ROI_29,26,4
,,
ROI_29,27,3
,,
ROI_29,28,2
,,
ROI_29,29,4
,,
ROI_29,30,3
,,
ROI_29,31,6
,,
ROI_29,32,2
,,
ROI_29,33,5
,,
ROI_29,34,2
,,
ROI_29,35,2
,,
ROI_29,36,4
,,
ROI_29,37,2
,,
ROI_29,38,6
,,
ROI_29,39,4
,,
ROI_29,40,4
,,
ROI_29,41,4
,,
ROI_29,42,1
,,
ROI_29,43,4
,,
ROI_29,44,1
,,
ROI_29,45,1
,,
ROI_29,46,1
,,
ROI_29,47,2
,,
ROI_29,48,2
,,
ROI_29,49,3
,,
ROI_29,50,3
,,
ROI_29,51,6
,,
ROI_29,52,1
,,
ROI_29,53,2
,,
ROI_29,54,1
,,
ROI_29,55,3
,,
ROI_29,56,6
,,
ROI_29,57,0
,,
ROI_29,58,4
,,
ROI_29,59,1
,,
ROI_29,60,4
,,
ROI_29,61,3
,,
ROI_29,62,1
,,
ROI_29,63,1
,,
ROI_29,64,2
,,
ROI_29,65,0
,,
ROI_29,66,4
,,
ROI_29,67,3
,,
ROI_29,68,2
,,
ROI_29,69,1
,,
ROI_29,70,3
,,
ROI_29,71,0
,,
ROI_29,72,2
,,
ROI_29,73,2
,,
ROI_29,74,4
,,
ROI_29,75,0
,,
ROI_29,76,1
,,
ROI_29,77,3
,,
ROI_29,78,2
,,
ROI_29,79,1
,,
ROI_29,80,2
,,
ROI_29,81,1
,,
ROI_29,82,3
,,
ROI_29,83,3
,,
ROI_29,84,1
,,
ROI_29,85,2
,,
ROI_29,86,3
,,
ROI_29,87,2
,,
ROI_29,88,2
,,
ROI_29,89,1
,,
ROI_29,90,0
,,
ROI_29,91,0
,,
ROI_29,92,1
,,
ROI_29,93,1
,,
ROI_29,94,4
,,
ROI_29,95,1
,,
ROI_29,96,1
,,
ROI_29,97,2
,,
ROI_29,98,3
,,
ROI_29,99,0
,,
ROI_29,100,1
,,
ROI_29,101,1
,,
ROI_29,102,2
,,
ROI_29,103,1
,,
ROI_29,104,2
,,
ROI_29,105,3
,,
ROI_29,106,0
,,
ROI_29,107,2
,,
ROI_29,108,5
,,
ROI_29,109,1
,,
ROI_29,110,3
,,
ROI_29,111,2
,,
ROI_29,112,3
,,
ROI_29,113,2
,,
ROI_29,114,0
,,
ROI_29,115,1
,,
ROI_29,116,2
,,
ROI_29,117,2
,,
ROI_29,118,1
,,
ROI_29,119,1
,,
ROI_29,120,1
,,
ROI_29,121,2
,,
ROI_29,122,1
,,
ROI_29,123,3
,,
ROI_29,124,2
,,
ROI_29,125,1
,,
ROI_29,126,1
,,
ROI_29,127,0
,,
ROI_29,128,2
,,
ROI_29,129,0
,,
ROI_29,130,2
,,
ROI_29,131,1
,,
ROI_29,132,0
,,
ROI_29,133,1
,,
ROI_29,134,1
,,
ROI_29,135,0
,,
ROI_29,136,1
,,
ROI_29,137,1
,,
ROI_29,138,1
,,
ROI_29,139,1
,,
ROI_29,140,1
,,
ROI_29,141,1
,,
ROI_29,142,3
,,
ROI_29,143,0
,,
ROI_29,144,2
,,
ROI_29,145,1
,,
ROI_29,146,2
,,
ROI_29,147,3
,,
ROI_29,148,0
,,
ROI_29,149,1
,,
ROI_29,150,1
,,
ROI_29,151,3
,,
ROI_29,152,3
,,
ROI_29,153,1
,,
ROI_29,154,0
,,
ROI_29,155,2
,,
ROI_29,156,1
,,
ROI_29,157,1
,,
ROI_29,158,1
,,
ROI_29,159,0
,,
ROI_29,160,1
,,
ROI_29,161,0
,,
ROI_29,162,1
,,
ROI_29,163,0
,,
ROI_29,164,1
,,
ROI_29,165,0
,,
ROI_29,166,1
,,
ROI_29,167,2
,,
ROI_29,168,0
,,
ROI_29,169,2
,,
ROI_29,170,0
,,
ROI_29,171,1
,,
ROI_29,172,0
,,
ROI_29,173,0
,,
ROI_29,174,3
,,
ROI_29,175,0
,,
ROI_29,176,1
,,
ROI_29,177,1
,,
ROI_29,178,0
,,
ROI_29,179,0
,,
ROI_29,180,1
,,
ROI_29,181,1
,,
ROI_29,182,0
,,
ROI_29,183,0
,,
ROI_29,184,2
,,
ROI_29,185,1
,,
ROI_29,186,0
,,
ROI_29,187,0
,,
ROI_29,188,2
,,
ROI_29,189,0
,,
ROI_29,190,0
,,
ROI_29,191,3
,,
ROI_29,192,2
,,
ROI_29,193,1
,,
ROI_29,194,0
,,
ROI_29,195,1
,,
ROI_29,196,1
,,
ROI_29,197,0
,,
ROI_29,198,1
,,
ROI_29,199,0
,,
ROI_29,200,1
,,
ROI_29,201,1
,,
ROI_29,202,0
,,
ROI_29,203,1
,,
ROI_29,204,0
,,
ROI_29,205,0
,,
ROI_29,206,2
,,
ROI_29,207,0
,,
ROI_29,208,1
,,
ROI_29,209,4
,,
ROI_29,210,0
,,
ROI_29,211,0
,,
ROI_29,212,0
,,
ROI_29,213,0
,,
ROI_29,214,1
,,
ROI_29,215,0
,,
ROI_29,216,2
,,
ROI_29,217,0
,,
ROI_29,218,0
,,
ROI_29,219,0
,,
ROI_29,220,1
,,
ROI_29,221,1
,,
ROI_29,222,0
,,
ROI_29,223,0
,,
ROI_29,224,0
,,
ROI_29,225,0
,,
ROI_29,226,0
,,
ROI_29,227,0
,,
ROI_29,228,0
,,
ROI_29,229,1
,,
ROI_29,230,1
,,
ROI_29,231,0
,,
ROI_29,232,0
,,
ROI_29,233,0
,,
ROI_29,234,0
,,
ROI_29,235,0
,,
ROI_29,236,1
,,
ROI_29,237,0
,,
ROI_29,238,0
,,
ROI_29,239,1
,,
ROI_29,240,0
,,
ROI_29,241,0
,,
ROI_29,242,0
,,
ROI_29,243,0
,,
ROI_29,244,1
,,
ROI_29,245,0
,,
ROI_29,246,0
,,
ROI_29,247,0
,,
ROI_29,248,0
,,
ROI_29,249,1
,,
ROI_29,250,1
,,
ROI_29,251,0
,,
ROI_29,252,0
,,
ROI_29,253,0
,,
ROI_29,254,0
,,
ROI_29,255,0
,,
ROI_30,0,49
,,
ROI_30,1,38
,,
ROI_30,2,42
,,
ROI_30,3,34
,,
ROI_30,4,50
,,
ROI_30,5,41
,,
ROI_30,6,33
,,
ROI_30,7,29
,,
ROI_30,8,26
,,
ROI_30,9,26
,,
ROI_30,10,27
,,
ROI_30,11,29
,,
ROI_30,12,21
,,
ROI_30,13,19
,,
ROI_30,14,16
,,
ROI_30,15,22
,,
ROI_30,16,21
,,
ROI_30,17,19
,,
ROI_30,18,17
,,
ROI_30,19,17
,,
ROI_30,20,15
,,
ROI_30,21,21
,,
ROI_30,22,11
,,
ROI_30,23,7
,,
ROI_30,24,8
,,
ROI_30,25,14
,,
ROI_30,26,11
,,
ROI_30,27,8
,,
ROI_30,28,9
,,
ROI_30,29,12
,,
ROI_30,30,10
,,
ROI_30,31,10
,,
ROI_30,32,10
,,
ROI_30,33,11
,,
ROI_30,34,14
,,
ROI_30,35,9
,,
ROI_30,36,11
,,
ROI_30,37,6
,,
ROI_30,38,8
,,
ROI_30,39,4
,,
ROI_30,40,9
,,
ROI_30,41,9
,,
ROI_30,42,10
,,
ROI_30,43,11
,,
ROI_30,44,6
,,
ROI_30,45,4
,,
ROI_30,46,5
,,
ROI_30,47,5
,,
ROI_30,48,5
,,
ROI_30,49,3
,,
ROI_30,50,4
,,
ROI_30,51,5
,,
ROI_30,52,1
,,
ROI_30,53,3
,,
ROI_30,54,7
,,
ROI_30,55,2
,,
ROI_30,56,6
,,
ROI_30,57,5
,,
ROI_30,58,5
,,
ROI_30,59,5
,,
ROI_30,60,3
,,
ROI_30,61,4
,,
ROI_30,62,1
,,
ROI_30,63,5
,,
ROI_30,64,2
,,
ROI_30,65,4
,,
ROI_30,66,4
,,
ROI_30,67,2
,,
ROI_30,68,3
,,
ROI_30,69,0
,,
ROI_30,70,5
,,
ROI_30,71,4
,,
ROI_30,72,3
,,
ROI_30,73,2
,,
ROI_30,74,2
,,
ROI_30,75,7
,,
ROI_30,76,1
,,
ROI_30,77,2
,,
ROI_30,78,1
,,
ROI_30,79,4
,,
ROI_30,80,5
,,
ROI_30,81,6
,,
ROI_30,82,2
,,
ROI_30,83,3
,,
ROI_30,84,4
,,
ROI_30,85,1
,,
ROI_30,86,2
,,
ROI_30,87,1
,,
ROI_30,88,2
,,
ROI_30,89,4
,,
ROI_30,90,3
,,
ROI_30,91,3
,,
ROI_30,92,2
,,
ROI_30,93,3
,,
ROI_30,94,3
,,
ROI_30,95,0
,,
ROI_30,96,2
,,
ROI_30,97,2
,,
ROI_30,98,2
,,
ROI_30,99,2
,,
ROI_30,100,2
,,
ROI_30,101,1
,,
ROI_30,102,3
,,
ROI_30,103,0
,,
ROI_30,104,2
,,
ROI_30,105,4
,,
ROI_30,106,2
,,
ROI_30,107,2
,,
ROI_30,108,0
,,
ROI_30,109,0
,,
ROI_30,110,1
,,
ROI_30,111,0
,,
ROI_30,112,1
,,
ROI_30,113,4
,,
ROI_30,114,1
,,
ROI_30,115,3
,,
ROI_30,116,2
,,
ROI_30,117,1
,,
ROI_30,118,0
,,
ROI_30,119,0
,,
ROI_30,120,1
,,
ROI_30,121,0
,,
ROI_30,122,1
,,
ROI_30,123,0
,,
ROI_30,124,2
,,
ROI_30,125,2
,,
ROI_30,126,5
,,
ROI_30,127,0
,,
ROI_30,128,1
,,
ROI_30,129,2
,,
ROI_30,130,1
,,
ROI_30,131,2
,,
ROI_30,132,1
,,
ROI_30,133,1
,,
ROI_30,134,1
,,
ROI_30,135,1
,,
ROI_30,136,1
,,
ROI_30,137,3
,,
ROI_30,138,0
,,
ROI_30,139,0
,,
ROI_30,140,1
,,
ROI_30,141,1
,,
ROI_30,142,2
,,
ROI_30,143,0
,,
ROI_30,144,1
,,
ROI_30,145,0
,,
ROI_30,146,0
,,
ROI_30,147,0
,,
ROI_30,148,0
,,
ROI_30,149,0
,,
ROI_30,150,1
,,
ROI_30,151,1
,,
ROI_30,152,2
,,
ROI_30,153,0
,,
ROI_30,154,0
,,
ROI_30,155,0
,,
ROI_30,156,0
,,
ROI_30,157,2
,,
ROI_30,158,0
,,
ROI_30,159,0
,,
ROI_30,160,1
,,
ROI_30,161,0
,,
ROI_30,162,0
,,
ROI_30,163,0
,,
ROI_30,164,2
,,
ROI_30,165,0
,,
ROI_30,166,0
,,
ROI_30,167,1
,,
ROI_30,168,0
,,
ROI_30,169,0
,,
ROI_30,170,0
,,
ROI_30,171,0
,,
ROI_30,172,0
,,
ROI_30,173,0
,,
ROI_30,174,1
,,
ROI_30,175,0
,,
ROI_30,176,0
,,
ROI_30,177,0
,,
ROI_30,178,0
,,
ROI_30,179,1
,,
ROI_30,180,0
,,
ROI_30,181,0
,,
ROI_30,182,1
,,
ROI_30,183,1
,,
ROI_30,184,0
,,
ROI_30,185,1
,,
ROI_30,186,0
,,
ROI_30,187,0
,,
ROI_30,188,0
,,
ROI_30,189,0
,,
ROI_30,190,0
,,
ROI_30,191,1
,,
ROI_30,192,0
,,
ROI_30,193,0
,,
ROI_30,194,1
,,
ROI_30,195,1
,,
ROI_30,196,0
,,
ROI_30,197,1
,,
ROI_30,198,0
,,
ROI_30,199,0
,,
ROI_30,200,0
,,
ROI_30,201,0
,,
ROI_30,202,0
,,
ROI_30,203,0
,,
ROI_30,204,2
,,
ROI_30,205,0
,,
ROI_30,206,0
,,
ROI_30,207,0
,,
ROI_30,208,1
,,
ROI_30,209,1
,,
ROI_30,210,0
,,
ROI_30,211,1
,,
ROI_30,212,0
,,
ROI_30,213,1
,,
ROI_30,214,1
,,
ROI_30,215,0
,,
ROI_30,216,1
,,
ROI_30,217,0
,,
ROI_30,218,0
,,
ROI_30,219,0
,,
ROI_30,220,0
,,
ROI_30,221,0
,,
ROI_30,222,1
,,
ROI_30,223,0
,,
ROI_30,224,0
,,
ROI_30,225,0
,,
ROI_30,226,0
,,
ROI_30,227,0
,,
ROI_30,228,1
,,
ROI_30,229,0
,,
ROI_30,230,0
,,
ROI_30,231,1
,,
ROI_30,232,0
,,
ROI_30,233,0
,,
ROI_30,234,0
,,
ROI_30,235,0
,,
ROI_30,236,0
,,
ROI_30,237,0
,,
ROI_30,238,0
,,
ROI_30,239,0
,,
ROI_30,240,0
,,
ROI_30,241,0
,,
ROI_30,242,0
,,
ROI_30,243,0
,,
ROI_30,244,1
,,
ROI_30,245,0
,,
ROI_30,246,0
,,
ROI_30,247,0
,,
ROI_30,248,0
,,
ROI_30,249,0
,,
ROI_30,250,0
,,
ROI_30,251,0
,,
ROI_30,252,1
,,
ROI_30,253,0
,,
ROI_30,254,0
,,
ROI_30,255,31
,,
ROI_31,0,542
,,
ROI_31,1,91
,,
ROI_31,2,85
,,
ROI_31,3,54
,,
ROI_31,4,56
,,
ROI_31,5,49
,,
ROI_31,6,44
,,
ROI_31,7,37
,,
ROI_31,8,47
,,
ROI_31,9,58
,,
ROI_31,10,40
,,
ROI_31,11,43
,,
ROI_31,12,46
,,
ROI_31,13,38
,,
ROI_31,14,27
,,
ROI_31,15,28
,,
ROI_31,16,34
,,
ROI_31,17,24
,,
ROI_31,18,28
,,
ROI_31,19,22
,,
ROI_31,20,13
,,
ROI_31,21,17
,,
ROI_31,22,19
,,
ROI_31,23,23
,,
ROI_31,24,21
,,
ROI_31,25,10
,,
ROI_31,26,17
,,
ROI_31,27,20
,,
ROI_31,28,11
,,
ROI_31,29,14
,,
ROI_31,30,12
,,
ROI_31,31,7
,,
ROI_31,32,10
,,
ROI_31,33,14
,,
ROI_31,34,10
,,
ROI_31,35,11
,,
ROI_31,36,12
,,
ROI_31,37,17
,,
ROI_31,38,12
,,
ROI_31,39,15
,,
ROI_31,40,7
,,
ROI_31,41,8
,,
ROI_31,42,19
,,
ROI_31,43,9
,,
ROI_31,44,13
,,
ROI_31,45,14
,,
ROI_31,46,10
,,
ROI_31,47,13
,,
ROI_31,48,16
,,
ROI_31,49,17
,,
ROI_31,50,15
,,
ROI_31,51,14
,,
ROI_31,52,16
,,
ROI_31,53,14
,,
ROI_31,54,17
,,
ROI_31,55,14
,,
ROI_31,56,15
,,
ROI_31,57,17
,,
ROI_31,58,11
,,
ROI_31,59,17
,,
ROI_31,60,14
,,
ROI_31,61,16
,,
ROI_31,62,11
,,
ROI_31,63,8
,,
ROI_31,64,18
,,
ROI_31,65,13
,,
ROI_31,66,11
,,
ROI_31,67,11
,,
ROI_31,68,17
,,
ROI_31,69,16
,,
ROI_31,70,13
,,
ROI_31,71,17
,,
ROI_31,72,8
,,
ROI_31,73,13
,,
ROI_31,74,11
,,
ROI_31,75,18
,,
ROI_31,76,12
,,
ROI_31,77,11
,,
ROI_31,78,11
,,
ROI_31,79,11
,,
ROI_31,80,13
,,
ROI_31,81,8
,,
ROI_31,82,12
,,
ROI_31,83,9
,,
ROI_31,84,8
,,
ROI_31,85,11
,,
ROI_31,86,16
,,
ROI_31,87,12
,,
ROI_31,88,14
,,
ROI_31,89,8
,,
ROI_31,90,12
,,
ROI_31,91,3
,,
ROI_31,92,11
,,
ROI_31,93,4
,,
ROI_31,94,4
,,
ROI_31,95,9
,,
ROI_31,96,10
,,
ROI_31,97,1
,,
ROI_31,98,6
,,
ROI_31,99,5
,,
ROI_31,100,3
,,
ROI_31,101,2
,,
ROI_31,102,1
,,
ROI_31,103,6
,,
ROI_31,104,6
,,
ROI_31,105,1
,,
ROI_31,106,6
,,
ROI_31,107,7
,,
ROI_31,108,7
,,
ROI_31,109,1
,,
ROI_31,110,4
,,
ROI_31,111,3
,,
ROI_31,112,3
,,
ROI_31,113,5
,,
ROI_31,114,2
,,
ROI_31,115,2
,,
ROI_31,116,2
,,
ROI_31,117,4
,,
ROI_31,118,2
,,
ROI_31,119,2
,,
ROI_31,120,4
,,
ROI_31,121,0
,,
ROI_31,122,2
,,
ROI_31,123,2
,,
ROI_31,124,3
,,
ROI_31,125,5
,,
ROI_31,126,3
,,
ROI_31,127,1
,,
ROI_31,128,4
,,
ROI_31,129,3
,,
ROI_31,130,3
,,
ROI_31,131,1
,,
ROI_31,132,1
,,
ROI_31,133,3
,,
ROI_31,134,1
,,
ROI_31,135,1
,,
ROI_31,136,2
,,
ROI_31,137,1
,,
ROI_31,138,1
,,
ROI_31,139,2
,,
ROI_31,140,0
,,
ROI_31,141,2
,,
ROI_31,142,2
,,
ROI_31,143,2
,,
ROI_31,144,0
,,
ROI_31,145,1
,,
ROI_31,146,1
,,
ROI_31,147,1
,,
ROI_31,148,2
,,
ROI_31,149,0
,,
ROI_31,150,1
,,
ROI_31,151,3
,,
ROI_31,152,3
,,
ROI_31,153,1
,,
ROI_31,154,2
,,
ROI_31,155,0
,,
ROI_31,156,1
,,
ROI_31,157,3
,,
ROI_31,158,1
,,
ROI_31,159,0
,,
ROI_31,160,0
,,
ROI_31,161,1
,,
ROI_31,162,0
,,
ROI_31,163,0
,,
ROI_31,164,0
,,
ROI_31,165,1
,,
ROI_31,166,1
,,
ROI_31,167,0
,,
ROI_31,168,1
,,
ROI_31,169,0
,,
ROI_31,170,0
,,
ROI_31,171,0
,,
ROI_31,172,0
,,
ROI_31,173,0
,,
ROI_31,174,0
,,
ROI_31,175,0
,,
ROI_31,176,1
,,
ROI_31,177,0
,,
ROI_31,178,0
,,
ROI_31,179,0
,,
ROI_31,180,1
,,
ROI_31,181,1
,,
ROI_31,182,1
,,
ROI_31,183,0
,,
ROI_31,184,1
,,
ROI_31,185,0
,,
ROI_31,186,0
,,
ROI_31,187,0
,,
ROI_31,188,1
,,
ROI_31,189,0
,,
ROI_31,190,1
,,
ROI_31,191,1
,,
ROI_31,192,1
,,
ROI_31,193,1
,,
ROI_31,194,2
,,
ROI_31,195,1
,,
ROI_31,196,0
,,
ROI_31,197,0
,,
ROI_31,198,0
,,
ROI_31,199,0
,,
ROI_31,200,0
,,
ROI_31,201,0
,,
ROI_31,202,1
,,
ROI_31,203,0
,,
ROI_31,204,0
,,
ROI_31,205,1
,,
ROI_31,206,0
,,
ROI_31,207,0
,,
ROI_31,208,0
,,
ROI_31,209,0
,,
ROI_31,210,0
,,
ROI_31,211,0
,,
ROI_31,212,0
,,
ROI_31,213,0
,,
ROI_31,214,0
,,
ROI_31,215,0
,,
ROI_31,216,1
,,
ROI_31,217,0
,,
ROI_31,218,1
,,
ROI_31,219,0
,,
ROI_31,220,0
,,
ROI_31,221,0
,,
ROI_31,222,0
,,
ROI_31,223,1
,,
ROI_31,224,0
,,
ROI_31,225,0
,,
ROI_31,226,0
,,
ROI_31,227,0
,,
ROI_31,228,1
,,
ROI_31,229,0
,,
ROI_31,230,0
,,
ROI_31,231,0
,,
ROI_31,232,1
,,
ROI_31,233,0
,,
ROI_31,234,0
,,
ROI_31,235,0
,,
ROI_31,236,0
,,
ROI_31,237,0
,,
ROI_31,238,0
,,
ROI_31,239,0
,,
ROI_31,240,0
,,
ROI_31,241,0
,,
ROI_31,242,1
,,
ROI_31,243,0
,,
ROI_31,244,0
,,
ROI_31,245,0
,,
ROI_31,246,0
,,
ROI_31,247,1
,,
ROI_31,248,0
,,
ROI_31,249,0
,,
ROI_31,250,0
,,
ROI_31,251,0
,,
ROI_31,252,1
,,
ROI_31,253,1
,,
ROI_31,254,1
,,
ROI_31,255,10
,,
ROI_32,0,2336
,,
ROI_32,1,482
,,
ROI_32,2,512
,,
ROI_32,3,490
,,
ROI_32,4,371
,,
ROI_32,5,357
,,
ROI_32,6,341
,,
ROI_32,7,333
,,
ROI_32,8,304
,,
ROI_32,9,301
,,
ROI_32,10,277
,,
ROI_32,11,297
,,
ROI_32,12,307
,,
ROI_32,13,293
,,
ROI_32,14,262
,,
ROI_32,15,246
,,
ROI_32,16,250
,,
ROI_32,17,225
,,
ROI_32,18,203
,,
ROI_32,19,225
,,
ROI_32,20,204
,,
ROI_32,21,205
,,
ROI_32,22,212
,,
ROI_32,23,185
,,
ROI_32,24,215
,,
ROI_32,25,177
,,
ROI_32,26,168
,,
ROI_32,27,176
,,
ROI_32,28,194
,,
ROI_32,29,184
,,
ROI_32,30,211
,,
ROI_32,31,167
,,
ROI_32,32,159
,,
ROI_32,33,177
,,
ROI_32,34,148
,,
ROI_32,35,164
,,
ROI_32,36,162
,,
ROI_32,37,162
,,
ROI_32,38,159
,,
ROI_32,39,146
,,
ROI_32,40,163
,,
ROI_32,41,139
,,
ROI_32,42,128
,,
ROI_32,43,146
,,
ROI_32,44,137
,,
ROI_32,45,137
,,
ROI_32,46,119
,,
ROI_32,47,123
,,
ROI_32,48,133
,,
ROI_32,49,115
,,
ROI_32,50,118
,,
ROI_32,51,113
,,
ROI_32,52,131
,,
ROI_32,53,84
,,
ROI_32,54,97
,,
ROI_32,55,114
,,
ROI_32,56,103
,,
ROI_32,57,108
,,
ROI_32,58,101
,,
ROI_32,59,114
,,
ROI_32,60,95
,,
ROI_32,61,118
,,
ROI_32,62,100
,,
ROI_32,63,100
,,
ROI_32,64,80
,,
ROI_32,65,91
,,
ROI_32,66,101
,,
ROI_32,67,88
,,
ROI_32,68,80
,,
ROI_32,69,84
,,
ROI_32,70,92
,,
ROI_32,71,82
,,
ROI_32,72,74
,,
ROI_32,73,90
,,
ROI_32,74,72
,,
ROI_32,75,88
,,
ROI_32,76,70
,,
ROI_32,77,74
,,
ROI_32,78,75
,,
ROI_32,79,81
,,
ROI_32,80,75
,,
ROI_32,81,69
,,
ROI_32,82,76
,,
ROI_32,83,50
,,
ROI_32,84,81
,,
ROI_32,85,67
,,
ROI_32,86,76
,,
ROI_32,87,67
,,
ROI_32,88,50
,,
ROI_32,89,61
,,
ROI_32,90,71
,,
ROI_32,91,69
,,
ROI_32,92,44
,,
ROI_32,93,54
,,
ROI_32,94,49
,,
ROI_32,95,50
,,
ROI_32,96,52
,,
ROI_32,97,61
,,
ROI_32,98,67
,,
ROI_32,99,51
,,
ROI_32,100,52
,,
ROI_32,101,49
,,
ROI_32,102,49
,,
ROI_32,103,65
,,
ROI_32,104,51
,,
ROI_32,105,56
,,
ROI_32,106,50
,,
ROI_32,107,50
,,
ROI_32,108,43
,,
ROI_32,109,55
,,
ROI_32,110,50
,,
ROI_32,111,31
,,
ROI_32,112,41
,,
ROI_32,113,41
,,
ROI_32,114,50
,,
ROI_32,115,31
,,
ROI_32,116,44
,,
ROI_32,117,44
,,
ROI_32,118,46
,,
ROI_32,119,34
,,
ROI_32,120,49
,,
ROI_32,121,44
,,
ROI_32,122,47
,,
ROI_32,123,46
,,
ROI_32,124,75
,,
ROI_32,125,47
,,
ROI_32,126,67
,,
ROI_32,127,35
,,
ROI_32,128,36
,,
ROI_32,129,24
,,
ROI_32,130,37
,,
ROI_32,131,46
,,
ROI_32,132,29
,,
ROI_32,133,32
,,
ROI_32,134,36
,,
ROI_32,135,35
,,
ROI_32,136,31
,,
ROI_32,137,30
,,
ROI_32,138,24
,,
ROI_32,139,32
,,
ROI_32,140,22
,,
ROI_32,141,19
,,
ROI_32,142,23
,,
ROI_32,143,23
,,
ROI_32,144,22
,,
ROI_32,145,23
,,
ROI_32,146,26
,,
ROI_32,147,22
,,
ROI_32,148,22
,,
ROI_32,149,16
,,
ROI_32,150,32
,,
ROI_32,151,22
,,
ROI_32,152,23
,,
ROI_32,153,17
,,
ROI_32,154,20
,,
ROI_32,155,24
,,
ROI_32,156,22
,,
ROI_32,157,12
,,
ROI_32,158,18
,,
ROI_32,159,19
,,
ROI_32,160,19
,,
ROI_32,161,15
,,
ROI_32,162,13
,,
ROI_32,163,15
,,
ROI_32,164,13
,,
ROI_32,165,15
,,
ROI_32,166,18
,,
ROI_32,167,24
,,
ROI_32,168,15
,,
ROI_32,169,14
,,
ROI_32,170,22
,,
ROI_32,171,10
,,
ROI_32,172,6
,,
ROI_32,173,12
,,
ROI_32,174,8
,,
ROI_32,175,19
,,
ROI_32,176,15
,,
ROI_32,177,9
,,
ROI_32,178,9
,,
ROI_32,179,4
,,
ROI_32,180,19
,,
ROI_32,181,12
,,
ROI_32,182,16
,,
ROI_32,183,11
,,
ROI_32,184,5
,,
ROI_32,185,13
,,
ROI_32,186,7
,,
ROI_32,187,11
,,
ROI_32,188,9
,,
ROI_32,189,15
,,
ROI_32,190,8
,,
ROI_32,191,7
,,
ROI_32,192,10
,,
ROI_32,193,10
,,
ROI_32,194,15
,,
ROI_32,195,13
,,
ROI_32,196,10
,,
ROI_32,197,9
,,
ROI_32,198,8
,,
ROI_32,199,10
,,
ROI_32,200,6
,,
ROI_32,201,8
,,
ROI_32,202,7
,,
ROI_32,203,9
,,
ROI_32,204,7
,,
ROI_32,205,8
,,
ROI_32,206,8
,,
ROI_32,207,3
,,
ROI_32,208,7
,,
ROI_32,209,6
,,
ROI_32,210,9
,,
ROI_32,211,2
,,
ROI_32,212,11
,,
ROI_32,213,3
,,
ROI_32,214,6
,,
ROI_32,215,5
,,
ROI_32,216,6
,,
ROI_32,217,4
,,
ROI_32,218,3
,,
ROI_32,219,7
,,
ROI_32,220,3
,,
ROI_32,221,5
,,
ROI_32,222,6
,,
ROI_32,223,3
,,
ROI_32,224,7
,,
ROI_32,225,6
,,
ROI_32,226,5
,,
ROI_32,227,6
,,
ROI_32,228,5
,,
ROI_32,229,5
,,
ROI_32,230,4
,,
ROI_32,231,3
,,
ROI_32,232,3
,,
ROI_32,233,5
,,
ROI_32,234,5
,,
ROI_32,235,2
,,
ROI_32,236,7
,,
ROI_32,237,7
,,
ROI_32,238,1
,,
ROI_32,239,6
,,
ROI_32,240,2
,,
ROI_32,241,8
,,
ROI_32,242,7
,,
ROI_32,243,3
,,
ROI_32,244,3
,,
ROI_32,245,2
,,
ROI_32,246,4
,,
ROI_32,247,2
,,
ROI_32,248,4
,,
ROI_32,249,3
,,
ROI_32,250,7
,,
ROI_32,251,2
,,
ROI_32,252,3
,,
ROI_32,253,6
,,
ROI_32,254,4
,,
ROI_32,255,225
,,
ROI_33,0,1741
,,
ROI_33,1,36
,,
ROI_33,2,20
,,
ROI_33,3,14
,,
ROI_33,4,14
,,
ROI_33,5,16
,,
ROI_33,6,13
,,
ROI_33,7,8
,,
ROI_33,8,12
,,
ROI_33,9,6
,,
ROI_33,10,7
,,
ROI_33,11,9
,,
ROI_33,12,9
,,
ROI_33,13,6
,,
ROI_33,14,5
,,
ROI_33,15,4
,,
ROI_33,16,10
,,
ROI_33,17,5
,,
ROI_33,18,11
,,
ROI_33,19,5
,,
ROI_33,20,5
,,
ROI_33,21,4
,,
ROI_33,22,5
,,
ROI_33,23,4
,,
ROI_33,24,4
,,
ROI_33,25,2
,,
ROI_33,26,8
,,
ROI_33,27,2
,,
ROI_33,28,3
,,
ROI_33,29,2
,,
ROI_33,30,1
,,
ROI_33,31,9
,,
ROI_33,32,1
,,
ROI_33,33,1
,,
ROI_33,34,3
,,
ROI_33,35,0
,,
ROI_33,36,5
,,
ROI_33,37,3
,,
ROI_33,38,3
,,
ROI_33,39,1
,,
ROI_33,40,3
,,
ROI_33,41,4
,,
ROI_33,42,0
,,
ROI_33,43,3
,,
ROI_33,44,5
,,
ROI_33,45,3
,,
ROI_33,46,3
,,
ROI_33,47,3
,,
ROI_33,48,3
,,
ROI_33,49,4
,,
ROI_33,50,0
,,
ROI_33,51,0
,,
ROI_33,52,1
,,
ROI_33,53,1
,,
ROI_33,54,4
,,
ROI_33,55,1
,,
ROI_33,56,5
,,
ROI_33,57,3
,,
ROI_33,58,3
,,
ROI_33,59,2
,,
ROI_33,60,3
,,
ROI_33,61,2
,,
ROI_33,62,3
,,
ROI_33,63,4
,,
ROI_33,64,5
,,
ROI_33,65,3
,,
ROI_33,66,1
,,
ROI_33,67,2
,,
ROI_33,68,4
,,
ROI_33,69,2
,,
ROI_33,70,1
,,
ROI_33,71,3
,,
ROI_33,72,0
,,
ROI_33,73,2
,,
ROI_33,74,2
,,
ROI_33,75,4
,,
ROI_33,76,7
,,
ROI_33,77,5
,,
ROI_33,78,2
,,
ROI_33,79,3
,,
ROI_33,80,3
,,
ROI_33,81,1
,,
ROI_33,82,1
,,
ROI_33,83,3
,,
ROI_33,84,2
,,
ROI_33,85,2
,,
ROI_33,86,0
,,
ROI_33,87,4
,,
ROI_33,88,4
,,
ROI_33,89,0
,,
ROI_33,90,1
,,
ROI_33,91,1
,,
ROI_33,92,3
,,
ROI_33,93,2
,,
ROI_33,94,0
,,
ROI_33,95,2
,,
ROI_33,96,3
,,
ROI_33,97,5
,,
ROI_33,98,0
,,
ROI_33,99,1
,,
ROI_33,100,1
,,
ROI_33,101,0
,,
ROI_33,102,2
,,
ROI_33,103,2
,,
ROI_33,104,1
,,
ROI_33,105,1
,,
ROI_33,106,2
,,
ROI_33,107,1
,,
ROI_33,108,1
,,
ROI_33,109,2
,,
ROI_33,110,0
,,
ROI_33,111,2
,,
ROI_33,112,1
,,
ROI_33,113,0
,,
ROI_33,114,2
,,
ROI_33,115,0
,,
ROI_33,116,0
,,
ROI_33,117,0
,,
ROI_33,118,1
,,
ROI_33,119,1
,,
ROI_33,120,2
,,
ROI_33,121,1
,,
ROI_33,122,2
,,
ROI_33,123,0
,,
ROI_33,124,1
,,
ROI_33,125,3
,,
ROI_33,126,2
,,
ROI_33,127,0
,,
ROI_33,128,1
,,
ROI_33,129,0
,,
ROI_33,130,1
,,
ROI_33,131,0
,,
ROI_33,132,2
,,
ROI_33,133,0
,,
ROI_33,134,0
,,
ROI_33,135,0
,,
ROI_33,136,1
,,
ROI_33,137,2
,,
ROI_33,138,0
,,
ROI_33,139,0
,,
ROI_33,140,0
,,
ROI_33,141,1
,,
ROI_33,142,1
,,
ROI_33,143,1
,,
ROI_33,144,0
,,
ROI_33,145,1
,,
ROI_33,146,1
,,
ROI_33,147,0
,,
ROI_33,148,1
,,
ROI_33,149,1
,,
ROI_33,150,0
,,
ROI_33,151,0
,,
ROI_33,152,2
,,
ROI_33,153,0
,,
ROI_33,154,0
,,
ROI_33,155,0
,,
ROI_33,156,0
,,
ROI_33,157,0
,,
ROI_33,158,0
,,
ROI_33,159,2
,,
ROI_33,160,0
,,
ROI_33,161,1
,,
ROI_33,162,0
,,
ROI_33,163,0
,,
ROI_33,164,0
,,
ROI_33,165,0
,,
ROI_33,166,0
,,
ROI_33,167,0
,,
ROI_33,168,0
,,
ROI_33,169,1
,,
ROI_33,170,0
,,
ROI_33,171,1
,,
ROI_33,172,0
,,
ROI_33,173,1
,,
ROI_33,174,0
,,
ROI_33,175,0
,,
ROI_33,176,0
,,
ROI_33,177,1
,,
ROI_33,178,0
,,
ROI_33,179,0
,,
ROI_33,180,0
,,
ROI_33,181,1
,,
ROI_33,182,0
,,
ROI_33,183,1
,,
ROI_33,184,1
,,
ROI_33,185,0
,,
ROI_33,186,0
,,
ROI_33,187,0
,,
ROI_33,188,1
,,
ROI_33,189,0
,,
ROI_33,190,0
,,
ROI_33,191,0
,,
ROI_33,192,0
,,
ROI_33,193,0
,,
ROI_33,194,0
,,
ROI_33,195,0
,,
ROI_33,196,0
,,
ROI_33,197,0
,,
ROI_33,198,0
,,
ROI_33,199,0
,,
ROI_33,200,1
,,
ROI_33,201,0
,,
ROI_33,202,0
,,
ROI_33,203,1
,,
ROI_33,204,0
,,
ROI_33,205,1
,,
ROI_33,206,0
,,
ROI_33,207,0
,,
ROI_33,208,1
,,
ROI_33,209,0
,,
ROI_33,210,0
,,
ROI_33,211,0
,,
ROI_33,212,1
,,
ROI_33,213,0
,,
ROI_33,214,0
,,
ROI_33,215,1
,,
ROI_33,216,0
,,
ROI_33,217,0
,,
ROI_33,218,0
,,
ROI_33,219,0
,,
ROI_33,220,0
,,
ROI_33,221,0
,,
ROI_33,222,1
,,
ROI_33,223,0
,,
ROI_33,224,0
,,
ROI_33,225,1
,,
ROI_33,226,0
,,
ROI_33,227,1
,,
ROI_33,228,2
,,
ROI_33,229,0
,,
ROI_33,230,0
,,
ROI_33,231,0
,,
ROI_33,232,0
,,
ROI_33,233,1
,,
ROI_33,234,0
,,
ROI_33,235,1
,,
ROI_33,236,0
,,
ROI_33,237,0
,,
ROI_33,238,0
,,
ROI_33,239,0
,,
ROI_33,240,0
,,
ROI_33,241,0
,,
ROI_33,242,0
,,
ROI_33,243,0
,,
ROI_33,244,0
,,
ROI_33,245,0
,,
ROI_33,246,0
,,
ROI_33,247,0
,,
ROI_33,248,1
,,
ROI_33,249,0
,,
ROI_33,250,0
,,
ROI_33,251,0
,,
ROI_33,252,0
,,
ROI_33,253,0
,,
ROI_33,254,0
,,
ROI_33,255,1
,,
ROI_34,0,1597
,,
ROI_34,1,262
,,
ROI_34,2,241
,,
ROI_34,3,240
,,
ROI_34,4,204
,,
ROI_34,5,209
,,
ROI_34,6,213
,,
ROI_34,7,200
,,
ROI_34,8,196
,,
ROI_34,9,178
,,
ROI_34,10,178
,,
ROI_34,11,204
,,
ROI_34,12,188
,,
ROI_34,13,187
,,
ROI_34,14,152
,,
ROI_34,15,183
,,
ROI_34,16,185
,,
ROI_34,17,161
,,
ROI_34,18,127
,,
ROI_34,19,181
,,
ROI_34,20,164
,,
ROI_34,21,147
,,
ROI_34,22,156
,,
ROI_34,23,128
,,
ROI_34,24,125
,,
ROI_34,25,116
,,
ROI_34,26,99
,,
ROI_34,27,84
,,
ROI_34,28,101
,,
ROI_34,29,105
,,
ROI_34,30,91
,,
ROI_34,31,87
,,
ROI_34,32,61
,,
ROI_34,33,82
,,
ROI_34,34,76
,,
ROI_34,35,65
,,
ROI_34,36,79
,,
ROI_34,37,66
,,
ROI_34,38,79
,,
ROI_34,39,56
,,
ROI_34,40,87
,,
ROI_34,41,64
,,
ROI_34,42,52
,,
ROI_34,43,66
,,
ROI_34,44,55
,,
ROI_34,45,71
,,
ROI_34,46,46
,,
ROI_34,47,49
,,
ROI_34,48,50
,,
ROI_34,49,52
,,
ROI_34,50,59
,,
ROI_34,51,46
,,
ROI_34,52,46
,,
ROI_34,53,46
,,
ROI_34,54,32
,,
ROI_34,55,48
,,
ROI_34,56,47
,,
ROI_34,57,49
,,
ROI_34,58,48
,,
ROI_34,59,38
,,
ROI_34,60,41
,,
ROI_34,61,28
,,
ROI_34,62,41
,,
ROI_34,63,45
,,
ROI_34,64,32
,,
ROI_34,65,43
,,
ROI_34,66,34
,,
ROI_34,67,34
,,
ROI_34,68,32
,,
ROI_34,69,44
,,
ROI_34,70,34
,,
ROI_34,71,31
,,
ROI_34,72,30
,,
ROI_34,73,42
,,
ROI_34,74,30
,,
ROI_34,75,27
,,
ROI_34,76,29
,,
ROI_34,77,26
,,
ROI_34,78,22
,,
ROI_34,79,32
,,
ROI_34,80,21
,,
ROI_34,81,28
,,
ROI_34,82,25
,,
ROI_34,83,28
,,
ROI_34,84,21
,,
ROI_34,85,24
,,
ROI_34,86,23
,,
ROI_34,87,19
,,
ROI_34,88,21
,,
ROI_34,89,20
,,
ROI_34,90,14
,,
ROI_34,91,19
,,
ROI_34,92,19
,,
ROI_34,93,20
,,
ROI_34,94,17
,,
ROI_34,95,18
,,
ROI_34,96,22
,,
ROI_34,97,21
,,
ROI_34,98,12
,,
ROI_34,99,22
,,
ROI_34,100,9
,,
ROI_34,101,26
,,
ROI_34,102,17
,,
ROI_34,103,15
,,
ROI_34,104,15
,,
ROI_34,105,21
,,
ROI_34,106,13
,,
ROI_34,107,15
,,
ROI_34,108,17
,,
ROI_34,109,15
,,
ROI_34,110,16
,,
ROI_34,111,13
,,
ROI_34,112,17
,,
ROI_34,113,14
,,
ROI_34,114,15
,,
ROI_34,115,15
,,
ROI_34,116,15
,,
ROI_34,117,18
,,
ROI_34,118,9
,,
ROI_34,119,13
,,
ROI_34,120,7
,,
ROI_34,121,19
,,
ROI_34,122,18
,,
ROI_34,123,18
,,
ROI_34,124,13
,,
ROI_34,125,16
,,
ROI_34,126,22
,,
ROI_34,127,15
,,
ROI_34,128,19
,,
ROI_34,129,7
,,
ROI_34,130,18
,,
ROI_34,131,12
,,
ROI_34,132,7
,,
ROI_34,133,17
,,
ROI_34,134,7
,,
ROI_34,135,7
,,
ROI_34,136,14
,,
ROI_34,137,9
,,
ROI_34,138,13
,,
ROI_34,139,10
,,
ROI_34,140,9
,,
ROI_34,141,16
,,
ROI_34,142,8
,,
ROI_34,143,14
,,
ROI_34,144,9
,,
ROI_34,145,4
,,
ROI_34,146,15
,,
ROI_34,147,7
,,
ROI_34,148,9
,,
ROI_34,149,6
,,
ROI_34,150,8
,,
ROI_34,151,9
,,
ROI_34,152,12
,,
ROI_34,153,11
,,
ROI_34,154,3
,,
ROI_34,155,10
,,
ROI_34,156,10
,,
ROI_34,157,16
,,
ROI_34,158,4
,,
ROI_34,159,7
,,
ROI_34,160,12
,,
ROI_34,161,8
,,
ROI_34,162,10
,,
ROI_34,163,2
,,
ROI_34,164,7
,,
ROI_34,165,5
,,
ROI_34,166,8
,,
ROI_34,167,11
,,
ROI_34,168,6
,,
ROI_34,169,10
,,
ROI_34,170,10
,,
ROI_34,171,6
,,
ROI_34,172,5
,,
ROI_34,173,5
,,
ROI_34,174,4
,,
ROI_34,175,4
,,
ROI_34,176,5
,,
ROI_34,177,3
,,
ROI_34,178,8
,,
ROI_34,179,6
,,
ROI_34,180,4
,,
ROI_34,181,10
,,
ROI_34,182,8
,,
ROI_34,183,2
,,
ROI_34,184,4
,,
ROI_34,185,5
,,
ROI_34,186,3
,,
ROI_34,187,4
,,
ROI_34,188,7
,,
ROI_34,189,8
,,
ROI_34,190,5
,,
ROI_34,191,4
,,
ROI_34,192,6
,,
ROI_34,193,2
,,
ROI_34,194,3
,,
ROI_34,195,3
,,
ROI_34,196,4
,,
ROI_34,197,8
,,
ROI_34,198,6
,,
ROI_34,199,1
,,
ROI_34,200,1
,,
ROI_34,201,6
,,
ROI_34,202,2
,,
ROI_34,203,2
,,
ROI_34,204,5
,,
ROI_34,205,6
,,
ROI_34,206,4
,,
ROI_34,207,7
,,
ROI_34,208,3
,,
ROI_34,209,3
,,
ROI_34,210,2
,,
ROI_34,211,1
,,
ROI_34,212,3
,,
ROI_34,213,2
,,
ROI_34,214,3
,,
ROI_34,215,4
,,
ROI_34,216,1
,,
ROI_34,217,0
,,
ROI_34,218,1
,,
ROI_34,219,5
,,
ROI_34,220,4
,,
ROI_34,221,1
,,
ROI_34,222,0
,,
ROI_34,223,3
,,
ROI_34,224,4
,,
ROI_34,225,6
,,
ROI_34,226,1
,,
ROI_34,227,6
,,
ROI_34,228,6
,,
ROI_34,229,6
,,
ROI_34,230,1
,,
ROI_34,231,3
,,
ROI_34,232,2
,,
ROI_34,233,4
,,
ROI_34,234,4
,,
ROI_34,235,2
,,
ROI_34,236,1
,,
ROI_34,237,4
,,
ROI_34,238,2
,,
ROI_34,239,2
,,
ROI_34,240,4
,,
ROI_34,241,3
,,
ROI_34,242,3
,,
ROI_34,243,0
,,
ROI_34,244,4
,,
ROI_34,245,2
,,
ROI_34,246,1
,,
ROI_34,247,4
,,
ROI_34,248,2
,,
ROI_34,249,4
,,
ROI_34,250,3
,,
ROI_34,251,0
,,
ROI_34,252,4
,,
ROI_34,253,1
,,
ROI_34,254,2
,,
ROI_34,255,157
,,
ROI_35,0,683
,,
ROI_35,1,33
,,
ROI_35,2,19
,,
ROI_35,3,22
,,
ROI_35,4,35
,,
ROI_35,5,15
,,
ROI_35,6,16
,,
ROI_35,7,18
,,
ROI_35,8,16
,,
ROI_35,9,15
,,
ROI_35,10,7
,,
ROI_35,11,19
,,
ROI_35,12,15
,,
ROI_35,13,8
,,
ROI_35,14,11
,,
ROI_35,15,14
,,
ROI_35,16,10
,,
ROI_35,17,7
,,
ROI_35,18,6
,,
ROI_35,19,8
,,
ROI_35,20,9
,,
ROI_35,21,3
,,
ROI_35,22,11
,,
ROI_35,23,11
,,
ROI_35,24,5
,,
ROI_35,25,4
,,
ROI_35,26,10
,,
ROI_35,27,4
,,
ROI_35,28,7
,,
ROI_35,29,9
,,
ROI_35,30,8
,,
ROI_35,31,2
,,
ROI_35,32,3
,,
ROI_35,33,7
,,
ROI_35,34,6
,,
ROI_35,35,4
,,
ROI_35,36,5
,,
ROI_35,37,8
,,
ROI_35,38,7
,,
ROI_35,39,6
,,
ROI_35,40,4
,,
ROI_35,41,2
,,
ROI_35,42,4
,,
ROI_35,43,4
,,
ROI_35,44,5
,,
ROI_35,45,9
,,
ROI_35,46,7
,,
ROI_35,47,4
,,
ROI_35,48,7
,,
ROI_35,49,4
,,
ROI_35,50,1
,,
ROI_35,51,4
,,
ROI_35,52,5
,,
ROI_35,53,1
,,
ROI_35,54,2
,,
ROI_35,55,6
,,
ROI_35,56,4
,,
ROI_35,57,5
,,
ROI_35,58,2
,,
ROI_35,59,7
,,
ROI_35,60,7
,,
ROI_35,61,6
,,
ROI_35,62,0
,,
ROI_35,63,7
,,
ROI_35,64,3
,,
ROI_35,65,2
,,
ROI_35,66,4
,,
ROI_35,67,6
,,
ROI_35,68,6
,,
ROI_35,69,8
,,
ROI_35,70,6
,,
ROI_35,71,4
,,
ROI_35,72,3
,,
ROI_35,73,5
,,
ROI_35,74,3
,,
ROI_35,75,4
,,
ROI_35,76,2
,,
ROI_35,77,4
,,
ROI_35,78,5
,,
ROI_35,79,1
,,
ROI_35,80,5
,,
ROI_35,81,4
,,
ROI_35,82,2
,,
ROI_35,83,4
,,
ROI_35,84,5
,,
ROI_35,85,4
,,
ROI_35,86,6
,,
ROI_35,87,3
,,
ROI_35,88,3
,,
ROI_35,89,4
,,
ROI_35,90,3
,,
ROI_35,91,1
,,
ROI_35,92,4
,,
ROI_35,93,7
,,
ROI_35,94,2
,,
ROI_35,95,6
,,
ROI_35,96,5
,,
ROI_35,97,3
,,
ROI_35,98,3
,,
ROI_35,99,3
,,
ROI_35,100,2
,,
ROI_35,101,6
,,
ROI_35,102,1
,,
ROI_35,103,2
,,
ROI_35,104,10
,,
ROI_35,105,3
,,
ROI_35,106,4
,,
ROI_35,107,3
,,
ROI_35,108,1
,,
ROI_35,109,3
,,
ROI_35,110,3
,,
ROI_35,111,2
,,
ROI_35,112,2
,,
ROI_35,113,2
,,
ROI_35,114,3
,,
ROI_35,115,1
,,
ROI_35,116,1
,,
ROI_35,117,5
,,
ROI_35,118,3
,,
ROI_35,119,3
,,
ROI_35,120,2
,,
ROI_35,121,5
,,
ROI_35,122,2
,,
ROI_35,123,2
,,
ROI_35,124,3
,,
ROI_35,125,4
,,
ROI_35,126,1
,,
ROI_35,127,4
,,
ROI_35,128,4
,,
ROI_35,129,3
,,
ROI_35,130,6
,,
ROI_35,131,2
,,
ROI_35,132,4
,,
ROI_35,133,3
,,
ROI_35,134,4
,,
ROI_35,135,2
,,
ROI_35,136,6
,,
ROI_35,137,5
,,
ROI_35,138,2
,,
ROI_35,139,4
,,
ROI_35,140,2
,,
ROI_35,141,5
,,
ROI_35,142,3
,,
ROI_35,143,3
,,
ROI_35,144,1
,,
ROI_35,145,1
,,
ROI_35,146,4
,,
ROI_35,147,3
,,
ROI_35,148,2
,,
ROI_35,149,4
,,
ROI_35,150,2
,,
ROI_35,151,2
,,
ROI_35,152,2
,,
ROI_35,153,3
,,
ROI_35,154,3
,,
ROI_35,155,5
,,
ROI_35,156,5
,,
ROI_35,157,1
,,
ROI_35,158,1
,,
ROI_35,159,2
,,
ROI_35,160,2
,,
ROI_35,161,1
,,
ROI_35,162,6
,,
ROI_35,163,6
,,
ROI_35,164,1
,,
ROI_35,165,2
,,
ROI_35,166,6
,,
ROI_35,167,2
,,
ROI_35,168,1
,,
ROI_35,169,1
,,
ROI_35,170,2
,,
ROI_35,171,4
,,
ROI_35,172,3
,,
ROI_35,173,0
,,
ROI_35,174,1
,,
ROI_35,175,0
,,
ROI_35,176,1
,,
ROI_35,177,3
,,
ROI_35,178,2
,,
ROI_35,179,3
,,
ROI_35,180,2
,,
ROI_35,181,4
,,
ROI_35,182,5
,,
ROI_35,183,0
,,
ROI_35,184,2
,,
ROI_35,185,4
,,
ROI_35,186,2
,,
ROI_35,187,3
,,
ROI_35,188,3
,,
ROI_35,189,1
,,
ROI_35,190,2
,,
ROI_35,191,1
,,
ROI_35,192,5
,,
ROI_35,193,3
,,
ROI_35,194,2
,,
ROI_35,195,3
,,
ROI_35,196,0
,,
ROI_35,197,1
,,
ROI_35,198,0
,,
ROI_35,199,4
,,
ROI_35,200,1
,,
ROI_35,201,7
,,
ROI_35,202,3
,,
ROI_35,203,1
,,
ROI_35,204,4
,,
ROI_35,205,2
,,
ROI_35,206,0
,,
ROI_35,207,2
,,
ROI_35,208,3
,,
ROI_35,209,0
,,
ROI_35,210,3
,,
ROI_35,211,2
,,
ROI_35,212,1
,,
ROI_35,213,6
,,
ROI_35,214,3
,,
ROI_35,215,1
,,
ROI_35,216,1
,,
ROI_35,217,3
,,
ROI_35,218,5
,,
ROI_35,219,1
,,
ROI_35,220,1
,,
ROI_35,221,2
,,
ROI_35,222,3
,,
ROI_35,223,1
,,
ROI_35,224,2
,,
ROI_35,225,2
,,
ROI_35,226,0
,,
ROI_35,227,3
,,
ROI_35,228,3
,,
ROI_35,229,4
,,
ROI_35,230,3
,,
ROI_35,231,0
,,
ROI_35,232,1
,,
ROI_35,233,2
,,
ROI_35,234,2
,,
ROI_35,235,4
,,
ROI_35,236,1
,,
ROI_35,237,1
,,
ROI_35,238,0
,,
ROI_35,239,2
,,
ROI_35,240,0
,,
ROI_35,241,0
,,
ROI_35,242,2
,,
ROI_35,243,2
,,
ROI_35,244,2
,,
ROI_35,245,0
,,
ROI_35,246,0
,,
ROI_35,247,1
,,
ROI_35,248,2
,,
ROI_35,249,1
,,
ROI_35,250,4
,,
ROI_35,251,2
,,
ROI_35,252,2
,,
ROI_35,253,1
,,
ROI_35,254,3
,,
ROI_35,255,187
,,
ROI_36,0,182
,,
ROI_36,1,51
,,
ROI_36,2,39
,,
ROI_36,3,49
,,
ROI_36,4,48
,,
ROI_36,5,38
,,
ROI_36,6,39
,,
ROI_36,7,25
,,
ROI_36,8,41
,,
ROI_36,9,29
,,
ROI_36,10,32
,,
ROI_36,11,37
,,
ROI_36,12,34
,,
ROI_36,13,38
,,
ROI_36,14,35
,,
ROI_36,15,29
,,
ROI_36,16,32
,,
ROI_36,17,34
,,
ROI_36,18,46
,,
ROI_36,19,47
,,
ROI_36,20,39
,,
ROI_36,21,47
,,
ROI_36,22,33
,,
ROI_36,23,39
,,
ROI_36,24,35
,,
ROI_36,25,29
,,
ROI_36,26,49
,,
ROI_36,27,38
,,
ROI_36,28,18
,,
ROI_36,29,22
,,
ROI_36,30,28
,,
ROI_36,31,28
,,
ROI_36,32,28
,,
ROI_36,33,37
,,
ROI_36,34,24
,,
ROI_36,35,32
,,
ROI_36,36,31
,,
ROI_36,37,26
,,
ROI_36,38,21
,,
ROI_36,39,14
,,
ROI_36,40,35
,,
ROI_36,41,26
,,
ROI_36,42,30
,,
ROI_36,43,21
,,
ROI_36,44,17
,,
ROI_36,45,21
,,
ROI_36,46,11
,,
ROI_36,47,20
,,
ROI_36,48,19
,,
ROI_36,49,15
,,
ROI_36,50,23
,,
ROI_36,51,19
,,
ROI_36,52,26
,,
ROI_36,53,17
,,
ROI_36,54,19
,,
ROI_36,55,24
,,
ROI_36,56,18
,,
ROI_36,57,19
,,
ROI_36,58,21
,,
ROI_36,59,16
,,
ROI_36,60,18
,,
ROI_36,61,17
,,
ROI_36,62,9
,,
ROI_36,63,18
,,
ROI_36,64,17
,,
ROI_36,65,23
,,
ROI_36,66,10
,,
ROI_36,67,17
,,
ROI_36,68,14
,,
ROI_36,69,14
,,
ROI_36,70,16
,,
ROI_36,71,23
,,
ROI_36,72,16
,,
ROI_36,73,11
,,
ROI_36,74,9
,,
ROI_36,75,11
,,
ROI_36,76,13
,,
ROI_36,77,16
,,
ROI_36,78,15
,,
ROI_36,79,14
,,
ROI_36,80,10
,,
ROI_36,81,13
,,
ROI_36,82,12
,,
ROI_36,83,12
,,
ROI_36,84,16
,,
ROI_36,85,9
,,
ROI_36,86,17
,,
ROI_36,87,15
,,
ROI_36,88,8
,,
ROI_36,89,15
,,
ROI_36,90,12
,,
ROI_36,91,17
,,
ROI_36,92,15
,,
ROI_36,93,18
,,
ROI_36,94,14
,,
ROI_36,95,7
,,
ROI_36,96,15
,,
ROI_36,97,13
,,
ROI_36,98,9
,,
ROI_36,99,12
,,
ROI_36,100,12
,,
ROI_36,101,11
,,
ROI_36,102,13
,,
ROI_36,103,4
,,
ROI_36,104,13
,,
ROI_36,105,11
,,
ROI_36,106,13
,,
ROI_36,107,10
,,
ROI_36,108,14
,,
ROI_36,109,10
,,
ROI_36,110,7
,,
ROI_36,111,9
,,
ROI_36,112,11
,,
ROI_36,113,8
,,
ROI_36,114,14
,,
ROI_36,115,11
,,
ROI_36,116,7
,,
ROI_36,117,7
,,
ROI_36,118,6
,,
ROI_36,119,6
,,
ROI_36,120,11
,,
ROI_36,121,6
,,
ROI_36,122,10
,,
ROI_36,123,11
,,
ROI_36,124,14
,,
ROI_36,125,19
,,
ROI_36,126,7
,,
ROI_36,127,8
,,
ROI_36,128,10
,,
ROI_36,129,8
,,
ROI_36,130,7
,,
ROI_36,131,10
,,
ROI_36,132,7
,,
ROI_36,133,15
,,
ROI_36,134,6
,,
ROI_36,135,9
,,
ROI_36,136,11
,,
ROI_36,137,2
,,
ROI_36,138,9
,,
ROI_36,139,10
,,
ROI_36,140,4
,,
ROI_36,141,10
,,
ROI_36,142,6
,,
ROI_36,143,5
,,
ROI_36,144,7
,,
ROI_36,145,7
,,
ROI_36,146,5
,,
ROI_36,147,2
,,
ROI_36,148,3
,,
ROI_36,149,3
,,
ROI_36,150,5
,,
ROI_36,151,4
,,
ROI_36,152,4
,,
ROI_36,153,8
,,
ROI_36,154,3
,,
ROI_36,155,2
,,
ROI_36,156,6
,,
ROI_36,157,5
,,
ROI_36,158,4
,,
ROI_36,159,5
,,
ROI_36,160,2
,,
ROI_36,161,1
,,
ROI_36,162,4
,,
ROI_36,163,6
,,
ROI_36,164,6
,,
ROI_36,165,3
,,
ROI_36,166,6
,,
ROI_36,167,8
,,
ROI_36,168,3
,,
ROI_36,169,5
,,
ROI_36,170,4
,,
ROI_36,171,3
,,
ROI_36,172,5
,,
ROI_36,173,3
,,
ROI_36,174,7
,,
ROI_36,175,4
,,
ROI_36,176,1
,,
ROI_36,177,7
,,
ROI_36,178,4
,,
ROI_36,179,2
,,
ROI_36,180,4
,,
ROI_36,181,6
,,
ROI_36,182,1
,,
ROI_36,183,8
,,
ROI_36,184,3
,,
ROI_36,185,2
,,
ROI_36,186,1
,,
ROI_36,187,1
,,
ROI_36,188,3
,,
ROI_36,189,2
,,
ROI_36,190,4
,,
ROI_36,191,5
,,
ROI_36,192,3
,,
ROI_36,193,4
,,
ROI_36,194,1
,,
ROI_36,195,4
,,
ROI_36,196,1
,,
ROI_36,197,2
,,
ROI_36,198,1
,,
ROI_36,199,5
,,
ROI_36,200,3
,,
ROI_36,201,5
,,
ROI_36,202,2
,,
ROI_36,203,3
,,
ROI_36,204,6
,,
ROI_36,205,1
,,
ROI_36,206,4
,,
ROI_36,207,4
,,
ROI_36,208,3
,,
ROI_36,209,2
,,
ROI_36,210,1
,,
ROI_36,211,2
,,
ROI_36,212,3
,,
ROI_36,213,0
,,
ROI_36,214,2
,,
ROI_36,215,2
,,
ROI_36,216,3
,,
ROI_36,217,3
,,
ROI_36,218,0
,,
ROI_36,219,1
,,
ROI_36,220,1
,,
ROI_36,221,1
,,
ROI_36,222,0
,,
ROI_36,223,4
,,
ROI_36,224,2
,,
ROI_36,225,3
,,
ROI_36,226,2
,,
ROI_36,227,1
,,
ROI_36,228,2
,,
ROI_36,229,3
,,
ROI_36,230,2
,,
ROI_36,231,3
,,
ROI_36,232,0
,,
ROI_36,233,2
,,
ROI_36,234,3
,,
ROI_36,235,1
,,
ROI_36,236,2
,,
ROI_36,237,1
,,
ROI_36,238,1
,,
ROI_36,239,0
,,
ROI_36,240,2
,,
ROI_36,241,2
,,
ROI_36,242,0
,,
ROI_36,243,1
,,
ROI_36,244,1
,,
ROI_36,245,1
,,
ROI_36,246,1
,,
ROI_36,247,2
,,
ROI_36,248,3
,,
ROI_36,249,1
,,
ROI_36,250,2
,,
ROI_36,251,1
,,
ROI_36,252,2
,,
ROI_36,253,2
,,
ROI_36,254,2
,,
ROI_36,255,94
,,
ROI_37,0,13035
,,
ROI_37,1,798
,,
ROI_37,2,661
,,
ROI_37,3,538
,,
ROI_37,4,499
,,
ROI_37,5,444
,,
ROI_37,6,391
,,
ROI_37,7,376
,,
ROI_37,8,324
,,
ROI_37,9,374
,,
ROI_37,10,314
,,
ROI_37,11,286
,,
ROI_37,12,282
,,
ROI_37,13,270
,,
ROI_37,14,250
,,
ROI_37,15,273
,,
ROI_37,16,254
,,
ROI_37,17,224
,,
ROI_37,18,219
,,
ROI_37,19,230
,,
ROI_37,20,213
,,
ROI_37,21,185
,,
ROI_37,22,195
,,
ROI_37,23,188
,,
ROI_37,24,210
,,
ROI_37,25,170
,,
ROI_37,26,151
,,
ROI_37,27,169
,,
ROI_37,28,151
,,
ROI_37,29,151
,,
ROI_37,30,158
,,
ROI_37,31,169
,,
ROI_37,32,134
,,
ROI_37,33,144
,,
ROI_37,34,129
,,
ROI_37,35,116
,,
ROI_37,36,120
,,
ROI_37,37,142
,,
ROI_37,38,112
,,
ROI_37,39,113
,,
ROI_37,40,125
,,
ROI_37,41,117
,,
ROI_37,42,118
,,
ROI_37,43,115
,,
ROI_37,44,95
,,
ROI_37,45,118
,,
ROI_37,46,111
,,
ROI_37,47,103
,,
ROI_37,48,107
,,
ROI_37,49,88
,,
ROI_37,50,89
,,
ROI_37,51,112
,,
ROI_37,52,89
,,
ROI_37,53,89
,,
ROI_37,54,91
,,
ROI_37,55,80
,,
ROI_37,56,73
,,
ROI_37,57,86
,,
ROI_37,58,82
,,
ROI_37,59,81
,,
ROI_37,60,62
,,
ROI_37,61,75
,,
ROI_37,62,69
,,
ROI_37,63,72
,,
ROI_37,64,74
,,
ROI_37,65,78
,,
ROI_37,66,71
,,
ROI_37,67,71
,,
ROI_37,68,72
,,
ROI_37,69,57
,,
ROI_37,70,56
,,
ROI_37,71,68
,,
ROI_37,72,61
,,
ROI_37,73,63
,,
ROI_37,74,67
,,
ROI_37,75,56
,,
ROI_37,76,61
,,
ROI_37,77,49
,,
ROI_37,78,57
,,
ROI_37,79,65
,,
ROI_37,80,57
,,
ROI_37,81,50
,,
ROI_37,82,65
,,
ROI_37,83,42
,,
ROI_37,84,40
,,
ROI_37,85,41
,,
ROI_37,86,45
,,
ROI_37,87,57
,,
ROI_37,88,42
,,
ROI_37,89,43
,,
ROI_37,90,48
,,
ROI_37,91,42
,,
ROI_37,92,35
,,
ROI_37,93,46
,,
ROI_37,94,50
,,
ROI_37,95,47
,,
ROI_37,96,37
,,
ROI_37,97,46
,,
ROI_37,98,36
,,
ROI_37,99,37
,,
ROI_37,100,42
,,
ROI_37,101,39
,,
ROI_37,102,43
,,
ROI_37,103,55
,,
ROI_37,104,46
,,
ROI_37,105,31
,,
ROI_37,106,37
,,
ROI_37,107,42
,,
ROI_37,108,30
,,
ROI_37,109,30
,,
ROI_37,110,39
,,
ROI_37,111,27
,,
ROI_37,112,30
,,
ROI_37,113,31
,,
ROI_37,114,35
,,
ROI_37,115,33
,,
ROI_37,116,28
,,
ROI_37,117,32
,,
ROI_37,118,28
,,
ROI_37,119,25
,,
ROI_37,120,26
,,
ROI_37,121,28
,,
ROI_37,122,31
,,
ROI_37,123,38
,,
ROI_37,124,44
,,
ROI_37,125,57
,,
ROI_37,126,26
,,
ROI_37,127,43
,,
ROI_37,128,24
,,
ROI_37,129,31
,,
ROI_37,130,24
,,
ROI_37,131,28
,,
ROI_37,132,28
,,
ROI_37,133,19
,,
ROI_37,134,17
,,
ROI_37,135,20
,,
ROI_37,136,20
,,
ROI_37,137,17
,,
ROI_37,138,27
,,
ROI_37,139,25
,,
ROI_37,140,26
,,
ROI_37,141,26
,,
ROI_37,142,17
,,
ROI_37,143,16
,,
ROI_37,144,21
,,
ROI_37,145,11
,,
ROI_37,146,18
,,
ROI_37,147,15
,,
ROI_37,148,17
,,
ROI_37,149,26
,,
ROI_37,150,24
,,
ROI_37,151,20
,,
ROI_37,152,15
,,
ROI_37,153,12
,,
ROI_37,154,13
,,
ROI_37,155,19
,,
ROI_37,156,14
,,
ROI_37,157,18
,,
ROI_37,158,17
,,
ROI_37,159,19
,,
ROI_37,160,17
,,
ROI_37,161,10
,,
ROI_37,162,11
,,
ROI_37,163,16
,,
ROI_37,164,16
,,
ROI_37,165,16
,,
ROI_37,166,10
,,
ROI_37,167,17
,,
ROI_37,168,13
,,
ROI_37,169,18
,,
ROI_37,170,11
,,
ROI_37,171,11
,,
ROI_37,172,9
,,
ROI_37,173,13
,,
ROI_37,174,10
,,
ROI_37,175,9
,,
ROI_37,176,19
,,
ROI_37,177,16
,,
ROI_37,178,10
,,
ROI_37,179,15
,,
ROI_37,180,16
,,
ROI_37,181,10
,,
ROI_37,182,11
,,
ROI_37,183,10
,,
ROI_37,184,10
,,
ROI_37,185,12
,,
ROI_37,186,7
,,
ROI_37,187,9
,,
ROI_37,188,17
,,
ROI_37,189,7
,,
ROI_37,190,10
,,
ROI_37,191,8
,,
ROI_37,192,9
,,
ROI_37,193,12
,,
ROI_37,194,9
,,
ROI_37,195,7
,,
ROI_37,196,11
,,
ROI_37,197,12
,,
ROI_37,198,5
,,
ROI_37,199,13
,,
ROI_37,200,14
,,
ROI_37,201,9
,,
ROI_37,202,7
,,
ROI_37,203,8
,,
ROI_37,204,13
,,
ROI_37,205,9
,,
ROI_37,206,15
,,
ROI_37,207,5
,,
ROI_37,208,8
,,
ROI_37,209,9
,,
ROI_37,210,8
,,
ROI_37,211,10
,,
ROI_37,212,11
,,
ROI_37,213,8
,,
ROI_37,214,9
,,
ROI_37,215,11
,,
ROI_37,216,9
,,
ROI_37,217,8
,,
ROI_37,218,5
,,
ROI_37,219,11
,,
ROI_37,220,7
,,
ROI_37,221,10
,,
ROI_37,222,5
,,
ROI_37,223,12
,,
ROI_37,224,1
,,
ROI_37,225,9
,,
ROI_37,226,8
,,
ROI_37,227,12
,,
ROI_37,228,6
,,
ROI_37,229,9
,,
ROI_37,230,8
,,
ROI_37,231,5
,,
ROI_37,232,11
,,
ROI_37,233,10
,,
ROI_37,234,8
,,
ROI_37,235,11
,,
ROI_37,236,4
,,
ROI_37,237,4
,,
ROI_37,238,6
,,
ROI_37,239,8
,,
ROI_37,240,7
,,
ROI_37,241,4
,,
ROI_37,242,2
,,
ROI_37,243,0
,,
ROI_37,244,6
,,
ROI_37,245,14
,,
ROI_37,246,8
,,
ROI_37,247,11
,,
ROI_37,248,3
,,
ROI_37,249,0
,,
ROI_37,250,6
,,
ROI_37,251,10
,,
ROI_37,252,1
,,
ROI_37,253,4
,,
ROI_37,254,9
,,
ROI_37,255,376
,,
ROI_38,0,306
,,
ROI_38,1,69
,,
ROI_38,2,54
,,
ROI_38,3,51
,,
ROI_38,4,40
,,
ROI_38,5,41
,,
ROI_38,6,42
,,
ROI_38,7,38
,,
ROI_38,8,34
,,
ROI_38,9,36
,,
ROI_38,10,32
,,
ROI_38,11,30
,,
ROI_38,12,29
,,
ROI_38,13,26
,,
ROI_38,14,27
,,
ROI_38,15,37
,,
ROI_38,16,24
,,
ROI_38,17,22
,,
ROI_38,18,24
,,
ROI_38,19,21
,,
ROI_38,20,24
,,
ROI_38,21,24
,,
ROI_38,22,23
,,
ROI_38,23,22
,,
ROI_38,24,25
,,
ROI_38,25,24
,,
ROI_38,26,25
,,
ROI_38,27,32
,,
ROI_38,28,21
,,
ROI_38,29,16
,,
ROI_38,30,22
,,
ROI_38,31,13
,,
ROI_38,32,14
,,
ROI_38,33,19
,,
ROI_38,34,19
,,
ROI_38,35,15
,,
ROI_38,36,22
,,
ROI_38,37,22
,,
ROI_38,38,14
,,
ROI_38,39,8
,,
ROI_38,40,7
,,
ROI_38,41,14
,,
ROI_38,42,14
,,
ROI_38,43,14
,,
ROI_38,44,11
,,
ROI_38,45,12
,,
ROI_38,46,9
,,
ROI_38,47,11
,,
ROI_38,48,5
,,
ROI_38,49,6
,,
ROI_38,50,9
,,
ROI_38,51,14
,,
ROI_38,52,10
,,
ROI_38,53,9
,,
ROI_38,54,5
,,
ROI_38,55,15
,,
ROI_38,56,11
,,
ROI_38,57,11
,,
ROI_38,58,7
,,
ROI_38,59,6
,,
ROI_38,60,11
,,
ROI_38,61,7
,,
ROI_38,62,10
,,
ROI_38,63,7
,,
ROI_38,64,8
,,
ROI_38,65,11
,,
ROI_38,66,2
,,
ROI_38,67,5
,,
ROI_38,68,4
,,
ROI_38,69,9
,,
ROI_38,70,6
,,
ROI_38,71,8
,,
ROI_38,72,6
,,
ROI_38,73,6
,,
ROI_38,74,8
,,
ROI_38,75,8
,,
ROI_38,76,8
,,
ROI_38,77,5
,,
ROI_38,78,2
,,
ROI_38,79,2
,,
ROI_38,80,8
,,
ROI_38,81,4
,,
ROI_38,82,6
,,
ROI_38,83,3
,,
ROI_38,84,7
,,
ROI_38,85,4
,,
ROI_38,86,4
,,
ROI_38,87,6
,,
ROI_38,88,9
,,
ROI_38,89,1
,,
ROI_38,90,5
,,
ROI_38,91,3
,,
ROI_38,92,5
,,
ROI_38,93,4
,,
ROI_38,94,4
,,
ROI_38,95,3
,,
ROI_38,96,4
,,
ROI_38,97,6
,,
ROI_38,98,3
,,
ROI_38,99,4
,,
ROI_38,100,5
,,
ROI_38,101,3
,,
ROI_38,102,2
,,
ROI_38,103,1
,,
ROI_38,104,1
,,
ROI_38,105,3
,,
ROI_38,106,1
,,
ROI_38,107,3
,,
ROI_38,108,3
,,
ROI_38,109,1
,,
ROI_38,110,2
,,
ROI_38,111,2
,,
ROI_38,112,0
,,
ROI_38,113,3
,,
ROI_38,114,1
,,
ROI_38,115,2
,,
ROI_38,116,2
,,
ROI_38,117,0
,,
ROI_38,118,2
,,
ROI_38,119,0
,,
ROI_38,120,2
,,
ROI_38,121,3
,,
ROI_38,122,4
,,
ROI_38,123,2
,,
ROI_38,124,1
,,
ROI_38,125,7
,,
ROI_38,126,2
,,
ROI_38,127,3
,,
ROI_38,128,2
,,
ROI_38,129,0
,,
ROI_38,130,2
,,
ROI_38,131,1
,,
ROI_38,132,1
,,
ROI_38,133,0
,,
ROI_38,134,2
,,
ROI_38,135,3
,,
ROI_38,136,0
,,
ROI_38,137,1
,,
ROI_38,138,2
,,
ROI_38,139,1
,,
ROI_38,140,1
,,
ROI_38,141,3
,,
ROI_38,142,1
,,
ROI_38,143,1
,,
ROI_38,144,0
,,
ROI_38,145,0
,,
ROI_38,146,1
,,
ROI_38,147,1
,,
ROI_38,148,0
,,
ROI_38,149,2
,,
ROI_38,150,0
,,
ROI_38,151,3
,,
ROI_38,152,4
,,
ROI_38,153,0
,,
ROI_38,154,2
,,
ROI_38,155,2
,,
ROI_38,156,4
,,
ROI_38,157,3
,,
ROI_38,158,2
,,
ROI_38,159,2
,,
ROI_38,160,2
,,
ROI_38,161,0
,,
ROI_38,162,2
,,
ROI_38,163,2
,,
ROI_38,164,0
,,
ROI_38,165,1
,,
ROI_38,166,1
,,
ROI_38,167,1
,,
ROI_38,168,1
,,
ROI_38,169,0
,,
ROI_38,170,1
,,
ROI_38,171,2
,,
ROI_38,172,1
,,
ROI_38,173,0
,,
ROI_38,174,4
,,
ROI_38,175,1
,,
ROI_38,176,0
,,
ROI_38,177,0
,,
ROI_38,178,1
,,
ROI_38,179,2
,,
ROI_38,180,0
,,
ROI_38,181,0
,,
ROI_38,182,4
,,
ROI_38,183,0
,,
ROI_38,184,1
,,
ROI_38,185,1
,,
ROI_38,186,0
,,
ROI_38,187,0
,,
ROI_38,188,0
,,
ROI_38,189,2
,,
ROI_38,190,0
,,
ROI_38,191,0
,,
ROI_38,192,1
,,
ROI_38,193,0
,,
ROI_38,194,0
,,
ROI_38,195,0
,,
ROI_38,196,0
,,
ROI_38,197,2
,,
ROI_38,198,1
,,
ROI_38,199,0
,,
ROI_38,200,0
,,
ROI_38,201,0
,,
ROI_38,202,2
,,
ROI_38,203,1
,,
ROI_38,204,1
,,
ROI_38,205,1
,,
ROI_38,206,0
,,
ROI_38,207,0
,,
ROI_38,208,1
,,
ROI_38,209,0
,,
ROI_38,210,1
,,
ROI_38,211,0
,,
ROI_38,212,1
,,
ROI_38,213,0
,,
ROI_38,214,2
,,
ROI_38,215,1
,,
ROI_38,216,1
,,
ROI_38,217,2
,,
ROI_38,218,2
,,
ROI_38,219,1
,,
ROI_38,220,2
,,
ROI_38,221,1
,,
ROI_38,222,0
,,
ROI_38,223,0
,,
ROI_38,224,0
,,
ROI_38,225,4
,,
ROI_38,226,0
,,
ROI_38,227,1
,,
ROI_38,228,1
,,
ROI_38,229,0
,,
ROI_38,230,1
,,
ROI_38,231,1
,,
ROI_38,232,1
,,
ROI_38,233,1
,,
ROI_38,234,1
,,
ROI_38,235,0
,,
ROI_38,236,0
,,
ROI_38,237,2
,,
ROI_38,238,1
,,
ROI_38,239,0
,,
ROI_38,240,2
,,
ROI_38,241,1
,,
ROI_38,242,2
,,
ROI_38,243,0
,,
ROI_38,244,0
,,
ROI_38,245,1
,,
ROI_38,246,1
,,
ROI_38,247,0
,,
ROI_38,248,2
,,
ROI_38,249,0
,,
ROI_38,250,0
,,
ROI_38,251,0
,,
ROI_38,252,0
,,
ROI_38,253,0
,,
ROI_38,254,1
,,
ROI_38,255,4
,,
ROI_39,0,904
,,
ROI_39,1,380
,,
ROI_39,2,479
,,
ROI_39,3,490
,,
ROI_39,4,449
,,
ROI_39,5,378
,,
ROI_39,6,442
,,
ROI_39,7,365
,,
ROI_39,8,371
,,
ROI_39,9,393
,,
ROI_39,10,361
,,
ROI_39,11,330
,,
ROI_39,12,364
,,
ROI_39,13,320
,,
ROI_39,14,316
,,
ROI_39,15,347
,,
ROI_39,16,321
,,
ROI_39,17,292
,,
ROI_39,18,274
,,
ROI_39,19,257
,,
ROI_39,20,295
,,
ROI_39,21,271
,,
ROI_39,22,287
,,
ROI_39,23,263
,,
ROI_39,24,291
,,
ROI_39,25,266
,,
ROI_39,26,254
,,
ROI_39,27,265
,,
ROI_39,28,221
,,
ROI_39,29,221
,,
ROI_39,30,213
,,
ROI_39,31,210
,,
ROI_39,32,212
,,
ROI_39,33,211
,,
ROI_39,34,204
,,
ROI_39,35,168
,,
ROI_39,36,196
,,
ROI_39,37,169
,,
ROI_39,38,189
,,
ROI_39,39,189
,,
ROI_39,40,184
,,
ROI_39,41,178
,,
ROI_39,42,152
,,
ROI_39,43,124
,,
ROI_39,44,144
,,
ROI_39,45,144
,,
ROI_39,46,133
,,
ROI_39,47,169
,,
ROI_39,48,158
,,
ROI_39,49,137
,,
ROI_39,50,142
,,
ROI_39,51,116
,,
ROI_39,52,131
,,
ROI_39,53,95
,,
ROI_39,54,111
,,
ROI_39,55,125
,,
ROI_39,56,110
,,
ROI_39,57,133
,,
ROI_39,58,112
,,
ROI_39,59,94
,,
ROI_39,60,110
,,
ROI_39,61,93
,,
ROI_39,62,110
,,
ROI_39,63,97
,,
ROI_39,64,108
,,
ROI_39,65,82
,,
ROI_39,66,100
,,
ROI_39,67,83
,,
ROI_39,68,87
,,
ROI_39,69,72
,,
ROI_39,70,82
,,
ROI_39,71,82
,,
ROI_39,72,87
,,
ROI_39,73,85
,,
ROI_39,74,86
,,
ROI_39,75,70
,,
ROI_39,76,76
,,
ROI_39,77,64
,,
ROI_39,78,63
,,
ROI_39,79,66
,,
ROI_39,80,88
,,
ROI_39,81,55
,,
ROI_39,82,84
,,
ROI_39,83,80
,,
ROI_39,84,78
,,
ROI_39,85,72
,,
ROI_39,86,61
,,
ROI_39,87,63
,,
ROI_39,88,58
,,
ROI_39,89,84
,,
ROI_39,90,68
,,
ROI_39,91,65
,,
ROI_39,92,55
,,
ROI_39,93,66
,,
ROI_39,94,55
,,
ROI_39,95,54
,,
ROI_39,96,50
,,
ROI_39,97,55
,,
ROI_39,98,56
,,
ROI_39,99,70
,,
ROI_39,100,60
,,
ROI_39,101,65
,,
ROI_39,102,54
,,
ROI_39,103,53
,,
ROI_39,104,51
,,
ROI_39,105,50
,,
ROI_39,106,56
,,
ROI_39,107,35
,,
ROI_39,108,47
,,
ROI_39,109,42
,,
ROI_39,110,42
,,
ROI_39,111,39
,,
ROI_39,112,40
,,
ROI_39,113,41
,,
ROI_39,114,46
,,
ROI_39,115,41
,,
ROI_39,116,38
,,
ROI_39,117,40
,,
ROI_39,118,29
,,
ROI_39,119,44
,,
ROI_39,120,27
,,
ROI_39,121,48
,,
ROI_39,122,65
,,
ROI_39,123,44
,,
ROI_39,124,64
,,
ROI_39,125,65
,,
ROI_39,126,52
,,
ROI_39,127,45
,,
ROI_39,128,44
,,
ROI_39,129,38
,,
ROI_39,130,41
,,
ROI_39,131,28
,,
ROI_39,132,25
,,
ROI_39,133,42
,,
ROI_39,134,19
,,
ROI_39,135,25
,,
ROI_39,136,33
,,
ROI_39,137,26
,,
ROI_39,138,23
,,
ROI_39,139,33
,,
ROI_39,140,27
,,
ROI_39,141,34
,,
ROI_39,142,23
,,
ROI_39,143,28
,,
ROI_39,144,18
,,
ROI_39,145,24
,,
ROI_39,146,24
,,
ROI_39,147,20
,,
ROI_39,148,29
,,
ROI_39,149,20
,,
ROI_39,150,20
,,
ROI_39,151,27
,,
ROI_39,152,23
,,
ROI_39,153,22
,,
ROI_39,154,22
,,
ROI_39,155,14
,,
ROI_39,156,17
,,
ROI_39,157,27
,,
ROI_39,158,18
,,
ROI_39,159,16
,,
ROI_39,160,17
,,
ROI_39,161,25
,,
ROI_39,162,19
,,
ROI_39,163,21
,,
ROI_39,164,17
,,
ROI_39,165,9
,,
ROI_39,166,23
,,
ROI_39,167,12
,,
ROI_39,168,14
,,
ROI_39,169,19
,,
ROI_39,170,9
,,
ROI_39,171,11
,,
ROI_39,172,22
,,
ROI_39,173,17
,,
ROI_39,174,15
,,
ROI_39,175,13
,,
ROI_39,176,13
,,
ROI_39,177,13
,,
ROI_39,178,8
,,
ROI_39,179,12
,,
ROI_39,180,12
,,
ROI_39,181,14
,,
ROI_39,182,17
,,
ROI_39,183,16
,,
ROI_39,184,12
,,
ROI_39,185,14
,,
ROI_39,186,9
,,
ROI_39,187,17
,,
ROI_39,188,8
,,
ROI_39,189,16
,,
ROI_39,190,8
,,
ROI_39,191,7
,,
ROI_39,192,10
,,
ROI_39,193,11
,,
ROI_39,194,13
,,
ROI_39,195,10
,,
ROI_39,196,10
,,
ROI_39,197,14
,,
ROI_39,198,12
,,
ROI_39,199,12
,,
ROI_39,200,4
,,
ROI_39,201,4
,,
ROI_39,202,7
,,
ROI_39,203,12
,,
ROI_39,204,2
,,
ROI_39,205,12
,,
ROI_39,206,18
,,
ROI_39,207,7
,,
ROI_39,208,10
,,
ROI_39,209,12
,,
ROI_39,210,14
,,
ROI_39,211,7
,,
ROI_39,212,8
,,
ROI_39,213,10
,,
ROI_39,214,11
,,
ROI_39,215,8
,,
ROI_39,216,14
,,
ROI_39,217,10
,,
ROI_39,218,8
,,
ROI_39,219,3
,,
ROI_39,220,9
,,
ROI_39,221,12
,,
ROI_39,222,7
,,
ROI_39,223,4
,,
ROI_39,224,4
,,
ROI_39,225,4
,,
ROI_39,226,5
,,
ROI_39,227,10
,,
ROI_39,228,3
,,
ROI_39,229,9
,,
ROI_39,230,2
,,
ROI_39,231,5
,,
ROI_39,232,7
,,
ROI_39,233,12
,,
ROI_39,234,6
,,
ROI_39,235,2
,,
ROI_39,236,9
,,
ROI_39,237,4
,,
ROI_39,238,6
,,
ROI_39,239,4
,,
ROI_39,240,10
,,
ROI_39,241,6
,,
ROI_39,242,5
,,
ROI_39,243,1
,,
ROI_39,244,8
,,
ROI_39,245,7
,,
ROI_39,246,5
,,
ROI_39,247,2
,,
ROI_39,248,5
,,
ROI_39,249,3
,,
ROI_39,250,8
,,
ROI_39,251,4
,,
ROI_39,252,7
,,
ROI_39,253,3
,,
ROI_39,254,2
,,
ROI_39,255,496
,,
ROI_40,0,269
,,
ROI_40,1,106
,,
ROI_40,2,93
,,
ROI_40,3,90
,,
ROI_40,4,68
,,
ROI_40,5,87
,,
ROI_40,6,128
,,
ROI_40,7,93
,,
ROI_40,8,99
,,
ROI_40,9,107
,,
ROI_40,10,83
,,
ROI_40,11,90
,,
ROI_40,12,88
,,
ROI_40,13,104
,,
ROI_40,14,80
,,
ROI_40,15,83
,,
ROI_40,16,87
,,
ROI_40,17,104
,,
ROI_40,18,77
,,
ROI_40,19,98
,,
ROI_40,20,73
,,
ROI_40,21,76
,,
ROI_40,22,77
,,
ROI_40,23,86
,,
ROI_40,24,72
,,
ROI_40,25,72
,,
ROI_40,26,68
,,
ROI_40,27,52
,,
ROI_40,28,66
,,
ROI_40,29,62
,,
ROI_40,30,74
,,
ROI_40,31,61
,,
ROI_40,32,38
,,
ROI_40,33,52
,,
ROI_40,34,57
,,
ROI_40,35,53
,,
ROI_40,36,49
,,
ROI_40,37,52
,,
ROI_40,38,41
,,
ROI_40,39,46
,,
ROI_40,40,60
,,
ROI_40,41,46
,,
ROI_40,42,45
,,
ROI_40,43,36
,,
ROI_40,44,47
,,
ROI_40,45,35
,,
ROI_40,46,30
,,
ROI_40,47,40
,,
ROI_40,48,36
,,
ROI_40,49,38
,,
ROI_40,50,29
,,
ROI_40,51,34
,,
ROI_40,52,41
,,
ROI_40,53,30
,,
ROI_40,54,36
,,
ROI_40,55,33
,,
ROI_40,56,29
,,
ROI_40,57,34
,,
ROI_40,58,25
,,
ROI_40,59,27
,,
ROI_40,60,36
,,
ROI_40,61,39
,,
ROI_40,62,29
,,
ROI_40,63,26
,,
ROI_40,64,25
,,
ROI_40,65,17
,,
ROI_40,66,26
,,
ROI_40,67,24
,,
ROI_40,68,30
,,
ROI_40,69,26
,,
ROI_40,70,25
,,
ROI_40,71,22
,,
ROI_40,72,20
,,
ROI_40,73,22
,,
ROI_40,74,25
,,
ROI_40,75,19
,,
ROI_40,76,18
,,
ROI_40,77,17
,,
ROI_40,78,19
,,
ROI_40,79,12
,,
ROI_40,80,21
,,
ROI_40,81,24
,,
ROI_40,82,17
,,
ROI_40,83,14
,,
ROI_40,84,15
,,
ROI_40,85,26
,,
ROI_40,86,17
,,
ROI_40,87,19
,,
ROI_40,88,15
,,
ROI_40,89,18
,,
ROI_40,90,11
,,
ROI_40,91,15
,,
ROI_40,92,16
,,
ROI_40,93,14
,,
ROI_40,94,16
,,
ROI_40,95,9
,,
ROI_40,96,10
,,
ROI_40,97,19
,,
ROI_40,98,9
,,
ROI_40,99,16
,,
ROI_40,100,18
,,
ROI_40,101,22
,,
ROI_40,102,8
,,
ROI_40,103,12
,,
ROI_40,104,8
,,
ROI_40,105,17
,,
ROI_40,106,14
,,
ROI_40,107,17
,,
ROI_40,108,8
,,
ROI_40,109,16
,,
ROI_40,110,13
,,
ROI_40,111,16
,,
ROI_40,112,15
,,
ROI_40,113,7
,,
ROI_40,114,14
,,
ROI_40,115,8
,,
ROI_40,116,7
,,
ROI_40,117,9
,,
ROI_40,118,13
,,
ROI_40,119,13
,,
ROI_40,120,9
,,
ROI_40,121,10
,,
ROI_40,122,12
,,
ROI_40,123,11
,,
ROI_40,124,11
,,
ROI_40,125,18
,,
ROI_40,126,19
,,
ROI_40,127,15
,,
ROI_40,128,8
,,
ROI_40,129,9
,,
ROI_40,130,12
,,
ROI_40,131,15
,,
ROI_40,132,11
,,
ROI_40,133,7
,,
ROI_40,134,7
,,
ROI_40,135,10
,,
ROI_40,136,13
,,
ROI_40,137,2
,,
ROI_40,138,12
,,
ROI_40,139,7
,,
ROI_40,140,10
,,
ROI_40,141,10
,,
ROI_40,142,9
,,
ROI_40,143,7
,,
ROI_40,144,8
,,
ROI_40,145,7
,,
ROI_40,146,9
,,
ROI_40,147,6
,,
ROI_40,148,8
,,
ROI_40,149,6
,,
ROI_40,150,9
,,
ROI_40,151,8
,,
ROI_40,152,8
,,
ROI_40,153,9
,,
ROI_40,154,7
,,
ROI_40,155,10
,,
ROI_40,156,6
,,
ROI_40,157,8
,,
ROI_40,158,10
,,
ROI_40,159,11
,,
ROI_40,160,9
,,
ROI_40,161,6
,,
ROI_40,162,6
,,
ROI_40,163,6
,,
ROI_40,164,6
,,
ROI_40,165,4
,,
ROI_40,166,10
,,
ROI_40,167,8
,,
ROI_40,168,7
,,
ROI_40,169,4
,,
ROI_40,170,3
,,
ROI_40,171,3
,,
ROI_40,172,6
,,
ROI_40,173,4
,,
ROI_40,174,4
,,
ROI_40,175,3
,,
ROI_40,176,4
,,
ROI_40,177,8
,,
ROI_40,178,7
,,
ROI_40,179,4
,,
ROI_40,180,3
,,
ROI_40,181,5
,,
ROI_40,182,5
,,
ROI_40,183,4
,,
ROI_40,184,6
,,
ROI_40,185,8
,,
ROI_40,186,5
,,
ROI_40,187,6
,,
ROI_40,188,2
,,
ROI_40,189,1
,,
ROI_40,190,6
,,
ROI_40,191,2
,,
ROI_40,192,5
,,
ROI_40,193,5
,,
ROI_40,194,6
,,
ROI_40,195,2
,,
ROI_40,196,5
,,
ROI_40,197,4
,,
ROI_40,198,2
,,
ROI_40,199,3
,,
ROI_40,200,2
,,
ROI_40,201,4
,,
ROI_40,202,4
,,
ROI_40,203,3
,,
ROI_40,204,2
,,
ROI_40,205,4
,,
ROI_40,206,7
,,
ROI_40,207,3
,,
ROI_40,208,7
,,
ROI_40,209,4
,,
ROI_40,210,2
,,
ROI_40,211,3
,,
ROI_40,212,2
,,
ROI_40,213,2
,,
ROI_40,214,1
,,
ROI_40,215,2
,,
ROI_40,216,0
,,
ROI_40,217,5
,,
ROI_40,218,3
,,
ROI_40,219,1
,,
ROI_40,220,6
,,
ROI_40,221,2
,,
ROI_40,222,4
,,
ROI_40,223,5
,,
ROI_40,224,2
,,
ROI_40,225,4
,,
ROI_40,226,5
,,
ROI_40,227,4
,,
ROI_40,228,5
,,
ROI_40,229,3
,,
ROI_40,230,2
,,
ROI_40,231,0
,,
ROI_40,232,2
,,
ROI_40,233,2
,,
ROI_40,234,1
,,
ROI_40,235,2
,,
ROI_40,236,5
,,
ROI_40,237,1
,,
ROI_40,238,2
,,
ROI_40,239,2
,,
ROI_40,240,1
,,
ROI_40,241,2
,,
ROI_40,242,3
,,
ROI_40,243,3
,,
ROI_40,244,3
,,
ROI_40,245,1
,,
ROI_40,246,4
,,
ROI_40,247,3
,,
ROI_40,248,3
,,
ROI_40,249,0
,,
ROI_40,250,3
,,
ROI_40,251,1
,,
ROI_40,252,3
,,
ROI_40,253,1
,,
ROI_40,254,3
,,
ROI_40,255,154
,,
ROI_41,0,4980
,,
ROI_41,1,562
,,
ROI_41,2,506
,,
ROI_41,3,432
,,
ROI_41,4,301
,,
ROI_41,5,331
,,
ROI_41,6,322
,,
ROI_41,7,289
,,
ROI_41,8,294
,,
ROI_41,9,265
,,
ROI_41,10,290
,,
ROI_41,11,262
,,
ROI_41,12,238
,,
ROI_41,13,202
,,
ROI_41,14,203
,,
ROI_41,15,193
,,
ROI_41,16,188
,,
ROI_41,17,172
,,
ROI_41,18,171
,,
ROI_41,19,185
,,
ROI_41,20,170
,,
ROI_41,21,174
,,
ROI_41,22,143
,,
ROI_41,23,154
,,
ROI_41,24,132
,,
ROI_41,25,144
,,
ROI_41,26,133
,,
ROI_41,27,125
,,
ROI_41,28,128
,,
ROI_41,29,133
,,
ROI_41,30,122
,,
ROI_41,31,113
,,
ROI_41,32,115
,,
ROI_41,33,126
,,
ROI_41,34,101
,,
ROI_41,35,95
,,
ROI_41,36,78
,,
ROI_41,37,93
,,
ROI_41,38,87
,,
ROI_41,39,78
,,
ROI_41,40,78
,,
ROI_41,41,75
,,
ROI_41,42,62
,,
ROI_41,43,74
,,
ROI_41,44,68
,,
ROI_41,45,67
,,
ROI_41,46,58
,,
ROI_41,47,64
,,
ROI_41,48,61
,,
ROI_41,49,48
,,
ROI_41,50,54
,,
ROI_41,51,56
,,
ROI_41,52,65
,,
ROI_41,53,61
,,
ROI_41,54,53
,,
ROI_41,55,59
,,
ROI_41,56,59
,,
ROI_41,57,51
,,
ROI_41,58,56
,,
ROI_41,59,44
,,
ROI_41,60,46
,,
ROI_41,61,34
,,
ROI_41,62,46
,,
ROI_41,63,33
,,
ROI_41,64,50
,,
ROI_41,65,42
,,
ROI_41,66,54
,,
ROI_41,67,36
,,
ROI_41,68,40
,,
ROI_41,69,47
,,
ROI_41,70,34
,,
ROI_41,71,37
,,
ROI_41,72,44
,,
ROI_41,73,29
,,
ROI_41,74,27
,,
ROI_41,75,22
,,
ROI_41,76,38
,,
ROI_41,77,40
,,
ROI_41,78,33
,,
ROI_41,79,28
,,
ROI_41,80,36
,,
ROI_41,81,26
,,
ROI_41,82,31
,,
ROI_41,83,31
,,
ROI_41,84,31
,,
ROI_41,85,27
,,
ROI_41,86,35
,,
ROI_41,87,28
,,
ROI_41,88,29
,,
ROI_41,89,23
,,
ROI_41,90,20
,,
ROI_41,91,19
,,
ROI_41,92,28
,,
ROI_41,93,21
,,
ROI_41,94,29
,,
ROI_41,95,27
,,
ROI_41,96,28
,,
ROI_41,97,34
,,
ROI_41,98,29
,,
ROI_41,99,24
,,
ROI_41,100,19
,,
ROI_41,101,21
,,
ROI_41,102,28
,,
ROI_41,103,24
,,
ROI_41,104,19
,,
ROI_41,105,10
,,
ROI_41,106,19
,,
ROI_41,107,19
,,
ROI_41,108,15
,,
ROI_41,109,23
,,
ROI_41,110,14
,,
ROI_41,111,20
,,
ROI_41,112,16
,,
ROI_41,113,25
,,
ROI_41,114,17
,,
ROI_41,115,15
,,
ROI_41,116,7
,,
ROI_41,117,16
,,
ROI_41,118,11
,,
ROI_41,119,16
,,
ROI_41,120,19
,,
ROI_41,121,15
,,
ROI_41,122,14
,,
ROI_41,123,19
,,
ROI_41,124,22
,,
ROI_41,125,28
,,
ROI_41,126,24
,,
ROI_41,127,14
,,
ROI_41,128,20
,,
ROI_41,129,16
,,
ROI_41,130,23
,,
ROI_41,131,16
,,
ROI_41,132,13
,,
ROI_41,133,9
,,
ROI_41,134,8
,,
ROI_41,135,11
,,
ROI_41,136,16
,,
ROI_41,137,9
,,
ROI_41,138,7
,,
ROI_41,139,17
,,
ROI_41,140,11
,,
ROI_41,141,23
,,
ROI_41,142,18
,,
ROI_41,143,20
,,
ROI_41,144,11
,,
ROI_41,145,15
,,
ROI_41,146,15
,,
ROI_41,147,6
,,
ROI_41,148,9
,,
ROI_41,149,16
,,
ROI_41,150,14
,,
ROI_41,151,13
,,
ROI_41,152,17
,,
ROI_41,153,20
,,
ROI_41,154,10
,,
ROI_41,155,13
,,
ROI_41,156,8
,,
ROI_41,157,8
,,
ROI_41,158,14
,,
ROI_41,159,11
,,
ROI_41,160,7
,,
ROI_41,161,15
,,
ROI_41,162,7
,,
ROI_41,163,8
,,
ROI_41,164,7
,,
ROI_41,165,11
,,
ROI_41,166,20
,,
ROI_41,167,9
,,
ROI_41,168,11
,,
ROI_41,169,14
,,
ROI_41,170,5
,,
ROI_41,171,8
,,
ROI_41,172,11
,,
ROI_41,173,5
,,
ROI_41,174,9
,,
ROI_41,175,7
,,
ROI_41,176,10
,,
ROI_41,177,5
,,
ROI_41,178,7
,,
ROI_41,179,6
,,
ROI_41,180,7
,,
ROI_41,181,11
,,
ROI_41,182,7
,,
ROI_41,183,4
,,
ROI_41,184,7
,,
ROI_41,185,8
,,
ROI_41,186,6
,,
ROI_41,187,7
,,
ROI_41,188,6
,,
ROI_41,189,10
,,
ROI_41,190,7
,,
ROI_41,191,4
,,
ROI_41,192,4
,,
ROI_41,193,6
,,
ROI_41,194,6
,,
ROI_41,195,3
,,
ROI_41,196,2
,,
ROI_41,197,3
,,
ROI_41,198,6
,,
ROI_41,199,11
,,
ROI_41,200,6
,,
ROI_41,201,6
,,
ROI_41,202,5
,,
ROI_41,203,2
,,
ROI_41,204,6
,,
ROI_41,205,4
,,
ROI_41,206,2
,,
ROI_41,207,1
,,
ROI_41,208,3
,,
ROI_41,209,3
,,
ROI_41,210,5
,,
ROI_41,211,8
,,
ROI_41,212,7
,,
ROI_41,213,7
,,
ROI_41,214,2
,,
ROI_41,215,6
,,
ROI_41,216,3
,,
ROI_41,217,2
,,
ROI_41,218,1
,,
ROI_41,219,3
,,
ROI_41,220,2
,,
ROI_41,221,4
,,
ROI_41,222,4
,,
ROI_41,223,2
,,
ROI_41,224,5
,,
ROI_41,225,6
,,
ROI_41,226,5
,,
ROI_41,227,5
,,
ROI_41,228,3
,,
ROI_41,229,3
,,
ROI_41,230,3
,,
ROI_41,231,2
,,
ROI_41,232,1
,,
ROI_41,233,4
,,
ROI_41,234,3
,,
ROI_41,235,1
,,
ROI_41,236,5
,,
ROI_41,237,1
,,
ROI_41,238,2
,,
ROI_41,239,0
,,
ROI_41,240,0
,,
ROI_41,241,1
,,
ROI_41,242,1
,,
ROI_41,243,2
,,
ROI_41,244,3
,,
ROI_41,245,3
,,
ROI_41,246,5
,,
ROI_41,247,2
,,
ROI_41,248,1
,,
ROI_41,249,5
,,
ROI_41,250,1
,,
ROI_41,251,0
,,
ROI_41,252,2
,,
ROI_41,253,1
,,
ROI_41,254,0
,,
ROI_41,255,140
,,
ROI_42,0,0
,,
ROI_42,1,0
,,
ROI_42,2,0
,,
ROI_42,3,0
,,
ROI_42,4,0
,,
ROI_42,5,0
,,
ROI_42,6,0
,,
ROI_42,7,0
,,
ROI_42,8,0
,,
ROI_42,9,0
,,
ROI_42,10,0
,,
ROI_42,11,0
,,
ROI_42,12,0
,,
ROI_42,13,0
,,
ROI_42,14,0
,,
ROI_42,15,0
,,
ROI_42,16,0
,,
ROI_42,17,0
,,
ROI_42,18,0
,,
ROI_42,19,1
,,
ROI_42,20,1
,,
ROI_42,21,2
,,
ROI_42,22,1
,,
ROI_42,23,4
,,
ROI_42,24,4
,,
ROI_42,25,1
,,
ROI_42,26,3
,,
ROI_42,27,3
,,
ROI_42,28,1
,,
ROI_42,29,1
,,
ROI_42,30,3
,,
ROI_42,31,1
,,
ROI_42,32,4
,,
ROI_42,33,2
,,
ROI_42,34,4
,,
ROI_42,35,2
,,
ROI_42,36,2
,,
ROI_42,37,0
,,
ROI_42,38,0
,,
ROI_42,39,1
,,
ROI_42,40,1
,,
ROI_42,41,2
,,
ROI_42,42,1
,,
ROI_42,43,5
,,
ROI_42,44,5
,,
ROI_42,45,4
,,
ROI_42,46,3
,,
ROI_42,47,3
,,
ROI_42,48,1
,,
ROI_42,49,1
,,
ROI_42,50,2
,,
ROI_42,51,4
,,
ROI_42,52,0
,,
ROI_42,53,3
,,
ROI_42,54,3
,,
ROI_42,55,3
,,
ROI_42,56,1
,,
ROI_42,57,1
,,
ROI_42,58,3
,,
ROI_42,59,4
,,
ROI_42,60,3
,,
ROI_42,61,5
,,
ROI_42,62,4
,,
ROI_42,63,1
,,
ROI_42,64,1
,,
ROI_42,65,2
,,
ROI_42,66,1
,,
ROI_42,67,1
,,
ROI_42,68,3
,,
ROI_42,69,3
,,
ROI_42,70,2
,,
ROI_42,71,5
,,
ROI_42,72,2
,,
ROI_42,73,1
,,
ROI_42,74,2
,,
ROI_42,75,1
,,
ROI_42,76,3
,,
ROI_42,77,4
,,
ROI_42,78,1
,,
ROI_42,79,4
,,
ROI_42,80,4
,,
ROI_42,81,3
,,
ROI_42,82,2
,,
ROI_42,83,4
,,
ROI_42,84,1
,,
ROI_42,85,1
,,
ROI_42,86,2
,,
ROI_42,87,3
,,
ROI_42,88,2
,,
ROI_42,89,1
,,
ROI_42,90,1
,,
ROI_42,91,2
,,
ROI_42,92,1
,,
ROI_42,93,1
,,
ROI_42,94,1
,,
ROI_42,95,2
,,
ROI_42,96,2
,,
ROI_42,97,0
,,
ROI_42,98,0
,,
ROI_42,99,3
,,
ROI_42,100,2
,,
ROI_42,101,3
,,
ROI_42,102,1
,,
ROI_42,103,1
,,
ROI_42,104,2
,,
ROI_42,105,1
,,
ROI_42,106,3
,,
ROI_42,107,1
,,
ROI_42,108,1
,,
ROI_42,109,2
,,
ROI_42,110,2
,,
ROI_42,111,2
,,
ROI_42,112,3
,,
ROI_42,113,3
,,
ROI_42,114,3
,,
ROI_42,115,4
,,
ROI_42,116,2
,,
ROI_42,117,0
,,
ROI_42,118,3
,,
ROI_42,119,4
,,
ROI_42,120,2
,,
ROI_42,121,1
,,
ROI_42,122,1
,,
ROI_42,123,1
,,
ROI_42,124,4
,,
ROI_42,125,3
,,
ROI_42,126,5
,,
ROI_42,127,1
,,
ROI_42,128,4
,,
ROI_42,129,2
,,
ROI_42,130,4
,,
ROI_42,131,4
,,
ROI_42,132,3
,,
ROI_42,133,1
,,
ROI_42,134,1
,,
ROI_42,135,2
,,
ROI_42,136,1
,,
ROI_42,137,1
,,
ROI_42,138,2
,,
ROI_42,139,1
,,
ROI_42,140,2
,,
ROI_42,141,3
,,
ROI_42,142,1
,,
ROI_42,143,3
,,
ROI_42,144,3
,,
ROI_42,145,1
,,
ROI_42,146,1
,,
ROI_42,147,4
,,
ROI_42,148,0
,,
ROI_42,149,0
,,
ROI_42,150,3
,,
ROI_42,151,4
,,
ROI_42,152,3
,,
ROI_42,153,4
,,
ROI_42,154,0
,,
ROI_42,155,5
,,
ROI_42,156,1
,,
ROI_42,157,2
,,
ROI_42,158,2
,,
ROI_42,159,0
,,
ROI_42,160,3
,,
ROI_42,161,0
,,
ROI_42,162,1
,,
ROI_42,163,2
,,
ROI_42,164,2
,,
ROI_42,165,3
,,
ROI_42,166,2
,,
ROI_42,167,4
,,
ROI_42,168,3
,,
ROI_42,169,1
,,
ROI_42,170,0
,,
ROI_42,171,5
,,
ROI_42,172,3
,,
ROI_42,173,3
,,
ROI_42,174,2
,,
ROI_42,175,2
,,
ROI_42,176,5
,,
ROI_42,177,1
,,
ROI_42,178,3
,,
ROI_42,179,0
,,
ROI_42,180,2
,,
ROI_42,181,0
,,
ROI_42,182,2
,,
ROI_42,183,2
,,
ROI_42,184,3
,,
ROI_42,185,0
,,
ROI_42,186,2
,,
ROI_42,187,0
,,
ROI_42,188,0
,,
ROI_42,189,0
,,
ROI_42,190,3
,,
ROI_42,191,4
,,
ROI_42,192,1
,,
ROI_42,193,3
,,
ROI_42,194,6
,,
ROI_42,195,3
,,
ROI_42,196,4
,,
ROI_42,197,5
,,
ROI_42,198,4
,,
ROI_42,199,2
,,
ROI_42,200,1
,,
ROI_42,201,0
,,
ROI_42,202,1
,,
ROI_42,203,1
,,
ROI_42,204,1
,,
ROI_42,205,3
,,
ROI_42,206,1
,,
ROI_42,207,1
,,
ROI_42,208,4
,,
ROI_42,209,1
,,
ROI_42,210,1
,,
ROI_42,211,4
,,
ROI_42,212,2
,,
ROI_42,213,7
,,
ROI_42,214,6
,,
ROI_42,215,3
,,
ROI_42,216,7
,,
ROI_42,217,5
,,
ROI_42,218,6
,,
ROI_42,219,5
,,
ROI_42,220,5
,,
ROI_42,221,0
,,
ROI_42,222,2
,,
ROI_42,223,1
,,
ROI_42,224,1
,,
ROI_42,225,1
,,
ROI_42,226,4
,,
ROI_42,227,3
,,
ROI_42,228,4
,,
ROI_42,229,2
,,
ROI_42,230,0
,,
ROI_42,231,1
,,
ROI_42,232,0
,,
ROI_42,233,5
,,
ROI_42,234,1
,,
ROI_42,235,1
,,
ROI_42,236,4
,,
ROI_42,237,1
,,
ROI_42,238,1
,,
ROI_42,239,0
,,
ROI_42,240,2
,,
ROI_42,241,2
,,
ROI_42,242,3
,,
ROI_42,243,2
,,
ROI_42,244,7
,,
ROI_42,245,1
,,
ROI_42,246,1
,,
ROI_42,247,2
,,
ROI_42,248,1
,,
ROI_42,249,3
,,
ROI_42,250,8
,,
ROI_42,251,3
,,
ROI_42,252,4
,,
ROI_42,253,4
,,
ROI_42,254,2
,,
ROI_42,255,223
,,
ROI_43,0,1608
,,
ROI_43,1,314
,,
ROI_43,2,330
,,
ROI_43,3,331
,,
ROI_43,4,309
,,
ROI_43,5,334
,,
ROI_43,6,363
,,
ROI_43,7,348
,,
ROI_43,8,377
,,
ROI_43,9,365
,,
ROI_43,10,390
,,
ROI_43,11,356
,,
ROI_43,12,374
,,
ROI_43,13,385
,,
ROI_43,14,360
,,
ROI_43,15,339
,,
ROI_43,16,315
,,
ROI_43,17,314
,,
ROI_43,18,328
,,
ROI_43,19,310
,,
ROI_43,20,282
,,
ROI_43,21,282
,,
ROI_43,22,295
,,
ROI_43,23,287
,,
ROI_43,24,306
,,
ROI_43,25,288
,,
ROI_43,26,265
,,
ROI_43,27,261
,,
ROI_43,28,217
,,
ROI_43,29,233
,,
ROI_43,30,274
,,
ROI_43,31,250
,,
ROI_43,32,196
,,
ROI_43,33,225
,,
ROI_43,34,215
,,
ROI_43,35,175
,,
ROI_43,36,187
,,
ROI_43,37,195
,,
ROI_43,38,187
,,
ROI_43,39,175
,,
ROI_43,40,191
,,
ROI_43,41,182
,,
ROI_43,42,182
,,
ROI_43,43,170
,,
ROI_43,44,167
,,
ROI_43,45,167
,,
ROI_43,46,149
,,
ROI_43,47,169
,,
ROI_43,48,145
,,
ROI_43,49,140
,,
ROI_43,50,144
,,
ROI_43,51,123
,,
ROI_43,52,126
,,
ROI_43,53,120
,,
ROI_43,54,130
,,
ROI_43,55,143
,,
ROI_43,56,144
,,
ROI_43,57,163
,,
ROI_43,58,134
,,
ROI_43,59,122
,,
ROI_43,60,112
,,
ROI_43,61,147
,,
ROI_43,62,106
,,
ROI_43,63,89
,,
ROI_43,64,121
,,
ROI_43,65,107
,,
ROI_43,66,100
,,
ROI_43,67,89
,,
ROI_43,68,83
,,
ROI_43,69,92
,,
ROI_43,70,95
,,
ROI_43,71,122
,,
ROI_43,72,110
,,
ROI_43,73,77
,,
ROI_43,74,84
,,
ROI_43,75,92
,,
ROI_43,76,81
,,
ROI_43,77,88
,,
ROI_43,78,66
,,
ROI_43,79,80
,,
ROI_43,80,74
,,
ROI_43,81,67
,,
ROI_43,82,82
,,
ROI_43,83,84
,,
ROI_43,84,70
,,
ROI_43,85,91
,,
ROI_43,86,88
,,
ROI_43,87,69
,,
ROI_43,88,65
,,
ROI_43,89,64
,,
ROI_43,90,70
,,
ROI_43,91,64
,,
ROI_43,92,84
,,
ROI_43,93,67
,,
ROI_43,94,66
,,
ROI_43,95,61
,,
ROI_43,96,82
,,
ROI_43,97,51
,,
ROI_43,98,49
,,
ROI_43,99,43
,,
ROI_43,100,50
,,
ROI_43,101,69
,,
ROI_43,102,63
,,
ROI_43,103,64
,,
ROI_43,104,57
,,
ROI_43,105,48
,,
ROI_43,106,59
,,
ROI_43,107,59
,,
ROI_43,108,45
,,
ROI_43,109,57
,,
ROI_43,110,40
,,
ROI_43,111,33
,,
ROI_43,112,52
,,
ROI_43,113,41
,,
ROI_43,114,40
,,
ROI_43,115,39
,,
ROI_43,116,30
,,
ROI_43,117,31
,,
ROI_43,118,38
,,
ROI_43,119,33
,,
ROI_43,120,33
,,
ROI_43,121,39
,,
ROI_43,122,31
,,
ROI_43,123,48
,,
ROI_43,124,61
,,
ROI_43,125,58
,,
ROI_43,126,54
,,
ROI_43,127,65
,,
ROI_43,128,39
,,
ROI_43,129,25
,,
ROI_43,130,30
,,
ROI_43,131,39
,,
ROI_43,132,31
,,
ROI_43,133,27
,,
ROI_43,134,26
,,
ROI_43,135,26
,,
ROI_43,136,26
,,
ROI_43,137,30
,,
ROI_43,138,39
,,
ROI_43,139,19
,,
ROI_43,140,33
,,
ROI_43,141,39
,,
ROI_43,142,33
,,
ROI_43,143,28
,,
ROI_43,144,16
,,
ROI_43,145,21
,,
ROI_43,146,36
,,
ROI_43,147,26
,,
ROI_43,148,20
,,
ROI_43,149,24
,,
ROI_43,150,23
,,
ROI_43,151,34
,,
ROI_43,152,34
,,
ROI_43,153,24
,,
ROI_43,154,21
,,
ROI_43,155,26
,,
ROI_43,156,27
,,
ROI_43,157,26
,,
ROI_43,158,15
,,
ROI_43,159,18
,,
ROI_43,160,28
,,
ROI_43,161,28
,,
ROI_43,162,17
,,
ROI_43,163,23
,,
ROI_43,164,24
,,
ROI_43,165,15
,,
ROI_43,166,21
,,
ROI_43,167,23
,,
ROI_43,168,18
,,
ROI_43,169,12
,,
ROI_43,170,16
,,
ROI_43,171,10
,,
ROI_43,172,16
,,
ROI_43,173,20
,,
ROI_43,174,18
,,
ROI_43,175,20
,,
ROI_43,176,20
,,
ROI_43,177,15
,,
ROI_43,178,15
,,
ROI_43,179,9
,,
ROI_43,180,17
,,
ROI_43,181,15
,,
ROI_43,182,17
,,
ROI_43,183,12
,,
ROI_43,184,13
,,
ROI_43,185,14
,,
ROI_43,186,11
,,
ROI_43,187,10
,,
ROI_43,188,14
,,
ROI_43,189,8
,,
ROI_43,190,11
,,
ROI_43,191,14
,,
ROI_43,192,15
,,
ROI_43,193,14
,,
ROI_43,194,11
,,
ROI_43,195,16
,,
ROI_43,196,8
,,
ROI_43,197,8
,,
ROI_43,198,13
,,
ROI_43,199,11
,,
ROI_43,200,8
,,
ROI_43,201,11
,,
ROI_43,202,14
,,
ROI_43,203,7
,,
ROI_43,204,14
,,
ROI_43,205,14
,,
ROI_43,206,9
,,
ROI_43,207,8
,,
ROI_43,208,13
,,
ROI_43,209,9
,,
ROI_43,210,9
,,
ROI_43,211,5
,,
ROI_43,212,4
,,
ROI_43,213,7
,,
ROI_43,214,9
,,
ROI_43,215,15
,,
ROI_43,216,10
,,
ROI_43,217,8
,,
ROI_43,218,6
,,
ROI_43,219,6
,,
ROI_43,220,5
,,
ROI_43,221,8
,,
ROI_43,222,9
,,
ROI_43,223,7
,,
ROI_43,224,5
,,
ROI_43,225,6
,,
ROI_43,226,10
,,
ROI_43,227,8
,,
ROI_43,228,3
,,
ROI_43,229,8
,,
ROI_43,230,8
,,
ROI_43,231,5
,,
ROI_43,232,8
,,
ROI_43,233,10
,,
ROI_43,234,5
,,
ROI_43,235,6
,,
ROI_43,236,8
,,
ROI_43,237,3
,,
ROI_43,238,11
,,
ROI_43,239,6
,,
ROI_43,240,3
,,
ROI_43,241,8
,,
ROI_43,242,6
,,
ROI_43,243,2
,,
ROI_43,244,4
,,
ROI_43,245,7
,,
ROI_43,246,5
,,
ROI_43,247,8
,,
ROI_43,248,8
,,
ROI_43,249,6
,,
ROI_43,250,5
,,
ROI_43,251,9
,,
ROI_43,252,4
,,
ROI_43,253,6
,,
ROI_43,254,4
,,
ROI_43,255,269
,,
ROI_44,0,1033
,,
ROI_44,1,76
,,
ROI_44,2,55
,,
ROI_44,3,46
,,
ROI_44,4,30
,,
ROI_44,5,24
,,
ROI_44,6,27
,,
ROI_44,7,21
,,
ROI_44,8,20
,,
ROI_44,9,16
,,
ROI_44,10,17
,,
ROI_44,11,11
,,
ROI_44,12,14
,,
ROI_44,13,12
,,
ROI_44,14,12
,,
ROI_44,15,9
,,
ROI_44,16,10
,,
ROI_44,17,12
,,
ROI_44,18,5
,,
ROI_44,19,12
,,
ROI_44,20,8
,,
ROI_44,21,7
,,
ROI_44,22,7
,,
ROI_44,23,5
,,
ROI_44,24,6
,,
ROI_44,25,2
,,
ROI_44,26,11
,,
ROI_44,27,4
,,
ROI_44,28,6
,,
ROI_44,29,1
,,
ROI_44,30,11
,,
ROI_44,31,2
,,
ROI_44,32,3
,,
ROI_44,33,4
,,
ROI_44,34,0
,,
ROI_44,35,4
,,
ROI_44,36,2
,,
ROI_44,37,6
,,
ROI_44,38,3
,,
ROI_44,39,4
,,
ROI_44,40,5
,,
ROI_44,41,2
,,
ROI_44,42,1
,,
ROI_44,43,3
,,
ROI_44,44,1
,,
ROI_44,45,3
,,
ROI_44,46,4
,,
ROI_44,47,0
,,
ROI_44,48,4
,,
ROI_44,49,1
,,
ROI_44,50,3
,,
ROI_44,51,2
,,
ROI_44,52,1
,,
ROI_44,53,4
,,
ROI_44,54,4
,,
ROI_44,55,2
,,
ROI_44,56,1
,,
ROI_44,57,2
,,
ROI_44,58,2
,,
ROI_44,59,0
,,
ROI_44,60,3
,,
ROI_44,61,1
,,
ROI_44,62,2
,,
ROI_44,63,0
,,
ROI_44,64,1
,,
ROI_44,65,0
,,
ROI_44,66,3
,,
ROI_44,67,0
,,
ROI_44,68,2
,,
ROI_44,69,1
,,
ROI_44,70,1
,,
ROI_44,71,0
,,
ROI_44,72,2
,,
ROI_44,73,0
,,
ROI_44,74,1
,,
ROI_44,75,0
,,
ROI_44,76,1
,,
ROI_44,77,2
,,
ROI_44,78,0
,,
ROI_44,79,0
,,
ROI_44,80,2
,,
ROI_44,81,0
,,
ROI_44,82,1
,,
ROI_44,83,0
,,
ROI_44,84,2
,,
ROI_44,85,0
,,
ROI_44,86,3
,,
ROI_44,87,0
,,
ROI_44,88,0
,,
ROI_44,89,0
,,
ROI_44,90,0
,,
ROI_44,91,1
,,
ROI_44,92,1
,,
ROI_44,93,0
,,
ROI_44,94,1
,,
ROI_44,95,1
,,
ROI_44,96,0
,,
ROI_44,97,2
,,
ROI_44,98,2
,,
ROI_44,99,1
,,
ROI_44,100,0
,,
ROI_44,101,0
,,
ROI_44,102,1
,,
ROI_44,103,0
,,
ROI_44,104,1
,,
ROI_44,105,3
,,
ROI_44,106,0
,,
ROI_44,107,1
,,
ROI_44,108,0
,,
ROI_44,109,1
,,
ROI_44,110,0
,,
ROI_44,111,2
,,
ROI_44,112,1
,,
ROI_44,113,0
,,
ROI_44,114,1
,,
ROI_44,115,1
,,
ROI_44,116,0
,,
ROI_44,117,0
,,
ROI_44,118,0
,,
ROI_44,119,1
,,
ROI_44,120,1
,,
ROI_44,121,0
,,
ROI_44,122,1
,,
ROI_44,123,2
,,
ROI_44,124,0
,,
ROI_44,125,1
,,
ROI_44,126,0
,,
ROI_44,127,0
,,
ROI_44,128,1
,,
ROI_44,129,0
,,
ROI_44,130,0
,,
ROI_44,131,3
,,
ROI_44,132,0
,,
ROI_44,133,1
,,
ROI_44,134,0
,,
ROI_44,135,1
,,
ROI_44,136,0
,,
ROI_44,137,0
,,
ROI_44,138,0
,,
ROI_44,139,1
,,
ROI_44,140,0
,,
ROI_44,141,0
,,
ROI_44,142,0
,,
ROI_44,143,0
,,
ROI_44,144,1
,,
ROI_44,145,0
,,
ROI_44,146,0
,,
ROI_44,147,0
,,
ROI_44,148,0
,,
ROI_44,149,0
,,
ROI_44,150,0
,,
ROI_44,151,1
,,
ROI_44,152,0
,,
ROI_44,153,0
,,
ROI_44,154,0
,,
ROI_44,155,1
,,
ROI_44,156,1
,,
ROI_44,157,0
,,
ROI_44,158,0
,,
ROI_44,159,1
,,
ROI_44,160,0
,,
ROI_44,161,0
,,
ROI_44,162,0
,,
ROI_44,163,0
,,
ROI_44,164,1
,,
ROI_44,165,0
,,
ROI_44,166,1
,,
ROI_44,167,0
,,
ROI_44,168,0
,,
ROI_44,169,0
,,
ROI_44,170,0
,,
ROI_44,171,0
,,
ROI_44,172,0
,,
ROI_44,173,0
,,
ROI_44,174,0
,,
ROI_44,175,1
,,
ROI_44,176,1
,,
ROI_44,177,0
,,
ROI_44,178,0
,,
ROI_44,179,0
,,
ROI_44,180,0
,,
ROI_44,181,1
,,
ROI_44,182,0
,,
ROI_44,183,1
,,
ROI_44,184,0
,,
ROI_44,185,0
,,
ROI_44,186,0
,,
ROI_44,187,0
,,
ROI_44,188,0
,,
ROI_44,189,0
,,
ROI_44,190,0
,,
ROI_44,191,0
,,
ROI_44,192,0
,,
ROI_44,193,0
,,
ROI_44,194,0
,,
ROI_44,195,0
,,
ROI_44,196,0
,,
ROI_44,197,0
,,
ROI_44,198,1
,,
ROI_44,199,0
,,
ROI_44,200,0
,,
ROI_44,201,0
,,
ROI_44,202,0
,,
ROI_44,203,1
,,
ROI_44,204,0
,,
ROI_44,205,0
,,
ROI_44,206,0
,,
ROI_44,207,0
,,
ROI_44,208,0
,,
ROI_44,209,0
,,
ROI_44,210,0
,,
ROI_44,211,1
,,
ROI_44,212,0
,,
ROI_44,213,0
,,
ROI_44,214,0
,,
ROI_44,215,0
,,
ROI_44,216,0
,,
ROI_44,217,0
,,
ROI_44,218,0
,,
ROI_44,219,0
,,
ROI_44,220,1
,,
ROI_44,221,0
,,
ROI_44,222,1
,,
ROI_44,223,1
,,
ROI_44,224,0
,,
ROI_44,225,0
,,
ROI_44,226,0
,,
ROI_44,227,0
,,
ROI_44,228,0
,,
ROI_44,229,1
,,
ROI_44,230,0
,,
ROI_44,231,0
,,
ROI_44,232,0
,,
ROI_44,233,0
,,
ROI_44,234,0
,,
ROI_44,235,0
,,
ROI_44,236,0
,,
ROI_44,237,0
,,
ROI_44,238,1
,,
ROI_44,239,0
,,
ROI_44,240,0
,,
ROI_44,241,0
,,
ROI_44,242,0
,,
ROI_44,243,0
,,
ROI_44,244,0
,,
ROI_44,245,0
,,
ROI_44,246,0
,,
ROI_44,247,0
,,
ROI_44,248,0
,,
ROI_44,249,0
,,
ROI_44,250,0
,,
ROI_44,251,0
,,
ROI_44,252,0
,,
ROI_44,253,0
,,
ROI_44,254,0
,,
ROI_44,255,0
,,
ROI_45,0,3136
,,
ROI_45,1,877
,,
ROI_45,2,796
,,
ROI_45,3,687
,,
ROI_45,4,621
,,
ROI_45,5,594
,,
ROI_45,6,617
,,
ROI_45,7,568
,,
ROI_45,8,542
,,
ROI_45,9,491
,,
ROI_45,10,486
,,
ROI_45,11,439
,,
ROI_45,12,371
,,
ROI_45,13,387
,,
ROI_45,14,362
,,
ROI_45,15,354
,,
ROI_45,16,323
,,
ROI_45,17,329
,,
ROI_45,18,291
,,
ROI_45,19,295
,,
ROI_45,20,331
,,
ROI_45,21,240
,,
ROI_45,22,285
,,
ROI_45,23,246
,,
ROI_45,24,233
,,
ROI_45,25,244
,,
ROI_45,26,207
,,
ROI_45,27,206
,,
ROI_45,28,173
,,
ROI_45,29,191
,,
ROI_45,30,185
,,
ROI_45,31,191
,,
ROI_45,32,146
,,
ROI_45,33,170
,,
ROI_45,34,151
,,
ROI_45,35,134
,,
ROI_45,36,135
,,
ROI_45,37,146
,,
ROI_45,38,146
,,
ROI_45,39,134
,,
ROI_45,40,143
,,
ROI_45,41,132
,,
ROI_45,42,106
,,
ROI_45,43,122
,,
ROI_45,44,132
,,
ROI_45,45,111
,,
ROI_45,46,114
,,
ROI_45,47,94
,,
ROI_45,48,97
,,
ROI_45,49,94
,,
ROI_45,50,104
,,
ROI_45,51,103
,,
ROI_45,52,91
,,
ROI_45,53,82
,,
ROI_45,54,112
,,
ROI_45,55,109
,,
ROI_45,56,74
,,
ROI_45,57,98
,,
ROI_45,58,72
,,
ROI_45,59,91
,,
ROI_45,60,75
,,
ROI_45,61,89
,,
ROI_45,62,75
,,
ROI_45,63,67
,,
ROI_45,64,73
,,
ROI_45,65,69
,,
ROI_45,66,79
,,
ROI_45,67,61
,,
ROI_45,68,59
,,
ROI_45,69,52
,,
ROI_45,70,61
,,
ROI_45,71,79
,,
ROI_45,72,73
,,
ROI_45,73,56
,,
ROI_45,74,61
,,
ROI_45,75,62
,,
ROI_45,76,59
,,
ROI_45,77,56
,,
ROI_45,78,60
,,
ROI_45,79,52
,,
ROI_45,80,59
,,
ROI_45,81,48
,,
ROI_45,82,41
,,
ROI_45,83,40
,,
ROI_45,84,57
,,
ROI_45,85,42
,,
ROI_45,86,59
,,
ROI_45,87,50
,,
ROI_45,88,58
,,
ROI_45,89,42
,,
ROI_45,90,37
,,
ROI_45,91,46
,,
ROI_45,92,39
,,
ROI_45,93,50
,,
ROI_45,94,40
,,
ROI_45,95,43
,,
ROI_45,96,42
,,
ROI_45,97,42
,,
ROI_45,98,54
,,
ROI_45,99,46
,,
ROI_45,100,47
,,
ROI_45,101,47
,,
ROI_45,102,38
,,
ROI_45,103,42
,,
ROI_45,104,34
,,
ROI_45,105,33
,,
ROI_45,106,30
,,
ROI_45,107,39
,,
ROI_45,108,34
,,
ROI_45,109,43
,,
ROI_45,110,42
,,
ROI_45,111,28
,,
ROI_45,112,24
,,
ROI_45,113,30
,,
ROI_45,114,35
,,
ROI_45,115,34
,,
ROI_45,116,25
,,
ROI_45,117,19
,,
ROI_45,118,22
,,
ROI_45,119,25
,,
ROI_45,120,37
,,
ROI_45,121,31
,,
ROI_45,122,42
,,
ROI_45,123,27
,,
ROI_45,124,58
,,
ROI_45,125,44
,,
ROI_45,126,51
,,
ROI_45,127,31
,,
ROI_45,128,24
,,
ROI_45,129,20
,,
ROI_45,130,26
,,
ROI_45,131,37
,,
ROI_45,132,24
,,
ROI_45,133,22
,,
ROI_45,134,25
,,
ROI_45,135,10
,,
ROI_45,136,21
,,
ROI_45,137,22
,,
ROI_45,138,22
,,
ROI_45,139,16
,,
ROI_45,140,21
,,
ROI_45,141,23
,,
ROI_45,142,19
,,
ROI_45,143,14
,,
ROI_45,144,28
,,
ROI_45,145,22
,,
ROI_45,146,13
,,
ROI_45,147,18
,,
ROI_45,148,10
,,
ROI_45,149,21
,,
ROI_45,150,19
,,
ROI_45,151,16
,,
ROI_45,152,25
,,
ROI_45,153,13
,,
ROI_45,154,19
,,
ROI_45,155,15
,,
ROI_45,156,19
,,
ROI_45,157,14
,,
ROI_45,158,15
,,
ROI_45,159,20
,,
ROI_45,160,14
,,
ROI_45,161,14
,,
ROI_45,162,9
,,
ROI_45,163,13
,,
ROI_45,164,11
,,
ROI_45,165,6
,,
ROI_45,166,16
,,
ROI_45,167,9
,,
ROI_45,168,18
,,
ROI_45,169,14
,,
ROI_45,170,10
,,
ROI_45,171,9
,,
ROI_45,172,7
,,
ROI_45,173,10
,,
ROI_45,174,10
,,
ROI_45,175,12
,,
ROI_45,176,10
,,
ROI_45,177,13
,,
ROI_45,178,9
,,
ROI_45,179,7
,,
ROI_45,180,14
,,
ROI_45,181,10
,,
ROI_45,182,5
,,
ROI_45,183,12
,,
ROI_45,184,10
,,
ROI_45,185,9
,,
ROI_45,186,10
,,
ROI_45,187,8
,,
ROI_45,188,11
,,
ROI_45,189,6
,,
ROI_45,190,10
,,
ROI_45,191,7
,,
ROI_45,192,8
,,
ROI_45,193,9
,,
ROI_45,194,9
,,
ROI_45,195,8
,,
ROI_45,196,0
,,
ROI_45,197,13
,,
ROI_45,198,10
,,
ROI_45,199,8
,,
ROI_45,200,9
,,
ROI_45,201,4
,,
ROI_45,202,4
,,
ROI_45,203,4
,,
ROI_45,204,6
,,
ROI_45,205,3
,,
ROI_45,206,3
,,
ROI_45,207,11
,,
ROI_45,208,9
,,
ROI_45,209,7
,,
ROI_45,210,3
,,
ROI_45,211,11
,,
ROI_45,212,5
,,
ROI_45,213,7
,,
ROI_45,214,8
,,
ROI_45,215,11
,,
ROI_45,216,8
,,
ROI_45,217,6
,,
ROI_45,218,2
,,
ROI_45,219,5
,,
ROI_45,220,9
,,
ROI_45,221,3
,,
ROI_45,222,6
,,
ROI_45,223,5
,,
ROI_45,224,11
,,
ROI_45,225,6
,,
ROI_45,226,5
,,
ROI_45,227,6
,,
ROI_45,228,8
,,
ROI_45,229,8
,,
ROI_45,230,6
,,
ROI_45,231,5
,,
ROI_45,232,5
,,
ROI_45,233,4
,,
ROI_45,234,4
,,
ROI_45,235,6
,,
ROI_45,236,2
,,
ROI_45,237,9
,,
ROI_45,238,1
,,
ROI_45,239,3
,,
ROI_45,240,5
,,
ROI_45,241,6
,,
ROI_45,242,6
,,
ROI_45,243,3
,,
ROI_45,244,2
,,
ROI_45,245,4
,,
ROI_45,246,4
,,
ROI_45,247,5
,,
ROI_45,248,4
,,
ROI_45,249,3
,,
ROI_45,250,1
,,
ROI_45,251,1
,,
ROI_45,252,2
,,
ROI_45,253,4
,,
ROI_45,254,5
,,
ROI_45,255,359
,,
ROI_46,0,4622
,,
ROI_46,1,357
,,
ROI_46,2,292
,,
ROI_46,3,267
,,
ROI_46,4,232
,,
ROI_46,5,180
,,
ROI_46,6,169
,,
ROI_46,7,147
,,
ROI_46,8,114
,,
ROI_46,9,125
,,
ROI_46,10,87
,,
ROI_46,11,84
,,
ROI_46,12,87
,,
ROI_46,13,78
,,
ROI_46,14,88
,,
ROI_46,15,70
,,
ROI_46,16,79
,,
ROI_46,17,71
,,
ROI_46,18,60
,,
ROI_46,19,87
,,
ROI_46,20,61
,,
ROI_46,21,56
,,
ROI_46,22,62
,,
ROI_46,23,46
,,
ROI_46,24,55
,,
ROI_46,25,49
,,
ROI_46,26,58
,,
ROI_46,27,51
,,
ROI_46,28,54
,,
ROI_46,29,53
,,
ROI_46,30,49
,,
ROI_46,31,55
,,
ROI_46,32,42
,,
ROI_46,33,48
,,
ROI_46,34,38
,,
ROI_46,35,48
,,
ROI_46,36,50
,,
ROI_46,37,51
,,
ROI_46,38,41
,,
ROI_46,39,35
,,
ROI_46,40,29
,,
ROI_46,41,34
,,
ROI_46,42,40
,,
ROI_46,43,33
,,
ROI_46,44,33
,,
ROI_46,45,27
,,
ROI_46,46,26
,,
ROI_46,47,35
,,
ROI_46,48,29
,,
ROI_46,49,25
,,
ROI_46,50,24
,,
ROI_46,51,30
,,
ROI_46,52,25
,,
ROI_46,53,23
,,
ROI_46,54,20
,,
ROI_46,55,24
,,
ROI_46,56,18
,,
ROI_46,57,32
,,
ROI_46,58,23
,,
ROI_46,59,19
,,
ROI_46,60,22
,,
ROI_46,61,24
,,
ROI_46,62,23
,,
ROI_46,63,15
,,
ROI_46,64,34
,,
ROI_46,65,10
,,
ROI_46,66,19
,,
ROI_46,67,15
,,
ROI_46,68,21
,,
ROI_46,69,24
,,
ROI_46,70,9
,,
ROI_46,71,25
,,
ROI_46,72,17
,,
ROI_46,73,11
,,
ROI_46,74,10
,,
ROI_46,75,22
,,
ROI_46,76,10
,,
ROI_46,77,15
,,
ROI_46,78,10
,,
ROI_46,79,11
,,
ROI_46,80,16
,,
ROI_46,81,8
,,
ROI_46,82,16
,,
ROI_46,83,10
,,
ROI_46,84,13
,,
ROI_46,85,11
,,
ROI_46,86,16
,,
ROI_46,87,13
,,
ROI_46,88,8
,,
ROI_46,89,9
,,
ROI_46,90,6
,,
ROI_46,91,8
,,
ROI_46,92,10
,,
ROI_46,93,10
,,
ROI_46,94,12
,,
ROI_46,95,8
,,
ROI_46,96,9
,,
ROI_46,97,5
,,
ROI_46,98,10
,,
ROI_46,99,10
,,
ROI_46,100,8
,,
ROI_46,101,4
,,
ROI_46,102,7
,,
ROI_46,103,6
,,
ROI_46,104,4
,,
ROI_46,105,7
,,
ROI_46,106,7
,,
ROI_46,107,8
,,
ROI_46,108,5
,,
ROI_46,109,13
,,
ROI_46,110,5
,,
ROI_46,111,4
,,
ROI_46,112,8
,,
ROI_46,113,6
,,
ROI_46,114,7
,,
ROI_46,115,4
,,
ROI_46,116,7
,,
ROI_46,117,5
,,
ROI_46,118,4
,,
ROI_46,119,4
,,
ROI_46,120,2
,,
ROI_46,121,5
,,
ROI_46,122,4
,,
ROI_46,123,6
,,
ROI_46,124,4
,,
ROI_46,125,14
,,
ROI_46,126,10
,,
ROI_46,127,7
,,
ROI_46,128,4
,,
ROI_46,129,4
,,
ROI_46,130,6
,,
ROI_46,131,9
,,
ROI_46,132,4
,,
ROI_46,133,10
,,
ROI_46,134,1
,,
ROI_46,135,4
,,
ROI_46,136,7
,,
ROI_46,137,3
,,
ROI_46,138,5
,,
ROI_46,139,4
,,
ROI_46,140,8
,,
ROI_46,141,5
,,
ROI_46,142,8
,,
ROI_46,143,6
,,
ROI_46,144,7
,,
ROI_46,145,1
,,
ROI_46,146,6
,,
ROI_46,147,4
,,
ROI_46,148,3
,,
ROI_46,149,1
,,
ROI_46,150,4
,,
ROI_46,151,4
,,
ROI_46,152,5
,,
ROI_46,153,4
,,
ROI_46,154,0
,,
ROI_46,155,6
,,
ROI_46,156,4
,,
ROI_46,157,5
,,
ROI_46,158,4
,,
ROI_46,159,5
,,
ROI_46,160,4
,,
ROI_46,161,9
,,
ROI_46,162,4
,,
ROI_46,163,5
,,
ROI_46,164,2
,,
ROI_46,165,4
,,
ROI_46,166,4
,,
ROI_46,167,5
,,
ROI_46,168,6
,,
ROI_46,169,5
,,
ROI_46,170,1
,,
ROI_46,171,1
,,
ROI_46,172,4
,,
ROI_46,173,3
,,
ROI_46,174,2
,,
ROI_46,175,1
,,
ROI_46,176,0
,,
ROI_46,177,4
,,
ROI_46,178,3
,,
ROI_46,179,1
,,
ROI_46,180,3
,,
ROI_46,181,2
,,
ROI_46,182,2
,,
ROI_46,183,1
,,
ROI_46,184,5
,,
ROI_46,185,3
,,
ROI_46,186,3
,,
ROI_46,187,2
,,
ROI_46,188,4
,,
ROI_46,189,2
,,
ROI_46,190,1
,,
ROI_46,191,3
,,
ROI_46,192,6
,,
ROI_46,193,2
,,
ROI_46,194,1
,,
ROI_46,195,2
,,
ROI_46,196,2
,,
ROI_46,197,2
,,
ROI_46,198,3
,,
ROI_46,199,2
,,
ROI_46,200,2
,,
ROI_46,201,3
,,
ROI_46,202,5
,,
ROI_46,203,1
,,
ROI_46,204,2
,,
ROI_46,205,2
,,
ROI_46,206,3
,,
ROI_46,207,4
,,
ROI_46,208,2
,,
ROI_46,209,1
,,
ROI_46,210,2
,,
ROI_46,211,1
,,
ROI_46,212,3
,,
ROI_46,213,1
,,
ROI_46,214,0
,,
ROI_46,215,2
,,
ROI_46,216,0
,,
ROI_46,217,2
,,
ROI_46,218,2
,,
ROI_46,219,0
,,
ROI_46,220,1
,,
ROI_46,221,2
,,
ROI_46,222,1
,,
ROI_46,223,0
,,
ROI_46,224,0
,,
ROI_46,225,2
,,
ROI_46,226,0
,,
ROI_46,227,2
,,
ROI_46,228,2
,,
ROI_46,229,0
,,
ROI_46,230,2
,,
ROI_46,231,2
,,
ROI_46,232,2
,,
ROI_46,233,0
,,
ROI_46,234,2
,,
ROI_46,235,1
,,
ROI_46,236,3
,,
ROI_46,237,2
,,
ROI_46,238,0
,,
ROI_46,239,1
,,
ROI_46,240,1
,,
ROI_46,241,2
,,
ROI_46,242,0
,,
ROI_46,243,2
,,
ROI_46,244,1
,,
ROI_46,245,1
,,
ROI_46,246,1
,,
ROI_46,247,0
,,
ROI_46,248,1
,,
ROI_46,249,0
,,
ROI_46,250,2
,,
ROI_46,251,3
,,
ROI_46,252,0
,,
ROI_46,253,1
,,
ROI_46,254,2
,,
ROI_46,255,171
,,
ROI_47,0,1012
,,
ROI_47,1,307
,,
ROI_47,2,291
,,
ROI_47,3,323
,,
ROI_47,4,231
,,
ROI_47,5,270
,,
ROI_47,6,262
,,
ROI_47,7,229
,,
ROI_47,8,202
,,
ROI_47,9,202
,,
ROI_47,10,208
,,
ROI_47,11,200
,,
ROI_47,12,225
,,
ROI_47,13,202
,,
ROI_47,14,173
,,
ROI_47,15,165
,,
ROI_47,16,150
,,
ROI_47,17,158
,,
ROI_47,18,161
,,
ROI_47,19,157
,,
ROI_47,20,157
,,
ROI_47,21,124
,,
ROI_47,22,171
,,
ROI_47,23,155
,,
ROI_47,24,113
,,
ROI_47,25,136
,,
ROI_47,26,134
,,
ROI_47,27,119
,,
ROI_47,28,121
,,
ROI_47,29,107
,,
ROI_47,30,114
,,
ROI_47,31,112
,,
ROI_47,32,99
,,
ROI_47,33,95
,,
ROI_47,34,101
,,
ROI_47,35,84
,,
ROI_47,36,109
,,
ROI_47,37,90
,,
ROI_47,38,76
,,
ROI_47,39,78
,,
ROI_47,40,91
,,
ROI_47,41,91
,,
ROI_47,42,77
,,
ROI_47,43,68
,,
ROI_47,44,75
,,
ROI_47,45,60
,,
ROI_47,46,65
,,
ROI_47,47,75
,,
ROI_47,48,81
,,
ROI_47,49,58
,,
ROI_47,50,73
,,
ROI_47,51,52
,,
ROI_47,52,66
,,
ROI_47,53,51
,,
ROI_47,54,52
,,
ROI_47,55,51
,,
ROI_47,56,55
,,
ROI_47,57,55
,,
ROI_47,58,45
,,
ROI_47,59,54
,,
ROI_47,60,41
,,
ROI_47,61,52
,,
ROI_47,62,57
,,
ROI_47,63,61
,,
ROI_47,64,44
,,
ROI_47,65,35
,,
ROI_47,66,52
,,
ROI_47,67,47
,,
ROI_47,68,41
,,
ROI_47,69,38
,,
ROI_47,70,41
,,
ROI_47,71,49
,,
ROI_47,72,32
,,
ROI_47,73,51
,,
ROI_47,74,25
,,
ROI_47,75,44
,,
ROI_47,76,39
,,
ROI_47,77,35
,,
ROI_47,78,34
,,
ROI_47,79,39
,,
ROI_47,80,32
,,
ROI_47,81,28
,,
ROI_47,82,32
,,
ROI_47,83,37
,,
ROI_47,84,25
,,
ROI_47,85,33
,,
ROI_47,86,38
,,
ROI_47,87,44
,,
ROI_47,88,32
,,
ROI_47,89,30
,,
ROI_47,90,30
,,
ROI_47,91,26
,,
ROI_47,92,22
,,
ROI_47,93,29
,,
ROI_47,94,21
,,
ROI_47,95,27
,,
ROI_47,96,28
,,
ROI_47,97,29
,,
ROI_47,98,26
,,
ROI_47,99,22
,,
ROI_47,100,17
,,
ROI_47,101,25
,,
ROI_47,102,19
,,
ROI_47,103,22
,,
ROI_47,104,17
,,
ROI_47,105,19
,,
ROI_47,106,21
,,
ROI_47,107,17
,,
ROI_47,108,15
,,
ROI_47,109,22
,,
ROI_47,110,24
,,
ROI_47,111,18
,,
ROI_47,112,18
,,
ROI_47,113,17
,,
ROI_47,114,11
,,
ROI_47,115,14
,,
ROI_47,116,16
,,
ROI_47,117,14
,,
ROI_47,118,14
,,
ROI_47,119,13
,,
ROI_47,120,13
,,
ROI_47,121,12
,,
ROI_47,122,15
,,
ROI_47,123,19
,,
ROI_47,124,24
,,
ROI_47,125,29
,,
ROI_47,126,23
,,
ROI_47,127,14
,,
ROI_47,128,14
,,
ROI_47,129,15
,,
ROI_47,130,7
,,
ROI_47,131,7
,,
ROI_47,132,10
,,
ROI_47,133,16
,,
ROI_47,134,11
,,
ROI_47,135,16
,,
ROI_47,136,12
,,
ROI_47,137,12
,,
ROI_47,138,13
,,
ROI_47,139,7
,,
ROI_47,140,15
,,
ROI_47,141,12
,,
ROI_47,142,9
,,
ROI_47,143,10
,,
ROI_47,144,6
,,
ROI_47,145,21
,,
ROI_47,146,4
,,
ROI_47,147,15
,,
ROI_47,148,8
,,
ROI_47,149,4
,,
ROI_47,150,5
,,
ROI_47,151,6
,,
ROI_47,152,12
,,
ROI_47,153,7
,,
ROI_47,154,7
,,
ROI_47,155,10
,,
ROI_47,156,12
,,
ROI_47,157,5
,,
ROI_47,158,8
,,
ROI_47,159,4
,,
ROI_47,160,6
,,
ROI_47,161,9
,,
ROI_47,162,3
,,
ROI_47,163,6
,,
ROI_47,164,7
,,
ROI_47,165,8
,,
ROI_47,166,7
,,
ROI_47,167,9
,,
ROI_47,168,1
,,
ROI_47,169,7
,,
ROI_47,170,9
,,
ROI_47,171,7
,,
ROI_47,172,5
,,
ROI_47,173,4
,,
ROI_47,174,4
,,
ROI_47,175,4
,,
ROI_47,176,9
,,
ROI_47,177,8
,,
ROI_47,178,5
,,
ROI_47,179,1
,,
ROI_47,180,3
,,
ROI_47,181,4
,,
ROI_47,182,7
,,
ROI_47,183,4
,,
ROI_47,184,2
,,
ROI_47,185,1
,,
ROI_47,186,1
,,
ROI_47,187,4
,,
ROI_47,188,8
,,
ROI_47,189,4
,,
ROI_47,190,1
,,
ROI_47,191,4
,,
ROI_47,192,2
,,
ROI_47,193,2
,,
ROI_47,194,0
,,
ROI_47,195,0
,,
ROI_47,196,1
,,
ROI_47,197,2
,,
ROI_47,198,8
,,
ROI_47,199,0
,,
ROI_47,200,2
,,
ROI_47,201,5
,,
ROI_47,202,1
,,
ROI_47,203,4
,,
ROI_47,204,4
,,
ROI_47,205,2
,,
ROI_47,206,2
,,
ROI_47,207,3
,,
ROI_47,208,2
,,
ROI_47,209,4
,,
ROI_47,210,2
,,
ROI_47,211,0
,,
ROI_47,212,2
,,
ROI_47,213,4
,,
ROI_47,214,4
,,
ROI_47,215,0
,,
ROI_47,216,2
,,
ROI_47,217,2
,,
ROI_47,218,1
,,
ROI_47,219,2
,,
ROI_47,220,1
,,
ROI_47,221,1
,,
ROI_47,222,2
,,
ROI_47,223,3
,,
ROI_47,224,2
,,
ROI_47,225,2
,,
ROI_47,226,2
,,
ROI_47,227,3
,,
ROI_47,228,5
,,
ROI_47,229,4
,,
ROI_47,230,2
,,
ROI_47,231,1
,,
ROI_47,232,1
,,
ROI_47,233,0
,,
ROI_47,234,1
,,
ROI_47,235,4
,,
ROI_47,236,4
,,
ROI_47,237,0
,,
ROI_47,238,1
,,
ROI_47,239,0
,,
ROI_47,240,3
,,
ROI_47,241,2
,,
ROI_47,242,0
,,
ROI_47,243,1
,,
ROI_47,244,3
,,
ROI_47,245,1
,,
ROI_47,246,4
,,
ROI_47,247,4
,,
ROI_47,248,0
,,
ROI_47,249,1
,,
ROI_47,250,1
,,
ROI_47,251,1
,,
ROI_47,252,0
,,
ROI_47,253,1
,,
ROI_47,254,0
,,
ROI_47,255,217
,,
ROI_48,0,9221
,,
ROI_48,1,739
,,
ROI_48,2,582
,,
ROI_48,3,491
,,
ROI_48,4,405
,,
ROI_48,5,325
,,
ROI_48,6,301
,,
ROI_48,7,256
,,
ROI_48,8,248
,,
ROI_48,9,226
,,
ROI_48,10,220
,,
ROI_48,11,206
,,
ROI_48,12,198
,,
ROI_48,13,191
,,
ROI_48,14,178
,,
ROI_48,15,157
,,
ROI_48,16,150
,,
ROI_48,17,130
,,
ROI_48,18,135
,,
ROI_48,19,154
,,
ROI_48,20,124
,,
ROI_48,21,130
,,
ROI_48,22,113
,,
ROI_48,23,113
,,
ROI_48,24,127
,,
ROI_48,25,99
,,
ROI_48,26,90
,,
ROI_48,27,94
,,
ROI_48,28,94
,,
ROI_48,29,107
,,
ROI_48,30,101
,,
ROI_48,31,90
,,
ROI_48,32,84
,,
ROI_48,33,78
,,
ROI_48,34,73
,,
ROI_48,35,94
,,
ROI_48,36,66
,,
ROI_48,37,76
,,
ROI_48,38,77
,,
ROI_48,39,63
,,
ROI_48,40,64
,,
ROI_48,41,70
,,
ROI_48,42,63
,,
ROI_48,43,72
,,
ROI_48,44,62
,,
ROI_48,45,61
,,
ROI_48,46,48
,,
ROI_48,47,67
,,
ROI_48,48,49
,,
ROI_48,49,50
,,
ROI_48,50,64
,,
ROI_48,51,46
,,
ROI_48,52,53
,,
ROI_48,53,41
,,
ROI_48,54,43
,,
ROI_48,55,48
,,
ROI_48,56,60
,,
ROI_48,57,47
,,
ROI_48,58,41
,,
ROI_48,59,32
,,
ROI_48,60,34
,,
ROI_48,61,40
,,
ROI_48,62,37
,,
ROI_48,63,42
,,
ROI_48,64,46
,,
ROI_48,65,40
,,
ROI_48,66,35
,,
ROI_48,67,44
,,
ROI_48,68,41
,,
ROI_48,69,33
,,
ROI_48,70,45
,,
ROI_48,71,45
,,
ROI_48,72,27
,,
ROI_48,73,38
,,
ROI_48,74,32
,,
ROI_48,75,30
,,
ROI_48,76,28
,,
ROI_48,77,31
,,
ROI_48,78,33
,,
ROI_48,79,33
,,
ROI_48,80,32
,,
ROI_48,81,28
,,
ROI_48,82,27
,,
ROI_48,83,30
,,
ROI_48,84,20
,,
ROI_48,85,23
,,
ROI_48,86,26
,,
ROI_48,87,30
,,
ROI_48,88,29
,,
ROI_48,89,22
,,
ROI_48,90,25
,,
ROI_48,91,24
,,
ROI_48,92,20
,,
ROI_48,93,20
,,
ROI_48,94,21
,,
ROI_48,95,11
,,
ROI_48,96,16
,,
ROI_48,97,14
,,
ROI_48,98,26
,,
ROI_48,99,8
,,
ROI_48,100,13
,,
ROI_48,101,20
,,
ROI_48,102,17
,,
ROI_48,103,22
,,
ROI_48,104,17
,,
ROI_48,105,16
,,
ROI_48,106,17
,,
ROI_48,107,21
,,
ROI_48,108,17
,,
ROI_48,109,17
,,
ROI_48,110,14
,,
ROI_48,111,21
,,
ROI_48,112,14
,,
ROI_48,113,8
,,
ROI_48,114,10
,,
ROI_48,115,15
,,
ROI_48,116,8
,,
ROI_48,117,12
,,
ROI_48,118,10
,,
ROI_48,119,9
,,
ROI_48,120,14
,,
ROI_48,121,10
,,
ROI_48,122,7
,,
ROI_48,123,11
,,
ROI_48,124,11
,,
ROI_48,125,22
,,
ROI_48,126,12
,,
ROI_48,127,24
,,
ROI_48,128,11
,,
ROI_48,129,8
,,
ROI_48,130,8
,,
ROI_48,131,11
,,
ROI_48,132,5
,,
ROI_48,133,7
,,
ROI_48,134,10
,,
ROI_48,135,10
,,
ROI_48,136,11
,,
ROI_48,137,9
,,
ROI_48,138,9
,,
ROI_48,139,9
,,
ROI_48,140,2
,,
ROI_48,141,11
,,
ROI_48,142,3
,,
ROI_48,143,5
,,
ROI_48,144,11
,,
ROI_48,145,3
,,
ROI_48,146,6
,,
ROI_48,147,3
,,
ROI_48,148,3
,,
ROI_48,149,2
,,
ROI_48,150,10
,,
ROI_48,151,6
,,
ROI_48,152,2
,,
ROI_48,153,7
,,
ROI_48,154,2
,,
ROI_48,155,2
,,
ROI_48,156,4
,,
ROI_48,157,5
,,
ROI_48,158,2
,,
ROI_48,159,5
,,
ROI_48,160,3
,,
ROI_48,161,2
,,
ROI_48,162,2
,,
ROI_48,163,6
,,
ROI_48,164,1
,,
ROI_48,165,3
,,
ROI_48,166,3
,,
ROI_48,167,3
,,
ROI_48,168,8
,,
ROI_48,169,5
,,
ROI_48,170,2
,,
ROI_48,171,9
,,
ROI_48,172,1
,,
ROI_48,173,4
,,
ROI_48,174,3
,,
ROI_48,175,2
,,
ROI_48,176,4
,,
ROI_48,177,4
,,
ROI_48,178,3
,,
ROI_48,179,6
,,
ROI_48,180,3
,,
ROI_48,181,2
,,
ROI_48,182,1
,,
ROI_48,183,0
,,
ROI_48,184,3
,,
ROI_48,185,3
,,
ROI_48,186,2
,,
ROI_48,187,1
,,
ROI_48,188,2
,,
ROI_48,189,4
,,
ROI_48,190,0
,,
ROI_48,191,5
,,
ROI_48,192,2
,,
ROI_48,193,0
,,
ROI_48,194,3
,,
ROI_48,195,0
,,
ROI_48,196,3
,,
ROI_48,197,7
,,
ROI_48,198,2
,,
ROI_48,199,4
,,
ROI_48,200,3
,,
ROI_48,201,2
,,
ROI_48,202,5
,,
ROI_48,203,5
,,
ROI_48,204,1
,,
ROI_48,205,4
,,
ROI_48,206,3
,,
ROI_48,207,1
,,
ROI_48,208,3
,,
ROI_48,209,2
,,
ROI_48,210,0
,,
ROI_48,211,2
,,
ROI_48,212,1
,,
ROI_48,213,3
,,
ROI_48,214,3
,,
ROI_48,215,0
,,
ROI_48,216,1
,,
ROI_48,217,2
,,
ROI_48,218,2
,,
ROI_48,219,0
,,
ROI_48,220,2
,,
ROI_48,221,2
,,
ROI_48,222,3
,,
ROI_48,223,0
,,
ROI_48,224,1
,,
ROI_48,225,2
,,
ROI_48,226,2
,,
ROI_48,227,2
,,
ROI_48,228,3
,,
ROI_48,229,2
,,
ROI_48,230,3
,,
ROI_48,231,0
,,
ROI_48,232,4
,,
ROI_48,233,2
,,
ROI_48,234,2
,,
ROI_48,235,2
,,
ROI_48,236,3
,,
ROI_48,237,0
,,
ROI_48,238,2
,,
ROI_48,239,1
,,
ROI_48,240,0
,,
ROI_48,241,0
,,
ROI_48,242,1
,,
ROI_48,243,2
,,
ROI_48,244,2
,,
ROI_48,245,2
,,
ROI_48,246,2
,,
ROI_48,247,0
,,
ROI_48,248,2
,,
ROI_48,249,0
,,
ROI_48,250,1
,,
ROI_48,251,0
,,
ROI_48,252,1
,,
ROI_48,253,1
,,
ROI_48,254,3
,,
ROI_48,255,178
,,
ROI_49,0,792
,,
ROI_49,1,170
,,
ROI_49,2,137
,,
ROI_49,3,149
,,
ROI_49,4,106
,,
ROI_49,5,97
,,
ROI_49,6,92
,,
ROI_49,7,71
,,
ROI_49,8,70
,,
ROI_49,9,69
,,
ROI_49,10,62
,,
ROI_49,11,45
,,
ROI_49,12,50
,,
ROI_49,13,60
,,
ROI_49,14,45
,,
ROI_49,15,54
,,
ROI_49,16,44
,,
ROI_49,17,37
,,
ROI_49,18,35
,,
ROI_49,19,36
,,
ROI_49,20,38
,,
ROI_49,21,32
,,
ROI_49,22,45
,,
ROI_49,23,21
,,
ROI_49,24,42
,,
ROI_49,25,31
,,
ROI_49,26,25
,,
ROI_49,27,14
,,
ROI_49,28,26
,,
ROI_49,29,28
,,
ROI_49,30,17
,,
ROI_49,31,18
,,
ROI_49,32,15
,,
ROI_49,33,20
,,
ROI_49,34,22
,,
ROI_49,35,18
,,
ROI_49,36,18
,,
ROI_49,37,12
,,
ROI_49,38,17
,,
ROI_49,39,13
,,
ROI_49,40,11
,,
ROI_49,41,21
,,
ROI_49,42,12
,,
ROI_49,43,11
,,
ROI_49,44,14
,,
ROI_49,45,14
,,
ROI_49,46,13
,,
ROI_49,47,14
,,
ROI_49,48,13
,,
ROI_49,49,11
,,
ROI_49,50,6
,,
ROI_49,51,13
,,
ROI_49,52,16
,,
ROI_49,53,10
,,
ROI_49,54,13
,,
ROI_49,55,11
,,
ROI_49,56,17
,,
ROI_49,57,16
,,
ROI_49,58,9
,,
ROI_49,59,9
,,
ROI_49,60,7
,,
ROI_49,61,6
,,
ROI_49,62,7
,,
ROI_49,63,7
,,
ROI_49,64,11
,,
ROI_49,65,4
,,
ROI_49,66,15
,,
ROI_49,67,3
,,
ROI_49,68,8
,,
ROI_49,69,8
,,
ROI_49,70,5
,,
ROI_49,71,12
,,
ROI_49,72,10
,,
ROI_49,73,7
,,
ROI_49,74,7
,,
ROI_49,75,8
,,
ROI_49,76,6
,,
ROI_49,77,7
,,
ROI_49,78,5
,,
ROI_49,79,5
,,
ROI_49,80,10
,,
ROI_49,81,4
,,
ROI_49,82,10
,,
ROI_49,83,7
,,
ROI_49,84,8
,,
ROI_49,85,5
,,
ROI_49,86,10
,,
ROI_49,87,7
,,
ROI_49,88,7
,,
ROI_49,89,6
,,
ROI_49,90,12
,,
ROI_49,91,7
,,
ROI_49,92,8
,,
ROI_49,93,6
,,
ROI_49,94,3
,,
ROI_49,95,4
,,
ROI_49,96,5
,,
ROI_49,97,4
,,
ROI_49,98,3
,,
ROI_49,99,0
,,
ROI_49,100,9
,,
ROI_49,101,3
,,
ROI_49,102,6
,,
ROI_49,103,2
,,
ROI_49,104,4
,,
ROI_49,105,7
,,
ROI_49,106,5
,,
ROI_49,107,0
,,
ROI_49,108,5
,,
ROI_49,109,2
,,
ROI_49,110,3
,,
ROI_49,111,2
,,
ROI_49,112,2
,,
ROI_49,113,7
,,
ROI_49,114,3
,,
ROI_49,115,5
,,
ROI_49,116,0
,,
ROI_49,117,1
,,
ROI_49,118,4
,,
ROI_49,119,2
,,
ROI_49,120,7
,,
ROI_49,121,6
,,
ROI_49,122,5
,,
ROI_49,123,5
,,
ROI_49,124,8
,,
ROI_49,125,4
,,
ROI_49,126,1
,,
ROI_49,127,0
,,
ROI_49,128,4
,,
ROI_49,129,3
,,
ROI_49,130,1
,,
ROI_49,131,5
,,
ROI_49,132,6
,,
ROI_49,133,2
,,
ROI_49,134,4
,,
ROI_49,135,2
,,
ROI_49,136,3
,,
ROI_49,137,3
,,
ROI_49,138,1
,,
ROI_49,139,1
,,
ROI_49,140,0
,,
ROI_49,141,4
,,
ROI_49,142,3
,,
ROI_49,143,4
,,
ROI_49,144,1
,,
ROI_49,145,2
,,
ROI_49,146,1
,,
ROI_49,147,1
,,
ROI_49,148,3
,,
ROI_49,149,5
,,
ROI_49,150,2
,,
ROI_49,151,1
,,
ROI_49,152,3
,,
ROI_49,153,4
,,
ROI_49,154,0
,,
ROI_49,155,2
,,
ROI_49,156,3
,,
ROI_49,157,2
,,
ROI_49,158,3
,,
ROI_49,159,0
,,
ROI_49,160,1
,,
ROI_49,161,3
,,
ROI_49,162,5
,,
ROI_49,163,3
,,
ROI_49,164,1
,,
ROI_49,165,1
,,
ROI_49,166,2
,,
ROI_49,167,1
,,
ROI_49,168,4
,,
ROI_49,169,0
,,
ROI_49,170,1
,,
ROI_49,171,0
,,
ROI_49,172,1
,,
ROI_49,173,2
,,
ROI_49,174,2
,,
ROI_49,175,0
,,
ROI_49,176,3
,,
ROI_49,177,3
,,
ROI_49,178,1
,,
ROI_49,179,2
,,
ROI_49,180,2
,,
ROI_49,181,3
,,
ROI_49,182,4
,,
ROI_49,183,0
,,
ROI_49,184,3
,,
ROI_49,185,1
,,
ROI_49,186,3
,,
ROI_49,187,1
,,
ROI_49,188,5
,,
ROI_49,189,3
,,
ROI_49,190,0
,,
ROI_49,191,1
,,
ROI_49,192,0
,,
ROI_49,193,2
,,
ROI_49,194,1
,,
ROI_49,195,2
,,
ROI_49,196,0
,,
ROI_49,197,2
,,
ROI_49,198,0
,,
ROI_49,199,1
,,
ROI_49,200,3
,,
ROI_49,201,3
,,
ROI_49,202,2
,,
ROI_49,203,0
,,
ROI_49,204,1
,,
ROI_49,205,1
,,
ROI_49,206,1
,,
ROI_49,207,0
,,
ROI_49,208,2
,,
ROI_49,209,2
,,
ROI_49,210,4
,,
ROI_49,211,0
,,
ROI_49,212,0
,,
ROI_49,213,1
,,
ROI_49,214,1
,,
ROI_49,215,0
,,
ROI_49,216,1
,,
ROI_49,217,0
,,
ROI_49,218,0
,,
ROI_49,219,0
,,
ROI_49,220,1
,,
ROI_49,221,0
,,
ROI_49,222,1
,,
ROI_49,223,0
,,
ROI_49,224,1
,,
ROI_49,225,2
,,
ROI_49,226,0
,,
ROI_49,227,2
,,
ROI_49,228,1
,,
ROI_49,229,0
,,
ROI_49,230,0
,,
ROI_49,231,0
,,
ROI_49,232,1
,,
ROI_49,233,2
,,
ROI_49,234,0
,,
ROI_49,235,0
,,
ROI_49,236,3
,,
ROI_49,237,1
,,
ROI_49,238,2
,,
ROI_49,239,0
,,
ROI_49,240,1
,,
ROI_49,241,1
,,
ROI_49,242,1
,,
ROI_49,243,1
,,
ROI_49,244,0
,,
ROI_49,245,1
,,
ROI_49,246,1
,,
ROI_49,247,1
,,
ROI_49,248,0
,,
ROI_49,249,1
,,
ROI_49,250,0
,,
ROI_49,251,0
,,
ROI_49,252,2
,,
ROI_49,253,0
,,
ROI_49,254,1
,,
ROI_49,255,44
,,
ROI_50,0,247
,,
ROI_50,1,39
,,
ROI_50,2,41
,,
ROI_50,3,34
,,
ROI_50,4,33
,,
ROI_50,5,28
,,
ROI_50,6,36
,,
ROI_50,7,29
,,
ROI_50,8,30
,,
ROI_50,9,32
,,
ROI_50,10,26
,,
ROI_50,11,31
,,
ROI_50,12,40
,,
ROI_50,13,44
,,
ROI_50,14,21
,,
ROI_50,15,34
,,
ROI_50,16,22
,,
ROI_50,17,33
,,
ROI_50,18,32
,,
ROI_50,19,41
,,
ROI_50,20,22
,,
ROI_50,21,23
,,
ROI_50,22,31
,,
ROI_50,23,28
,,
ROI_50,24,24
,,
ROI_50,25,26
,,
ROI_50,26,18
,,
ROI_50,27,20
,,
ROI_50,28,16
,,
ROI_50,29,18
,,
ROI_50,30,18
,,
ROI_50,31,14
,,
ROI_50,32,12
,,
ROI_50,33,12
,,
ROI_50,34,12
,,
ROI_50,35,16
,,
ROI_50,36,16
,,
ROI_50,37,5
,,
ROI_50,38,19
,,
ROI_50,39,8
,,
ROI_50,40,17
,,
ROI_50,41,15
,,
ROI_50,42,19
,,
ROI_50,43,11
,,
ROI_50,44,7
,,
ROI_50,45,14
,,
ROI_50,46,13
,,
ROI_50,47,16
,,
ROI_50,48,14
,,
ROI_50,49,11
,,
ROI_50,50,15
,,
ROI_50,51,8
,,
ROI_50,52,9
,,
ROI_50,53,13
,,
ROI_50,54,7
,,
ROI_50,55,10
,,
ROI_50,56,14
,,
ROI_50,57,11
,,
ROI_50,58,16
,,
ROI_50,59,9
,,
ROI_50,60,9
,,
ROI_50,61,6
,,
ROI_50,62,10
,,
ROI_50,63,8
,,
ROI_50,64,8
,,
ROI_50,65,13
,,
ROI_50,66,7
,,
ROI_50,67,8
,,
ROI_50,68,12
,,
ROI_50,69,6
,,
ROI_50,70,12
,,
ROI_50,71,5
,,
ROI_50,72,9
,,
ROI_50,73,11
,,
ROI_50,74,6
,,
ROI_50,75,3
,,
ROI_50,76,5
,,
ROI_50,77,5
,,
ROI_50,78,5
,,
ROI_50,79,8
,,
ROI_50,80,4
,,
ROI_50,81,5
,,
ROI_50,82,12
,,
ROI_50,83,7
,,
ROI_50,84,2
,,
ROI_50,85,7
,,
ROI_50,86,6
,,
ROI_50,87,6
,,
ROI_50,88,4
,,
ROI_50,89,8
,,
ROI_50,90,5
,,
ROI_50,91,10
,,
ROI_50,92,8
,,
ROI_50,93,9
,,
ROI_50,94,3
,,
ROI_50,95,8
,,
ROI_50,96,8
,,
ROI_50,97,4
,,
ROI_50,98,9
,,
ROI_50,99,5
,,
ROI_50,100,4
,,
ROI_50,101,5
,,
ROI_50,102,5
,,
ROI_50,103,0
,,
ROI_50,104,3
,,
ROI_50,105,5
,,
ROI_50,106,4
,,
ROI_50,107,4
,,
ROI_50,108,7
,,
ROI_50,109,6
,,
ROI_50,110,2
,,
ROI_50,111,8
,,
ROI_50,112,7
,,
ROI_50,113,6
,,
ROI_50,114,4
,,
ROI_50,115,4
,,
ROI_50,116,8
,,
ROI_50,117,2
,,
ROI_50,118,5
,,
ROI_50,119,5
,,
ROI_50,120,3
,,
ROI_50,121,4
,,
ROI_50,122,5
,,
ROI_50,123,4
,,
ROI_50,124,9
,,
ROI_50,125,6
,,
ROI_50,126,4
,,
ROI_50,127,1
,,
ROI_50,128,2
,,
ROI_50,129,3
,,
ROI_50,130,8
,,
ROI_50,131,2
,,
ROI_50,132,2
,,
ROI_50,133,0
,,
ROI_50,134,5
,,
ROI_50,135,2
,,
ROI_50,136,1
,,
ROI_50,137,5
,,
ROI_50,138,3
,,
ROI_50,139,2
,,
ROI_50,140,2
,,
ROI_50,141,3
,,
ROI_50,142,2
,,
ROI_50,143,1
,,
ROI_50,144,5
,,
ROI_50,145,4
,,
ROI_50,146,3
,,
ROI_50,147,6
,,
ROI_50,148,5
,,
ROI_50,149,2
,,
ROI_50,150,4
,,
ROI_50,151,4
,,
ROI_50,152,4
,,
ROI_50,153,2
,,
ROI_50,154,2
,,
ROI_50,155,4
,,
ROI_50,156,4
,,
ROI_50,157,3
,,
ROI_50,158,2
,,
ROI_50,159,4
,,
ROI_50,160,4
,,
ROI_50,161,0
,,
ROI_50,162,4
,,
ROI_50,163,1
,,
ROI_50,164,3
,,
ROI_50,165,1
,,
ROI_50,166,1
,,
ROI_50,167,2
,,
ROI_50,168,2
,,
ROI_50,169,2
,,
ROI_50,170,3
,,
ROI_50,171,0
,,
ROI_50,172,2
,,
ROI_50,173,1
,,
ROI_50,174,4
,,
ROI_50,175,1
,,
ROI_50,176,4
,,
ROI_50,177,2
,,
ROI_50,178,1
,,
ROI_50,179,2
,,
ROI_50,180,4
,,
ROI_50,181,2
,,
ROI_50,182,1
,,
ROI_50,183,2
,,
ROI_50,184,1
,,
ROI_50,185,3
,,
ROI_50,186,2
,,
ROI_50,187,5
,,
ROI_50,188,0
,,
ROI_50,189,1
,,
ROI_50,190,3
,,
ROI_50,191,0
,,
ROI_50,192,4
,,
ROI_50,193,1
,,
ROI_50,194,1
,,
ROI_50,195,0
,,
ROI_50,196,1
,,
ROI_50,197,4
,,
ROI_50,198,2
,,
ROI_50,199,2
,,
ROI_50,200,2
,,
ROI_50,201,2
,,
ROI_50,202,0
,,
ROI_50,203,1
,,
ROI_50,204,4
,,
ROI_50,205,3
,,
ROI_50,206,1
,,
ROI_50,207,1
,,
ROI_50,208,1
,,
ROI_50,209,2
,,
ROI_50,210,2
,,
ROI_50,211,4
,,
ROI_50,212,1
,,
ROI_50,213,2
,,
ROI_50,214,6
,,
ROI_50,215,4
,,
ROI_50,216,3
,,
ROI_50,217,0
,,
ROI_50,218,1
,,
ROI_50,219,3
,,
ROI_50,220,3
,,
ROI_50,221,2
,,
ROI_50,222,0
,,
ROI_50,223,1
,,
ROI_50,224,2
,,
ROI_50,225,1
,,
ROI_50,226,2
,,
ROI_50,227,2
,,
ROI_50,228,0
,,
ROI_50,229,0
,,
ROI_50,230,0
,,
ROI_50,231,1
,,
ROI_50,232,1
,,
ROI_50,233,3
,,
ROI_50,234,1
,,
ROI_50,235,3
,,
ROI_50,236,1
,,
ROI_50,237,1
,,
ROI_50,238,1
,,
ROI_50,239,2
,,
ROI_50,240,3
,,
ROI_50,241,2
,,
ROI_50,242,1
,,
ROI_50,243,2
,,
ROI_50,244,0
,,
ROI_50,245,0
,,
ROI_50,246,0
,,
ROI_50,247,1
,,
ROI_50,248,1
,,
ROI_50,249,3
,,
ROI_50,250,1
,,
ROI_50,251,1
,,
ROI_50,252,2
,,
ROI_50,253,0
,,
ROI_50,254,0
,,
ROI_50,255,102
,,
ROI_51,0,5588
,,
ROI_51,1,1540
,,
ROI_51,2,1337
,,
ROI_51,3,1097
,,
ROI_51,4,862
,,
ROI_51,5,826
,,
ROI_51,6,719
,,
ROI_51,7,655
,,
ROI_51,8,684
,,
ROI_51,9,607
,,
ROI_51,10,582
,,
ROI_51,11,568
,,
ROI_51,12,540
,,
ROI_51,13,488
,,
ROI_51,14,462
,,
ROI_51,15,448
,,
ROI_51,16,393
,,
ROI_51,17,387
,,
ROI_51,18,359
,,
ROI_51,19,381
,,
ROI_51,20,355
,,
ROI_51,21,300
,,
ROI_51,22,296
,,
ROI_51,23,312
,,
ROI_51,24,289
,,
ROI_51,25,264
,,
ROI_51,26,243
,,
ROI_51,27,258
,,
ROI_51,28,246
,,
ROI_51,29,248
,,
ROI_51,30,216
,,
ROI_51,31,206
,,
ROI_51,32,184
,,
ROI_51,33,203
,,
ROI_51,34,217
,,
ROI_51,35,201
,,
ROI_51,36,215
,,
ROI_51,37,192
,,
ROI_51,38,178
,,
ROI_51,39,172
,,
ROI_51,40,195
,,
ROI_51,41,172
,,
ROI_51,42,153
,,
ROI_51,43,157
,,
ROI_51,44,171
,,
ROI_51,45,146
,,
ROI_51,46,133
,,
ROI_51,47,154
,,
ROI_51,48,138
,,
ROI_51,49,135
,,
ROI_51,50,135
,,
ROI_51,51,140
,,
ROI_51,52,101
,,
ROI_51,53,114
,,
ROI_51,54,92
,,
ROI_51,55,115
,,
ROI_51,56,102
,,
ROI_51,57,119
,,
ROI_51,58,121
,,
ROI_51,59,117
,,
ROI_51,60,116
,,
ROI_51,61,103
,,
ROI_51,62,93
,,
ROI_51,63,89
,,
ROI_51,64,95
,,
ROI_51,65,90
,,
ROI_51,66,87
,,
ROI_51,67,82
,,
ROI_51,68,92
,,
ROI_51,69,88
,,
ROI_51,70,97
,,
ROI_51,71,75
,,
ROI_51,72,94
,,
ROI_51,73,75
,,
ROI_51,74,85
,,
ROI_51,75,86
,,
ROI_51,76,79
,,
ROI_51,77,84
,,
ROI_51,78,75
,,
ROI_51,79,56
,,
ROI_51,80,63
,,
ROI_51,81,72
,,
ROI_51,82,59
,,
ROI_51,83,63
,,
ROI_51,84,75
,,
ROI_51,85,73
,,
ROI_51,86,77
,,
ROI_51,87,62
,,
ROI_51,88,59
,,
ROI_51,89,46
,,
ROI_51,90,68
,,
ROI_51,91,51
,,
ROI_51,92,63
,,
ROI_51,93,48
,,
ROI_51,94,49
,,
ROI_51,95,46
,,
ROI_51,96,57
,,
ROI_51,97,56
,,
ROI_51,98,59
,,
ROI_51,99,51
,,
ROI_51,100,50
,,
ROI_51,101,51
,,
ROI_51,102,56
,,
ROI_51,103,52
,,
ROI_51,104,43
,,
ROI_51,105,53
,,
ROI_51,106,40
,,
ROI_51,107,45
,,
ROI_51,108,37
,,
ROI_51,109,37
,,
ROI_51,110,43
,,
ROI_51,111,37
,,
ROI_51,112,48
,,
ROI_51,113,33
,,
ROI_51,114,38
,,
ROI_51,115,43
,,
ROI_51,116,47
,,
ROI_51,117,38
,,
ROI_51,118,24
,,
ROI_51,119,40
,,
ROI_51,120,34
,,
ROI_51,121,45
,,
ROI_51,122,42
,,
ROI_51,123,46
,,
ROI_51,124,56
,,
ROI_51,125,60
,,
ROI_51,126,58
,,
ROI_51,127,34
,,
ROI_51,128,32
,,
ROI_51,129,25
,,
ROI_51,130,41
,,
ROI_51,131,34
,,
ROI_51,132,19
,,
ROI_51,133,29
,,
ROI_51,134,28
,,
ROI_51,135,30
,,
ROI_51,136,26
,,
ROI_51,137,21
,,
ROI_51,138,35
,,
ROI_51,139,24
,,
ROI_51,140,23
,,
ROI_51,141,28
,,
ROI_51,142,29
,,
ROI_51,143,25
,,
ROI_51,144,30
,,
ROI_51,145,31
,,
ROI_51,146,19
,,
ROI_51,147,17
,,
ROI_51,148,21
,,
ROI_51,149,30
,,
ROI_51,150,23
,,
ROI_51,151,20
,,
ROI_51,152,27
,,
ROI_51,153,15
,,
ROI_51,154,24
,,
ROI_51,155,23
,,
ROI_51,156,33
,,
ROI_51,157,14
,,
ROI_51,158,18
,,
ROI_51,159,23
,,
ROI_51,160,18
,,
ROI_51,161,17
,,
ROI_51,162,10
,,
ROI_51,163,19
,,
ROI_51,164,19
,,
ROI_51,165,18
,,
ROI_51,166,9
,,
ROI_51,167,11
,,
ROI_51,168,20
,,
ROI_51,169,20
,,
ROI_51,170,17
,,
ROI_51,171,12
,,
ROI_51,172,21
,,
ROI_51,173,19
,,
ROI_51,174,14
,,
ROI_51,175,16
,,
ROI_51,176,11
,,
ROI_51,177,22
,,
ROI_51,178,15
,,
ROI_51,179,9
,,
ROI_51,180,12
,,
ROI_51,181,21
,,
ROI_51,182,16
,,
ROI_51,183,19
,,
ROI_51,184,20
,,
ROI_51,185,11
,,
ROI_51,186,10
,,
ROI_51,187,11
,,
ROI_51,188,13
,,
ROI_51,189,12
,,
ROI_51,190,15
,,
ROI_51,191,14
,,
ROI_51,192,11
,,
ROI_51,193,8
,,
ROI_51,194,10
,,
ROI_51,195,7
,,
ROI_51,196,16
,,
ROI_51,197,17
,,
ROI_51,198,15
,,
ROI_51,199,16
,,
ROI_51,200,10
,,
ROI_51,201,12
,,
ROI_51,202,14
,,
ROI_51,203,11
,,
ROI_51,204,9
,,
ROI_51,205,12
,,
ROI_51,206,13
,,
ROI_51,207,15
,,
ROI_51,208,10
,,
ROI_51,209,12
,,
ROI_51,210,13
,,
ROI_51,211,14
,,
ROI_51,212,11
,,
ROI_51,213,3
,,
ROI_51,214,22
,,
ROI_51,215,12
,,
ROI_51,216,8
,,
ROI_51,217,6
,,
ROI_51,218,11
,,
ROI_51,219,10
,,
ROI_51,220,9
,,
ROI_51,221,5
,,
ROI_51,222,11
,,
ROI_51,223,12
,,
ROI_51,224,8
,,
ROI_51,225,9
,,
ROI_51,226,13
,,
ROI_51,227,11
,,
ROI_51,228,5
,,
ROI_51,229,15
,,
ROI_51,230,9
,,
ROI_51,231,9
,,
ROI_51,232,8
,,
ROI_51,233,8
,,
ROI_51,234,3
,,
ROI_51,235,8
,,
ROI_51,236,3
,,
ROI_51,237,9
,,
ROI_51,238,6
,,
ROI_51,239,11
,,
ROI_51,240,11
,,
ROI_51,241,6
,,
ROI_51,242,2
,,
ROI_51,243,5
,,
ROI_51,244,10
,,
ROI_51,245,9
,,
ROI_51,246,10
,,
ROI_51,247,6
,,
ROI_51,248,6
,,
ROI_51,249,6
,,
ROI_51,250,8
,,
ROI_51,251,5
,,
ROI_51,252,5
,,
ROI_51,253,7
,,
ROI_51,254,8
,,
ROI_51,255,379
,,
ROI_52,0,6150
,,
ROI_52,1,1352
,,
ROI_52,2,1088
,,
ROI_52,3,815
,,
ROI_52,4,657
,,
ROI_52,5,593
,,
ROI_52,6,601
,,
ROI_52,7,563
,,
ROI_52,8,510
,,
ROI_52,9,534
,,
ROI_52,10,487
,,
ROI_52,11,467
,,
ROI_52,12,456
,,
ROI_52,13,373
,,
ROI_52,14,360
,,
ROI_52,15,367
,,
ROI_52,16,380
,,
ROI_52,17,325
,,
ROI_52,18,269
,,
ROI_52,19,295
,,
ROI_52,20,298
,,
ROI_52,21,277
,,
ROI_52,22,268
,,
ROI_52,23,269
,,
ROI_52,24,220
,,
ROI_52,25,199
,,
ROI_52,26,209
,,
ROI_52,27,206
,,
ROI_52,28,185
,,
ROI_52,29,210
,,
ROI_52,30,190
,,
ROI_52,31,181
,,
ROI_52,32,169
,,
ROI_52,33,183
,,
ROI_52,34,162
,,
ROI_52,35,160
,,
ROI_52,36,150
,,
ROI_52,37,141
,,
ROI_52,38,135
,,
ROI_52,39,121
,,
ROI_52,40,134
,,
ROI_52,41,140
,,
ROI_52,42,116
,,
ROI_52,43,122
,,
ROI_52,44,137
,,
ROI_52,45,98
,,
ROI_52,46,113
,,
ROI_52,47,122
,,
ROI_52,48,103
,,
ROI_52,49,98
,,
ROI_52,50,106
,,
ROI_52,51,82
,,
ROI_52,52,93
,,
ROI_52,53,88
,,
ROI_52,54,86
,,
ROI_52,55,86
,,
ROI_52,56,72
,,
ROI_52,57,93
,,
ROI_52,58,81
,,
ROI_52,59,89
,,
ROI_52,60,79
,,
ROI_52,61,75
,,
ROI_52,62,78
,,
ROI_52,63,63
,,
ROI_52,64,71
,,
ROI_52,65,74
,,
ROI_52,66,86
,,
ROI_52,67,67
,,
ROI_52,68,61
,,
ROI_52,69,72
,,
ROI_52,70,56
,,
ROI_52,71,71
,,
ROI_52,72,68
,,
ROI_52,73,64
,,
ROI_52,74,70
,,
ROI_52,75,54
,,
ROI_52,76,57
,,
ROI_52,77,51
,,
ROI_52,78,49
,,
ROI_52,79,60
,,
ROI_52,80,61
,,
ROI_52,81,60
,,
ROI_52,82,62
,,
ROI_52,83,48
,,
ROI_52,84,48
,,
ROI_52,85,51
,,
ROI_52,86,46
,,
ROI_52,87,53
,,
ROI_52,88,34
,,
ROI_52,89,52
,,
ROI_52,90,53
,,
ROI_52,91,39
,,
ROI_52,92,44
,,
ROI_52,93,34
,,
ROI_52,94,45
,,
ROI_52,95,35
,,
ROI_52,96,37
,,
ROI_52,97,34
,,
ROI_52,98,34
,,
ROI_52,99,44
,,
ROI_52,100,32
,,
ROI_52,101,39
,,
ROI_52,102,31
,,
ROI_52,103,32
,,
ROI_52,104,42
,,
ROI_52,105,35
,,
ROI_52,106,34
,,
ROI_52,107,40
,,
ROI_52,108,34
,,
ROI_52,109,24
,,
ROI_52,110,32
,,
ROI_52,111,40
,,
ROI_52,112,35
,,
ROI_52,113,38
,,
ROI_52,114,25
,,
ROI_52,115,35
,,
ROI_52,116,23
,,
ROI_52,117,30
,,
ROI_52,118,25
,,
ROI_52,119,32
,,
ROI_52,120,21
,,
ROI_52,121,25
,,
ROI_52,122,38
,,
ROI_52,123,34
,,
ROI_52,124,46
,,
ROI_52,125,40
,,
ROI_52,126,41
,,
ROI_52,127,33
,,
ROI_52,128,31
,,
ROI_52,129,16
,,
ROI_52,130,18
,,
ROI_52,131,32
,,
ROI_52,132,22
,,
ROI_52,133,22
,,
ROI_52,134,17
,,
ROI_52,135,19
,,
ROI_52,136,24
,,
ROI_52,137,24
,,
ROI_52,138,16
,,
ROI_52,139,28
,,
ROI_52,140,20
,,
ROI_52,141,20
,,
ROI_52,142,21
,,
ROI_52,143,14
,,
ROI_52,144,15
,,
ROI_52,145,19
,,
ROI_52,146,19
,,
ROI_52,147,11
,,
ROI_52,148,25
,,
ROI_52,149,13
,,
ROI_52,150,16
,,
ROI_52,151,34
,,
ROI_52,152,15
,,
ROI_52,153,18
,,
ROI_52,154,17
,,
ROI_52,155,19
,,
ROI_52,156,11
,,
ROI_52,157,19
,,
ROI_52,158,20
,,
ROI_52,159,17
,,
ROI_52,160,18
,,
ROI_52,161,16
,,
ROI_52,162,11
,,
ROI_52,163,13
,,
ROI_52,164,25
,,
ROI_52,165,12
,,
ROI_52,166,15
,,
ROI_52,167,17
,,
ROI_52,168,17
,,
ROI_52,169,12
,,
ROI_52,170,12
,,
ROI_52,171,12
,,
ROI_52,172,11
,,
ROI_52,173,14
,,
ROI_52,174,12
,,
ROI_52,175,10
,,
ROI_52,176,8
,,
ROI_52,177,9
,,
ROI_52,178,8
,,
ROI_52,179,8
,,
ROI_52,180,6
,,
ROI_52,181,10
,,
ROI_52,182,11
,,
ROI_52,183,13
,,
ROI_52,184,9
,,
ROI_52,185,14
,,
ROI_52,186,7
,,
ROI_52,187,5
,,
ROI_52,188,9
,,
ROI_52,189,7
,,
ROI_52,190,10
,,
ROI_52,191,14
,,
ROI_52,192,6
,,
ROI_52,193,8
,,
ROI_52,194,12
,,
ROI_52,195,10
,,
ROI_52,196,6
,,
ROI_52,197,10
,,
ROI_52,198,7
,,
ROI_52,199,10
,,
ROI_52,200,9
,,
ROI_52,201,12
,,
ROI_52,202,3
,,
ROI_52,203,11
,,
ROI_52,204,7
,,
ROI_52,205,9
,,
ROI_52,206,9
,,
ROI_52,207,10
,,
ROI_52,208,7
,,
ROI_52,209,6
,,
ROI_52,210,12
,,
ROI_52,211,8
,,
ROI_52,212,9
,,
ROI_52,213,8
,,
ROI_52,214,8
,,
ROI_52,215,6
,,
ROI_52,216,9
,,
ROI_52,217,6
,,
ROI_52,218,8
,,
ROI_52,219,9
,,
ROI_52,220,10
,,
ROI_52,221,2
,,
ROI_52,222,8
,,
ROI_52,223,5
,,
ROI_52,224,2
,,
ROI_52,225,8
,,
ROI_52,226,5
,,
ROI_52,227,4
,,
ROI_52,228,5
,,
ROI_52,229,3
,,
ROI_52,230,9
,,
ROI_52,231,5
,,
ROI_52,232,3
,,
ROI_52,233,7
,,
ROI_52,234,3
,,
ROI_52,235,3
,,
ROI_52,236,2
,,
ROI_52,237,5
,,
ROI_52,238,1
,,
ROI_52,239,4
,,
ROI_52,240,5
,,
ROI_52,241,3
,,
ROI_52,242,8
,,
ROI_52,243,0
,,
ROI_52,244,2
,,
ROI_52,245,3
,,
ROI_52,246,4
,,
ROI_52,247,3
,,
ROI_52,248,4
,,
ROI_52,249,3
,,
ROI_52,250,4
,,
ROI_52,251,5
,,
ROI_52,252,5
,,
ROI_52,253,6
,,
ROI_52,254,4
,,
ROI_52,255,367
,,
ROI_53,0,528
,,
ROI_53,1,50
,,
ROI_53,2,36
,,
ROI_53,3,33
,,
ROI_53,4,42
,,
ROI_53,5,44
,,
ROI_53,6,33
,,
ROI_53,7,23
,,
ROI_53,8,31
,,
ROI_53,9,29
,,
ROI_53,10,23
,,
ROI_53,11,21
,,
ROI_53,12,29
,,
ROI_53,13,24
,,
ROI_53,14,29
,,
ROI_53,15,26
,,
ROI_53,16,29
,,
ROI_53,17,21
,,
ROI_53,18,17
,,
ROI_53,19,38
,,
ROI_53,20,26
,,
ROI_53,21,27
,,
ROI_53,22,23
,,
ROI_53,23,23
,,
ROI_53,24,23
,,
ROI_53,25,28
,,
ROI_53,26,26
,,
ROI_53,27,22
,,
ROI_53,28,12
,,
ROI_53,29,14
,,
ROI_53,30,21
,,
ROI_53,31,21
,,
ROI_53,32,19
,,
ROI_53,33,18
,,
ROI_53,34,27
,,
ROI_53,35,15
,,
ROI_53,36,25
,,
ROI_53,37,22
,,
ROI_53,38,18
,,
ROI_53,39,17
,,
ROI_53,40,18
,,
ROI_53,41,6
,,
ROI_53,42,11
,,
ROI_53,43,17
,,
ROI_53,44,19
,,
ROI_53,45,18
,,
ROI_53,46,18
,,
ROI_53,47,20
,,
ROI_53,48,16
,,
ROI_53,49,14
,,
ROI_53,50,17
,,
ROI_53,51,17
,,
ROI_53,52,18
,,
ROI_53,53,14
,,
ROI_53,54,12
,,
ROI_53,55,13
,,
ROI_53,56,12
,,
ROI_53,57,16
,,
ROI_53,58,16
,,
ROI_53,59,10
,,
ROI_53,60,8
,,
ROI_53,61,12
,,
ROI_53,62,11
,,
ROI_53,63,14
,,
ROI_53,64,14
,,
ROI_53,65,14
,,
ROI_53,66,11
,,
ROI_53,67,8
,,
ROI_53,68,8
,,
ROI_53,69,21
,,
ROI_53,70,9
,,
ROI_53,71,13
,,
ROI_53,72,17
,,
ROI_53,73,18
,,
ROI_53,74,4
,,
ROI_53,75,5
,,
ROI_53,76,9
,,
ROI_53,77,10
,,
ROI_53,78,5
,,
ROI_53,79,6
,,
ROI_53,80,9
,,
ROI_53,81,4
,,
ROI_53,82,6
,,
ROI_53,83,9
,,
ROI_53,84,10
,,
ROI_53,85,12
,,
ROI_53,86,6
,,
ROI_53,87,4
,,
ROI_53,88,8
,,
ROI_53,89,0
,,
ROI_53,90,4
,,
ROI_53,91,4
,,
ROI_53,92,7
,,
ROI_53,93,6
,,
ROI_53,94,5
,,
ROI_53,95,1
,,
ROI_53,96,7
,,
ROI_53,97,3
,,
ROI_53,98,9
,,
ROI_53,99,8
,,
ROI_53,100,6
,,
ROI_53,101,6
,,
ROI_53,102,7
,,
ROI_53,103,2
,,
ROI_53,104,4
,,
ROI_53,105,6
,,
ROI_53,106,14
,,
ROI_53,107,2
,,
ROI_53,108,4
,,
ROI_53,109,6
,,
ROI_53,110,3
,,
ROI_53,111,7
,,
ROI_53,112,1
,,
ROI_53,113,3
,,
ROI_53,114,5
,,
ROI_53,115,3
,,
ROI_53,116,2
,,
ROI_53,117,4
,,
ROI_53,118,5
,,
ROI_53,119,4
,,
ROI_53,120,6
,,
ROI_53,121,9
,,
ROI_53,122,5
,,
ROI_53,123,6
,,
ROI_53,124,5
,,
ROI_53,125,6
,,
ROI_53,126,8
,,
ROI_53,127,4
,,
ROI_53,128,4
,,
ROI_53,129,2
,,
ROI_53,130,3
,,
ROI_53,131,2
,,
ROI_53,132,5
,,
ROI_53,133,2
,,
ROI_53,134,0
,,
ROI_53,135,2
,,
ROI_53,136,0
,,
ROI_53,137,4
,,
ROI_53,138,1
,,
ROI_53,139,1
,,
ROI_53,140,4
,,
ROI_53,141,1
,,
ROI_53,142,2
,,
ROI_53,143,2
,,
ROI_53,144,4
,,
ROI_53,145,2
,,
ROI_53,146,2
,,
ROI_53,147,3
,,
ROI_53,148,1
,,
ROI_53,149,0
,,
ROI_53,150,2
,,
ROI_53,151,0
,,
ROI_53,152,1
,,
ROI_53,153,3
,,
ROI_53,154,1
,,
ROI_53,155,1
,,
ROI_53,156,1
,,
ROI_53,157,0
,,
ROI_53,158,3
,,
ROI_53,159,0
,,
ROI_53,160,0
,,
ROI_53,161,0
,,
ROI_53,162,0
,,
ROI_53,163,1
,,
ROI_53,164,1
,,
ROI_53,165,2
,,
ROI_53,166,2
,,
ROI_53,167,0
,,
ROI_53,168,1
,,
ROI_53,169,0
,,
ROI_53,170,0
,,
ROI_53,171,1
,,
ROI_53,172,0
,,
ROI_53,173,0
,,
ROI_53,174,0
,,
ROI_53,175,0
,,
ROI_53,176,0
,,
ROI_53,177,2
,,
ROI_53,178,1
,,
ROI_53,179,3
,,
ROI_53,180,1
,,
ROI_53,181,1
,,
ROI_53,182,0
,,
ROI_53,183,0
,,
ROI_53,184,0
,,
ROI_53,185,0
,,
ROI_53,186,0
,,
ROI_53,187,1
,,
ROI_53,188,1
,,
ROI_53,189,1
,,
ROI_53,190,1
,,
ROI_53,191,2
,,
ROI_53,192,0
,,
ROI_53,193,1
,,
ROI_53,194,1
,,
ROI_53,195,0
,,
ROI_53,196,1
,,
ROI_53,197,3
,,
ROI_53,198,0
,,
ROI_53,199,1
,,
ROI_53,200,1
,,
ROI_53,201,0
,,
ROI_53,202,0
,,
ROI_53,203,1
,,
ROI_53,204,0
,,
ROI_53,205,1
,,
ROI_53,206,0
,,
ROI_53,207,1
,,
ROI_53,208,2
,,
ROI_53,209,1
,,
ROI_53,210,2
,,
ROI_53,211,1
,,
ROI_53,212,0
,,
ROI_53,213,0
,,
ROI_53,214,0
,,
ROI_53,215,1
,,
ROI_53,216,0
,,
ROI_53,217,0
,,
ROI_53,218,0
,,
ROI_53,219,2
,,
ROI_53,220,0
,,
ROI_53,221,0
,,
ROI_53,222,0
,,
ROI_53,223,1
,,
ROI_53,224,0
,,
ROI_53,225,0
,,
ROI_53,226,1
,,
ROI_53,227,1
,,
ROI_53,228,1
,,
ROI_53,229,1
,,
ROI_53,230,1
,,
ROI_53,231,2
,,
ROI_53,232,1
,,
ROI_53,233,0
,,
ROI_53,234,1
,,
ROI_53,235,0
,,
ROI_53,236,0
,,
ROI_53,237,1
,,
ROI_53,238,0
,,
ROI_53,239,1
,,
ROI_53,240,1
,,
ROI_53,241,1
,,
ROI_53,242,1
,,
ROI_53,243,0
,,
ROI_53,244,0
,,
ROI_53,245,0
,,
ROI_53,246,1
,,
ROI_53,247,1
,,
ROI_53,248,0
,,
ROI_53,249,0
,,
ROI_53,250,1
,,
ROI_53,251,1
,,
ROI_53,252,2
,,
ROI_53,253,2
,,
ROI_53,254,0
,,
ROI_53,255,85
,,
ROI_54,0,0
,,
ROI_54,1,1
,,
ROI_54,2,2
,,
ROI_54,3,1
,,
ROI_54,4,1
,,
ROI_54,5,4
,,
ROI_54,6,1
,,
ROI_54,7,2
,,
ROI_54,8,5
,,
ROI_54,9,3
,,
ROI_54,10,2
,,
ROI_54,11,1
,,
ROI_54,12,1
,,
ROI_54,13,0
,,
ROI_54,14,4
,,
ROI_54,15,4
,,
ROI_54,16,1
,,
ROI_54,17,5
,,
ROI_54,18,3
,,
ROI_54,19,8
,,
ROI_54,20,7
,,
ROI_54,21,6
,,
ROI_54,22,4
,,
ROI_54,23,8
,,
ROI_54,24,10
,,
ROI_54,25,11
,,
ROI_54,26,7
,,
ROI_54,27,4
,,
ROI_54,28,10
,,
ROI_54,29,8
,,
ROI_54,30,11
,,
ROI_54,31,9
,,
ROI_54,32,14
,,
ROI_54,33,6
,,
ROI_54,34,9
,,
ROI_54,35,9
,,
ROI_54,36,15
,,
ROI_54,37,14
,,
ROI_54,38,9
,,
ROI_54,39,8
,,
ROI_54,40,14
,,
ROI_54,41,15
,,
ROI_54,42,15
,,
ROI_54,43,25
,,
ROI_54,44,12
,,
ROI_54,45,13
,,
ROI_54,46,13
,,
ROI_54,47,17
,,
ROI_54,48,16
,,
ROI_54,49,14
,,
ROI_54,50,14
,,
ROI_54,51,20
,,
ROI_54,52,20
,,
ROI_54,53,20
,,
ROI_54,54,15
,,
ROI_54,55,15
,,
ROI_54,56,13
,,
ROI_54,57,15
,,
ROI_54,58,16
,,
ROI_54,59,14
,,
ROI_54,60,13
,,
ROI_54,61,7
,,
ROI_54,62,19
,,
ROI_54,63,13
,,
ROI_54,64,13
,,
ROI_54,65,10
,,
ROI_54,66,13
,,
ROI_54,67,16
,,
ROI_54,68,10
,,
ROI_54,69,13
,,
ROI_54,70,10
,,
ROI_54,71,8
,,
ROI_54,72,17
,,
ROI_54,73,13
,,
ROI_54,74,16
,,
ROI_54,75,13
,,
ROI_54,76,16
,,
ROI_54,77,9
,,
ROI_54,78,10
,,
ROI_54,79,13
,,
ROI_54,80,8
,,
ROI_54,81,23
,,
ROI_54,82,8
,,
ROI_54,83,12
,,
ROI_54,84,12
,,
ROI_54,85,11
,,
ROI_54,86,8
,,
ROI_54,87,16
,,
ROI_54,88,14
,,
ROI_54,89,10
,,
ROI_54,90,10
,,
ROI_54,91,16
,,
ROI_54,92,15
,,
ROI_54,93,15
,,
ROI_54,94,10
,,
ROI_54,95,5
,,
ROI_54,96,6
,,
ROI_54,97,15
,,
ROI_54,98,11
,,
ROI_54,99,13
,,
ROI_54,100,14
,,
ROI_54,101,7
,,
ROI_54,102,18
,,
ROI_54,103,7
,,
ROI_54,104,10
,,
ROI_54,105,13
,,
ROI_54,106,8
,,
ROI_54,107,9
,,
ROI_54,108,10
,,
ROI_54,109,8
,,
ROI_54,110,8
,,
ROI_54,111,11
,,
ROI_54,112,6
,,
ROI_54,113,9
,,
ROI_54,114,8
,,
ROI_54,115,16
,,
ROI_54,116,7
,,
ROI_54,117,9
,,
ROI_54,118,12
,,
ROI_54,119,18
,,
ROI_54,120,13
,,
ROI_54,121,24
,,
ROI_54,122,12
,,
ROI_54,123,11
,,
ROI_54,124,26
,,
ROI_54,125,15
,,
ROI_54,126,14
,,
ROI_54,127,18
,,
ROI_54,128,14
,,
ROI_54,129,11
,,
ROI_54,130,13
,,
ROI_54,131,13
,,
ROI_54,132,9
,,
ROI_54,133,9
,,
ROI_54,134,12
,,
ROI_54,135,13
,,
ROI_54,136,7
,,
ROI_54,137,10
,,
ROI_54,138,6
,,
ROI_54,139,7
,,
ROI_54,140,13
,,
ROI_54,141,8
,,
ROI_54,142,11
,,
ROI_54,143,15
,,
ROI_54,144,6
,,
ROI_54,145,11
,,
ROI_54,146,15
,,
ROI_54,147,5
,,
ROI_54,148,8
,,
ROI_54,149,9
,,
ROI_54,150,9
,,
ROI_54,151,7
,,
ROI_54,152,7
,,
ROI_54,153,9
,,
ROI_54,154,7
,,
ROI_54,155,9
,,
ROI_54,156,6
,,
ROI_54,157,8
,,
ROI_54,158,7
,,
ROI_54,159,9
,,
ROI_54,160,5
,,
ROI_54,161,9
,,
ROI_54,162,8
,,
ROI_54,163,6
,,
ROI_54,164,7
,,
ROI_54,165,5
,,
ROI_54,166,9
,,
ROI_54,167,17
,,
ROI_54,168,3
,,
ROI_54,169,8
,,
ROI_54,170,7
,,
ROI_54,171,6
,,
ROI_54,172,4
,,
ROI_54,173,6
,,
ROI_54,174,5
,,
ROI_54,175,6
,,
ROI_54,176,7
,,
ROI_54,177,7
,,
ROI_54,178,3
,,
ROI_54,179,1
,,
ROI_54,180,2
,,
ROI_54,181,2
,,
ROI_54,182,5
,,
ROI_54,183,9
,,
ROI_54,184,3
,,
ROI_54,185,1
,,
ROI_54,186,3
,,
ROI_54,187,5
,,
ROI_54,188,8
,,
ROI_54,189,11
,,
ROI_54,190,5
,,
ROI_54,191,6
,,
ROI_54,192,7
,,
ROI_54,193,4
,,
ROI_54,194,7
,,
ROI_54,195,5
,,
ROI_54,196,7
,,
ROI_54,197,3
,,
ROI_54,198,6
,,
ROI_54,199,7
,,
ROI_54,200,5
,,
ROI_54,201,6
,,
ROI_54,202,5
,,
ROI_54,203,2
,,
ROI_54,204,3
,,
ROI_54,205,3
,,
ROI_54,206,3
,,
ROI_54,207,2
,,
ROI_54,208,3
,,
ROI_54,209,5
,,
ROI_54,210,8
,,
ROI_54,211,3
,,
ROI_54,212,4
,,
ROI_54,213,3
,,
ROI_54,214,3
,,
ROI_54,215,7
,,
ROI_54,216,5
,,
ROI_54,217,3
,,
ROI_54,218,4
,,
ROI_54,219,5
,,
ROI_54,220,4
,,
ROI_54,221,1
,,
ROI_54,222,6
,,
ROI_54,223,5
,,
ROI_54,224,1
,,
ROI_54,225,6
,,
ROI_54,226,3
,,
ROI_54,227,3
,,
ROI_54,228,1
,,
ROI_54,229,1
,,
ROI_54,230,1
,,
ROI_54,231,5
,,
ROI_54,232,5
,,
ROI_54,233,3
,,
ROI_54,234,2
,,
ROI_54,235,1
,,
ROI_54,236,1
,,
ROI_54,237,2
,,
ROI_54,238,4
,,
ROI_54,239,1
,,
ROI_54,240,2
,,
ROI_54,241,1
,,
ROI_54,242,4
,,
ROI_54,243,4
,,
ROI_54,244,3
,,
ROI_54,245,5
,,
ROI_54,246,4
,,
ROI_54,247,2
,,
ROI_54,248,2
,,
ROI_54,249,3
,,
ROI_54,250,3
,,
ROI_54,251,5
,,
ROI_54,252,5
,,
ROI_54,253,5
,,
ROI_54,254,1
,,
ROI_54,255,274
,,
ROI_55,0,933
,,
ROI_55,1,199
,,
ROI_55,2,149
,,
ROI_55,3,150
,,
ROI_55,4,124
,,
ROI_55,5,117
,,
ROI_55,6,129
,,
ROI_55,7,111
,,
ROI_55,8,128
,,
ROI_55,9,112
,,
ROI_55,10,134
,,
ROI_55,11,121
,,
ROI_55,12,120
,,
ROI_55,13,109
,,
ROI_55,14,102
,,
ROI_55,15,113
,,
ROI_55,16,86
,,
ROI_55,17,104
,,
ROI_55,18,99
,,
ROI_55,19,89
,,
ROI_55,20,98
,,
ROI_55,21,81
,,
ROI_55,22,78
,,
ROI_55,23,91
,,
ROI_55,24,75
,,
ROI_55,25,81
,,
ROI_55,26,92
,,
ROI_55,27,55
,,
ROI_55,28,74
,,
ROI_55,29,84
,,
ROI_55,30,65
,,
ROI_55,31,58
,,
ROI_55,32,65
,,
ROI_55,33,71
,,
ROI_55,34,77
,,
ROI_55,35,62
,,
ROI_55,36,78
,,
ROI_55,37,61
,,
ROI_55,38,56
,,
ROI_55,39,70
,,
ROI_55,40,47
,,
ROI_55,41,54
,,
ROI_55,42,52
,,
ROI_55,43,59
,,
ROI_55,44,47
,,
ROI_55,45,46
,,
ROI_55,46,35
,,
ROI_55,47,46
,,
ROI_55,48,59
,,
ROI_55,49,37
,,
ROI_55,50,51
,,
ROI_55,51,49
,,
ROI_55,52,52
,,
ROI_55,53,44
,,
ROI_55,54,33
,,
ROI_55,55,23
,,
ROI_55,56,32
,,
ROI_55,57,39
,,
ROI_55,58,35
,,
ROI_55,59,42
,,
ROI_55,60,28
,,
ROI_55,61,33
,,
ROI_55,62,32
,,
ROI_55,63,31
,,
ROI_55,64,45
,,
ROI_55,65,31
,,
ROI_55,66,28
,,
ROI_55,67,31
,,
ROI_55,68,33
,,
ROI_55,69,24
,,
ROI_55,70,30
,,
ROI_55,71,21
,,
ROI_55,72,31
,,
ROI_55,73,26
,,
ROI_55,74,27
,,
ROI_55,75,29
,,
ROI_55,76,25
,,
ROI_55,77,27
,,
ROI_55,78,18
,,
ROI_55,79,32
,,
ROI_55,80,23
,,
ROI_55,81,25
,,
ROI_55,82,24
,,
ROI_55,83,20
,,
ROI_55,84,23
,,
ROI_55,85,22
,,
ROI_55,86,26
,,
ROI_55,87,19
,,
ROI_55,88,25
,,
ROI_55,89,22
,,
ROI_55,90,13
,,
ROI_55,91,18
,,
ROI_55,92,24
,,
ROI_55,93,24
,,
ROI_55,94,22
,,
ROI_55,95,29
,,
ROI_55,96,14
,,
ROI_55,97,23
,,
ROI_55,98,12
,,
ROI_55,99,23
,,
ROI_55,100,18
,,
ROI_55,101,18
,,
ROI_55,102,15
,,
ROI_55,103,17
,,
ROI_55,104,18
,,
ROI_55,105,20
,,
ROI_55,106,18
,,
ROI_55,107,16
,,
ROI_55,108,11
,,
ROI_55,109,10
,,
ROI_55,110,13
,,
ROI_55,111,18
,,
ROI_55,112,16
,,
ROI_55,113,18
,,
ROI_55,114,5
,,
ROI_55,115,12
,,
ROI_55,116,15
,,
ROI_55,117,7
,,
ROI_55,118,13
,,
ROI_55,119,12
,,
ROI_55,120,12
,,
ROI_55,121,9
,,
ROI_55,122,8
,,
ROI_55,123,19
,,
ROI_55,124,18
,,
ROI_55,125,21
,,
ROI_55,126,18
,,
ROI_55,127,13
,,
ROI_55,128,14
,,
ROI_55,129,8
,,
ROI_55,130,15
,,
ROI_55,131,10
,,
ROI_55,132,7
,,
ROI_55,133,8
,,
ROI_55,134,8
,,
ROI_55,135,8
,,
ROI_55,136,10
,,
ROI_55,137,11
,,
ROI_55,138,4
,,
ROI_55,139,11
,,
ROI_55,140,7
,,
ROI_55,141,13
,,
ROI_55,142,15
,,
ROI_55,143,14
,,
ROI_55,144,11
,,
ROI_55,145,12
,,
ROI_55,146,3
,,
ROI_55,147,8
,,
ROI_55,148,6
,,
ROI_55,149,3
,,
ROI_55,150,9
,,
ROI_55,151,13
,,
ROI_55,152,10
,,
ROI_55,153,5
,,
ROI_55,154,8
,,
ROI_55,155,6
,,
ROI_55,156,10
,,
ROI_55,157,6
,,
ROI_55,158,6
,,
ROI_55,159,10
,,
ROI_55,160,4
,,
ROI_55,161,5
,,
ROI_55,162,6
,,
ROI_55,163,2
,,
ROI_55,164,9
,,
ROI_55,165,6
,,
ROI_55,166,5
,,
ROI_55,167,8
,,
ROI_55,168,2
,,
ROI_55,169,8
,,
ROI_55,170,7
,,
ROI_55,171,8
,,
ROI_55,172,7
,,
ROI_55,173,3
,,
ROI_55,174,5
,,
ROI_55,175,5
,,
ROI_55,176,4
,,
ROI_55,177,4
,,
ROI_55,178,5
,,
ROI_55,179,4
,,
ROI_55,180,4
,,
ROI_55,181,6
,,
ROI_55,182,9
,,
ROI_55,183,5
,,
ROI_55,184,6
,,
ROI_55,185,4
,,
ROI_55,186,3
,,
ROI_55,187,4
,,
ROI_55,188,5
,,
ROI_55,189,1
,,
ROI_55,190,3
,,
ROI_55,191,2
,,
ROI_55,192,2
,,
ROI_55,193,5
,,
ROI_55,194,9
,,
ROI_55,195,2
,,
ROI_55,196,9
,,
ROI_55,197,5
,,
ROI_55,198,1
,,
ROI_55,199,1
,,
ROI_55,200,5
,,
ROI_55,201,0
,,
ROI_55,202,2
,,
ROI_55,203,1
,,
ROI_55,204,5
,,
ROI_55,205,6
,,
ROI_55,206,2
,,
ROI_55,207,2
,,
ROI_55,208,5
,,
ROI_55,209,5
,,
ROI_55,210,4
,,
ROI_55,211,2
,,
ROI_55,212,2
,,
ROI_55,213,3
,,
ROI_55,214,4
,,
ROI_55,215,4
,,
ROI_55,216,4
,,
ROI_55,217,3
,,
ROI_55,218,0
,,
ROI_55,219,3
,,
ROI_55,220,2
,,
ROI_55,221,0
,,
ROI_55,222,0
,,
ROI_55,223,3
,,
ROI_55,224,1
,,
ROI_55,225,3
,,
ROI_55,226,3
,,
ROI_55,227,2
,,
ROI_55,228,4
,,
ROI_55,229,7
,,
ROI_55,230,0
,,
ROI_55,231,2
,,
ROI_55,232,2
,,
ROI_55,233,1
,,
ROI_55,234,1
,,
ROI_55,235,5
,,
ROI_55,236,0
,,
ROI_55,237,0
,,
ROI_55,238,4
,,
ROI_55,239,5
,,
ROI_55,240,3
,,
ROI_55,241,1
,,
ROI_55,242,3
,,
ROI_55,243,3
,,
ROI_55,244,0
,,
ROI_55,245,3
,,
ROI_55,246,3
,,
ROI_55,247,6
,,
ROI_55,248,3
,,
ROI_55,249,2
,,
ROI_55,250,1
,,
ROI_55,251,0
,,
ROI_55,252,2
,,
ROI_55,253,2
,,
ROI_55,254,4
,,
ROI_55,255,130
,,
ROI_56,0,1884
,,
ROI_56,1,364
,,
ROI_56,2,349
,,
ROI_56,3,363
,,
ROI_56,4,264
,,
ROI_56,5,274
,,
ROI_56,6,255
,,
ROI_56,7,243
,,
ROI_56,8,260
,,
ROI_56,9,261
,,
ROI_56,10,272
,,
ROI_56,11,212
,,
ROI_56,12,251
,,
ROI_56,13,229
,,
ROI_56,14,210
,,
ROI_56,15,203
,,
ROI_56,16,242
,,
ROI_56,17,212
,,
ROI_56,18,189
,,
ROI_56,19,176
,,
ROI_56,20,191
,,
ROI_56,21,140
,,
ROI_56,22,180
,,
ROI_56,23,179
,,
ROI_56,24,186
,,
ROI_56,25,154
,,
ROI_56,26,143
,,
ROI_56,27,173
,,
ROI_56,28,147
,,
ROI_56,29,149
,,
ROI_56,30,160
,,
ROI_56,31,148
,,
ROI_56,32,152
,,
ROI_56,33,157
,,
ROI_56,34,129
,,
ROI_56,35,129
,,
ROI_56,36,118
,,
ROI_56,37,140
,,
ROI_56,38,130
,,
ROI_56,39,110
,,
ROI_56,40,119
,,
ROI_56,41,109
,,
ROI_56,42,100
,,
ROI_56,43,91
,,
ROI_56,44,125
,,
ROI_56,45,134
,,
ROI_56,46,124
,,
ROI_56,47,119
,,
ROI_56,48,129
,,
ROI_56,49,101
,,
ROI_56,50,111
,,
ROI_56,51,127
,,
ROI_56,52,115
,,
ROI_56,53,84
,,
ROI_56,54,120
,,
ROI_56,55,119
,,
ROI_56,56,109
,,
ROI_56,57,99
,,
ROI_56,58,95
,,
ROI_56,59,85
,,
ROI_56,60,93
,,
ROI_56,61,85
,,
ROI_56,62,105
,,
ROI_56,63,83
,,
ROI_56,64,85
,,
ROI_56,65,88
,,
ROI_56,66,81
,,
ROI_56,67,71
,,
ROI_56,68,72
,,
ROI_56,69,98
,,
ROI_56,70,75
,,
ROI_56,71,79
,,
ROI_56,72,79
,,
ROI_56,73,81
,,
ROI_56,74,50
,,
ROI_56,75,65
,,
ROI_56,76,84
,,
ROI_56,77,68
,,
ROI_56,78,74
,,
ROI_56,79,86
,,
ROI_56,80,79
,,
ROI_56,81,63
,,
ROI_56,82,84
,,
ROI_56,83,70
,,
ROI_56,84,58
,,
ROI_56,85,58
,,
ROI_56,86,46
,,
ROI_56,87,69
,,
ROI_56,88,58
,,
ROI_56,89,62
,,
ROI_56,90,56
,,
ROI_56,91,78
,,
ROI_56,92,62
,,
ROI_56,93,57
,,
ROI_56,94,47
,,
ROI_56,95,53
,,
ROI_56,96,58
,,
ROI_56,97,50
,,
ROI_56,98,59
,,
ROI_56,99,59
,,
ROI_56,100,42
,,
ROI_56,101,54
,,
ROI_56,102,59
,,
ROI_56,103,48
,,
ROI_56,104,54
,,
ROI_56,105,50
,,
ROI_56,106,42
,,
ROI_56,107,49
,,
ROI_56,108,43
,,
ROI_56,109,49
,,
ROI_56,110,46
,,
ROI_56,111,42
,,
ROI_56,112,48
,,
ROI_56,113,40
,,
ROI_56,114,49
,,
ROI_56,115,38
,,
ROI_56,116,31
,,
ROI_56,117,49
,,
ROI_56,118,45
,,
ROI_56,119,34
,,
ROI_56,120,32
,,
ROI_56,121,53
,,
ROI_56,122,54
,,
ROI_56,123,58
,,
ROI_56,124,61
,,
ROI_56,125,62
,,
ROI_56,126,56
,,
ROI_56,127,34
,,
ROI_56,128,34
,,
ROI_56,129,52
,,
ROI_56,130,43
,,
ROI_56,131,44
,,
ROI_56,132,39
,,
ROI_56,133,33
,,
ROI_56,134,30
,,
ROI_56,135,39
,,
ROI_56,136,34
,,
ROI_56,137,38
,,
ROI_56,138,40
,,
ROI_56,139,41
,,
ROI_56,140,37
,,
ROI_56,141,26
,,
ROI_56,142,32
,,
ROI_56,143,26
,,
ROI_56,144,22
,,
ROI_56,145,29
,,
ROI_56,146,30
,,
ROI_56,147,33
,,
ROI_56,148,23
,,
ROI_56,149,32
,,
ROI_56,150,26
,,
ROI_56,151,31
,,
ROI_56,152,36
,,
ROI_56,153,20
,,
ROI_56,154,26
,,
ROI_56,155,21
,,
ROI_56,156,31
,,
ROI_56,157,32
,,
ROI_56,158,26
,,
ROI_56,159,16
,,
ROI_56,160,24
,,
ROI_56,161,14
,,
ROI_56,162,17
,,
ROI_56,163,31
,,
ROI_56,164,25
,,
ROI_56,165,19
,,
ROI_56,166,20
,,
ROI_56,167,30
,,
ROI_56,168,26
,,
ROI_56,169,15
,,
ROI_56,170,22
,,
ROI_56,171,20
,,
ROI_56,172,22
,,
ROI_56,173,19
,,
ROI_56,174,26
,,
ROI_56,175,20
,,
ROI_56,176,19
,,
ROI_56,177,22
,,
ROI_56,178,9
,,
ROI_56,179,12
,,
ROI_56,180,15
,,
ROI_56,181,15
,,
ROI_56,182,13
,,
ROI_56,183,21
,,
ROI_56,184,8
,,
ROI_56,185,13
,,
ROI_56,186,19
,,
ROI_56,187,11
,,
ROI_56,188,12
,,
ROI_56,189,12
,,
ROI_56,190,14
,,
ROI_56,191,18
,,
ROI_56,192,12
,,
ROI_56,193,11
,,
ROI_56,194,14
,,
ROI_56,195,13
,,
ROI_56,196,8
,,
ROI_56,197,20
,,
ROI_56,198,14
,,
ROI_56,199,17
,,
ROI_56,200,11
,,
ROI_56,201,14
,,
ROI_56,202,17
,,
ROI_56,203,7
,,
ROI_56,204,13
,,
ROI_56,205,12
,,
ROI_56,206,9
,,
ROI_56,207,12
,,
ROI_56,208,9
,,
ROI_56,209,12
,,
ROI_56,210,12
,,
ROI_56,211,9
,,
ROI_56,212,12
,,
ROI_56,213,10
,,
ROI_56,214,14
,,
ROI_56,215,6
,,
ROI_56,216,6
,,
ROI_56,217,16
,,
ROI_56,218,12
,,
ROI_56,219,15
,,
ROI_56,220,12
,,
ROI_56,221,8
,,
ROI_56,222,11
,,
ROI_56,223,10
,,
ROI_56,224,7
,,
ROI_56,225,8
,,
ROI_56,226,11
,,
ROI_56,227,13
,,
ROI_56,228,12
,,
ROI_56,229,14
,,
ROI_56,230,9
,,
ROI_56,231,9
,,
ROI_56,232,10
,,
ROI_56,233,10
,,
ROI_56,234,9
,,
ROI_56,235,9
,,
ROI_56,236,9
,,
ROI_56,237,12
,,
ROI_56,238,5
,,
ROI_56,239,8
,,
ROI_56,240,9
,,
ROI_56,241,6
,,
ROI_56,242,3
,,
ROI_56,243,7
,,
ROI_56,244,9
,,
ROI_56,245,7
,,
ROI_56,246,8
,,
ROI_56,247,7
,,
ROI_56,248,4
,,
ROI_56,249,3
,,
ROI_56,250,8
,,
ROI_56,251,5
,,
ROI_56,252,2
,,
ROI_56,253,8
,,
ROI_56,254,7
,,
ROI_56,255,333
,,
ROI_57,0,5544
,,
ROI_57,1,1751
,,
ROI_57,2,1581
,,
ROI_57,3,1454
,,
ROI_57,4,1223
,,
ROI_57,5,1199
,,
ROI_57,6,1072
,,
ROI_57,7,953
,,
ROI_57,8,974
,,
ROI_57,9,859
,,
ROI_57,10,831
,,
ROI_57,11,659
,,
ROI_57,12,718
,,
ROI_57,13,664
,,
ROI_57,14,582
,,
ROI_57,15,562
,,
ROI_57,16,511
,,
ROI_57,17,482
,,
ROI_57,18,424
,,
ROI_57,19,424
,,
ROI_57,20,416
,,
ROI_57,21,359
,,
ROI_57,22,359
,,
ROI_57,23,330
,,
ROI_57,24,332
,,
ROI_57,25,282
,,
ROI_57,26,274
,,
ROI_57,27,264
,,
ROI_57,28,273
,,
ROI_57,29,271
,,
ROI_57,30,254
,,
ROI_57,31,234
,,
ROI_57,32,228
,,
ROI_57,33,245
,,
ROI_57,34,218
,,
ROI_57,35,188
,,
ROI_57,36,193
,,
ROI_57,37,209
,,
ROI_57,38,196
,,
ROI_57,39,160
,,
ROI_57,40,161
,,
ROI_57,41,153
,,
ROI_57,42,157
,,
ROI_57,43,157
,,
ROI_57,44,148
,,
ROI_57,45,135
,,
ROI_57,46,127
,,
ROI_57,47,121
,,
ROI_57,48,117
,,
ROI_57,49,114
,,
ROI_57,50,130
,,
ROI_57,51,106
,,
ROI_57,52,112
,,
ROI_57,53,108
,,
ROI_57,54,103
,,
ROI_57,55,98
,,
ROI_57,56,100
,,
ROI_57,57,112
,,
ROI_57,58,92
,,
ROI_57,59,95
,,
ROI_57,60,98
,,
ROI_57,61,105
,,
ROI_57,62,76
,,
ROI_57,63,87
,,
ROI_57,64,99
,,
ROI_57,65,70
,,
ROI_57,66,75
,,
ROI_57,67,62
,,
ROI_57,68,79
,,
ROI_57,69,84
,,
ROI_57,70,54
,,
ROI_57,71,81
,,
ROI_57,72,70
,,
ROI_57,73,44
,,
ROI_57,74,62
,,
ROI_57,75,66
,,
ROI_57,76,54
,,
ROI_57,77,62
,,
ROI_57,78,64
,,
ROI_57,79,60
,,
ROI_57,80,51
,,
ROI_57,81,48
,,
ROI_57,82,59
,,
ROI_57,83,54
,,
ROI_57,84,40
,,
ROI_57,85,62
,,
ROI_57,86,35
,,
ROI_57,87,44
,,
ROI_57,88,57
,,
ROI_57,89,48
,,
ROI_57,90,44
,,
ROI_57,91,41
,,
ROI_57,92,41
,,
ROI_57,93,27
,,
ROI_57,94,38
,,
ROI_57,95,37
,,
ROI_57,96,31
,,
ROI_57,97,32
,,
ROI_57,98,36
,,
ROI_57,99,40
,,
ROI_57,100,28
,,
ROI_57,101,30
,,
ROI_57,102,27
,,
ROI_57,103,22
,,
ROI_57,104,32
,,
ROI_57,105,38
,,
ROI_57,106,41
,,
ROI_57,107,34
,,
ROI_57,108,35
,,
ROI_57,109,37
,,
ROI_57,110,26
,,
ROI_57,111,22
,,
ROI_57,112,27
,,
ROI_57,113,23
,,
ROI_57,114,22
,,
ROI_57,115,33
,,
ROI_57,116,17
,,
ROI_57,117,27
,,
ROI_57,118,22
,,
ROI_57,119,28
,,
ROI_57,120,27
,,
ROI_57,121,30
,,
ROI_57,122,23
,,
ROI_57,123,31
,,
ROI_57,124,35
,,
ROI_57,125,38
,,
ROI_57,126,32
,,
ROI_57,127,26
,,
ROI_57,128,22
,,
ROI_57,129,17
,,
ROI_57,130,26
,,
ROI_57,131,36
,,
ROI_57,132,17
,,
ROI_57,133,17
,,
ROI_57,134,19
,,
ROI_57,135,23
,,
ROI_57,136,15
,,
ROI_57,137,16
,,
ROI_57,138,15
,,
ROI_57,139,26
,,
ROI_57,140,34
,,
ROI_57,141,15
,,
ROI_57,142,19
,,
ROI_57,143,15
,,
ROI_57,144,20
,,
ROI_57,145,14
,,
ROI_57,146,17
,,
ROI_57,147,21
,,
ROI_57,148,12
,,
ROI_57,149,18
,,
ROI_57,150,18
,,
ROI_57,151,21
,,
ROI_57,152,26
,,
ROI_57,153,12
,,
ROI_57,154,10
,,
ROI_57,155,21
,,
ROI_57,156,12
,,
ROI_57,157,12
,,
ROI_57,158,15
,,
ROI_57,159,12
,,
ROI_57,160,22
,,
ROI_57,161,15
,,
ROI_57,162,9
,,
ROI_57,163,18
,,
ROI_57,164,13
,,
ROI_57,165,10
,,
ROI_57,166,17
,,
ROI_57,167,9
,,
ROI_57,168,13
,,
ROI_57,169,13
,,
ROI_57,170,10
,,
ROI_57,171,6
,,
ROI_57,172,16
,,
ROI_57,173,16
,,
ROI_57,174,14
,,
ROI_57,175,14
,,
ROI_57,176,15
,,
ROI_57,177,17
,,
ROI_57,178,8
,,
ROI_57,179,11
,,
ROI_57,180,9
,,
ROI_57,181,17
,,
ROI_57,182,13
,,
ROI_57,183,16
,,
ROI_57,184,14
,,
ROI_57,185,12
,,
ROI_57,186,9
,,
ROI_57,187,5
,,
ROI_57,188,9
,,
ROI_57,189,7
,,
ROI_57,190,13
,,
ROI_57,191,7
,,
ROI_57,192,5
,,
ROI_57,193,12
,,
ROI_57,194,11
,,
ROI_57,195,10
,,
ROI_57,196,10
,,
ROI_57,197,10
,,
ROI_57,198,8
,,
ROI_57,199,9
,,
ROI_57,200,12
,,
ROI_57,201,8
,,
ROI_57,202,8
,,
ROI_57,203,8
,,
ROI_57,204,7
,,
ROI_57,205,8
,,
ROI_57,206,5
,,
ROI_57,207,8
,,
ROI_57,208,6
,,
ROI_57,209,11
,,
ROI_57,210,6
,,
ROI_57,211,7
,,
ROI_57,212,5
,,
ROI_57,213,8
,,
ROI_57,214,7
,,
ROI_57,215,7
,,
ROI_57,216,6
,,
ROI_57,217,7
,,
ROI_57,218,5
,,
ROI_57,219,9
,,
ROI_57,220,6
,,
ROI_57,221,6
,,
ROI_57,222,8
,,
ROI_57,223,4
,,
ROI_57,224,2
,,
ROI_57,225,5
,,
ROI_57,226,7
,,
ROI_57,227,4
,,
ROI_57,228,8
,,
ROI_57,229,4
,,
ROI_57,230,4
,,
ROI_57,231,3
,,
ROI_57,232,0
,,
ROI_57,233,4
,,
ROI_57,234,4
,,
ROI_57,235,3
,,
ROI_57,236,6
,,
ROI_57,237,8
,,
ROI_57,238,4
,,
ROI_57,239,4
,,
ROI_57,240,9
,,
ROI_57,241,2
,,
ROI_57,242,4
,,
ROI_57,243,4
,,
ROI_57,244,5
,,
ROI_57,245,7
,,
ROI_57,246,7
,,
ROI_57,247,7
,,
ROI_57,248,2
,,
ROI_57,249,4
,,
ROI_57,250,3
,,
ROI_57,251,5
,,
ROI_57,252,6
,,
ROI_57,253,3
,,
ROI_57,254,3
,,
ROI_57,255,344
,,
ROI_58,0,108
,,
ROI_58,1,22
,,
ROI_58,2,19
,,
ROI_58,3,26
,,
ROI_58,4,21
,,
ROI_58,5,16
,,
ROI_58,6,21
,,
ROI_58,7,18
,,
ROI_58,8,18
,,
ROI_58,9,30
,,
ROI_58,10,28
,,
ROI_58,11,36
,,
ROI_58,12,28
,,
ROI_58,13,28
,,
ROI_58,14,27
,,
ROI_58,15,19
,,
ROI_58,16,18
,,
ROI_58,17,18
,,
ROI_58,18,10
,,
ROI_58,19,19
,,
ROI_58,20,17
,,
ROI_58,21,18
,,
ROI_58,22,22
,,
ROI_58,23,16
,,
ROI_58,24,18
,,
ROI_58,25,17
,,
ROI_58,26,12
,,
ROI_58,27,20
,,
ROI_58,28,21
,,
ROI_58,29,20
,,
ROI_58,30,22
,,
ROI_58,31,11
,,
ROI_58,32,15
,,
ROI_58,33,13
,,
ROI_58,34,9
,,
ROI_58,35,10
,,
ROI_58,36,10
,,
ROI_58,37,11
,,
ROI_58,38,9
,,
ROI_58,39,10
,,
ROI_58,40,18
,,
ROI_58,41,10
,,
ROI_58,42,5
,,
ROI_58,43,9
,,
ROI_58,44,8
,,
ROI_58,45,13
,,
ROI_58,46,11
,,
ROI_58,47,12
,,
ROI_58,48,6
,,
ROI_58,49,11
,,
ROI_58,50,12
,,
ROI_58,51,6
,,
ROI_58,52,7
,,
ROI_58,53,8
,,
ROI_58,54,13
,,
ROI_58,55,13
,,
ROI_58,56,5
,,
ROI_58,57,4
,,
ROI_58,58,9
,,
ROI_58,59,3
,,
ROI_58,60,9
,,
ROI_58,61,9
,,
ROI_58,62,6
,,
ROI_58,63,3
,,
ROI_58,64,5
,,
ROI_58,65,8
,,
ROI_58,66,10
,,
ROI_58,67,8
,,
ROI_58,68,10
,,
ROI_58,69,7
,,
ROI_58,70,7
,,
ROI_58,71,11
,,
ROI_58,72,6
,,
ROI_58,73,10
,,
ROI_58,74,6
,,
ROI_58,75,9
,,
ROI_58,76,4
,,
ROI_58,77,8
,,
ROI_58,78,5
,,
ROI_58,79,5
,,
ROI_58,80,11
,,
ROI_58,81,7
,,
ROI_58,82,1
,,
ROI_58,83,5
,,
ROI_58,84,6
,,
ROI_58,85,2
,,
ROI_58,86,6
,,
ROI_58,87,6
,,
ROI_58,88,4
,,
ROI_58,89,3
,,
ROI_58,90,5
,,
ROI_58,91,6
,,
ROI_58,92,4
,,
ROI_58,93,3
,,
ROI_58,94,4
,,
ROI_58,95,4
,,
ROI_58,96,3
,,
ROI_58,97,7
,,
ROI_58,98,4
,,
ROI_58,99,1
,,
ROI_58,100,4
,,
ROI_58,101,4
,,
ROI_58,102,4
,,
ROI_58,103,5
,,
ROI_58,104,4
,,
ROI_58,105,2
,,
ROI_58,106,4
,,
ROI_58,107,3
,,
ROI_58,108,5
,,
ROI_58,109,2
,,
ROI_58,110,4
,,
ROI_58,111,2
,,
ROI_58,112,6
,,
ROI_58,113,2
,,
ROI_58,114,2
,,
ROI_58,115,1
,,
ROI_58,116,2
,,
ROI_58,117,3
,,
ROI_58,118,2
,,
ROI_58,119,2
,,
ROI_58,120,5
,,
ROI_58,121,2
,,
ROI_58,122,3
,,
ROI_58,123,1
,,
ROI_58,124,7
,,
ROI_58,125,2
,,
ROI_58,126,7
,,
ROI_58,127,2
,,
ROI_58,128,1
,,
ROI_58,129,2
,,
ROI_58,130,3
,,
ROI_58,131,0
,,
ROI_58,132,0
,,
ROI_58,133,2
,,
ROI_58,134,0
,,
ROI_58,135,0
,,
ROI_58,136,1
,,
ROI_58,137,1
,,
ROI_58,138,0
,,
ROI_58,139,0
,,
ROI_58,140,2
,,
ROI_58,141,1
,,
ROI_58,142,0
,,
ROI_58,143,1
,,
ROI_58,144,0
,,
ROI_58,145,2
,,
ROI_58,146,0
,,
ROI_58,147,1
,,
ROI_58,148,2
,,
ROI_58,149,0
,,
ROI_58,150,1
,,
ROI_58,151,0
,,
ROI_58,152,1
,,
ROI_58,153,1
,,
ROI_58,154,1
,,
ROI_58,155,0
,,
ROI_58,156,1
,,
ROI_58,157,0
,,
ROI_58,158,4
,,
ROI_58,159,1
,,
ROI_58,160,0
,,
ROI_58,161,0
,,
ROI_58,162,0
,,
ROI_58,163,0
,,
ROI_58,164,0
,,
ROI_58,165,2
,,
ROI_58,166,1
,,
ROI_58,167,0
,,
ROI_58,168,0
,,
ROI_58,169,2
,,
ROI_58,170,1
,,
ROI_58,171,0
,,
ROI_58,172,0
,,
ROI_58,173,1
,,
ROI_58,174,1
,,
ROI_58,175,1
,,
ROI_58,176,1
,,
ROI_58,177,0
,,
ROI_58,178,0
,,
ROI_58,179,1
,,
ROI_58,180,1
,,
ROI_58,181,1
,,
ROI_58,182,0
,,
ROI_58,183,0
,,
ROI_58,184,1
,,
ROI_58,185,0
,,
ROI_58,186,0
,,
ROI_58,187,0
,,
ROI_58,188,1
,,
ROI_58,189,0
,,
ROI_58,190,0
,,
ROI_58,191,0
,,
ROI_58,192,0
,,
ROI_58,193,1
,,
ROI_58,194,0
,,
ROI_58,195,0
,,
ROI_58,196,0
,,
ROI_58,197,0
,,
ROI_58,198,0
,,
ROI_58,199,2
,,
ROI_58,200,0
,,
ROI_58,201,0
,,
ROI_58,202,1
,,
ROI_58,203,0
,,
ROI_58,204,1
,,
ROI_58,205,0
,,
ROI_58,206,0
,,
ROI_58,207,1
,,
ROI_58,208,0
,,
ROI_58,209,0
,,
ROI_58,210,2
,,
ROI_58,211,0
,,
ROI_58,212,0
,,
ROI_58,213,0
,,
ROI_58,214,0
,,
ROI_58,215,0
,,
ROI_58,216,0
,,
ROI_58,217,1
,,
ROI_58,218,0
,,
ROI_58,219,0
,,
ROI_58,220,0
,,
ROI_58,221,0
,,
ROI_58,222,0
,,
ROI_58,223,0
,,
ROI_58,224,0
,,
ROI_58,225,0
,,
ROI_58,226,0
,,
ROI_58,227,0
,,
ROI_58,228,0
,,
ROI_58,229,0
,,
ROI_58,230,1
,,
ROI_58,231,0
,,
ROI_58,232,1
,,
ROI_58,233,0
,,
ROI_58,234,0
,,
ROI_58,235,0
,,
ROI_58,236,0
,,
ROI_58,237,0
,,
ROI_58,238,0
,,
ROI_58,239,0
,,
ROI_58,240,0
,,
ROI_58,241,0
,,
ROI_58,242,0
,,
ROI_58,243,0
,,
ROI_58,244,0
,,
ROI_58,245,0
,,
ROI_58,246,0
,,
ROI_58,247,0
,,
ROI_58,248,0
,,
ROI_58,249,0
,,
ROI_58,250,0
,,
ROI_58,251,0
,,
ROI_58,252,0
,,
ROI_58,253,0
,,
ROI_58,254,0
,,
ROI_58,255,0
,,
ROI_59,0,614
,,
ROI_59,1,232
,,
ROI_59,2,232
,,
ROI_59,3,265
,,
ROI_59,4,217
,,
ROI_59,5,255
,,
ROI_59,6,248
,,
ROI_59,7,223
,,
ROI_59,8,201
,,
ROI_59,9,228
,,
ROI_59,10,258
,,
ROI_59,11,241
,,
ROI_59,12,271
,,
ROI_59,13,282
,,
ROI_59,14,251
,,
ROI_59,15,292
,,
ROI_59,16,301
,,
ROI_59,17,310
,,
ROI_59,18,268
,,
ROI_59,19,293
,,
ROI_59,20,291
,,
ROI_59,21,280
,,
ROI_59,22,289
,,
ROI_59,23,267
,,
ROI_59,24,291
,,
ROI_59,25,246
,,
ROI_59,26,256
,,
ROI_59,27,253
,,
ROI_59,28,225
,,
ROI_59,29,235
,,
ROI_59,30,232
,,
ROI_59,31,238
,,
ROI_59,32,219
,,
ROI_59,33,223
,,
ROI_59,34,199
,,
ROI_59,35,212
,,
ROI_59,36,223
,,
ROI_59,37,202
,,
ROI_59,38,208
,,
ROI_59,39,186
,,
ROI_59,40,218
,,
ROI_59,41,183
,,
ROI_59,42,187
,,
ROI_59,43,220
,,
ROI_59,44,235
,,
ROI_59,45,208
,,
ROI_59,46,172
,,
ROI_59,47,177
,,
ROI_59,48,191
,,
ROI_59,49,198
,,
ROI_59,50,180
,,
ROI_59,51,188
,,
ROI_59,52,216
,,
ROI_59,53,181
,,
ROI_59,54,219
,,
ROI_59,55,192
,,
ROI_59,56,186
,,
ROI_59,57,186
,,
ROI_59,58,186
,,
ROI_59,59,185
,,
ROI_59,60,160
,,
ROI_59,61,153
,,
ROI_59,62,182
,,
ROI_59,63,156
,,
ROI_59,64,176
,,
ROI_59,65,179
,,
ROI_59,66,164
,,
ROI_59,67,149
,,
ROI_59,68,167
,,
ROI_59,69,163
,,
ROI_59,70,163
,,
ROI_59,71,164
,,
ROI_59,72,181
,,
ROI_59,73,162
,,
ROI_59,74,139
,,
ROI_59,75,137
,,
ROI_59,76,152
,,
ROI_59,77,140
,,
ROI_59,78,171
,,
ROI_59,79,159
,,
ROI_59,80,152
,,
ROI_59,81,157
,,
ROI_59,82,148
,,
ROI_59,83,157
,,
ROI_59,84,128
,,
ROI_59,85,145
,,
ROI_59,86,138
,,
ROI_59,87,144
,,
ROI_59,88,126
,,
ROI_59,89,136
,,
ROI_59,90,135
,,
ROI_59,91,138
,,
ROI_59,92,150
,,
ROI_59,93,146
,,
ROI_59,94,152
,,
ROI_59,95,127
,,
ROI_59,96,124
,,
ROI_59,97,126
,,
ROI_59,98,142
,,
ROI_59,99,149
,,
ROI_59,100,127
,,
ROI_59,101,131
,,
ROI_59,102,129
,,
ROI_59,103,147
,,
ROI_59,104,134
,,
ROI_59,105,117
,,
ROI_59,106,128
,,
ROI_59,107,114
,,
ROI_59,108,119
,,
ROI_59,109,100
,,
ROI_59,110,118
,,
ROI_59,111,108
,,
ROI_59,112,116
,,
ROI_59,113,118
,,
ROI_59,114,101
,,
ROI_59,115,112
,,
ROI_59,116,102
,,
ROI_59,117,94
,,
ROI_59,118,108
,,
ROI_59,119,98
,,
ROI_59,120,114
,,
ROI_59,121,114
,,
ROI_59,122,150
,,
ROI_59,123,140
,,
ROI_59,124,168
,,
ROI_59,125,174
,,
ROI_59,126,136
,,
ROI_59,127,110
,,
ROI_59,128,110
,,
ROI_59,129,85
,,
ROI_59,130,93
,,
ROI_59,131,96
,,
ROI_59,132,88
,,
ROI_59,133,84
,,
ROI_59,134,65
,,
ROI_59,135,71
,,
ROI_59,136,70
,,
ROI_59,137,63
,,
ROI_59,138,80
,,
ROI_59,139,81
,,
ROI_59,140,80
,,
ROI_59,141,82
,,
ROI_59,142,83
,,
ROI_59,143,58
,,
ROI_59,144,60
,,
ROI_59,145,72
,,
ROI_59,146,67
,,
ROI_59,147,69
,,
ROI_59,148,66
,,
ROI_59,149,89
,,
ROI_59,150,84
,,
ROI_59,151,86
,,
ROI_59,152,75
,,
ROI_59,153,55
,,
ROI_59,154,59
,,
ROI_59,155,68
,,
ROI_59,156,54
,,
ROI_59,157,52
,,
ROI_59,158,46
,,
ROI_59,159,48
,,
ROI_59,160,58
,,
ROI_59,161,46
,,
ROI_59,162,46
,,
ROI_59,163,59
,,
ROI_59,164,57
,,
ROI_59,165,50
,,
ROI_59,166,66
,,
ROI_59,167,66
,,
ROI_59,168,56
,,
ROI_59,169,60
,,
ROI_59,170,59
,,
ROI_59,171,47
,,
ROI_59,172,44
,,
ROI_59,173,39
,,
ROI_59,174,45
,,
ROI_59,175,44
,,
ROI_59,176,49
,,
ROI_59,177,48
,,
ROI_59,178,45
,,
ROI_59,179,45
,,
ROI_59,180,48
,,
ROI_59,181,37
,,
ROI_59,182,39
,,
ROI_59,183,49
,,
ROI_59,184,50
,,
ROI_59,185,45
,,
ROI_59,186,44
,,
ROI_59,187,29
,,
ROI_59,188,59
,,
ROI_59,189,31
,,
ROI_59,190,42
,,
ROI_59,191,46
,,
ROI_59,192,35
,,
ROI_59,193,36
,,
ROI_59,194,37
,,
ROI_59,195,40
,,
ROI_59,196,41
,,
ROI_59,197,39
,,
ROI_59,198,49
,,
ROI_59,199,40
,,
ROI_59,200,30
,,
ROI_59,201,24
,,
ROI_59,202,29
,,
ROI_59,203,27
,,
ROI_59,204,27
,,
ROI_59,205,37
,,
ROI_59,206,27
,,
ROI_59,207,24
,,
ROI_59,208,28
,,
ROI_59,209,28
,,
ROI_59,210,29
,,
ROI_59,211,27
,,
ROI_59,212,32
,,
ROI_59,213,35
,,
ROI_59,214,34
,,
ROI_59,215,24
,,
ROI_59,216,29
,,
ROI_59,217,30
,,
ROI_59,218,27
,,
ROI_59,219,23
,,
ROI_59,220,28
,,
ROI_59,221,21
,,
ROI_59,222,30
,,
ROI_59,223,25
,,
ROI_59,224,23
,,
ROI_59,225,29
,,
ROI_59,226,30
,,
ROI_59,227,29
,,
ROI_59,228,26
,,
ROI_59,229,22
,,
ROI_59,230,17
,,
ROI_59,231,22
,,
ROI_59,232,17
,,
ROI_59,233,16
,,
ROI_59,234,18
,,
ROI_59,235,21
,,
ROI_59,236,13
,,
ROI_59,237,16
,,
ROI_59,238,19
,,
ROI_59,239,17
,,
ROI_59,240,14
,,
ROI_59,241,17
,,
ROI_59,242,14
,,
ROI_59,243,19
,,
ROI_59,244,15
,,
ROI_59,245,26
,,
ROI_59,246,28
,,
ROI_59,247,18
,,
ROI_59,248,13
,,
ROI_59,249,12
,,
ROI_59,250,11
,,
ROI_59,251,19
,,
ROI_59,252,20
,,
ROI_59,253,20
,,
ROI_59,254,12
,,
ROI_59,255,1207
,,
ROI_60,0,5154
,,
ROI_60,1,1036
,,
ROI_60,2,1045
,,
ROI_60,3,921
,,
ROI_60,4,765
,,
ROI_60,5,747
,,
ROI_60,6,736
,,
ROI_60,7,679
,,
ROI_60,8,675
,,
ROI_60,9,580
,,
ROI_60,10,630
,,
ROI_60,11,553
,,
ROI_60,12,576
,,
ROI_60,13,533
,,
ROI_60,14,497
,,
ROI_60,15,552
,,
ROI_60,16,493
,,
ROI_60,17,505
,,
ROI_60,18,436
,,
ROI_60,19,486
,,
ROI_60,20,431
,,
ROI_60,21,392
,,
ROI_60,22,365
,,
ROI_60,23,395
,,
ROI_60,24,388
,,
ROI_60,25,417
,,
ROI_60,26,369
,,
ROI_60,27,327
,,
ROI_60,28,314
,,
ROI_60,29,346
,,
ROI_60,30,333
,,
ROI_60,31,309
,,
ROI_60,32,306
,,
ROI_60,33,315
,,
ROI_60,34,290
,,
ROI_60,35,259
,,
ROI_60,36,296
,,
ROI_60,37,288
,,
ROI_60,38,280
,,
ROI_60,39,242
,,
ROI_60,40,283
,,
ROI_60,41,261
,,
ROI_60,42,239
,,
ROI_60,43,237
,,
ROI_60,44,256
,,
ROI_60,45,244
,,
ROI_60,46,206
,,
ROI_60,47,242
,,
ROI_60,48,210
,,
ROI_60,49,171
,,
ROI_60,50,208
,,
ROI_60,51,191
,,
ROI_60,52,179
,,
ROI_60,53,182
,,
ROI_60,54,161
,,
ROI_60,55,189
,,
ROI_60,56,176
,,
ROI_60,57,200
,,
ROI_60,58,181
,,
ROI_60,59,178
,,
ROI_60,60,143
,,
ROI_60,61,156
,,
ROI_60,62,139
,,
ROI_60,63,140
,,
ROI_60,64,111
,,
ROI_60,65,145
,,
ROI_60,66,134
,,
ROI_60,67,128
,,
ROI_60,68,109
,,
ROI_60,69,123
,,
ROI_60,70,124
,,
ROI_60,71,133
,,
ROI_60,72,124
,,
ROI_60,73,143
,,
ROI_60,74,100
,,
ROI_60,75,75
,,
ROI_60,76,115
,,
ROI_60,77,117
,,
ROI_60,78,102
,,
ROI_60,79,102
,,
ROI_60,80,72
,,
ROI_60,81,114
,,
ROI_60,82,89
,,
ROI_60,83,95
,,
ROI_60,84,89
,,
ROI_60,85,99
,,
ROI_60,86,77
,,
ROI_60,87,76
,,
ROI_60,88,79
,,
ROI_60,89,88
,,
ROI_60,90,82
,,
ROI_60,91,77
,,
ROI_60,92,78
,,
ROI_60,93,69
,,
ROI_60,94,74
,,
ROI_60,95,62
,,
ROI_60,96,74
,,
ROI_60,97,76
,,
ROI_60,98,59
,,
ROI_60,99,60
,,
ROI_60,100,61
,,
ROI_60,101,50
,,
ROI_60,102,62
,,
ROI_60,103,68
,,
ROI_60,104,59
,,
ROI_60,105,45
,,
ROI_60,106,51
,,
ROI_60,107,62
,,
ROI_60,108,57
,,
ROI_60,109,46
,,
ROI_60,110,52
,,
ROI_60,111,48
,,
ROI_60,112,47
,,
ROI_60,113,33
,,
ROI_60,114,44
,,
ROI_60,115,28
,,
ROI_60,116,41
,,
ROI_60,117,34
,,
ROI_60,118,38
,,
ROI_60,119,34
,,
ROI_60,120,37
,,
ROI_60,121,45
,,
ROI_60,122,46
,,
ROI_60,123,63
,,
ROI_60,124,89
,,
ROI_60,125,63
,,
ROI_60,126,52
,,
ROI_60,127,48
,,
ROI_60,128,47
,,
ROI_60,129,30
,,
ROI_60,130,40
,,
ROI_60,131,35
,,
ROI_60,132,28
,,
ROI_60,133,24
,,
ROI_60,134,24
,,
ROI_60,135,32
,,
ROI_60,136,40
,,
ROI_60,137,29
,,
ROI_60,138,32
,,
ROI_60,139,22
,,
ROI_60,140,30
,,
ROI_60,141,33
,,
ROI_60,142,26
,,
ROI_60,143,26
,,
ROI_60,144,18
,,
ROI_60,145,19
,,
ROI_60,146,18
,,
ROI_60,147,19
,,
ROI_60,148,15
,,
ROI_60,149,22
,,
ROI_60,150,22
,,
ROI_60,151,17
,,
ROI_60,152,32
,,
ROI_60,153,15
,,
ROI_60,154,22
,,
ROI_60,155,19
,,
ROI_60,156,15
,,
ROI_60,157,17
,,
ROI_60,158,15
,,
ROI_60,159,15
,,
ROI_60,160,21
,,
ROI_60,161,29
,,
ROI_60,162,14
,,
ROI_60,163,14
,,
ROI_60,164,11
,,
ROI_60,165,16
,,
ROI_60,166,19
,,
ROI_60,167,16
,,
ROI_60,168,22
,,
ROI_60,169,13
,,
ROI_60,170,18
,,
ROI_60,171,14
,,
ROI_60,172,11
,,
ROI_60,173,15
,,
ROI_60,174,15
,,
ROI_60,175,20
,,
ROI_60,176,14
,,
ROI_60,177,14
,,
ROI_60,178,12
,,
ROI_60,179,15
,,
ROI_60,180,8
,,
ROI_60,181,14
,,
ROI_60,182,10
,,
ROI_60,183,14
,,
ROI_60,184,15
,,
ROI_60,185,10
,,
ROI_60,186,8
,,
ROI_60,187,11
,,
ROI_60,188,12
,,
ROI_60,189,11
,,
ROI_60,190,11
,,
ROI_60,191,6
,,
ROI_60,192,8
,,
ROI_60,193,10
,,
ROI_60,194,10
,,
ROI_60,195,6
,,
ROI_60,196,9
,,
ROI_60,197,5
,,
ROI_60,198,9
,,
ROI_60,199,13
,,
ROI_60,200,12
,,
ROI_60,201,11
,,
ROI_60,202,8
,,
ROI_60,203,10
,,
ROI_60,204,6
,,
ROI_60,205,9
,,
ROI_60,206,9
,,
ROI_60,207,8
,,
ROI_60,208,6
,,
ROI_60,209,7
,,
ROI_60,210,5
,,
ROI_60,211,3
,,
ROI_60,212,10
,,
ROI_60,213,3
,,
ROI_60,214,6
,,
ROI_60,215,3
,,
ROI_60,216,4
,,
ROI_60,217,7
,,
ROI_60,218,10
,,
ROI_60,219,5
,,
ROI_60,220,10
,,
ROI_60,221,5
,,
ROI_60,222,7
,,
ROI_60,223,8
,,
ROI_60,224,7
,,
ROI_60,225,4
,,
ROI_60,226,5
,,
ROI_60,227,5
,,
ROI_60,228,5
,,
ROI_60,229,3
,,
ROI_60,230,1
,,
ROI_60,231,2
,,
ROI_60,232,4
,,
ROI_60,233,3
,,
ROI_60,234,4
,,
ROI_60,235,2
,,
ROI_60,236,7
,,
ROI_60,237,2
,,
ROI_60,238,5
,,
ROI_60,239,3
,,
ROI_60,240,6
,,
ROI_60,241,9
,,
ROI_60,242,0
,,
ROI_60,243,3
,,
ROI_60,244,5
,,
ROI_60,245,4
,,
ROI_60,246,4
,,
ROI_60,247,2
,,
ROI_60,248,0
,,
ROI_60,249,2
,,
ROI_60,250,4
,,
ROI_60,251,2
,,
ROI_60,252,1
,,
ROI_60,253,2
,,
ROI_60,254,3
,,
ROI_60,255,185
,,
ROI_61,0,5293
,,
ROI_61,1,486
,,
ROI_61,2,395
,,
ROI_61,3,308
,,
ROI_61,4,257
,,
ROI_61,5,206
,,
ROI_61,6,210
,,
ROI_61,7,159
,,
ROI_61,8,147
,,
ROI_61,9,136
,,
ROI_61,10,122
,,
ROI_61,11,105
,,
ROI_61,12,115
,,
ROI_61,13,91
,,
ROI_61,14,83
,,
ROI_61,15,61
,,
ROI_61,16,72
,,
ROI_61,17,52
,,
ROI_61,18,55
,,
ROI_61,19,45
,,
ROI_61,20,40
,,
ROI_61,21,31
,,
ROI_61,22,27
,,
ROI_61,23,35
,,
ROI_61,24,18
,,
ROI_61,25,23
,,
ROI_61,26,23
,,
ROI_61,27,18
,,
ROI_61,28,12
,,
ROI_61,29,19
,,
ROI_61,30,17
,,
ROI_61,31,13
,,
ROI_61,32,11
,,
ROI_61,33,16
,,
ROI_61,34,14
,,
ROI_61,35,3
,,
ROI_61,36,10
,,
ROI_61,37,10
,,
ROI_61,38,4
,,
ROI_61,39,3
,,
ROI_61,40,6
,,
ROI_61,41,4
,,
ROI_61,42,5
,,
ROI_61,43,8
,,
ROI_61,44,8
,,
ROI_61,45,3
,,
ROI_61,46,4
,,
ROI_61,47,4
,,
ROI_61,48,3
,,
ROI_61,49,5
,,
ROI_61,50,1
,,
ROI_61,51,4
,,
ROI_61,52,2
,,
ROI_61,53,6
,,
ROI_61,54,4
,,
ROI_61,55,4
,,
ROI_61,56,3
,,
ROI_61,57,2
,,
ROI_61,58,2
,,
ROI_61,59,4
,,
ROI_61,60,3
,,
ROI_61,61,5
,,
ROI_61,62,2
,,
ROI_61,63,1
,,
ROI_61,64,2
,,
ROI_61,65,0
,,
ROI_61,66,3
,,
ROI_61,67,1
,,
ROI_61,68,1
,,
ROI_61,69,1
,,
ROI_61,70,0
,,
ROI_61,71,3
,,
ROI_61,72,0
,,
ROI_61,73,2
,,
ROI_61,74,1
,,
ROI_61,75,1
,,
ROI_61,76,1
,,
ROI_61,77,1
,,
ROI_61,78,1
,,
ROI_61,79,4
,,
ROI_61,80,3
,,
ROI_61,81,0
,,
ROI_61,82,2
,,
ROI_61,83,1
,,
ROI_61,84,0
,,
ROI_61,85,0
,,
ROI_61,86,0
,,
ROI_61,87,2
,,
ROI_61,88,0
,,
ROI_61,89,0
,,
ROI_61,90,3
,,
ROI_61,91,1
,,
ROI_61,92,1
,,
ROI_61,93,1
,,
ROI_61,94,2
,,
ROI_61,95,2
,,
ROI_61,96,0
,,
ROI_61,97,1
,,
ROI_61,98,1
,,
ROI_61,99,2
,,
ROI_61,100,0
,,
ROI_61,101,1
,,
ROI_61,102,0
,,
ROI_61,103,1
,,
ROI_61,104,0
,,
ROI_61,105,1
,,
ROI_61,106,0
,,
ROI_61,107,1
,,
ROI_61,108,1
,,
ROI_61,109,1
,,
ROI_61,110,1
,,
ROI_61,111,1
,,
ROI_61,112,1
,,
ROI_61,113,0
,,
ROI_61,114,2
,,
ROI_61,115,0
,,
ROI_61,116,0
,,
ROI_61,117,2
,,
ROI_61,118,0
,,
ROI_61,119,0
,,
ROI_61,120,2
,,
ROI_61,121,1
,,
ROI_61,122,1
,,
ROI_61,123,1
,,
ROI_61,124,1
,,
ROI_61,125,2
,,
ROI_61,126,0
,,
ROI_61,127,0
,,
ROI_61,128,0
,,
ROI_61,129,1
,,
ROI_61,130,0
,,
ROI_61,131,1
,,
ROI_61,132,0
,,
ROI_61,133,1
,,
ROI_61,134,0
,,
ROI_61,135,0
,,
ROI_61,136,1
,,
ROI_61,137,0
,,
ROI_61,138,1
,,
ROI_61,139,0
,,
ROI_61,140,1
,,
ROI_61,141,1
,,
ROI_61,142,0
,,
ROI_61,143,1
,,
ROI_61,144,0
,,
ROI_61,145,1
,,
ROI_61,146,0
,,
ROI_61,147,0
,,
ROI_61,148,0
,,
ROI_61,149,1
,,
ROI_61,150,0
,,
ROI_61,151,0
,,
ROI_61,152,0
,,
ROI_61,153,1
,,
ROI_61,154,0
,,
ROI_61,155,0
,,
ROI_61,156,0
,,
ROI_61,157,0
,,
ROI_61,158,0
,,
ROI_61,159,0
,,
ROI_61,160,2
,,
ROI_61,161,0
,,
ROI_61,162,0
,,
ROI_61,163,1
,,
ROI_61,164,0
,,
ROI_61,165,0
,,
ROI_61,166,1
,,
ROI_61,167,0
,,
ROI_61,168,0
,,
ROI_61,169,0
,,
ROI_61,170,0
,,
ROI_61,171,0
,,
ROI_61,172,0
,,
ROI_61,173,1
,,
ROI_61,174,0
,,
ROI_61,175,0
,,
ROI_61,176,1
,,
ROI_61,177,0
,,
ROI_61,178,1
,,
ROI_61,179,0
,,
ROI_61,180,0
,,
ROI_61,181,0
,,
ROI_61,182,0
,,
ROI_61,183,0
,,
ROI_61,184,0
,,
ROI_61,185,0
,,
ROI_61,186,0
,,
ROI_61,187,0
,,
ROI_61,188,0
,,
ROI_61,189,0
,,
ROI_61,190,0
,,
ROI_61,191,0
,,
ROI_61,192,0
,,
ROI_61,193,0
,,
ROI_61,194,0
,,
ROI_61,195,0
,,
ROI_61,196,0
,,
ROI_61,197,0
,,
ROI_61,198,0
,,
ROI_61,199,0
,,
ROI_61,200,0
,,
ROI_61,201,0
,,
ROI_61,202,0
,,
ROI_61,203,0
,,
ROI_61,204,0
,,
ROI_61,205,0
,,
ROI_61,206,0
,,
ROI_61,207,0
,,
ROI_61,208,0
,,
ROI_61,209,0
,,
ROI_61,210,0
,,
ROI_61,211,0
,,
ROI_61,212,0
,,
ROI_61,213,0
,,
ROI_61,214,0
,,
ROI_61,215,0
,,
ROI_61,216,0
,,
ROI_61,217,0
,,
ROI_61,218,0
,,
ROI_61,219,0
,,
ROI_61,220,0
,,
ROI_61,221,0
,,
ROI_61,222,0
,,
ROI_61,223,0
,,
ROI_61,224,0
,,
ROI_61,225,0
,,
ROI_61,226,0
,,
ROI_61,227,0
,,
ROI_61,228,0
,,
ROI_61,229,0
,,
ROI_61,230,0
,,
ROI_61,231,0
,,
ROI_61,232,0
,,
ROI_61,233,0
,,
ROI_61,234,0
,,
ROI_61,235,0
,,
ROI_61,236,0
,,
ROI_61,237,0
,,
ROI_61,238,0
,,
ROI_61,239,0
,,
ROI_61,240,0
,,
ROI_61,241,0
,,
ROI_61,242,0
,,
ROI_61,243,0
,,
ROI_61,244,0
,,
ROI_61,245,0
,,
ROI_61,246,0
,,
ROI_61,247,0
,,
ROI_61,248,0
,,
ROI_61,249,0
,,
ROI_61,250,0
,,
ROI_61,251,0
,,
ROI_61,252,0
,,
ROI_61,253,0
,,
ROI_61,254,0
,,
ROI_61,255,0
,,
ROI_62,0,402
,,
ROI_62,1,0
,,
ROI_62,2,0
,,
ROI_62,3,0
,,
ROI_62,4,0
,,
ROI_62,5,0
,,
ROI_62,6,0
,,
ROI_62,7,0
,,
ROI_62,8,0
,,
ROI_62,9,0
,,
ROI_62,10,0
,,
ROI_62,11,0
,,
ROI_62,12,0
,,
ROI_62,13,0
,,
ROI_62,14,0
,,
ROI_62,15,0
,,
ROI_62,16,0
,,
ROI_62,17,0
,,
ROI_62,18,0
,,
ROI_62,19,0
,,
ROI_62,20,0
,,
ROI_62,21,0
,,
ROI_62,22,0
,,
ROI_62,23,0
,,
ROI_62,24,0
,,
ROI_62,25,0
,,
ROI_62,26,0
,,
ROI_62,27,0
,,
ROI_62,28,0
,,
ROI_62,29,0
,,
ROI_62,30,0
,,
ROI_62,31,0
,,
ROI_62,32,0
,,
ROI_62,33,0
,,
ROI_62,34,0
,,
ROI_62,35,0
,,
ROI_62,36,0
,,
ROI_62,37,0
,,
ROI_62,38,0
,,
ROI_62,39,0
,,
ROI_62,40,0
,,
ROI_62,41,0
,,
ROI_62,42,0
,,
ROI_62,43,0
,,
ROI_62,44,0
,,
ROI_62,45,0
,,
ROI_62,46,0
,,
ROI_62,47,0
,,
ROI_62,48,0
,,
ROI_62,49,0
,,
ROI_62,50,0
,,
ROI_62,51,0
,,
ROI_62,52,0
,,
ROI_62,53,0
,,
ROI_62,54,0
,,
ROI_62,55,0
,,
ROI_62,56,0
,,
ROI_62,57,0
,,
ROI_62,58,0
,,
ROI_62,59,0
,,
ROI_62,60,0
,,
ROI_62,61,0
,,
ROI_62,62,0
,,
ROI_62,63,0
,,
ROI_62,64,0
,,
ROI_62,65,0
,,
ROI_62,66,0
,,
ROI_62,67,0
,,
ROI_62,68,0
,,
ROI_62,69,0
,,
ROI_62,70,0
,,
ROI_62,71,0
,,
ROI_62,72,0
,,
ROI_62,73,0
,,
ROI_62,74,0
,,
ROI_62,75,0
,,
ROI_62,76,0
,,
ROI_62,77,0
,,
ROI_62,78,0
,,
ROI_62,79,0
,,
ROI_62,80,0
,,
ROI_62,81,0
,,
ROI_62,82,0
,,
ROI_62,83,0
,,
ROI_62,84,0
,,
ROI_62,85,0
,,
ROI_62,86,0
,,
ROI_62,87,0
,,
ROI_62,88,0
,,
ROI_62,89,0
,,
ROI_62,90,0
,,
ROI_62,91,0
,,
ROI_62,92,0
,,
ROI_62,93,0
,,
ROI_62,94,0
,,
ROI_62,95,0
,,
ROI_62,96,0
,,
ROI_62,97,0
,,
ROI_62,98,0
,,
ROI_62,99,0
,,
ROI_62,100,0
,,
ROI_62,101,0
,,
ROI_62,102,0
,,
ROI_62,103,0
,,
ROI_62,104,0
,,
ROI_62,105,0
,,
ROI_62,106,0
,,
ROI_62,107,0
,,
ROI_62,108,0
,,
ROI_62,109,0
,,
ROI_62,110,0
,,
ROI_62,111,0
,,
ROI_62,112,0
,,
ROI_62,113,0
,,
ROI_62,114,0
,,
ROI_62,115,0
,,
ROI_62,116,0
,,
ROI_62,117,0
,,
ROI_62,118,0
,,
ROI_62,119,0
,,
ROI_62,120,0
,,
ROI_62,121,0
,,
ROI_62,122,0
,,
ROI_62,123,0
,,
ROI_62,124,0
,,
ROI_62,125,0
,,
ROI_62,126,0
,,
ROI_62,127,0
,,
ROI_62,128,0
,,
ROI_62,129,0
,,
ROI_62,130,0
,,
ROI_62,131,0
,,
ROI_62,132,0
,,
ROI_62,133,0
,,
ROI_62,134,0
,,
ROI_62,135,0
,,
ROI_62,136,0
,,
ROI_62,137,0
,,
ROI_62,138,0
,,
ROI_62,139,0
,,
ROI_62,140,0
,,
ROI_62,141,0
,,
ROI_62,142,0
,,
ROI_62,143,0
,,
ROI_62,144,0
,,
ROI_62,145,0
,,
ROI_62,146,0
,,
ROI_62,147,0
,,
ROI_62,148,0
,,
ROI_62,149,0
,,
ROI_62,150,0
,,
ROI_62,151,0
,,
ROI_62,152,0
,,
ROI_62,153,0
,,
ROI_62,154,0
,,
ROI_62,155,0
,,
ROI_62,156,0
,,
ROI_62,157,0
,,
ROI_62,158,0
,,
ROI_62,159,0
,,
ROI_62,160,0
,,
ROI_62,161,0
,,
ROI_62,162,0
,,
ROI_62,163,0
,,
ROI_62,164,0
,,
ROI_62,165,0
,,
ROI_62,166,0
,,
ROI_62,167,0
,,
ROI_62,168,0
,,
ROI_62,169,0
,,
ROI_62,170,0
,,
ROI_62,171,0
,,
ROI_62,172,0
,,
ROI_62,173,0
,,
ROI_62,174,0
,,
ROI_62,175,0
,,
ROI_62,176,0
,,
ROI_62,177,0
,,
ROI_62,178,0
,,
ROI_62,179,0
,,
ROI_62,180,0
,,
ROI_62,181,0
,,
ROI_62,182,0
,,
ROI_62,183,0
,,
ROI_62,184,0
,,
ROI_62,185,0
,,
ROI_62,186,0
,,
ROI_62,187,0
,,
ROI_62,188,0
,,
ROI_62,189,0
,,
ROI_62,190,0
,,
ROI_62,191,0
,,
ROI_62,192,0
,,
ROI_62,193,0
,,
ROI_62,194,0
,,
ROI_62,195,0
,,
ROI_62,196,0
,,
ROI_62,197,0
,,
ROI_62,198,0
,,
ROI_62,199,0
,,
ROI_62,200,0
,,
ROI_62,201,0
,,
ROI_62,202,0
,,
ROI_62,203,0
,,
ROI_62,204,0
,,
ROI_62,205,0
,,
ROI_62,206,0
,,
ROI_62,207,0
,,
ROI_62,208,0
,,
ROI_62,209,0
,,
ROI_62,210,0
,,
ROI_62,211,0
,,
ROI_62,212,0
,,
ROI_62,213,0
,,
ROI_62,214,0
,,
ROI_62,215,0
,,
ROI_62,216,0
,,
ROI_62,217,0
,,
ROI_62,218,0
,,
ROI_62,219,0
,,
ROI_62,220,0
,,
ROI_62,221,0
,,
ROI_62,222,0
,,
ROI_62,223,0
,,
ROI_62,224,0
,,
ROI_62,225,0
,,
ROI_62,226,0
,,
ROI_62,227,0
,,
ROI_62,228,0
,,
ROI_62,229,0
,,
ROI_62,230,0
,,
ROI_62,231,0
,,
ROI_62,232,0
,,
ROI_62,233,0
,,
ROI_62,234,0
,,
ROI_62,235,0
,,
ROI_62,236,0
,,
ROI_62,237,0
,,
ROI_62,238,0
,,
ROI_62,239,0
,,
ROI_62,240,0
,,
ROI_62,241,0
,,
ROI_62,242,0
,,
ROI_62,243,0
,,
ROI_62,244,0
,,
ROI_62,245,0
,,
ROI_62,246,0
,,
ROI_62,247,0
,,
ROI_62,248,0
,,
ROI_62,249,0
,,
ROI_62,250,0
,,
ROI_62,251,0
,,
ROI_62,252,0
,,
ROI_62,253,0
,,
ROI_62,254,0
,,
ROI_62,255,0
,,
ROI_63,0,5425
,,
ROI_63,1,1165
,,
ROI_63,2,1115
,,
ROI_63,3,987
,,
ROI_63,4,820
,,
ROI_63,5,768
,,
ROI_63,6,700
,,
ROI_63,7,646
,,
ROI_63,8,629
,,
ROI_63,9,660
,,
ROI_63,10,549
,,
ROI_63,11,553
,,
ROI_63,12,516
,,
ROI_63,13,491
,,
ROI_63,14,422
,,
ROI_63,15,420
,,
ROI_63,16,436
,,
ROI_63,17,367
,,
ROI_63,18,351
,,
ROI_63,19,332
,,
ROI_63,20,354
,,
ROI_63,21,296
,,
ROI_63,22,311
,,
ROI_63,23,301
,,
ROI_63,24,290
,,
ROI_63,25,247
,,
ROI_63,26,247
,,
ROI_63,27,230
,,
ROI_63,28,204
,,
ROI_63,29,225
,,
ROI_63,30,201
,,
ROI_63,31,192
,,
ROI_63,32,190
,,
ROI_63,33,192
,,
ROI_63,34,188
,,
ROI_63,35,142
,,
ROI_63,36,197
,,
ROI_63,37,158
,,
ROI_63,38,165
,,
ROI_63,39,151
,,
ROI_63,40,158
,,
ROI_63,41,123
,,
ROI_63,42,139
,,
ROI_63,43,147
,,
ROI_63,44,120
,,
ROI_63,45,131
,,
ROI_63,46,127
,,
ROI_63,47,123
,,
ROI_63,48,131
,,
ROI_63,49,114
,,
ROI_63,50,132
,,
ROI_63,51,117
,,
ROI_63,52,118
,,
ROI_63,53,98
,,
ROI_63,54,111
,,
ROI_63,55,115
,,
ROI_63,56,103
,,
ROI_63,57,129
,,
ROI_63,58,92
,,
ROI_63,59,110
,,
ROI_63,60,91
,,
ROI_63,61,92
,,
ROI_63,62,100
,,
ROI_63,63,81
,,
ROI_63,64,77
,,
ROI_63,65,94
,,
ROI_63,66,80
,,
ROI_63,67,80
,,
ROI_63,68,70
,,
ROI_63,69,68
,,
ROI_63,70,63
,,
ROI_63,71,64
,,
ROI_63,72,74
,,
ROI_63,73,72
,,
ROI_63,74,63
,,
ROI_63,75,77
,,
ROI_63,76,75
,,
ROI_63,77,59
,,
ROI_63,78,70
,,
ROI_63,79,68
,,
ROI_63,80,58
,,
ROI_63,81,73
,,
ROI_63,82,56
,,
ROI_63,83,46
,,
ROI_63,84,52
,,
ROI_63,85,60
,,
ROI_63,86,69
,,
ROI_63,87,57
,,
ROI_63,88,55
,,
ROI_63,89,38
,,
ROI_63,90,49
,,
ROI_63,91,38
,,
ROI_63,92,49
,,
ROI_63,93,38
,,
ROI_63,94,42
,,
ROI_63,95,24
,,
ROI_63,96,48
,,
ROI_63,97,37
,,
ROI_63,98,30
,,
ROI_63,99,37
,,
ROI_63,100,47
,,
ROI_63,101,34
,,
ROI_63,102,33
,,
ROI_63,103,39
,,
ROI_63,104,30
,,
ROI_63,105,33
,,
ROI_63,106,33
,,
ROI_63,107,26
,,
ROI_63,108,33
,,
ROI_63,109,40
,,
ROI_63,110,34
,,
ROI_63,111,25
,,
ROI_63,112,32
,,
ROI_63,113,26
,,
ROI_63,114,25
,,
ROI_63,115,41
,,
ROI_63,116,14
,,
ROI_63,117,27
,,
ROI_63,118,32
,,
ROI_63,119,32
,,
ROI_63,120,33
,,
ROI_63,121,23
,,
ROI_63,122,26
,,
ROI_63,123,36
,,
ROI_63,124,44
,,
ROI_63,125,37
,,
ROI_63,126,37
,,
ROI_63,127,31
,,
ROI_63,128,22
,,
ROI_63,129,20
,,
ROI_63,130,21
,,
ROI_63,131,30
,,
ROI_63,132,15
,,
ROI_63,133,25
,,
ROI_63,134,16
,,
ROI_63,135,17
,,
ROI_63,136,17
,,
ROI_63,137,15
,,
ROI_63,138,14
,,
ROI_63,139,17
,,
ROI_63,140,19
,,
ROI_63,141,13
,,
ROI_63,142,6
,,
ROI_63,143,12
,,
ROI_63,144,13
,,
ROI_63,145,10
,,
ROI_63,146,8
,,
ROI_63,147,10
,,
ROI_63,148,13
,,
ROI_63,149,11
,,
ROI_63,150,17
,,
ROI_63,151,15
,,
ROI_63,152,12
,,
ROI_63,153,11
,,
ROI_63,154,12
,,
ROI_63,155,10
,,
ROI_63,156,6
,,
ROI_63,157,13
,,
ROI_63,158,10
,,
ROI_63,159,8
,,
ROI_63,160,8
,,
ROI_63,161,11
,,
ROI_63,162,10
,,
ROI_63,163,7
,,
ROI_63,164,1
,,
ROI_63,165,10
,,
ROI_63,166,5
,,
ROI_63,167,7
,,
ROI_63,168,12
,,
ROI_63,169,5
,,
ROI_63,170,9
,,
ROI_63,171,7
,,
ROI_63,172,6
,,
ROI_63,173,13
,,
ROI_63,174,5
,,
ROI_63,175,9
,,
ROI_63,176,6
,,
ROI_63,177,10
,,
ROI_63,178,6
,,
ROI_63,179,10
,,
ROI_63,180,10
,,
ROI_63,181,10
,,
ROI_63,182,4
,,
ROI_63,183,4
,,
ROI_63,184,2
,,
ROI_63,185,5
,,
ROI_63,186,5
,,
ROI_63,187,4
,,
ROI_63,188,7
,,
ROI_63,189,7
,,
ROI_63,190,2
,,
ROI_63,191,3
,,
ROI_63,192,5
,,
ROI_63,193,6
,,
ROI_63,194,6
,,
ROI_63,195,5
,,
ROI_63,196,5
,,
ROI_63,197,5
,,
ROI_63,198,7
,,
ROI_63,199,7
,,
ROI_63,200,5
,,
ROI_63,201,7
,,
ROI_63,202,6
,,
ROI_63,203,8
,,
ROI_63,204,5
,,
ROI_63,205,7
,,
ROI_63,206,5
,,
ROI_63,207,0
,,
ROI_63,208,4
,,
ROI_63,209,2
,,
ROI_63,210,2
,,
ROI_63,211,5
,,
ROI_63,212,4
,,
ROI_63,213,2
,,
ROI_63,214,4
,,
ROI_63,215,1
,,
ROI_63,216,2
,,
ROI_63,217,2
,,
ROI_63,218,2
,,
ROI_63,219,3
,,
ROI_63,220,6
,,
ROI_63,221,3
,,
ROI_63,222,0
,,
ROI_63,223,2
,,
ROI_63,224,2
,,
ROI_63,225,3
,,
ROI_63,226,3
,,
ROI_63,227,2
,,
ROI_63,228,0
,,
ROI_63,229,2
,,
ROI_63,230,1
,,
ROI_63,231,1
,,
ROI_63,232,1
,,
ROI_63,233,2
,,
ROI_63,234,2
,,
ROI_63,235,1
,,
ROI_63,236,5
,,
ROI_63,237,2
,,
ROI_63,238,1
,,
ROI_63,239,2
,,
ROI_63,240,1
,,
ROI_63,241,2
,,
ROI_63,242,6
,,
ROI_63,243,3
,,
ROI_63,244,4
,,
ROI_63,245,5
,,
ROI_63,246,3
,,
ROI_63,247,1
,,
ROI_63,248,0
,,
ROI_63,249,2
,,
ROI_63,250,1
,,
ROI_63,251,1
,,
ROI_63,252,3
,,
ROI_63,253,3
,,
ROI_63,254,0
,,
ROI_63,255,80
,,
ROI_64,0,174
,,
ROI_64,1,54
,,
ROI_64,2,34
,,
ROI_64,3,32
,,
ROI_64,4,29
,,
ROI_64,5,27
,,
ROI_64,6,24
,,
ROI_64,7,27
,,
ROI_64,8,26
,,
ROI_64,9,28
,,
ROI_64,10,25
,,
ROI_64,11,34
,,
ROI_64,12,25
,,
ROI_64,13,31
,,
ROI_64,14,34
,,
ROI_64,15,22
,,
ROI_64,16,30
,,
ROI_64,17,19
,,
ROI_64,18,15
,,
ROI_64,19,24
,,
ROI_64,20,21
,,
ROI_64,21,8
,,
ROI_64,22,12
,,
ROI_64,23,18
,,
ROI_64,24,21
,,
ROI_64,25,11
,,
ROI_64,26,10
,,
ROI_64,27,19
,,
ROI_64,28,12
,,
ROI_64,29,7
,,
ROI_64,30,17
,,
ROI_64,31,5
,,
ROI_64,32,10
,,
ROI_64,33,13
,,
ROI_64,34,7
,,
ROI_64,35,7
,,
ROI_64,36,9
,,
ROI_64,37,12
,,
ROI_64,38,7
,,
ROI_64,39,10
,,
ROI_64,40,10
,,
ROI_64,41,3
,,
ROI_64,42,3
,,
ROI_64,43,7
,,
ROI_64,44,4
,,
ROI_64,45,8
,,
ROI_64,46,6
,,
ROI_64,47,2
,,
ROI_64,48,5
,,
ROI_64,49,2
,,
ROI_64,50,7
,,
ROI_64,51,5
,,
ROI_64,52,3
,,
ROI_64,53,6
,,
ROI_64,54,3
,,
ROI_64,55,4
,,
ROI_64,56,4
,,
ROI_64,57,3
,,
ROI_64,58,5
,,
ROI_64,59,2
,,
ROI_64,60,1
,,
ROI_64,61,4
,,
ROI_64,62,2
,,
ROI_64,63,2
,,
ROI_64,64,3
,,
ROI_64,65,3
,,
ROI_64,66,2
,,
ROI_64,67,1
,,
ROI_64,68,5
,,
ROI_64,69,5
,,
ROI_64,70,4
,,
ROI_64,71,0
,,
ROI_64,72,1
,,
ROI_64,73,1
,,
ROI_64,74,3
,,
ROI_64,75,5
,,
ROI_64,76,0
,,
ROI_64,77,2
,,
ROI_64,78,6
,,
ROI_64,79,1
,,
ROI_64,80,1
,,
ROI_64,81,1
,,
ROI_64,82,2
,,
ROI_64,83,0
,,
ROI_64,84,2
,,
ROI_64,85,0
,,
ROI_64,86,2
,,
ROI_64,87,2
,,
ROI_64,88,5
,,
ROI_64,89,8
,,
ROI_64,90,1
,,
ROI_64,91,2
,,
ROI_64,92,2
,,
ROI_64,93,3
,,
ROI_64,94,1
,,
ROI_64,95,1
,,
ROI_64,96,1
,,
ROI_64,97,1
,,
ROI_64,98,2
,,
ROI_64,99,3
,,
ROI_64,100,2
,,
ROI_64,101,3
,,
ROI_64,102,3
,,
ROI_64,103,2
,,
ROI_64,104,1
,,
ROI_64,105,2
,,
ROI_64,106,2
,,
ROI_64,107,4
,,
ROI_64,108,1
,,
ROI_64,109,1
,,
ROI_64,110,1
,,
ROI_64,111,2
,,
ROI_64,112,3
,,
ROI_64,113,2
,,
ROI_64,114,2
,,
ROI_64,115,1
,,
ROI_64,116,1
,,
ROI_64,117,1
,,
ROI_64,118,0
,,
ROI_64,119,1
,,
ROI_64,120,0
,,
ROI_64,121,2
,,
ROI_64,122,1
,,
ROI_64,123,0
,,
ROI_64,124,2
,,
ROI_64,125,3
,,
ROI_64,126,0
,,
ROI_64,127,0
,,
ROI_64,128,0
,,
ROI_64,129,0
,,
ROI_64,130,0
,,
ROI_64,131,0
,,
ROI_64,132,0
,,
ROI_64,133,0
,,
ROI_64,134,0
,,
ROI_64,135,0
,,
ROI_64,136,0
,,
ROI_64,137,1
,,
ROI_64,138,0
,,
ROI_64,139,0
,,
ROI_64,140,0
,,
ROI_64,141,0
,,
ROI_64,142,0
,,
ROI_64,143,0
,,
ROI_64,144,0
,,
ROI_64,145,0
,,
ROI_64,146,0
,,
ROI_64,147,0
,,
ROI_64,148,0
,,
ROI_64,149,0
,,
ROI_64,150,0
,,
ROI_64,151,0
,,
ROI_64,152,0
,,
ROI_64,153,0
,,
ROI_64,154,0
,,
ROI_64,155,0
,,
ROI_64,156,0
,,
ROI_64,157,0
,,
ROI_64,158,0
,,
ROI_64,159,0
,,
ROI_64,160,0
,,
ROI_64,161,0
,,
ROI_64,162,0
,,
ROI_64,163,0
,,
ROI_64,164,0
,,
ROI_64,165,0
,,
ROI_64,166,0
,,
ROI_64,167,0
,,
ROI_64,168,0
,,
ROI_64,169,0
,,
ROI_64,170,0
,,
ROI_64,171,0
,,
ROI_64,172,0
,,
ROI_64,173,0
,,
ROI_64,174,0
,,
ROI_64,175,0
,,
ROI_64,176,0
,,
ROI_64,177,0
,,
ROI_64,178,0
,,
ROI_64,179,0
,,
ROI_64,180,0
,,
ROI_64,181,0
,,
ROI_64,182,0
,,
ROI_64,183,0
,,
ROI_64,184,0
,,
ROI_64,185,0
,,
ROI_64,186,0
,,
ROI_64,187,0
,,
ROI_64,188,0
,,
ROI_64,189,0
,,
ROI_64,190,0
,,
ROI_64,191,0
,,
ROI_64,192,0
,,
ROI_64,193,0
,,
ROI_64,194,0
,,
ROI_64,195,0
,,
ROI_64,196,0
,,
ROI_64,197,0
,,
ROI_64,198,0
,,
ROI_64,199,0
,,
ROI_64,200,0
,,
ROI_64,201,0
,,
ROI_64,202,0
,,
ROI_64,203,0
,,
ROI_64,204,0
,,
ROI_64,205,0
,,
ROI_64,206,0
,,
ROI_64,207,0
,,
ROI_64,208,0
,,
ROI_64,209,0
,,
ROI_64,210,0
,,
ROI_64,211,0
,,
ROI_64,212,0
,,
ROI_64,213,0
,,
ROI_64,214,0
,,
ROI_64,215,0
,,
ROI_64,216,0
,,
ROI_64,217,0
,,
ROI_64,218,0
,,
ROI_64,219,0
,,
ROI_64,220,0
,,
ROI_64,221,0
,,
ROI_64,222,0
,,
ROI_64,223,0
,,
ROI_64,224,0
,,
ROI_64,225,0
,,
ROI_64,226,0
,,
ROI_64,227,0
,,
ROI_64,228,0
,,
ROI_64,229,0
,,
ROI_64,230,0
,,
ROI_64,231,0
,,
ROI_64,232,0
,,
ROI_64,233,0
,,
ROI_64,234,0
,,
ROI_64,235,0
,,
ROI_64,236,0
,,
ROI_64,237,0
,,
ROI_64,238,0
,,
ROI_64,239,0
,,
ROI_64,240,0
,,
ROI_64,241,0
,,
ROI_64,242,0
,,
ROI_64,243,0
,,
ROI_64,244,0
,,
ROI_64,245,0
,,
ROI_64,246,0
,,
ROI_64,247,0
,,
ROI_64,248,0
,,
ROI_64,249,0
,,
ROI_64,250,0
,,
ROI_64,251,0
,,
ROI_64,252,0
,,
ROI_64,253,0
,,
ROI_64,254,0
,,
ROI_64,255,0